{
  "format_version": "1.12.0",
  "minecraft:geometry": [
    {
      "bones": [
        {
          "name": "butterfree",
          "pivot": [0, 10, 0]
        }, {
          "cubes": [
            {
              "origin": [-4, 15, -3.5],
              "size": [8, 7, 6],
              "uv": [100, 0]
            },
            {
              "origin": [-6, 13, 2.5],
              "size": [12, 11, 0],
              "uv": [64, 100]
            }
          ],
          "name": "body",
          "parent": "butterfree",
          "pivot": [0, 19, 0]
        }, {
          "locators": {
            "target": [0, 21, -4.5]
          },
          "name": "locator_target",
          "parent": "body",
          "pivot": [0, 21, -4.5]
        },
        {
          "locators": {
            "middle": [0, 21, 0]
          },
          "name": "locator_middle",
          "parent": "body",
          "pivot": [0, 21, 0]
        }, {
          "cubes": [
            {
              "origin": [-3.5, 22, -3],
              "size": [7, 6, 5],
              "uv": [100, 13]
            },
            {
              "origin": [-2.5, 21, -2],
              "size": [5, 1, 4],
              "uv": [100, 100]
            },
            {
              "origin": [-1.5, 22.5, -3.75],
              "size": [3, 2, 1],
              "uv": [104, 24]
            },
            {
              "origin": [-1, 22.1, -3.5],
              "size": [0, 1, 1],
              "uv": [68, 50]
            },
            {
              "origin": [1, 22.1, -3.5],
              "size": [0, 1, 1],
              "uv": [68, 52]
            }
          ],
          "name": "head",
          "parent": "body",
          "pivot": [0, 22, -0.5]
        }, {
          "cubes": [
            {
              "origin": [21.5, 48, -10.001],
              "pivot": [21.5, 51.5, -1.001],
              "rotation": [0, 180, 0],
              "size": [0, 7, 18],
              "uv": [32, 31]
            }, {
              "origin": [-21.95584, 48, -10],
              "pivot": [-21.95584, 51.5, -1],
              "rotation": [0, -180, 0],
              "size": [0, 7, 18],
              "uv": [72, 75]
            }, {
              "origin": [15.13604, 48, 5.36296],
              "pivot": [15.13604, 51.5, 14.36296],
              "rotation": [0, 135, 0],
              "size": [0, 7, 18],
              "uv": [0, 56]
            }, {
              "origin": [-15.59188, 48, 5.36396],
              "pivot": [-15.59188, 51.5, 14.36396],
              "rotation": [0, -135, 0],
              "size": [0, 7, 18],
              "uv": [72, 50]
            }, {
              "origin": [15.13633, 48, -25.36425],
              "pivot": [15.13633, 51.5, -16.36425],
              "rotation": [0, -135, 0],
              "size": [0, 7, 18],
              "uv": [64, 0]
            }, {
              "origin": [-15.59018, 48, -25.36425],
              "pivot": [-15.59018, 51.5, -16.36425],
              "rotation": [0, 135, 0],
              "size": [0, 7, 18],
              "uv": [0, 81]
            }, {
              "origin": [-0.22792, 48, 11.72692],
              "pivot": [-0.22792, 51.5, 20.72692],
              "rotation": [0, 90, 0],
              "size": [0, 7, 18],
              "uv": [36, 56]
            }, {
              "origin": [-0.22692, 48, -31.72892],
              "pivot": [-0.22692, 51.5, -22.72892],
              "rotation": [0, 90, 0],
              "size": [0, 7, 18],
              "uv": [68, 25]
            }
          ],
          "name": "swirlies",
          "parent": "head",
          "pivot": [-0.22755, 51.5, -1.00057]
        },
        {
          "locators": {
            "item_hat": [0, 28, -0.5]
          },
          "name": "locator_item_hat",
          "parent": "head",
          "pivot": [0, 28, -0.5]
        },
        {
          "locators": {
            "locator_head": [0, 28, -1.5]
          },
          "name": "locator_head",
          "parent": "head",
          "pivot": [0, 28, -1.5]
        }, {
          "locators": {
            "mouth": [0, 22.5, -3],
            "physical": [0, 22.5, -3],
            "special": [0, 22.5, -3]
          },
          "name": "locator_mouth",
          "parent": "head",
          "pivot": [0, 22.5, -3]
        }, {
          "cubes": [
            {
              "origin": [-3.75, 23, -3.25],
              "size": [2, 3, 2],
              "uv": [64, 89]
            },
            {
              "origin": [1.75, 23, -3.25],
              "size": [2, 3, 2],
              "uv": [64, 94]
            }
          ],
          "name": "eyes",
          "parent": "head",
          "pivot": [0, 24.5, -2.25]
        }, {
          "locators": {
            "eye2": [2.75, 24.5, -3.25]
          },
          "name": "locator_eye_left",
          "parent": "eyes",
          "pivot": [2.75, 24.5, -3.25]
        }, {
          "locators": {
            "eye1": [-2.75, 24.5, -3.25]
          },
          "name": "locator_eye_right",
          "parent": "eyes",
          "pivot": [-2.75, 24.5, -3.25]
        }, {
          "cubes": [
            {
              "origin": [1, 28, -2.25],
              "size": [0, 3, 1],
              "uv": [30, 41]
            }
          ],
          "name": "antenna_left",
          "parent": "head",
          "pivot": [1, 28, -2.25]
        }, {
          "cubes": [
            {
              "origin": [1, 31, -2.25],
              "size": [0, 2, 1],
              "uv": [30, 53]
            }
          ],
          "name": "antenna_left2",
          "parent": "antenna_left",
          "pivot": [1, 31, -2.25]
        }, {
          "cubes": [
            {
              "origin": [1, 33, -2.25],
              "size": [0, 3, 1],
              "uv": [30, 45]
            }
          ],
          "name": "antenna_left3",
          "parent": "antenna_left2",
          "pivot": [1, 33, -2.25]
        }, {
          "cubes": [
            {
              "origin": [1, 36, -2.25],
              "size": [0, 3, 1],
              "uv": [30, 49]
            }
          ],
          "name": "antenna_left4",
          "parent": "antenna_left3",
          "pivot": [1, 36, -2.25]
        }, {
          "cubes": [
            {
              "origin": [1, 39, -2.75],
              "size": [0, 3, 2],
              "uv": [64, 25]
            }
          ],
          "name": "antenna_left5",
          "parent": "antenna_left4",
          "pivot": [1, 39, -2.25]
        }, {
          "cubes": [
            {
              "mirror": true,
              "origin": [-1, 28, -2.25],
              "size": [0, 3, 1],
              "uv": [30, 41]
            }
          ],
          "name": "antenna_right",
          "parent": "head",
          "pivot": [-1, 28, -2.25]
        }, {
          "cubes": [
            {
              "mirror": true,
              "origin": [-1, 31, -2.25],
              "size": [0, 2, 1],
              "uv": [30, 53]
            }
          ],
          "name": "antenna_right2",
          "parent": "antenna_right",
          "pivot": [-1, 31, -2.25]
        }, {
          "cubes": [
            {
              "mirror": true,
              "origin": [-1, 33, -2.25],
              "size": [0, 3, 1],
              "uv": [30, 45]
            }
          ],
          "name": "antenna_right3",
          "parent": "antenna_right2",
          "pivot": [-1, 33, -2.25]
        }, {
          "cubes": [
            {
              "mirror": true,
              "origin": [-1, 36, -2.25],
              "size": [0, 3, 1],
              "uv": [30, 49]
            }
          ],
          "name": "antenna_right4",
          "parent": "antenna_right3",
          "pivot": [-1, 36, -2.25]
        }, {
          "cubes": [
            {
              "mirror": true,
              "origin": [-1, 39, -2.75],
              "size": [0, 3, 2],
              "uv": [64, 25]
            }
          ],
          "name": "antenna_right5",
          "parent": "antenna_right4",
          "pivot": [-1, 39, -2.25]
        }, {
          "name": "hands",
          "parent": "body",
          "pivot": [0, 20, -4]
        }, {
          "cubes": [
            {
              "origin": [-2.94199, 19, -5.71651],
              "size": [1, 2, 2],
              "uv": [104, 27]
            }
          ],
          "name": "hand_right",
          "parent": "hands",
          "pivot": [-2.5, 20, -3.75],
          "rotation": [0, -60, 0]
        }, {
          "locators": {
            "item": [-2.4, 20, -5.75]
          },
          "name": "locator_item",
          "parent": "hand_right",
          "pivot": [-2.4, 20, -5.75],
          "rotation": [0, 0, -90]
        }, {
          "cubes": [
            {
              "origin": [1.94199, 19, -5.71651],
              "size": [1, 2, 2],
              "uv": [104, 31]
            }
          ],
          "name": "hand_left",
          "parent": "hands",
          "pivot": [2.5, 20, -3.75],
          "rotation": [0, 60, 0]
        }, {
          "name": "legs",
          "parent": "body",
          "pivot": [0, 15, 0]
        }, {
          "cubes": [
            {
              "origin": [-2.5, 8, -3.5],
              "pivot": [0, 8, 0],
              "rotation": [-15, 30, 0],
              "size": [2, 7, 1],
              "uv": [64, 81]
            }
          ],
          "name": "leg_right",
          "parent": "legs",
          "pivot": [-1.75, 15, 0.25]
        }, {
          "cubes": [
            {
              "mirror": true,
              "origin": [0.5, 8, -3.5],
              "pivot": [0, 8, 0],
              "rotation": [-15, -30, 0],
              "size": [2, 7, 1],
              "uv": [64, 81]
            }
          ],
          "name": "leg_left",
          "parent": "legs",
          "pivot": [1.75, 15, 0.25]
        }, {
          "name": "wings",
          "parent": "body",
          "pivot": [0, 21, 2.75]
        }, {
          "cubes": [
            {
              "mirror": true,
              "origin": [0, 12, 2.75],
              "size": [14, 30, 0],
              "uv": [36, 81]
            }
          ],
          "name": "wing_left_top",
          "parent": "wings",
          "pivot": [0, 22, 2.75]
        }, {
          "cubes": [
            {
              "mirror": true,
              "origin": [14, 12, 2.75],
              "size": [16, 41, 0],
              "uv": [0, 0]
            }
          ],
          "name": "wing_left_top2",
          "parent": "wing_left_top",
          "pivot": [14, 26.5, 2.75]
        }, {
          "cubes": [
            {
              "mirror": true,
              "origin": [30, 22, 2.75],
              "size": [16, 31, 0],
              "uv": [32, 0]
            }
          ],
          "name": "wing_left_top3",
          "parent": "wing_left_top2",
          "pivot": [30, 40.5, 2.75]
        }, {
          "locators": {
            "wing2": [18, 31, 2.75]
          },
          "name": "locator_wing_left",
          "parent": "wing_left_top",
          "pivot": [18, 31, 2.75],
          "rotation": [-25, -90, 0]
        }, {
          "cubes": [
            {
              "mirror": true,
              "origin": [0, 2, 2.75],
              "size": [15, 15, 0],
              "uv": [0, 41]
            }
          ],
          "name": "wing_left_down",
          "parent": "wing_left_top",
          "pivot": [0, 12, 2.75],
          "rotation": [0, -2.5, 0]
        }, {
          "cubes": [
            {
              "mirror": true,
              "origin": [15, -3, 2.75],
              "size": [6, 20, 0],
              "uv": [88, 100]
            }
          ],
          "name": "wing_left_down2",
          "parent": "wing_left_down",
          "pivot": [15, 7, 2.75]
        }, {
          "locators": {
            "wing4": [13, 6, 2.75]
          },
          "name": "locator_wing_left2",
          "parent": "wing_left_down",
          "pivot": [13, 6, 2.75],
          "rotation": [35, -90, 0]
        }, {
          "cubes": [
            {
              "origin": [-14, 12, 2.75],
              "size": [14, 30, 0],
              "uv": [36, 81]
            }
          ],
          "name": "wing_right_top",
          "parent": "wings",
          "pivot": [0, 22, 2.75]
        }, {
          "cubes": [
            {
              "origin": [-30, 12, 2.75],
              "size": [16, 41, 0],
              "uv": [0, 0]
            }
          ],
          "name": "wing_right_top2",
          "parent": "wing_right_top",
          "pivot": [-14, 26.5, 2.75]
        }, {
          "cubes": [
            {
              "origin": [-46, 22, 2.75],
              "size": [16, 31, 0],
              "uv": [32, 0]
            }
          ],
          "name": "wing_right_top3",
          "parent": "wing_right_top2",
          "pivot": [-30, 40.5, 2.75]
        }, {
          "locators": {
            "wing3": [-18, 31, 2.75]
          },
          "name": "locator_wing_right",
          "parent": "wing_right_top",
          "pivot": [-18, 31, 2.75],
          "rotation": [-25, 90, 0]
        }, {
          "cubes": [
            {
              "origin": [-15, 2, 2.75],
              "size": [15, 15, 0],
              "uv": [0, 41]
            }
          ],
          "name": "wing_right_down",
          "parent": "wing_right_top",
          "pivot": [0, 12, 2.75],
          "rotation": [0, 2.5, 0]
        }, {
          "cubes": [
            {
              "origin": [-21, -3, 2.75],
              "size": [6, 20, 0],
              "uv": [88, 100]
            }
          ],
          "name": "wing_right_down2",
          "parent": "wing_right_down",
          "pivot": [-15, 7, 2.75]
        }, {
          "locators": {
            "wing5": [-13, 6, 2.75]
          },
          "name": "locator_wing_right2",
          "parent": "wing_right_down",
          "pivot": [-13, 6, 2.75],
          "rotation": [35, 90, 0]
        }, {
          "locators": {
            "root": [0, 9, 0]
          },
          "name": "locator_root",
          "parent": "butterfree",
          "pivot": [0, 9, 0]
        },
        {
          "locators": {
            "top": [0, 36.25, 0]
          },
          "name": "locator_top",
          "parent": "butterfree",
          "pivot": [0, 36.25, 0]
        }
      ],
      "description": {
        "identifier": "geometry.butterfree_gigantamax",
        "texture_height": 128,
        "texture_width": 128,
        "visible_bounds_height": 4.5,
        "visible_bounds_offset": [0, 1.75, 0],
        "visible_bounds_width": 7
      }
    }
  ]
}