{
  "format_version": "1.12.0",
  "minecraft:geometry": [
    {
      "bones": [
        {
          "name": "suicune",
          "pivot": [0, 0, 0]
        }, {
          "name": "body",
          "parent": "suicune",
          "pivot": [0, 23, 0]
        },
        {
          "locators": {
            "seat_1": [0, 38, 4]
          },
          "name": "locator_seat_1",
          "parent": "body",
          "pivot": [0, 38, 4]
        }, {
          "cubes": [
            {
              "inflate": 0.01,
              "origin": [3, 13.65798, 4.06031],
              "size": [4, 10, 7],
              "uv": [27, 111]
            }
          ],
          "name": "left_leg",
          "parent": "body",
          "pivot": [5, 23.15798, 7.56031],
          "rotation": [17.5, 0, 0]
        }, {
          "cubes": [
            {
              "origin": [3, 7.65798, 5.06031],
              "size": [4, 6, 5],
              "uv": [15, 106]
            }
          ],
          "name": "left_knee",
          "parent": "left_leg",
          "pivot": [5, 13.65798, 5.06031],
          "rotation": [27.5, 0, 0]
        }, {
          "cubes": [
            {
              "inflate": 0.01,
              "origin": [3.5, -3.34202, 7.06031],
              "size": [3, 11, 3],
              "uv": [32, 92]
            }
          ],
          "name": "left_ankle",
          "parent": "left_knee",
          "pivot": [5, 8.65798, 10.06031],
          "rotation": [-55, 0, 0]
        }, {
          "cubes": [
            {
              "inflate": 0.01,
              "origin": [3.5, -5.30581, 4.35176],
              "size": [3, 2, 5],
              "uv": [33, 85]
            }
          ],
          "name": "left_foot",
          "parent": "left_ankle",
          "pivot": [5, -3.30581, 7.35176],
          "rotation": [12.5, 0, 0]
        }, {
          "cubes": [
            {
              "inflate": 0.01,
              "mirror": true,
              "origin": [-7, 13.65798, 4.06031],
              "size": [4, 10, 7],
              "uv": [27, 111]
            }
          ],
          "name": "right_leg",
          "parent": "body",
          "pivot": [-5, 23.15798, 7.56031],
          "rotation": [17.5, 0, 0]
        }, {
          "cubes": [
            {
              "mirror": true,
              "origin": [-7, 7.65798, 5.06031],
              "size": [4, 6, 5],
              "uv": [15, 106]
            }
          ],
          "name": "right_knee",
          "parent": "right_leg",
          "pivot": [-5, 13.65798, 5.06031],
          "rotation": [27.5, 0, 0]
        }, {
          "cubes": [
            {
              "inflate": 0.01,
              "mirror": true,
              "origin": [-6.5, -3.34202, 7.06031],
              "size": [3, 11, 3],
              "uv": [32, 92]
            }
          ],
          "name": "right_ankle",
          "parent": "right_knee",
          "pivot": [-5, 8.65798, 10.06031],
          "rotation": [-55, 0, 0]
        }, {
          "cubes": [
            {
              "inflate": 0.01,
              "mirror": true,
              "origin": [-6.5, -5.30581, 4.35176],
              "size": [3, 2, 5],
              "uv": [33, 85]
            }
          ],
          "name": "right_foot",
          "parent": "right_ankle",
          "pivot": [-5, -3.30581, 7.35176],
          "rotation": [12.5, 0, 0]
        }, {
          "cubes": [
            {
              "origin": [2.5, 14.80932, -12.4645],
              "size": [4, 10, 6],
              "uv": [0, 112]
            },
            {
              "inflate": 0.01,
              "origin": [3, 10.80932, -11.2145],
              "size": [3, 4, 4],
              "uv": [3, 103]
            }
          ],
          "name": "left_arm",
          "parent": "body",
          "pivot": [4.5, 22.80932, -8.9645],
          "rotation": [10, 0, 0]
        }, {
          "cubes": [
            {
              "origin": [3, 1.5375, -9.69851],
              "size": [3, 10, 3],
              "uv": [4, 89]
            }
          ],
          "name": "left_elbow",
          "parent": "left_arm",
          "pivot": [4.5, 11.5375, -6.69851],
          "rotation": [-17.5, 0, 0]
        }, {
          "cubes": [
            {
              "inflate": 0.01,
              "origin": [3, 0.98086, -10.58975],
              "size": [3, 2, 4],
              "uv": [3, 82]
            }
          ],
          "name": "left_paw",
          "parent": "left_elbow",
          "pivot": [4.5, 1.5375, -7.19851],
          "rotation": [37.5, 0, 0]
        }, {
          "cubes": [
            {
              "origin": [3, 1.00698, -12.63975],
              "size": [3, 2, 2],
              "uv": [16, 87]
            }
          ],
          "name": "left_fingers",
          "parent": "left_paw",
          "pivot": [4.5, 1.00032, -10.80642],
          "rotation": [-30, 0, 0]
        }, {
          "cubes": [
            {
              "mirror": true,
              "origin": [-6.5, 14.80932, -12.4645],
              "size": [4, 10, 6],
              "uv": [0, 112]
            },
            {
              "inflate": 0.01,
              "mirror": true,
              "origin": [-6, 10.80932, -11.2145],
              "size": [3, 4, 4],
              "uv": [3, 103]
            }
          ],
          "name": "right_arm",
          "parent": "body",
          "pivot": [-4.5, 22.80932, -8.9645],
          "rotation": [10, 0, 0]
        }, {
          "cubes": [
            {
              "mirror": true,
              "origin": [-6, 1.5375, -9.69851],
              "size": [3, 10, 3],
              "uv": [4, 89]
            }
          ],
          "name": "right_elbow",
          "parent": "right_arm",
          "pivot": [-4.5, 11.5375, -6.69851],
          "rotation": [-17.5, 0, 0]
        }, {
          "cubes": [
            {
              "inflate": 0.01,
              "mirror": true,
              "origin": [-6, 0.98086, -10.58975],
              "size": [3, 2, 4],
              "uv": [3, 82]
            }
          ],
          "name": "right_paw",
          "parent": "right_elbow",
          "pivot": [-4.5, 1.5375, -7.19851],
          "rotation": [37.5, 0, 0]
        }, {
          "cubes": [
            {
              "mirror": true,
              "origin": [-6, 1.00698, -12.63975],
              "size": [3, 2, 2],
              "uv": [16, 87]
            }
          ],
          "name": "right_fingers",
          "parent": "right_paw",
          "pivot": [-4.5, 1.00032, -10.80642],
          "rotation": [-30, 0, 0]
        }, {
          "name": "torso",
          "parent": "body",
          "pivot": [0, 23, 7]
        }, {
          "cubes": [
            {
              "origin": [-5, 20.58579, -10.34315],
              "size": [10, 11, 10],
              "uv": [0, 18]
            }
          ],
          "name": "chest",
          "parent": "torso",
          "pivot": [0, 21.08579, -3.34315],
          "rotation": [45, 0, 0]
        }, {
          "cubes": [
            {
              "inflate": -0.02,
              "origin": [-2.5, 29.05505, -8.03866],
              "size": [5, 11, 6],
              "uv": [9, 0]
            }
          ],
          "name": "neck",
          "parent": "chest",
          "pivot": [0, 31.58579, -6.34315],
          "rotation": [-22.5, 0, 0]
        }, {
          "cubes": [
            {
              "inflate": 0.02,
              "origin": [-2.5, 44.58982, -6.92234],
              "size": [5, 3, 8],
              "uv": [101, 73]
            }
          ],
          "name": "hair",
          "parent": "neck",
          "pivot": [0, 46.58982, -7.67234],
          "rotation": [-20, 0, 0]
        }, {
          "cubes": [
            {
              "origin": [-3.5, 44.58982, -0.17234],
              "size": [7, 5, 7],
              "uv": [99, 86]
            }
          ],
          "name": "hair_middle",
          "parent": "hair",
          "pivot": [0, 45.08982, 0.32766]
        }, {
          "cubes": [
            {
              "origin": [-3, 39.58982, 2.82766],
              "size": [6, 6, 11],
              "uv": [94, 53]
            }
          ],
          "name": "hair_middle2",
          "parent": "hair_middle",
          "pivot": [0, 44.58982, 6.32766]
        }, {
          "cubes": [
            {
              "origin": [-5, 37.5812, 12.7008],
              "size": [10, 8, 14],
              "uv": [50, 106]
            }
          ],
          "name": "hair_middle3",
          "parent": "hair_middle2",
          "pivot": [0, 43.98864, 15.30221]
        }, {
          "cubes": [
            {
              "origin": [-3.5, 34.48864, 25.30221],
              "size": [7, 7, 6],
              "uv": [100, 99]
            }
          ],
          "name": "hair_middle4",
          "parent": "hair_middle3",
          "pivot": [0, 37.98864, 26.30221]
        }, {
          "cubes": [
            {
              "origin": [-2.5, 34.74679, 28.46668],
              "pivot": [0, 38.24679, 33.46668],
              "rotation": [25, 0, 0],
              "size": [5, 7, 10],
              "uv": [59, 33]
            }
          ],
          "name": "hair_middle5",
          "parent": "hair_middle4",
          "pivot": [0, 35.24679, 30.46668]
        }, {
          "cubes": [
            {
              "origin": [0, 36.73378, 34.90213],
              "size": [0, 6, 9],
              "uv": [84, 63]
            }
          ],
          "name": "hair_middle6",
          "parent": "hair_middle5",
          "pivot": [0, 39.73378, 36.40213],
          "rotation": [22.5, 0, 0]
        }, {
          "cubes": [
            {
              "origin": [-4, 42.62329, -7.12872],
              "pivot": [0, 43.62329, -3.12872],
              "rotation": [-15, 0, 0],
              "size": [8, 3, 8],
              "uv": [96, 41]
            }
          ],
          "name": "hair_side",
          "parent": "hair",
          "pivot": [0, 44.62329, -7.12872]
        }, {
          "cubes": [
            {
              "origin": [-5, 38.34778, -2.80449],
              "pivot": [0, 42.34778, 2.19551],
              "rotation": [-50, 0, 0],
              "size": [10, 8, 10],
              "uv": [54, 87]
            }
          ],
          "name": "hair_side2",
          "parent": "hair_side",
          "pivot": [0, 43.34778, -2.80449]
        }, {
          "cubes": [
            {
              "origin": [2, 34.81273, -0.12218],
              "pivot": [4, 36.81273, 3.82782],
              "rotation": [-10, 0, 0],
              "size": [4, 5, 10],
              "uv": [99, 113]
            }, {
              "mirror": true,
              "origin": [-6, 34.58807, 0.14565],
              "pivot": [-4, 37.08807, 5.14565],
              "rotation": [-10, 0, 0],
              "size": [4, 5, 10],
              "uv": [99, 113]
            }
          ],
          "name": "hair_side3",
          "parent": "hair_side2",
          "pivot": [-4, 39.08807, 1.14565]
        }, {
          "cubes": [
            {
              "origin": [-4.5, 35.83982, 4.82766],
              "size": [9, 6, 12],
              "uv": [53, 68]
            }
          ],
          "name": "hair_side4",
          "parent": "hair_side3",
          "pivot": [0, 38.83982, 5.82766]
        }, {
          "cubes": [
            {
              "mirror": true,
              "origin": [-6.5, 34.71975, 13.73129],
              "pivot": [-3.5, 38.21975, 18.23129],
              "rotation": [12.5, 0, 0],
              "size": [13, 7, 9],
              "uv": [48, 51]
            }
          ],
          "name": "hair_side5",
          "parent": "hair_side4",
          "pivot": [-3.5, 37.21975, 14.23129]
        }, {
          "cubes": [
            {
              "mirror": true,
              "origin": [-5.5, 36.26085, 20.67203],
              "pivot": [0, 38.76085, 20.67203],
              "rotation": [12.5, 0, 0],
              "size": [0, 5, 8],
              "uv": [86, 105]
            }, {
              "origin": [5.5, 37.34304, 20.55351],
              "pivot": [0, 39.84304, 25.55351],
              "rotation": [12.5, 0, 0],
              "size": [0, 5, 8],
              "uv": [86, 105]
            }
          ],
          "name": "hair_side6",
          "parent": "hair_side5",
          "pivot": [0, 38.76087, 20.67207]
        }, {
          "cubes": [
            {
              "inflate": 0.02,
              "origin": [-2.5, 38.28179, -9.19212],
              "size": [5, 5, 6],
              "uv": [35, 34]
            }, {
              "inflate": 0.01,
              "origin": [-1.5, 38.88179, -13.99212],
              "pivot": [0, 37.78179, -14.74212],
              "rotation": [10, 0, 0],
              "size": [3, 3, 6],
              "uv": [32, 7]
            }
          ],
          "name": "head",
          "parent": "neck",
          "pivot": [0, 38.28179, -5.74212],
          "rotation": [-12.5, 0, 0]
        }, {
          "cubes": [
            {
              "inflate": 0.01,
              "origin": [-1.48, 39.88179, -10.99212],
              "pivot": [-2, 37.78179, -14.74212],
              "rotation": [10, 0, 0],
              "size": [1, 2, 3],
              "uv": [45, 7]
            }, {
              "inflate": 0.03,
              "origin": [-0.5, 41.28179, -9.20949],
              "size": [1, 2, 1],
              "uv": [33, 9]
            }
          ],
          "name": "left_eyelid",
          "parent": "head",
          "pivot": [1.51, 42.01407, -9.40984]
        }, {
          "cubes": [
            {
              "inflate": 0.01,
              "mirror": true,
              "origin": [0.48, 39.88179, -10.99212],
              "pivot": [2, 37.78179, -14.74212],
              "rotation": [10, 0, 0],
              "size": [1, 2, 3],
              "uv": [45, 7]
            }, {
              "inflate": 0.03,
              "mirror": true,
              "origin": [-0.5, 41.28179, -9.20949],
              "size": [1, 2, 1],
              "uv": [33, 9]
            }
          ],
          "name": "right_eyelid",
          "parent": "head",
          "pivot": [-1.51, 42.01407, -9.40984]
        }, {
          "cubes": [
            {
              "origin": [-1.5, 38.83838, -12.99592],
              "size": [3, 1, 5],
              "uv": [33, 0]
            },
            {
              "origin": [-1, 39.83838, -12.00949],
              "size": [2, 0, 4],
              "uv": [41, 0]
            }, {
              "origin": [-0.5, 37.72208, -11.69588],
              "pivot": [0, 38.1052, -11.29601],
              "rotation": [22.5, 0, 0],
              "size": [1, 2, 1],
              "uv": [33, 1]
            }
          ],
          "name": "jaw",
          "parent": "head",
          "pivot": [0, 39.8552, -9.79601]
        }, {
          "cubes": [
            {
              "origin": [1.53, 41.63932, -10.72478],
              "pivot": [1.515, 42.63932, -9.47478],
              "rotation": [17.5, 0, 0],
              "size": [0, 1, 1],
              "uv": [48, 16]
            }, {
              "origin": [1.52, 41.38932, -10.97478],
              "pivot": [1.515, 42.63932, -9.47478],
              "rotation": [17.5, 0, 0],
              "size": [0, 2, 2],
              "uv": [47, 17]
            }
          ],
          "name": "left_eye",
          "parent": "head",
          "pivot": [1.515, 42.63932, -9.47478]
        }, {
          "cubes": [
            {
              "mirror": true,
              "origin": [-1.53, 41.63932, -10.72478],
              "pivot": [-1.515, 42.63932, -9.47478],
              "rotation": [17.5, 0, 0],
              "size": [0, 1, 1],
              "uv": [48, 16]
            }, {
              "mirror": true,
              "origin": [-1.52, 41.38932, -10.97478],
              "pivot": [-1.515, 42.63932, -9.47478],
              "rotation": [17.5, 0, 0],
              "size": [0, 2, 2],
              "uv": [47, 17]
            }
          ],
          "name": "right_eye",
          "parent": "head",
          "pivot": [-1.515, 42.63932, -9.47478]
        }, {
          "cubes": [
            {
              "origin": [-1.5, 38.72297, -12.6745],
              "pivot": [0, 40.77297, -12.7245],
              "rotation": [32.5, 0, 0],
              "size": [3, 3, 5],
              "uv": [58, 0]
            }
          ],
          "name": "crest",
          "parent": "head",
          "pivot": [0, 40.77297, -13.2245],
          "rotation": [27.5, 0, 0]
        }, {
          "cubes": [
            {
              "origin": [0.64763, 40.55826, -10.75147],
              "pivot": [2.04763, 42.30826, -10.40147],
              "rotation": [0, 0, 3],
              "size": [7, 2, 2],
              "uv": [75, 4]
            }, {
              "origin": [7.64763, 41.05826, -10.25147],
              "pivot": [2.04763, 42.30826, -10.40147],
              "rotation": [0, 0, 3],
              "size": [4, 1, 1],
              "uv": [79, 1]
            }
          ],
          "name": "crest_left_spike",
          "parent": "crest",
          "pivot": [2.04763, 42.70826, -10.40147],
          "rotation": [14.58975, -40.04046, -8.03201]
        }, {
          "cubes": [
            {
              "mirror": true,
              "origin": [-7.64763, 40.55826, -10.75147],
              "pivot": [-2.04763, 42.30826, -10.40147],
              "rotation": [0, 0, -3],
              "size": [7, 2, 2],
              "uv": [75, 4]
            }, {
              "mirror": true,
              "origin": [-11.64763, 41.05826, -10.25147],
              "pivot": [-2.04763, 42.30826, -10.40147],
              "rotation": [0, 0, -3],
              "size": [4, 1, 1],
              "uv": [79, 1]
            }
          ],
          "name": "crest_right_spike",
          "parent": "crest",
          "pivot": [-2.04763, 42.70826, -10.40147],
          "rotation": [14.58975, 40.04046, 8.03201]
        }, {
          "cubes": [
            {
              "origin": [-3, 41.83243, -9.45251],
              "size": [3, 2, 6],
              "uv": [57, 9]
            }
          ],
          "name": "crest_left",
          "parent": "crest",
          "pivot": [0, 42.83243, -9.50251],
          "rotation": [15.33981, 48.97354, 11.69208]
        }, {
          "cubes": [
            {
              "inflate": 0.01,
              "origin": [-3, 41.83243, -3.45251],
              "size": [3, 2, 10],
              "uv": [66, 9]
            }
          ],
          "name": "crest_left2",
          "parent": "crest_left",
          "pivot": [0, 42.83243, -3.50251],
          "rotation": [0, -50, 0]
        }, {
          "cubes": [
            {
              "origin": [-3, 41.83243, 6.54749],
              "size": [3, 2, 6],
              "uv": [83, 9]
            }
          ],
          "name": "crest_left3",
          "parent": "crest_left2",
          "pivot": [0, 42.83243, 6.49749],
          "rotation": [0, -49, 0]
        }, {
          "cubes": [
            {
              "mirror": true,
              "origin": [0, 41.83243, -9.45251],
              "size": [3, 2, 6],
              "uv": [57, 9]
            }
          ],
          "name": "crest_right",
          "parent": "crest",
          "pivot": [0, 42.83243, -9.50251],
          "rotation": [15.33981, -48.97354, -11.69208]
        }, {
          "cubes": [
            {
              "inflate": 0.01,
              "mirror": true,
              "origin": [0, 41.83243, -3.45251],
              "size": [3, 2, 10],
              "uv": [66, 9]
            }
          ],
          "name": "crest_right2",
          "parent": "crest_right",
          "pivot": [0, 42.83243, -3.50251],
          "rotation": [0, 50, 0]
        }, {
          "cubes": [
            {
              "mirror": true,
              "origin": [0, 41.83243, 6.54749],
              "size": [3, 2, 6],
              "uv": [83, 9]
            }
          ],
          "name": "crest_right3",
          "parent": "crest_right2",
          "pivot": [0, 42.83243, 6.49749],
          "rotation": [0, 49, 0]
        }, {
          "cubes": [
            {
              "origin": [-4, 19, -8],
              "size": [8, 9, 13],
              "uv": [0, 39]
            }
          ],
          "name": "waist",
          "parent": "torso",
          "pivot": [0, 22.5, -1]
        }, {
          "cubes": [
            {
              "origin": [-4.5, 17, 2.25],
              "pivot": [0, 22.5, 8.75],
              "rotation": [-17.5, 0, 0],
              "size": [9, 10, 9],
              "uv": [2, 62]
            }
          ],
          "name": "hip",
          "parent": "waist",
          "pivot": [0, 22.62455, 6.69221]
        }, {
          "name": "right_tail_base",
          "parent": "hip",
          "pivot": [0, 23.17881, 11.58535],
          "rotation": [0, 0, 90]
        }, {
          "cubes": [
            {
              "mirror": true,
              "origin": [0, 22.17881, 10.58535],
              "pivot": [0, 23.17881, 11.58535],
              "rotation": [0, 0, -90],
              "size": [0, 2, 8],
              "uv": [83, 30]
            }
          ],
          "name": "right_tail",
          "parent": "right_tail_base",
          "pivot": [0, 23.17881, 11.58535]
        }, {
          "name": "right_tail2_base",
          "parent": "right_tail",
          "pivot": [0, 23.17881, 18.58535]
        }, {
          "cubes": [
            {
              "mirror": true,
              "origin": [0, 22.17881, 18.58535],
              "pivot": [0, 23.17881, 18.58535],
              "rotation": [0, 0, -117.5],
              "size": [0, 2, 7],
              "uv": [84, 26]
            }
          ],
          "name": "right_tail2",
          "parent": "right_tail2_base",
          "pivot": [0, 23.17881, 18.58535]
        }, {
          "name": "right_tail3_base",
          "parent": "right_tail2",
          "pivot": [0, 23.17881, 25.58535]
        }, {
          "cubes": [
            {
              "mirror": true,
              "origin": [0, 22.17881, 25.58535],
              "pivot": [0, 23.17881, 25.58535],
              "rotation": [0, 0, -112.5],
              "size": [0, 2, 7],
              "uv": [84, 23]
            }
          ],
          "name": "right_tail3",
          "parent": "right_tail3_base",
          "pivot": [0, 23.17881, 25.58535]
        }, {
          "name": "right_tail4_base",
          "parent": "right_tail3",
          "pivot": [0, 23.17881, 32.58535]
        }, {
          "cubes": [
            {
              "mirror": true,
              "origin": [0, 22.17881, 32.58535],
              "pivot": [0, 23.17881, 32.58535],
              "rotation": [0, 0, -142.5],
              "size": [0, 2, 7],
              "uv": [84, 20]
            }
          ],
          "name": "right_tail4",
          "parent": "right_tail4_base",
          "pivot": [0, 23.17881, 32.58535]
        }, {
          "cubes": [
            {
              "origin": [0, 22.17881, 39.58535],
              "size": [0, 2, 7],
              "uv": [84, 17]
            }
          ],
          "name": "right_tail5",
          "parent": "right_tail4",
          "pivot": [0, 23.17881, 39.58535]
        }, {
          "cubes": [
            {
              "origin": [0, 22.17881, 46.58535],
              "size": [0, 2, 7],
              "uv": [99, 29]
            }
          ],
          "name": "right_tail6",
          "parent": "right_tail5",
          "pivot": [0, 23.17881, 46.58535]
        }, {
          "cubes": [
            {
              "origin": [0, 22.17881, 53.58535],
              "size": [0, 2, 7],
              "uv": [99, 26]
            }
          ],
          "name": "right_tail7",
          "parent": "right_tail6",
          "pivot": [0, 23.17881, 53.58535]
        }, {
          "cubes": [
            {
              "origin": [0, 22.17881, 60.58535],
              "size": [0, 2, 7],
              "uv": [99, 23]
            }
          ],
          "name": "right_tail8",
          "parent": "right_tail7",
          "pivot": [0, 23.17881, 60.58535]
        }, {
          "cubes": [
            {
              "origin": [0, 22.17881, 67.58535],
              "size": [0, 2, 7],
              "uv": [99, 20]
            }
          ],
          "name": "right_tail9",
          "parent": "right_tail8",
          "pivot": [0, 23.17881, 67.58535]
        }, {
          "cubes": [
            {
              "origin": [0, 22.17881, 74.58535],
              "size": [0, 2, 7],
              "uv": [99, 17]
            }
          ],
          "name": "right_tailten",
          "parent": "right_tail9",
          "pivot": [0, 23.17881, 74.58535]
        }, {
          "cubes": [
            {
              "origin": [0, 22.17881, 81.58535],
              "size": [0, 2, 7],
              "uv": [114, 29]
            }
          ],
          "name": "right_taileleven",
          "parent": "right_tailten",
          "pivot": [0, 23.17881, 81.58535]
        }, {
          "cubes": [
            {
              "origin": [0, 22.17881, 88.58535],
              "size": [0, 2, 7],
              "uv": [114, 26]
            }
          ],
          "name": "right_tail12",
          "parent": "right_taileleven",
          "pivot": [0, 23.17881, 88.58535]
        }, {
          "cubes": [
            {
              "origin": [0, 22.17881, 95.58535],
              "size": [0, 2, 7],
              "uv": [114, 23]
            }
          ],
          "name": "right_tail13",
          "parent": "right_tail12",
          "pivot": [0, 23.17881, 95.58535]
        }, {
          "cubes": [
            {
              "origin": [0, 22.17881, 102.58535],
              "size": [0, 2, 7],
              "uv": [114, 20]
            }
          ],
          "name": "right_tail14",
          "parent": "right_tail13",
          "pivot": [0, 23.17881, 102.58535]
        }, {
          "cubes": [
            {
              "origin": [0, 22.17881, 109.58535],
              "size": [0, 2, 7],
              "uv": [114, 17]
            }
          ],
          "name": "right_tail15",
          "parent": "right_tail14",
          "pivot": [0, 23.17881, 109.58535]
        }, {
          "name": "left_tail_base",
          "parent": "hip",
          "pivot": [0, 23.17881, 11.58535],
          "rotation": [0, 0, -90]
        }, {
          "cubes": [
            {
              "origin": [0, 22.17881, 10.58535],
              "pivot": [0, 23.17881, 11.58535],
              "rotation": [0, 0, 90],
              "size": [0, 2, 8],
              "uv": [83, 30]
            }
          ],
          "name": "left_tail",
          "parent": "left_tail_base",
          "pivot": [0, 23.17881, 11.58535]
        }, {
          "name": "left_tail2_base",
          "parent": "left_tail",
          "pivot": [0, 23.17881, 18.58535]
        }, {
          "cubes": [
            {
              "origin": [0, 22.17881, 18.58535],
              "pivot": [0, 23.17881, 18.58535],
              "rotation": [0, 0, 117.5],
              "size": [0, 2, 7],
              "uv": [84, 26]
            }
          ],
          "name": "left_tail2",
          "parent": "left_tail2_base",
          "pivot": [0, 23.17881, 18.58535]
        }, {
          "name": "left_tail3_base",
          "parent": "left_tail2",
          "pivot": [0, 23.17881, 25.58535]
        }, {
          "cubes": [
            {
              "origin": [0, 22.17881, 25.58535],
              "pivot": [0, 23.17881, 25.58535],
              "rotation": [0, 0, 112.5],
              "size": [0, 2, 7],
              "uv": [84, 23]
            }
          ],
          "name": "left_tail3",
          "parent": "left_tail3_base",
          "pivot": [0, 23.17881, 25.58535]
        }, {
          "name": "left_tail4_base",
          "parent": "left_tail3",
          "pivot": [0, 23.17881, 32.58535]
        }, {
          "cubes": [
            {
              "origin": [0, 22.17881, 32.58535],
              "pivot": [0, 23.17881, 32.58535],
              "rotation": [0, 0, 142.5],
              "size": [0, 2, 7],
              "uv": [84, 20]
            }
          ],
          "name": "left_tail4",
          "parent": "left_tail4_base",
          "pivot": [0, 23.17881, 32.58535]
        }, {
          "cubes": [
            {
              "mirror": true,
              "origin": [0, 22.17881, 39.58535],
              "size": [0, 2, 7],
              "uv": [84, 17]
            }
          ],
          "name": "left_tail5",
          "parent": "left_tail4",
          "pivot": [0, 23.17881, 39.58535]
        }, {
          "cubes": [
            {
              "mirror": true,
              "origin": [0, 22.17881, 46.58535],
              "size": [0, 2, 7],
              "uv": [99, 29]
            }
          ],
          "name": "left_tail6",
          "parent": "left_tail5",
          "pivot": [0, 23.17881, 46.58535]
        }, {
          "cubes": [
            {
              "mirror": true,
              "origin": [0, 22.17881, 53.58535],
              "size": [0, 2, 7],
              "uv": [99, 26]
            }
          ],
          "name": "left_tail7",
          "parent": "left_tail6",
          "pivot": [0, 23.17881, 53.58535]
        }, {
          "cubes": [
            {
              "mirror": true,
              "origin": [0, 22.17881, 60.58535],
              "size": [0, 2, 7],
              "uv": [99, 23]
            }
          ],
          "name": "left_tail8",
          "parent": "left_tail7",
          "pivot": [0, 23.17881, 60.58535]
        }, {
          "cubes": [
            {
              "mirror": true,
              "origin": [0, 22.17881, 67.58535],
              "size": [0, 2, 7],
              "uv": [99, 20]
            }
          ],
          "name": "left_tail9",
          "parent": "left_tail8",
          "pivot": [0, 23.17881, 67.58535]
        }, {
          "cubes": [
            {
              "mirror": true,
              "origin": [0, 22.17881, 74.58535],
              "size": [0, 2, 7],
              "uv": [99, 17]
            }
          ],
          "name": "left_tailten",
          "parent": "left_tail9",
          "pivot": [0, 23.17881, 74.58535]
        }, {
          "cubes": [
            {
              "mirror": true,
              "origin": [0, 22.17881, 81.58535],
              "size": [0, 2, 7],
              "uv": [114, 29]
            }
          ],
          "name": "left_taileleven",
          "parent": "left_tailten",
          "pivot": [0, 23.17881, 81.58535]
        }, {
          "cubes": [
            {
              "mirror": true,
              "origin": [0, 22.17881, 88.58535],
              "size": [0, 2, 7],
              "uv": [114, 26]
            }
          ],
          "name": "left_tail12",
          "parent": "left_taileleven",
          "pivot": [0, 23.17881, 88.58535]
        }, {
          "cubes": [
            {
              "mirror": true,
              "origin": [0, 22.17881, 95.58535],
              "size": [0, 2, 7],
              "uv": [114, 23]
            }
          ],
          "name": "left_tail13",
          "parent": "left_tail12",
          "pivot": [0, 23.17881, 95.58535]
        }, {
          "cubes": [
            {
              "mirror": true,
              "origin": [0, 22.17881, 102.58535],
              "size": [0, 2, 7],
              "uv": [114, 20]
            }
          ],
          "name": "left_tail14",
          "parent": "left_tail13",
          "pivot": [0, 23.17881, 102.58535]
        }, {
          "cubes": [
            {
              "mirror": true,
              "origin": [0, 22.17881, 109.58535],
              "size": [0, 2, 7],
              "uv": [114, 17]
            }
          ],
          "name": "left_tail15",
          "parent": "left_tail14",
          "pivot": [0, 23.17881, 109.58535]
        }
      ],
      "description": {
        "identifier": "geometry.unknown",
        "texture_height": 128,
        "texture_width": 128,
        "visible_bounds_height": 4.5,
        "visible_bounds_offset": [0, 1.75, 0],
        "visible_bounds_width": 16
      }
    }
  ]
}