{
	"format_version": "1.12.0",
	"minecraft:geometry": [
		{
			"description": {
				"identifier": "geometry.scizor_male",
				"texture_width": 128,
				"texture_height": 128,
				"visible_bounds_width": 7,
				"visible_bounds_height": 5.5,
				"visible_bounds_offset": [0, 2.25, 0]
			},
			"bones": [
				{
					"name": "scizor",
					"pivot": [0, -0.28235, 0]
				},
				{
					"name": "body",
					"parent": "scizor",
					"pivot": [0, 2.65294, 0]
				},
				{
					"name": "abdomen",
					"parent": "body",
					"pivot": [0, 22.15294, 0],
					"cubes": [
						{"origin": [-4.5, 17.15294, -4.5], "size": [9, 7, 9], "uv": [0, 49]},
						{"origin": [-2.5, 18.65294, -6], "size": [5, 8, 3], "inflate": 0.01, "pivot": [0, 22.65294, -4.5], "rotation": [-12.5, 0, 0], "uv": [48, 85]},
						{"origin": [-3.5, 14.15294, -3.5], "size": [7, 4, 7], "uv": [0, 65]}
					]
				},
				{
					"name": "upper_abdomen",
					"parent": "abdomen",
					"pivot": [0, 24.15294, 0],
					"cubes": [
						{"origin": [-3.5, 23.15294, -3.5], "size": [7, 3, 7], "uv": [68, 18]}
					]
				},
				{
					"name": "spine",
					"parent": "upper_abdomen",
					"pivot": [0, 26.15294, 0],
					"cubes": [
						{"origin": [-2, 24.90294, -2], "size": [4, 5, 4], "uv": [88, 28]}
					]
				},
				{
					"name": "thorax",
					"parent": "spine",
					"pivot": [0, 28.65294, 0],
					"cubes": [
						{"origin": [-3.5, 30.65294, -3.5], "size": [7, 5, 7], "uv": [54, 6]},
						{"origin": [-3, 28.65294, -3], "size": [6, 2, 6], "uv": [72, 73]}
					]
				},
				{
					"name": "neck",
					"parent": "thorax",
					"pivot": [0, 35.65294, 0],
					"rotation": [17.5, 0, 0],
					"cubes": [
						{"origin": [-1.5, 34.65294, -1.5], "size": [3, 5, 3], "uv": [20, 90]}
					]
				},
				{
					"name": "head_pivot",
					"parent": "neck",
					"pivot": [0, 37.65294, 0]
				},
				{
					"name": "head3",
					"parent": "head_pivot",
					"pivot": [0, 37.55437, 0],
					"rotation": [0, -45, 0],
					"cubes": [
						{"origin": [-3.5, 37.65294, -3.5], "size": [6, 6, 6], "uv": [48, 73]}
					]
				},
				{
					"name": "head2",
					"parent": "head3",
					"pivot": [-0.27412, 40.24706, -0.28235],
					"cubes": [
						{"origin": [-4.17412, 40.9, -4.18235], "size": [3, 2, 3], "inflate": 0.01, "pivot": [-3.77412, 41.9, -3.78235], "rotation": [-15.71154, 2.18122, 15.71154], "uv": [80, 98]},
						{"origin": [-4.17412, 38.9, -4.18235], "size": [0, 2, 2], "pivot": [-3.77412, 41.9, -3.78235], "rotation": [-15.71154, 2.18122, 15.71154], "uv": [104, 52]},
						{"origin": [-4.17412, 38.9, -4.18235], "size": [2, 2, 0], "pivot": [-3.77412, 41.9, -3.78235], "rotation": [-15.71154, 2.18122, 15.71154], "uv": [62, 104]},
						{"origin": [-4.17412, 42.9, -4.18235], "size": [0, 3, 3], "pivot": [-3.77412, 41.9, -3.78235], "rotation": [-15.71154, 2.18122, 15.71154], "uv": [102, 98]},
						{"origin": [-4.17412, 42.9, -4.18235], "size": [3, 3, 0], "pivot": [-3.77412, 41.9, -3.78235], "rotation": [-15.71154, 2.18122, 15.71154], "uv": [64, 86]},
						{"origin": [-3.02412, 39.9, -4.18235], "size": [7, 2, 0], "pivot": [-3.77412, 41.9, -3.78235], "rotation": [-15.52914, -3.2553, -3.54349], "uv": [54, 18]},
						{"origin": [-4.17412, 39.9, -3.03235], "size": [0, 2, 7], "pivot": [-3.77412, 41.9, -3.78235], "rotation": [4.28846, 2.18122, 15.71154], "uv": [80, 89]}
					]
				},
				{
					"name": "eyes",
					"parent": "head3",
					"pivot": [-0.85355, 37.66738, 0.79777]
				},
				{
					"name": "left_eye",
					"parent": "eyes",
					"pivot": [-0.56176, 39.25, -3.5],
					"rotation": [0, 0, -20],
					"cubes": [
						{"origin": [-1.31176, 38.25, -3.5], "size": [2, 1, 0], "inflate": 0.005, "uv": [88, 72]},
						{"origin": [-1.81176, 38.75, -3.5], "size": [3, 2, 0], "inflate": 0.01, "uv": [90, 16]},
						{"origin": [-2.31176, 40, -3.5], "size": [4, 1, 0], "inflate": 0.025, "pivot": [-1.81176, 40, -3.5], "rotation": [0, 0, -2.5], "uv": [80, 72]},
						{"origin": [-1.31176, 39, -3.5], "size": [2, 2, 0], "inflate": 0.015, "uv": [58, 104]},
						{"origin": [-0.81176, 39.5, -3.5], "size": [1, 1, 0], "inflate": 0.02, "uv": [70, 87]}
					]
				},
				{
					"name": "right_eye",
					"parent": "eyes",
					"pivot": [-3.5, 39.25, -0.31176],
					"rotation": [90, 70, 90],
					"cubes": [
						{"origin": [-4.67442, 38.27721, -0.31176], "size": [2, 1, 0], "inflate": 0.005, "uv": [20, 89]},
						{"origin": [-5.17442, 38.77721, -0.31176], "size": [3, 2, 0], "inflate": 0.01, "uv": [100, 68]},
						{"origin": [-5.67442, 40.02721, -0.31176], "size": [4, 1, 0], "inflate": 0.025, "pivot": [-2.17442, 40.02721, -0.31176], "rotation": [0, 0, 2.5], "uv": [64, 85]},
						{"origin": [-4.67442, 39.02721, -0.31176], "size": [2, 2, 0], "inflate": 0.015, "uv": [104, 59]},
						{"origin": [-4.17442, 39.52721, -0.31176], "size": [1, 1, 0], "inflate": 0.02, "uv": [70, 88]}
					]
				},
				{
					"name": "closed",
					"parent": "eyes",
					"pivot": [-0.85355, 37.66738, 0.79777]
				},
				{
					"name": "left_eyelid",
					"parent": "closed",
					"pivot": [-0.46765, 39.00294, -3.4],
					"rotation": [0, 0, -20],
					"cubes": [
						{"origin": [-1.21765, 38.00294, -3.4], "size": [2, 1, 0], "inflate": 0.02, "uv": [24, 89]},
						{"origin": [-1.71765, 38.50294, -3.4], "size": [3, 2, 0], "inflate": 0.0225, "uv": [102, 12]}
					]
				},
				{
					"name": "right_eyelid",
					"parent": "closed",
					"pivot": [-3.4, 39.00294, -0.21765],
					"rotation": [90, 70, 90],
					"cubes": [
						{"origin": [-4.57442, 38.03015, -0.21765], "size": [2, 1, 0], "inflate": 0.02, "uv": [92, 72]},
						{"origin": [-5.07442, 38.53015, -0.21765], "size": [3, 2, 0], "inflate": 0.0225, "uv": [104, 43]}
					]
				},
				{
					"name": "left_crest",
					"parent": "head_pivot",
					"pivot": [3.5, 43.58373, -1.39432],
					"rotation": [22.5, 25, 0],
					"cubes": [
						{"origin": [3.5, 40.58373, -1.39432], "size": [0, 3, 8], "pivot": [3.5, 43.58373, 0.60568], "rotation": [0, 0, 10], "uv": [68, 48]},
						{"origin": [3.5, 40.58373, -1.39432], "size": [0, 3, 8], "pivot": [3.5, 43.58373, 3.10568], "rotation": [0, 0, 90], "uv": [37, 56]}
					]
				},
				{
					"name": "locator_horn_left",
					"parent": "left_crest",
					"pivot": [3.5, 43.58373, 3.70568],
					"locators": {
						"horn2": [3.5, 43.58373, 3.70568]
					}
				},
				{
					"name": "right_crest",
					"parent": "head_pivot",
					"pivot": [-3.5, 43.58373, -1.39432],
					"rotation": [22.5, -25, 0],
					"cubes": [
						{"origin": [-3.5, 40.58373, -1.39432], "size": [0, 3, 8], "pivot": [-3.5, 43.58373, 0.60568], "rotation": [0, 0, -10], "uv": [37, 48]},
						{"origin": [-3.5, 40.58373, -1.39432], "size": [0, 3, 8], "pivot": [-3.5, 43.58373, 3.10568], "rotation": [0, 0, -90], "uv": [37, 52]}
					]
				},
				{
					"name": "locator_horn_right",
					"parent": "right_crest",
					"pivot": [-3.5, 43.58373, 3.70568],
					"locators": {
						"horn1": [-3.5, 43.58373, 3.70568]
					}
				},
				{
					"name": "middle_crest",
					"parent": "head_pivot",
					"pivot": [0, 43.58373, -3.14432],
					"rotation": [-50, 0, 0],
					"cubes": [
						{"origin": [-3, 43.08373, -3.14432], "size": [3, 11, 0], "pivot": [0, 45.58373, -3.14432], "rotation": [0, 45, 0], "uv": [61, 61]},
						{"origin": [0, 43.08373, -3.14432], "size": [3, 11, 0], "pivot": [0, 45.58373, -3.14432], "rotation": [0, -45, 0], "uv": [54, 61]}
					]
				},
				{
					"name": "left_shoulder",
					"parent": "thorax",
					"pivot": [3.5, 33.65294, 0],
					"rotation": [0, 0, -22.5],
					"cubes": [
						{"origin": [2.30893, 31.71602, -2], "size": [6, 4, 4], "inflate": 0.01, "uv": [0, 83]}
					]
				},
				{
					"name": "left_upper_arm",
					"parent": "left_shoulder",
					"pivot": [4.96194, 32.7116, 0],
					"rotation": [0, 0, 22.5],
					"cubes": [
						{"origin": [3.96194, 31.7116, -1], "size": [6, 2, 2], "inflate": 0.01, "uv": [32, 94]}
					]
				},
				{
					"name": "left_lower_arm",
					"parent": "left_upper_arm",
					"pivot": [9.96194, 32.7116, 1],
					"cubes": [
						{"origin": [9.96194, 31.7116, -1], "size": [5, 2, 2], "uv": [95, 45]}
					]
				},
				{
					"name": "left_claw",
					"parent": "left_lower_arm",
					"pivot": [13.96194, 32.7116, 0],
					"cubes": [
						{"origin": [13.96194, 31.2116, -1.5], "size": [3, 3, 3], "uv": [96, 72]},
						{"origin": [15.96194, 30.7116, -2.5], "size": [2, 1, 5], "uv": [94, 87]},
						{"origin": [18.46194, 33.2116, 1.25], "size": [2, 2, 1], "inflate": 0.27, "uv": [104, 28]},
						{"origin": [18.46194, 33.2116, -2.25], "size": [2, 2, 1], "inflate": 0.27, "uv": [104, 31]}
					]
				},
				{
					"name": "left_upper_claw",
					"parent": "left_claw",
					"pivot": [19.46194, 34.2116, 0],
					"cubes": [
						{"origin": [37.96194, 28.7116, -2.5], "size": [0, 4, 5], "inflate": 0.01, "uv": [96, 16]},
						{"origin": [31.96194, 29.7116, -2.5], "size": [6, 3, 0], "inflate": 0.01, "uv": [100, 0]},
						{"origin": [15.96194, 32.7116, -2.5], "size": [22, 5, 5], "inflate": 0.01, "uv": [0, 10]},
						{"origin": [27.96194, 29.7116, -2.5], "size": [3, 3, 0], "inflate": 0.01, "uv": [104, 34]},
						{"origin": [23.96194, 29.7116, -2.5], "size": [3, 3, 0], "inflate": 0.01, "uv": [104, 37]},
						{"origin": [15.96194, 30.7116, -2.5], "size": [7, 2, 5], "inflate": 0.01, "uv": [80, 55]},
						{"origin": [23.96194, 29.7116, 2.5], "size": [3, 3, 0], "inflate": 0.01, "uv": [104, 40]},
						{"origin": [27.96194, 29.7116, 2.5], "size": [3, 3, 0], "inflate": 0.01, "uv": [104, 49]},
						{"origin": [31.96194, 29.7116, 2.5], "size": [6, 3, 0], "inflate": 0.01, "uv": [100, 3]}
					]
				},
				{
					"name": "left_lower_claw",
					"parent": "left_claw",
					"pivot": [17.96194, 31.7116, 0],
					"cubes": [
						{"origin": [17.96194, 29.7116, -2], "size": [19, 2, 4], "uv": [54, 0]},
						{"origin": [22.96194, 27.2116, 0], "size": [11, 3, 0], "uv": [82, 52]},
						{"origin": [36.96194, 31.7116, -2], "size": [0, 2, 4], "uv": [42, 102]},
						{"origin": [23.96194, 31.7116, -2], "size": [13, 2, 0], "uv": [80, 70]},
						{"origin": [23.96194, 31.7116, 2], "size": [13, 2, 0], "uv": [82, 14]}
					]
				},
				{
					"name": "right_shoulder",
					"parent": "thorax",
					"pivot": [-3.5, 33.65294, 0],
					"rotation": [0, 0, 22.5],
					"cubes": [
						{"origin": [-8.30893, 31.71602, -2], "size": [6, 4, 4], "inflate": 0.01, "uv": [82, 6]}
					]
				},
				{
					"name": "right_upper_arm",
					"parent": "right_shoulder",
					"pivot": [-4.96194, 32.7116, 0],
					"rotation": [0, 0, -22.5],
					"cubes": [
						{"origin": [-9.96194, 31.7116, -1], "size": [6, 2, 2], "inflate": 0.01, "uv": [32, 90]}
					]
				},
				{
					"name": "right_lower_arm",
					"parent": "right_upper_arm",
					"pivot": [-9.96194, 32.7116, 1],
					"cubes": [
						{"origin": [-14.96194, 31.7116, -1], "size": [5, 2, 2], "uv": [0, 91]}
					]
				},
				{
					"name": "right_claw",
					"parent": "right_lower_arm",
					"pivot": [-13.96194, 32.7116, 0],
					"cubes": [
						{"origin": [-16.96194, 31.2116, -1.5], "size": [3, 3, 3], "uv": [48, 96]},
						{"origin": [-17.96194, 30.7116, -2.5], "size": [2, 1, 5], "uv": [92, 81]},
						{"origin": [-20.46194, 33.2116, 1.25], "size": [2, 2, 1], "inflate": 0.27, "uv": [86, 103]},
						{"origin": [-20.46194, 33.2116, -2.25], "size": [2, 2, 1], "inflate": 0.27, "uv": [8, 104]}
					]
				},
				{
					"name": "right_upper_claw",
					"parent": "right_claw",
					"pivot": [-19.46194, 34.2116, 0],
					"cubes": [
						{"origin": [-37.96194, 28.7116, -2.5], "size": [0, 4, 5], "inflate": 0.01, "uv": [8, 95]},
						{"origin": [-37.96194, 29.7116, -2.5], "size": [6, 3, 0], "inflate": 0.01, "uv": [96, 25]},
						{"origin": [-37.96194, 32.7116, -2.5], "size": [22, 5, 5], "inflate": 0.01, "uv": [0, 0]},
						{"origin": [-30.96194, 29.7116, -2.5], "size": [3, 3, 0], "inflate": 0.01, "uv": [30, 103]},
						{"origin": [-26.96194, 29.7116, -2.5], "size": [3, 3, 0], "inflate": 0.01, "uv": [80, 103]},
						{"origin": [-22.96194, 30.7116, -2.5], "size": [7, 2, 5], "inflate": 0.01, "uv": [0, 76]},
						{"origin": [-26.96194, 29.7116, 2.5], "size": [3, 3, 0], "inflate": 0.01, "uv": [36, 103]},
						{"origin": [-30.96194, 29.7116, 2.5], "size": [3, 3, 0], "inflate": 0.01, "uv": [42, 98]},
						{"origin": [-37.96194, 29.7116, 2.5], "size": [6, 3, 0], "inflate": 0.01, "uv": [96, 78]}
					]
				},
				{
					"name": "right_lower_claw",
					"parent": "right_claw",
					"pivot": [-17.96194, 31.7116, 0],
					"cubes": [
						{"origin": [-36.96194, 29.7116, -2], "size": [19, 2, 4], "uv": [36, 49]},
						{"origin": [-33.96194, 27.2116, 0], "size": [11, 3, 0], "uv": [82, 49]},
						{"origin": [-36.96194, 31.7116, -2], "size": [0, 2, 4], "uv": [102, 6]},
						{"origin": [-36.96194, 31.7116, -2], "size": [13, 2, 0], "uv": [68, 45]},
						{"origin": [-36.96194, 31.7116, 2], "size": [13, 2, 0], "uv": [68, 47]}
					]
				},
				{
					"name": "left_wing",
					"parent": "thorax",
					"pivot": [2, 34.5, 2.25],
					"rotation": [22.5, 0, 0]
				},
				{
					"name": "left_upper_wing",
					"parent": "left_wing",
					"pivot": [2, 34.5, 3.75],
					"cubes": [
						{"origin": [1.5, 32.5, 3.25], "size": [1, 3, 11], "uv": [42, 20]},
						{"origin": [1.5, 33.5, 14.25], "size": [1, 2, 2], "uv": [55, 23]},
						{"origin": [1.5, 33.5, 1.25], "size": [1, 2, 2], "uv": [61, 23]},
						{"origin": [2, 27, 2.75], "size": [0, 7, 21], "pivot": [2, 33.5, 16.25], "rotation": [-10, 0, 0], "uv": [0, 0]}
					]
				},
				{
					"name": "left_lower_wing",
					"parent": "left_wing",
					"pivot": [1.9, 32.5, 2.75],
					"rotation": [-20, 0, 0],
					"cubes": [
						{"origin": [1.9, 29, 1.75], "size": [0, 6, 10], "uv": [0, 27]}
					]
				},
				{
					"name": "right_wing",
					"parent": "thorax",
					"pivot": [-2, 34.5, 2.25],
					"rotation": [22.5, 0, 0]
				},
				{
					"name": "right_upper_wing",
					"parent": "right_wing",
					"pivot": [-2, 34.5, 3.75],
					"cubes": [
						{"origin": [-2.5, 32.5, 3.25], "size": [1, 3, 11], "uv": [42, 34]},
						{"origin": [-2.5, 33.5, 14.25], "size": [1, 2, 2], "uv": [55, 37]},
						{"origin": [-2.5, 33.5, 1.25], "size": [1, 2, 2], "uv": [61, 37]},
						{"origin": [-2, 27, 2.75], "size": [0, 7, 21], "pivot": [-2, 33.5, 16.25], "rotation": [-10, 0, 0], "uv": [0, 8]}
					]
				},
				{
					"name": "right_lower_wing",
					"parent": "right_wing",
					"pivot": [-1.9, 32.5, 2.75],
					"rotation": [-20, 0, 0],
					"cubes": [
						{"origin": [-1.9, 29, 1.75], "size": [0, 6, 10], "uv": [20, 27]}
					]
				},
				{
					"name": "left_leg_joint",
					"parent": "body",
					"pivot": [4.5, 22.15294, 0],
					"rotation": [20, 0, -22.5],
					"cubes": [
						{"origin": [3.30893, 20.21602, -2], "size": [6, 4, 4], "inflate": 0.01, "uv": [80, 62]},
						{"origin": [5.30893, 24.21602, -1.5], "size": [3, 2, 3], "inflate": 0.01, "uv": [18, 98]}
					]
				},
				{
					"name": "left_upper_leg",
					"parent": "left_leg_joint",
					"pivot": [5.96194, 21.4616, 0],
					"rotation": [-22.47546, -6.76746, 16.54403],
					"cubes": [
						{"origin": [4.96194, 12.4616, -1], "size": [2, 9, 2], "uv": [94, 93]}
					]
				},
				{
					"name": "left_lower_leg",
					"parent": "left_upper_leg",
					"pivot": [6.5, 14.15294, -3],
					"rotation": [27.5, -7.5, 5],
					"cubes": [
						{"origin": [4.5, 1.15294, -4.5], "size": [4, 4, 4], "inflate": 0.01, "pivot": [6.5, 3.15294, -2.5], "rotation": [0, -45, 0], "uv": [64, 89]},
						{"origin": [4, 4.15294, -5], "size": [5, 12, 5], "inflate": 0.01, "pivot": [6.5, 10.15294, -2.5], "rotation": [0, -45, 0], "uv": [28, 73]},
						{"origin": [7, 11.15294, -2], "size": [0, 5, 2], "inflate": 0.01, "pivot": [6.5, 10.15294, -2.5], "rotation": [0, -45, 0], "uv": [18, 103]},
						{"origin": [7, 11.15294, -2], "size": [2, 5, 0], "inflate": 0.01, "pivot": [6.5, 10.15294, -2.5], "rotation": [0, -45, 0], "uv": [26, 103]},
						{"origin": [7, 11.15294, -2], "size": [2, 0, 2], "inflate": 0.01, "pivot": [6.5, 9.15294, -2.5], "rotation": [0, -45, 0], "uv": [82, 16]}
					]
				},
				{
					"name": "front_claw_left",
					"parent": "left_lower_leg",
					"pivot": [6.5, 1.65294, -4.5],
					"rotation": [92.5, 12.5, 0],
					"cubes": [
						{"origin": [6.5, 0.65294, -8.5], "size": [0, 2, 2], "uv": [14, 104]},
						{"origin": [6, 0.65294, -6.5], "size": [1, 2, 3], "uv": [102, 93]}
					]
				},
				{
					"name": "right_leg_joint",
					"parent": "body",
					"pivot": [-4.5, 22.15294, 0],
					"rotation": [20, 0, 22.5],
					"cubes": [
						{"origin": [-9.30893, 20.21602, -2], "size": [6, 4, 4], "inflate": 0.01, "uv": [72, 81]},
						{"origin": [-8.30893, 24.21602, -1.5], "size": [3, 2, 3], "inflate": 0.01, "uv": [30, 98]}
					]
				},
				{
					"name": "right_upper_leg",
					"parent": "right_leg_joint",
					"pivot": [-5.96194, 21.4616, 0],
					"rotation": [-22.47546, 6.76746, -16.54403],
					"cubes": [
						{"origin": [-6.96194, 12.4616, -1], "size": [2, 9, 2], "uv": [0, 95]}
					]
				},
				{
					"name": "right_lower_leg",
					"parent": "right_upper_leg",
					"pivot": [-6.5, 14.15294, -3],
					"rotation": [27.5, 7.5, -5],
					"cubes": [
						{"origin": [-8.5, 1.15294, -4.5], "size": [4, 4, 4], "inflate": 0.01, "pivot": [-6.5, 3.15294, -2.5], "rotation": [0, 45, 0], "uv": [88, 37]},
						{"origin": [-9, 4.15294, -5], "size": [5, 12, 5], "inflate": 0.01, "pivot": [-6.5, 10.15294, -2.5], "rotation": [0, 45, 0], "uv": [68, 28]},
						{"origin": [-7, 11.15294, -2], "size": [0, 5, 2], "inflate": 0.01, "pivot": [-6.5, 10.15294, -2.5], "rotation": [0, 45, 0], "uv": [24, 76]},
						{"origin": [-9, 11.15294, -2], "size": [2, 5, 0], "inflate": 0.01, "pivot": [-6.5, 10.15294, -2.5], "rotation": [0, 45, 0], "uv": [22, 103]},
						{"origin": [-9, 11.15294, -2], "size": [2, 0, 2], "inflate": 0.01, "pivot": [-6.5, 9.15294, -2.5], "rotation": [0, 45, 0], "uv": [28, 71]}
					]
				},
				{
					"name": "front_claw_right",
					"parent": "right_lower_leg",
					"pivot": [-6.5, 1.65294, -4.5],
					"rotation": [92.5, -10, 0],
					"cubes": [
						{"origin": [-6.5, 0.65294, -8.5], "size": [0, 2, 2], "uv": [16, 91]},
						{"origin": [-7, 0.65294, -6.5], "size": [1, 2, 3], "uv": [50, 102]}
					]
				}
			]
		}
	]
}