{
  "format_version": "1.12.0",
  "minecraft:geometry": [
    {
      "bones": [
        {
          "name": "castform_rainy",
          "pivot": [0, 0, 0]
        }, {
          "name": "body",
          "parent": "castform_rainy",
          "pivot": [0, 9, 0]
        }, {
          "cubes": [
            {
              "origin": [-1.99999, 9, -2],
              "size": [4, 5, 3],
              "uv": [34, 37]
            }, {
              "origin": [2.20001, 8.5, -2],
              "size": [4, 4, 4],
              "uv": [0, 17]
            }, {
              "origin": [-2.79999, 8.55, -6],
              "pivot": [0, 0, 0],
              "rotation": [-0.2, 0, 0],
              "size": [6, 4, 4],
              "uv": [17, 17]
            }, {
              "origin": [-2.79999, 8.5, 1],
              "pivot": [0, 0, 0],
              "rotation": [-0.2, 0, 0],
              "size": [5, 4, 4],
              "uv": [17, 26]
            }, {
              "origin": [-6.19999, 8.5, -5],
              "pivot": [0, 0, 0],
              "rotation": [0, 0, 2.5],
              "size": [4, 4, 4],
              "uv": [32, 8]
            }, {
              "origin": [-5.19999, 8.5, 0],
              "pivot": [0, 0, 0],
              "rotation": [0, 0, 2.5],
              "size": [4, 4, 4],
              "uv": [0, 35]
            }, {
              "origin": [1.80001, 8.5, -5],
              "pivot": [0, 0, 0],
              "rotation": [0, 0, -2.5],
              "size": [4, 4, 4],
              "uv": [17, 35]
            }, {
              "origin": [0.80001, 8.5, 0],
              "pivot": [0, 0, 0],
              "rotation": [0, 0, -2.5],
              "size": [4, 4, 4],
              "uv": [0, 26]
            }, {
              "origin": [-6.19999, 8.5, -2],
              "size": [4, 4, 4],
              "uv": [32, 0]
            }
          ],
          "name": "gustybody",
          "parent": "body",
          "pivot": [0, 12, -1]
        }, {
          "cubes": [
            {
              "origin": [-3.99999, 13, -5],
              "size": [8, 8, 8],
              "uv": [0, 0]
            }
          ],
          "name": "head",
          "parent": "body",
          "pivot": [0, 13, 0]
        }, {
          "name": "outerdrop",
          "parent": "head",
          "pivot": [0, 0, 0]
        }, {
          "cubes": [
            {
              "origin": [-4.5, 12.35, -5.5],
              "size": [9, 9, 9],
              "uv": [28, 46]
            }
          ],
          "name": "maindrop",
          "parent": "outerdrop",
          "pivot": [0, 0, 0]
        }, {
          "cubes": [
            {
              "origin": [-2.5, 21.351, -3.5],
              "pivot": [-2.5, 21.501, -1],
              "rotation": [0, 0, 7.5],
              "size": [5, 4, 5],
              "uv": [7, 55]
            }
          ],
          "name": "middrop",
          "parent": "maindrop",
          "pivot": [-2.5, 21.501, 1.5]
        }, {
          "cubes": [
            {
              "origin": [-0.98632, 25.15, -2.5],
              "pivot": [-0.9863, 25.3, -1],
              "rotation": [0, 0, 15],
              "size": [3, 3, 3],
              "uv": [16, 47]
            }
          ],
          "name": "tipdrop",
          "parent": "middrop",
          "pivot": [-0.9863, 25.3, 0.5]
        }, {
          "cubes": [
            {
              "origin": [-1.99999, 13.5, -5.05],
              "size": [4, 2, 0],
              "uv": [0, 47]
            }
          ],
          "name": "mouth",
          "parent": "head",
          "pivot": [-0.08724, 0, -0.0019]
        }, {
          "cubes": [
            {
              "origin": [-1.99999, 13.5, -4.05],
              "size": [4, 2, 0],
              "uv": [0, 50]
            }
          ],
          "name": "mouthopen",
          "parent": "head",
          "pivot": [-0.08724, 0, -0.0019]
        }, {
          "name": "eyesfull",
          "parent": "head",
          "pivot": [0, 0, 0]
        }, {
          "cubes": [
            {
              "origin": [1.31276, 16.25, -4.1519],
              "size": [2, 1, 0],
              "uv": [4, 53]
            }, {
              "origin": [-3.38723, 16.25, -4.1519],
              "size": [2, 1, 0],
              "uv": [4, 53]
            }
          ],
          "name": "eyesclosed",
          "parent": "eyesfull",
          "pivot": [0, 0, 0]
        }, {
          "name": "eyebrows",
          "parent": "eyesfull",
          "pivot": [-3.38723, 18, -4.07]
        }, {
          "cubes": [
            {
              "origin": [-3.38723, 18, -4.07],
              "size": [3, 1, 0],
              "uv": [0, 57]
            }
          ],
          "name": "eyebrowright",
          "parent": "eyebrows",
          "pivot": [-3.38723, 18, -4.07]
        }, {
          "cubes": [
            {
              "origin": [0.31276, 18, -4.07],
              "size": [3, 1, 0],
              "uv": [0, 55]
            }
          ],
          "name": "eyebrowleft",
          "parent": "eyebrows",
          "pivot": [3.31276, 18, -4.07]
        }, {
          "name": "eyes",
          "parent": "eyesfull",
          "pivot": [-0.08724, 17, -5.05]
        }, {
          "cubes": [
            {
              "origin": [-3.38723, 16, -5.05],
              "size": [2, 2, 0],
              "uv": [9, 47]
            }, {
              "origin": [-3.38723, 17, -5.06],
              "size": [1, 1, 0],
              "uv": [9, 53]
            }
          ],
          "name": "eyeright",
          "parent": "eyes",
          "pivot": [-2.3872, 17, -5.05]
        }, {
          "cubes": [
            {
              "origin": [1.3128, 17, -5.06],
              "size": [1, 1, 0],
              "uv": [12, 53]
            }, {
              "origin": [1.31276, 16, -5.05],
              "size": [2, 2, 0],
              "uv": [9, 50]
            }
          ],
          "name": "eyeleft",
          "parent": "eyes",
          "pivot": [2.3128, 17, -5.05]
        }
      ],
      "description": {
        "identifier": "geometry.castform_rainy",
        "texture_height": 64,
        "texture_width": 64,
        "visible_bounds_height": 4.5,
        "visible_bounds_offset": [0, 1.75, 0],
        "visible_bounds_width": 3
      }
    }
  ]
}