{
  "format_version": "1.12.0",
  "minecraft:geometry": [
    {
      "bones": [
        {
          "name": "castform",
          "pivot": [0, 0, 0]
        }, {
          "name": "body",
          "parent": "castform",
          "pivot": [0, 9, 0]
        }, {
          "cubes": [
            {
              "origin": [-1.001, 19.34909, 9.96653],
              "pivot": [-0.00531, 0.14909, 0.06653],
              "rotation": [32.5, -0.1, 0],
              "size": [2, 2, 4],
              "uv": [30, 24]
            },
            {
              "origin": [-0.99999, 20, -5],
              "pivot": [0, 0, 0],
              "rotation": [-5, 0, 0],
              "size": [2, 3, 2],
              "uv": [30, 30]
            },
            {
              "origin": [-3.99999, 13, -5],
              "size": [8, 8, 8],
              "uv": [0, 0]
            }
          ],
          "name": "head",
          "parent": "body",
          "pivot": [0, 13, 0]
        }, {
          "cubes": [
            {
              "origin": [-1.99999, 13.5, -5.05],
              "size": [4, 2, 0],
              "uv": [16, 31]
            }
          ],
          "name": "mouth",
          "parent": "head",
          "pivot": [-0.08724, 0, -0.0019]
        }, {
          "cubes": [
            {
              "origin": [-1.99999, 13.5, -4.05],
              "size": [4, 2, 0],
              "uv": [16, 34]
            }
          ],
          "name": "mouthopen",
          "parent": "head",
          "pivot": [-0.08724, 0, -0.0019]
        }, {
          "name": "eyesfull",
          "parent": "head",
          "pivot": [0, 0, 0]
        }, {
          "cubes": [
            {
              "origin": [1.31276, 16.25, -4.1519],
              "size": [2, 1, 0],
              "uv": [0, 35]
            },
            {
              "origin": [-3.38723, 16.25, -4.1519],
              "size": [2, 1, 0],
              "uv": [0, 35]
            }
          ],
          "name": "eyesclosed",
          "parent": "eyesfull",
          "pivot": [0, 0, 0]
        }, {
          "name": "eyebrows",
          "parent": "eyesfull",
          "pivot": [-3.38723, 18, -4.07]
        }, {
          "cubes": [
            {
              "origin": [-3.38723, 18, -4.07],
              "size": [3, 1, 0],
              "uv": [0, 39]
            }
          ],
          "name": "eyebrowright",
          "parent": "eyebrows",
          "pivot": [-3.38723, 18, -4.07]
        }, {
          "cubes": [
            {
              "origin": [0.31276, 18, -4.07],
              "size": [3, 1, 0],
              "uv": [0, 37]
            }
          ],
          "name": "eyebrowleft",
          "parent": "eyebrows",
          "pivot": [3.31276, 18, -4.07]
        }, {
          "name": "eyes",
          "parent": "eyesfull",
          "pivot": [-0.08724, 17, -5.05]
        }, {
          "cubes": [
            {
              "origin": [-3.38723, 16, -5.05],
              "size": [2, 2, 0],
              "uv": [24, 31]
            },
            {
              "origin": [-3.38723, 17, -5.06],
              "size": [1, 1, 0],
              "uv": [28, 31]
            }
          ],
          "name": "eyeright",
          "parent": "eyes",
          "pivot": [-2.3872, 17, -5.05]
        }, {
          "cubes": [
            {
              "origin": [1.3128, 17, -5.06],
              "size": [1, 1, 0],
              "uv": [32, 0]
            },
            {
              "origin": [1.31276, 16, -5.05],
              "size": [2, 2, 0],
              "uv": [0, 32]
            }
          ],
          "name": "eyeleft",
          "parent": "eyes",
          "pivot": [2.3128, 17, -5.05]
        }, {
          "cubes": [
            {
              "origin": [-1.99999, 9, -1],
              "size": [4, 4, 4],
              "uv": [0, 16]
            },
            {
              "origin": [0.20001, 8.5, -4],
              "size": [4, 4, 4],
              "uv": [16, 16]
            },
            {
              "origin": [-4.19999, 8.5, -4],
              "size": [4, 4, 4],
              "uv": [0, 24]
            },
            {
              "origin": [-0.99999, 10, 1],
              "size": [2, 2, 5],
              "uv": [16, 24]
            }
          ],
          "name": "gustybody",
          "parent": "body",
          "pivot": [0, 13, 0]
        }
      ],
      "description": {
        "identifier": "geometry.castform",
        "texture_height": 64,
        "texture_width": 64,
        "visible_bounds_height": 3.5,
        "visible_bounds_offset": [0, 1.25, 0],
        "visible_bounds_width": 3
      }
    }
  ]
}