{
  "animations": {
    "animation.latios2.air_sprint": {
      "bones": {
        "arm_left_1": {
          "rotation": [0.45465, 0.15754, -2.44131]
        },
        "arm_left_2": {
          "rotation": [0, -92.5, 0]
        },
        "arm_left_3": {
          "rotation": [0, 92.5, 0]
        },
        "arm_right_1": {
          "rotation": [0.44885, 2.32357, 2.13451]
        },
        "arm_right_2": {
          "rotation": [0, 92.5, 0]
        },
        "arm_right_3": {
          "rotation": [0, -92.5, 0]
        },
        "body": {
          "position": ["math.sin(q.anim_time*90*2.5-90)*-0.9304", "11.0088+math.sin(q.anim_time*90*2.5-0)*-1", "-0.2582+math.sin(q.anim_time*90*2.5-135)*1"],
          "rotation": ["-5+math.sin(q.anim_time*90*2.5-60)*-2", 0, "math.sin(q.anim_time*90*2.5-90)*1"]
        },
        "ear_left": {
          "rotation": [-10, 0, 2]
        },
        "ear_right": {
          "rotation": [-10, 0, -2]
        },
        "head": {
          "rotation": ["12.5+math.sin(q.anim_time*90*2.5+90)*-3", 0, 0]
        },
        "neck": {
          "rotation": ["-2.5+math.sin(q.anim_time*90*2.5-30)*2", 0, "math.sin(q.anim_time*90*2.5-60)*-1"]
        },
        "tail_left": {
          "rotation": ["0+math.sin(query.anim_time*90*2.5*2-180)*0.5", "15+math.sin(query.anim_time*90*2.5-225)*1", 0]
        },
        "tail_right": {
          "rotation": ["0+math.sin(query.anim_time*90*2.5*2-180)*0.5", "-15-math.sin(query.anim_time*90*2.5-225)*1", 0]
        },
        "wing_left": {
          "rotation": [0, 0, "32.5+math.sin(query.anim_time*90*2.5-150)*2"]
        },
        "wing_right": {
          "rotation": [0, 0, "-32.5-math.sin(query.anim_time*90*2.5-150)*2"]
        }
      },
      "loop": true
    },
    "animation.latios2.battle_idle": {
      "animation_length": 3.5417,
      "bones": {
        "arm_left_1": {
          "rotation": [-7.5, 20, -5]
        },
        "arm_left_2": {
          "rotation": [12.5, "-25-math.sin(query.anim_time*90*2.25-180)*2", "32.5-math.sin(query.anim_time*90*2.25*2-90)*1"]
        },
        "arm_left_3": {
          "rotation": ["9.5396+math.sin(query.anim_time*90*2.25-180)*1", 8.79614, "-36.3318-math.sin(query.anim_time*90*2.25*2-135)*1"]
        },
        "arm_left_claw_bottom": {
          "rotation": [0, 15, -5]
        },
        "arm_left_claw_middle": {
          "rotation": [0, 5, 0]
        },
        "arm_left_claw_top": {
          "rotation": [0, 15, 5]
        },
        "arm_right_1": {
          "rotation": [-7.5, -20, 5]
        },
        "arm_right_2": {
          "rotation": [12.5, "25+math.sin(query.anim_time*90*2.25-180)*2", "-32.5+math.sin(query.anim_time*90*2.25*2-90)*1"]
        },
        "arm_right_3": {
          "rotation": ["9.5396+math.sin(query.anim_time*90*2.25-180)*1", -8.79614, "36.3318-math.sin(query.anim_time*90*2.25*2-135)*1"]
        },
        "arm_right_claw_bottom": {
          "rotation": [0, -15, 5]
        },
        "arm_right_claw_middle": {
          "rotation": [0, -5, 0]
        },
        "arm_right_claw_top": {
          "rotation": [0, -15, -5]
        },
        "body": {
          "position": ["0+math.sin(query.anim_time*90*2.25-90)*1", "10+math.sin(query.anim_time*90*2.25*2-0)*0.5", 0],
          "rotation": ["-15+math.sin(query.anim_time*90*2.25*2-45)*0.5", 0, "0+math.sin(query.anim_time*90*2.25-180)*1"]
        },
        "ear_left": {
          "rotation": [-10, 0, 7.5]
        },
        "ear_right": {
          "rotation": [-10, 0, -7.5]
        },
        "head": {
          "rotation": ["12.5+math.sin(query.anim_time*90*2.25*2-225)*1", 0, "0-math.sin(query.anim_time*90*2.25-350)*0.5"]
        },
        "neck": {
          "rotation": ["10+math.sin(query.anim_time*90*2.25*2-135)*0.5", 0, "0-math.sin(query.anim_time*90*2.25-270)*0.5"]
        },
        "tail_left": {
          "rotation": ["0+math.sin(query.anim_time*90*2.25*2-180)*0.5", "15+math.sin(query.anim_time*90*2.25-225)*1", 0]
        },
        "tail_right": {
          "rotation": ["0+math.sin(query.anim_time*90*2.25*2-180)*0.5", "-15-math.sin(query.anim_time*90*2.25-225)*1", 0]
        },
        "wing_left": {
          "rotation": [0, 0, "32.5-math.sin(query.anim_time*90*2.25*2-135)*1"]
        },
        "wing_right": {
          "rotation": [0, 0, "-32.5+math.sin(query.anim_time*90*2.25*2-135)*1"]
        }
      },
      "loop": true
    },
    "animation.latios2.blink": {
      "animation_length": 0.1667,
      "bones": {
        "eye_left": {
          "position": [0, 0, 0.1]
        },
        "eye_right": {
          "position": [0.1, 0, 0]
        },
        "eyelid_left": {
          "position": [0, 0, -0.2]
        },
        "eyelid_right": {
          "position": [-0.2, 0, 0]
        }
      }
    },
    "animation.latios2.cry": {
      "animation_length": 3,
      "bones": {
        "arm_left_2": {
          "rotation": {
            "0.0": {
              "lerp_mode": "catmullrom",
              "post": [0, 0, 0]
            },
            "0.4167": {
              "lerp_mode": "catmullrom",
              "post": [-16.12295, 17.29277, -3.02677]
            },
            "0.6667": {
              "lerp_mode": "catmullrom",
              "post": [0.70761, -15.65596, -22.67152]
            },
            "1.625": {
              "lerp_mode": "catmullrom",
              "post": [0.70761, -15.65596, -22.67152]
            },
            "2.2917": {
              "lerp_mode": "catmullrom",
              "post": [0, 0, 0]
            },
            "3.0": {
              "lerp_mode": "catmullrom",
              "post": [0, 0, 0]
            }
          }
        },
        "arm_left_3": {
          "rotation": {
            "0.0": {
              "lerp_mode": "catmullrom",
              "post": [0, 0, 0]
            },
            "0.4583": {
              "lerp_mode": "catmullrom",
              "post": [12.08564, 23.63696, 22.73124]
            },
            "0.7083": {
              "lerp_mode": "catmullrom",
              "post": [-0.34897, -13.04665, 6.21896]
            },
            "1.6667": {
              "lerp_mode": "catmullrom",
              "post": [-0.34897, -13.04665, 6.21896]
            },
            "2.3333": {
              "lerp_mode": "catmullrom",
              "post": [0, 0, 0]
            },
            "3.0": {
              "lerp_mode": "catmullrom",
              "post": [0, 0, 0]
            }
          }
        },
        "arm_right_2": {
          "rotation": {
            "0.0": {
              "lerp_mode": "catmullrom",
              "post": [0, 0, 0]
            },
            "0.4167": {
              "lerp_mode": "catmullrom",
              "post": [-16.12295, -17.29277, 3.02677]
            },
            "0.6667": {
              "lerp_mode": "catmullrom",
              "post": [0.70761, 15.65596, 22.67152]
            },
            "1.625": {
              "lerp_mode": "catmullrom",
              "post": [0.70761, 15.65596, 22.67152]
            },
            "2.2917": {
              "lerp_mode": "catmullrom",
              "post": [0, 0, 0]
            },
            "3.0": {
              "lerp_mode": "catmullrom",
              "post": [0, 0, 0]
            }
          }
        },
        "arm_right_3": {
          "rotation": {
            "0.0": {
              "lerp_mode": "catmullrom",
              "post": [0, 0, 0]
            },
            "0.4583": {
              "lerp_mode": "catmullrom",
              "post": [12.08564, -23.63696, -22.73124]
            },
            "0.7083": {
              "lerp_mode": "catmullrom",
              "post": [-0.34897, 13.04665, -6.21896]
            },
            "1.6667": {
              "lerp_mode": "catmullrom",
              "post": [-0.34897, 13.04665, -6.21896]
            },
            "2.3333": {
              "lerp_mode": "catmullrom",
              "post": [0, 0, 0]
            },
            "3.0": {
              "lerp_mode": "catmullrom",
              "post": [0, 0, 0]
            }
          }
        },
        "body": {
          "position": {
            "0.0": {
              "lerp_mode": "catmullrom",
              "post": [0, 0, 0]
            },
            "0.375": {
              "lerp_mode": "catmullrom",
              "post": [0.01519, -1.88385, -0.67147]
            },
            "0.625": {
              "lerp_mode": "catmullrom",
              "post": [-0.00758, 1.54057, -1.80972]
            },
            "1.5833": {
              "lerp_mode": "catmullrom",
              "post": [-0.00758, 1.54057, -1.80972]
            },
            "2.25": {
              "lerp_mode": "catmullrom",
              "post": [0, 0, 0]
            }
          },
          "rotation": {
            "0.0": {
              "lerp_mode": "catmullrom",
              "post": [0, 0, 0]
            },
            "0.375": {
              "lerp_mode": "catmullrom",
              "post": [10, 0, 0]
            },
            "0.625": {
              "lerp_mode": "catmullrom",
              "post": [-7.5, 0, 0]
            },
            "1.5833": {
              "lerp_mode": "catmullrom",
              "post": [-7.5, 0, 0]
            },
            "2.25": {
              "lerp_mode": "catmullrom",
              "post": [0, 0, 0]
            }
          }
        },
        "eye_left": {
          "position": {
            "0.0": [0, 0, 0],
            "0.125": [0, 0, 0],
            "0.1667": [0, 0, 0.1],
            "0.5": [0, 0, 0.1],
            "0.5417": [0, 0, 0]
          }
        },
        "eye_right": {
          "position": {
            "0.0": [0, 0, 0],
            "0.125": [0, 0, 0],
            "0.1667": [0.1, 0, 0],
            "0.5": [0.1, 0, 0],
            "0.5417": [0, 0, 0]
          }
        },
        "eyelid_left": {
          "position": {
            "0.0": [0, 0, 0],
            "0.125": [0, 0, 0],
            "0.1667": [0, 0, -0.2],
            "0.5": [0, 0, -0.2],
            "0.5417": [0, 0, 0]
          }
        },
        "eyelid_right": {
          "position": {
            "0.0": [0, 0, 0],
            "0.125": [0, 0, 0],
            "0.1667": [-0.2, 0, 0],
            "0.5": [-0.2, 0, 0],
            "0.5417": [0, 0, 0]
          }
        },
        "head": {
          "rotation": {
            "0.0": {
              "lerp_mode": "catmullrom",
              "post": [0, 0, 0]
            },
            "0.4583": {
              "lerp_mode": "catmullrom",
              "post": [15, 0, 0]
            },
            "0.7083": {
              "lerp_mode": "catmullrom",
              "post": [-7.5, 0, 0]
            },
            "1.6667": {
              "lerp_mode": "catmullrom",
              "post": [-7.5, 0, 0]
            },
            "2.3333": {
              "lerp_mode": "catmullrom",
              "post": [0, 0, 0]
            }
          }
        },
        "mouth_open": {
          "position": {
            "0.0": [0, 0, 0],
            "0.5": [0, 0, 0],
            "0.5417": [0, -0.1, 0],
            "1.6667": [0, -0.1, 0],
            "1.7083": [0, 0, 0]
          }
        },
        "mouth_smile": {
          "position": {
            "0.0": [0, 0, 0],
            "0.5": [0, 0, 0],
            "0.5417": [0, 0.1, 0],
            "1.6667": [0, 0.1, 0],
            "1.7083": [0, 0, 0]
          }
        },
        "neck": {
          "rotation": {
            "0.0": {
              "lerp_mode": "catmullrom",
              "post": [0, 0, 0]
            },
            "0.4167": {
              "lerp_mode": "catmullrom",
              "post": [2.5, 0, 0]
            },
            "0.6667": {
              "lerp_mode": "catmullrom",
              "post": [-5, 0, 0]
            },
            "1.625": {
              "lerp_mode": "catmullrom",
              "post": [-5, 0, 0]
            },
            "2.2917": {
              "lerp_mode": "catmullrom",
              "post": [0, 0, 0]
            }
          }
        },
        "tail_left": {
          "rotation": {
            "0.0": {
              "lerp_mode": "catmullrom",
              "post": [0, 0, 0]
            },
            "0.4583": {
              "lerp_mode": "catmullrom",
              "post": [0, -10, 0]
            },
            "0.7083": {
              "lerp_mode": "catmullrom",
              "post": [0, 7.5, 0]
            },
            "1.6667": {
              "lerp_mode": "catmullrom",
              "post": [0, 7.5, 0]
            },
            "2.3333": {
              "lerp_mode": "catmullrom",
              "post": [0, 0, 0]
            },
            "3.0": {
              "lerp_mode": "catmullrom",
              "post": [0, 0, 0]
            }
          }
        },
        "tail_right": {
          "rotation": {
            "0.0": {
              "lerp_mode": "catmullrom",
              "post": [0, 0, 0]
            },
            "0.4583": {
              "lerp_mode": "catmullrom",
              "post": [0, 10, 0]
            },
            "0.7083": {
              "lerp_mode": "catmullrom",
              "post": [0, -7.5, 0]
            },
            "1.6667": {
              "lerp_mode": "catmullrom",
              "post": [0, -7.5, 0]
            },
            "2.3333": {
              "lerp_mode": "catmullrom",
              "post": [0, 0, 0]
            },
            "3.0": {
              "lerp_mode": "catmullrom",
              "post": [0, 0, 0]
            }
          }
        },
        "wing_left": {
          "rotation": {
            "0.0": {
              "lerp_mode": "catmullrom",
              "post": [0, 0, 0]
            },
            "0.4167": {
              "lerp_mode": "catmullrom",
              "post": [0, 0, -10]
            },
            "0.6667": {
              "lerp_mode": "catmullrom",
              "post": [0, 0, 10]
            },
            "1.625": {
              "lerp_mode": "catmullrom",
              "post": [0, 0, 10]
            },
            "2.2917": {
              "lerp_mode": "catmullrom",
              "post": [0, 0, 0]
            },
            "3.0": {
              "lerp_mode": "catmullrom",
              "post": [0, 0, 0]
            }
          }
        },
        "wing_right": {
          "rotation": {
            "0.0": {
              "lerp_mode": "catmullrom",
              "post": [0, 0, 0]
            },
            "0.4167": {
              "lerp_mode": "catmullrom",
              "post": [0, 0, 10]
            },
            "0.6667": {
              "lerp_mode": "catmullrom",
              "post": [0, 0, -10]
            },
            "1.625": {
              "lerp_mode": "catmullrom",
              "post": [0, 0, -10]
            },
            "2.2917": {
              "lerp_mode": "catmullrom",
              "post": [0, 0, 0]
            },
            "3.0": {
              "lerp_mode": "catmullrom",
              "post": [0, 0, 0]
            }
          }
        }
      },
      "sound_effects": {
        "0.5417": {
          "effect": "pokemon.latios.cry"
        }
      }
    },
    "animation.latios2.ground_idle": {
      "bones": {
        "arm_left_1": {
          "rotation": [-7.5, 20, -5]
        },
        "arm_left_2": {
          "rotation": ["6.3041+math.sin(query.anim_time*90*2.0+60)*2", -35.37106, 45.77414]
        },
        "arm_left_3": {
          "rotation": ["47.5-math.sin(query.anim_time*90*2.0+45)*2", 15, -45]
        },
        "arm_right_1": {
          "rotation": [-7.5, -20, 5]
        },
        "arm_right_2": {
          "rotation": ["6.3041+math.sin(query.anim_time*90*2.0+60)*2", 35.37106, -45.77414]
        },
        "arm_right_3": {
          "rotation": ["47.5-math.sin(query.anim_time*90*2.0+45)*2", -15, 45]
        },
        "body": {
          "position": ["0+math.sin(query.anim_time*90*2.0-90)*0.5", "10+math.sin(query.anim_time*90*2.0-0)*0.75", "0+math.sin(query.anim_time*90*2.0-135)*0.5"],
          "rotation": ["-30+math.sin(query.anim_time*90*2.0+90)*1", 0, "0+math.sin(query.anim_time*90*2.0-180)*0.5"]
        },
        "ear_left": {
          "rotation": [-15, 0, 5]
        },
        "ear_right": {
          "rotation": [-15, 0, -5]
        },
        "head": {
          "rotation": ["22.5+math.sin(query.anim_time*90*2.0-225)*1", 0, "0-math.sin(query.anim_time*90*2.0-350)*0.5"]
        },
        "neck": {
          "rotation": ["17.5+math.sin(query.anim_time*90*2.0-135)*0.5", 0, "-math.sin(query.anim_time*90*2.0-270)*0.5"]
        },
        "tail_left": {
          "rotation": ["0+math.sin(query.anim_time*90*2.0-135)*0.5", "15+math.sin(query.anim_time*90*2.0-180)*1", 0]
        },
        "tail_right": {
          "rotation": ["0+math.sin(query.anim_time*90*2.0-135)*0.5", "-15-math.sin(query.anim_time*90*2.0-180)*1", 0]
        },
        "undefined": {
          "rotation": [0, 0, -5]
        },
        "wing_left": {
          "rotation": [0, 0, "32.5+math.sin(query.anim_time*90*2.0-135)*1"]
        },
        "wing_right": {
          "rotation": [0, 0, "-32.5+math.sin(query.anim_time*90*2.0-135)*1"]
        }
      },
      "loop": true
    },
    "animation.latios2.ground_walk": {
      "bones": {
        "arm_left_1": {
          "rotation": [-7.5, 20, -5]
        },
        "arm_left_2": {
          "rotation": [-52.9487, "-31.6197-math.sin(query.anim_time*90*2.5-180)*2", 55.77178]
        },
        "arm_left_3": {
          "rotation": ["53.4307+math.sin(query.anim_time*90*2.5-180)*1", 34.41897, -13.91715]
        },
        "arm_right_1": {
          "rotation": [-7.5, -20, 5]
        },
        "arm_right_2": {
          "rotation": [-52.9487, "31.6197+math.sin(query.anim_time*90*2.5-180)*2", -55.77178]
        },
        "arm_right_3": {
          "rotation": ["53.4307-math.sin(query.anim_time*90*2.5-180)*1", -34.41897, 13.91715]
        },
        "body": {
          "position": ["math.sin(q.anim_time*90*2.5-90)*-0.9304", "11.0088+math.sin(q.anim_time*90*2.5-0)*-1", "-0.2582+math.sin(q.anim_time*90*2.5-135)*1"],
          "rotation": ["-5+math.sin(q.anim_time*90*2.5-60)*-2", 0, "math.sin(q.anim_time*90*2.5-90)*1"]
        },
        "ear_left": {
          "rotation": [-10, 0, 2]
        },
        "ear_right": {
          "rotation": [-10, 0, -2]
        },
        "head": {
          "rotation": ["12.5+math.sin(q.anim_time*90*2.5+90)*-3", 0, 0]
        },
        "neck": {
          "rotation": ["-2.5+math.sin(q.anim_time*90*2.5-30)*2", 0, "math.sin(q.anim_time*90*2.5-60)*-1"]
        },
        "tail_left": {
          "rotation": ["0+math.sin(query.anim_time*90*2.5*2-180)*0.5", "15+math.sin(query.anim_time*90*2.5-225)*1", 0]
        },
        "tail_right": {
          "rotation": ["0+math.sin(query.anim_time*90*2.5*2-180)*0.5", "-15-math.sin(query.anim_time*90*2.5-225)*1", 0]
        },
        "wing_left": {
          "rotation": [0, 0, "32.5+math.sin(query.anim_time*90*2.5-150)*2"]
        },
        "wing_right": {
          "rotation": [0, 0, "-32.5-math.sin(query.anim_time*90*2.5-150)*2"]
        }
      },
      "loop": true
    }
  },
  "format_version": "1.8.0"
}