{
  "format_version": "1.12.0",
  "minecraft:geometry": [
    {
      "bones": [
        {
          "name": "latios",
          "pivot": [0, 0, 0]
        }, {
          "cubes": [
            {
              "origin": [-6, 6.1, 12.53],
              "size": [12, 11, 4],
              "uv": [36, 46]
            }, {
              "origin": [-5.5, 5.6, -10.47],
              "size": [11, 12, 7],
              "uv": [0, 31]
            }, {
              "origin": [-7.5, 4.6, -4.47],
              "size": [15, 14, 17],
              "uv": [0, 0]
            }
          ],
          "name": "body",
          "parent": "latios",
          "pivot": [0, 11.6, -0.13667]
        }, {
          "cubes": [
            {
              "origin": [4.5, 8.6, -10],
              "size": [3, 4, 7],
              "uv": [30, 61]
            }
          ],
          "name": "arm_left_1",
          "parent": "body",
          "pivot": [6.5, 11.1, -7.5]
        }, {
          "cubes": [
            {
              "origin": [6, 9.6, -6.5],
              "size": [6, 2, 2],
              "uv": [64, 27]
            }
          ],
          "name": "arm_left_2",
          "parent": "arm_left_1",
          "pivot": [7.5, 10.6, -5.5]
        }, {
          "cubes": [
            {
              "inflate": 0.01,
              "origin": [11.5, 8, -15.25],
              "size": [3, 5, 12],
              "uv": [0, 50]
            }
          ],
          "name": "arm_left_3",
          "parent": "arm_left_2",
          "pivot": [11.445, 10.6, -5.55]
        }, {
          "cubes": [
            {
              "origin": [11.5, 12, -17.25],
              "size": [2, 0, 2],
              "uv": [78, 0]
            }
          ],
          "name": "arm_left_claw_top",
          "parent": "arm_left_3",
          "pivot": [13.5, 12, -15.25]
        }, {
          "cubes": [
            {
              "origin": [11.5, 9, -17.25],
              "size": [2, 0, 2],
              "uv": [78, 2]
            }
          ],
          "name": "arm_left_claw_bottom",
          "parent": "arm_left_3",
          "pivot": [13.5, 9, -15.25]
        }, {
          "cubes": [
            {
              "origin": [11.5, 10.5, -17.25],
              "size": [2, 0, 2],
              "uv": [78, 4]
            }
          ],
          "name": "arm_left_claw_middle",
          "parent": "arm_left_3",
          "pivot": [13.5, 10.5, -15.25]
        }, {
          "cubes": [
            {
              "origin": [-7.5, 8.6, -10],
              "size": [3, 4, 7],
              "uv": [68, 44]
            }
          ],
          "name": "arm_right_1",
          "parent": "body",
          "pivot": [-6.5, 11.1, -7.5]
        }, {
          "cubes": [
            {
              "origin": [-12, 9.6, -6.5],
              "size": [6, 2, 2],
              "uv": [47, 13]
            }
          ],
          "name": "arm_right_2",
          "parent": "arm_right_1",
          "pivot": [-7.5, 10.6, -5.5]
        }, {
          "cubes": [
            {
              "inflate": 0.01,
              "origin": [-14.5, 8, -15.25],
              "size": [3, 5, 12],
              "uv": [68, 27]
            }
          ],
          "name": "arm_right_3",
          "parent": "arm_right_2",
          "pivot": [-11.445, 10.6, -5.55]
        }, {
          "cubes": [
            {
              "origin": [-13.5, 12, -17.25],
              "size": [2, 0, 2],
              "uv": [78, 6]
            }
          ],
          "name": "arm_right_claw_top",
          "parent": "arm_right_3",
          "pivot": [-13.5, 12, -15.25]
        }, {
          "cubes": [
            {
              "origin": [-13.5, 9, -17.25],
              "size": [2, 0, 2],
              "uv": [78, 8]
            }
          ],
          "name": "arm_right_claw_bottom",
          "parent": "arm_right_3",
          "pivot": [-13.5, 9, -15.25]
        }, {
          "cubes": [
            {
              "origin": [-13.5, 10.5, -17.25],
              "size": [2, 0, 2],
              "uv": [78, 10]
            }
          ],
          "name": "arm_right_claw_middle",
          "parent": "arm_right_3",
          "pivot": [-13.5, 10.5, -15.25]
        }, {
          "cubes": [
            {
              "origin": [7.5, 14.6, -7.47],
              "size": [0, 31, 20],
              "uv": [1, 76]
            }
          ],
          "name": "wing_left",
          "parent": "body",
          "pivot": [7.5, 18.6, -0.97]
        }, {
          "cubes": [
            {
              "origin": [-7.5, 14.6, -7.47],
              "size": [0, 31, 20],
              "uv": [42, 76]
            }
          ],
          "name": "wing_right",
          "parent": "body",
          "pivot": [-7.5, 18.6, -0.97]
        }, {
          "cubes": [
            {
              "origin": [5, 2, 9.53],
              "size": [0, 19, 18],
              "uv": [91, 90]
            }
          ],
          "name": "tail_left",
          "parent": "body",
          "pivot": [5, 10.5, 12.53]
        }, {
          "cubes": [
            {
              "origin": [-5, 2.1, 9.53],
              "size": [0, 19, 18],
              "uv": [91, 70]
            }
          ],
          "name": "tail_right",
          "parent": "body",
          "pivot": [-5, 10.6, 12.53]
        }, {
          "cubes": [
            {
              "origin": [-3, 9.9, -28.47],
              "size": [6, 7, 20],
              "uv": [64, 0]
            }
          ],
          "name": "neck",
          "parent": "body",
          "pivot": [0, 13.1, -10.47]
        }, {
          "cubes": [
            {
              "inflate": -0.01,
              "origin": [-4.5, 9.4, -33.47],
              "size": [9, 8, 7],
              "uv": [36, 31]
            }
          ],
          "name": "head",
          "parent": "neck",
          "pivot": [0, 13.4, -26.47]
        }, {
          "cubes": [
            {
              "origin": [4.5, 10.3, -31.47],
              "size": [0, 12, 4],
              "uv": [10, 79]
            }
          ],
          "name": "ear_left",
          "parent": "head",
          "pivot": [4.5, 11.3, -31.47]
        }, {
          "cubes": [
            {
              "origin": [-4.5, 10.3, -31.47],
              "size": [0, 12, 4],
              "uv": [1, 79]
            }
          ],
          "name": "ear_right",
          "parent": "head",
          "pivot": [-4.5, 11.3, -31.47]
        }, {
          "cubes": [
            {
              "inflate": 0.13,
              "origin": [-0.3, 9.55, -37],
              "size": [6, 7, 6],
              "uv": [47, 0]
            }, {
              "origin": [-0.451, 9.4, -36.8],
              "size": [0, 2, 6],
              "uv": [0, -4]
            }, {
              "origin": [-0.15, 9.4, -37.16],
              "size": [6, 2, 0],
              "uv": [0, 0]
            }
          ],
          "name": "face",
          "parent": "head",
          "pivot": [0.7, 15.4, -37],
          "rotation": [0, -45, 0]
        }, {
          "cubes": [
            {
              "inflate": 0.001,
              "origin": [7.4, 11.9, -33.27],
              "pivot": [2.4, 14.9, -32.2],
              "rotation": [0, 45, 0],
              "size": [1, 2, 2],
              "uv": [0, 8]
            }, {
              "origin": [3.85, 11.9, -37.155],
              "size": [2, 2, 0],
              "uv": [6, 6]
            }
          ],
          "name": "eye_left",
          "parent": "face",
          "pivot": [3.6, 13.1, -37.265]
        }, {
          "cubes": [
            {
              "origin": [2.35, 11.9, -37.16],
              "size": [3, 2, 0],
              "uv": [0, 6]
            }
          ],
          "name": "pupil_left",
          "parent": "eye_left",
          "pivot": [3.6, 13.1, -37.2675]
        }, {
          "cubes": [
            {
              "origin": [3.15, 12.7, -37.17],
              "size": [1, 1, 0],
              "uv": [12, 4]
            }, {
              "origin": [3.35, 11.9, -37.165],
              "size": [1, 2, 0],
              "uv": [14, 3]
            }
          ],
          "name": "iris_left",
          "parent": "pupil_left",
          "pivot": [2.3, 13.9, -36.3]
        }, {
          "cubes": [
            {
              "inflate": 0.001,
              "mirror": true,
              "origin": [7.4, 11.9, -33.17],
              "pivot": [2.4, 14.9, -32.1],
              "rotation": [0, 45, 0],
              "size": [1, 2, 2],
              "uv": [99, 3]
            }, {
              "mirror": true,
              "origin": [2.85, 11.9, -37.055],
              "size": [3, 2, 0],
              "uv": [104, 16]
            }
          ],
          "name": "eyelid_left",
          "parent": "eye_left",
          "pivot": [3.6, 13.1, -37.165]
        }, {
          "cubes": [
            {
              "origin": [-0.435, 11.9, -32.85],
              "size": [0, 2, 2],
              "uv": [6, 2]
            }, {
              "inflate": 0.001,
              "origin": [-1.47, 11.9, -35.358],
              "pivot": [4.5, 14.9, -34.3],
              "rotation": [0, 45, 0],
              "size": [1, 2, 2],
              "uv": [0, 12]
            }
          ],
          "name": "eye_right",
          "parent": "face",
          "pivot": [0.07806, 12.9, -31.16157]
        }, {
          "cubes": [
            {
              "origin": [-0.44, 11.9, -34.3],
              "size": [0, 2, 3],
              "uv": [0, 1]
            }
          ],
          "name": "pupil_right",
          "parent": "eye_right",
          "pivot": [-0.5575, 13.1, -33.05]
        }, {
          "cubes": [
            {
              "origin": [-0.445, 11.9, -33.3],
              "size": [0, 2, 1],
              "uv": [12, 1]
            }, {
              "origin": [-0.45, 12.7, -33.5],
              "size": [0, 1, 1],
              "uv": [14, 1]
            }
          ],
          "name": "iris_right",
          "parent": "pupil_right",
          "pivot": [-0.5575, 13.1, -33.05]
        }, {
          "cubes": [
            {
              "inflate": 0.001,
              "origin": [-1.37, 11.9, -35.358],
              "pivot": [4.6, 14.9, -34.3],
              "rotation": [0, 45, 0],
              "size": [1, 2, 2],
              "uv": [99, 3]
            }, {
              "origin": [-0.335, 11.9, -33.85],
              "size": [0, 2, 3],
              "uv": [104, 13]
            }
          ],
          "name": "eyelid_right",
          "parent": "eye_right",
          "pivot": [0.17806, 12.9, -31.41157]
        }, {
          "name": "mouths",
          "parent": "face",
          "pivot": [-24.8, 3.4, -11.1],
          "rotation": [0, -45, 0]
        }, {
          "cubes": [
            {
              "origin": [-23.44645, 9.38, -47.70503],
              "size": [2, 0, 2],
              "uv": [10, 0]
            }
          ],
          "name": "mouth_smile",
          "parent": "mouths",
          "pivot": [-22.44645, 9.38, -46.70503],
          "rotation": [0, -45, 0]
        }, {
          "cubes": [
            {
              "origin": [-23.23934, 9.48, -48.20503],
              "size": [3, 0, 3],
              "uv": [101, 7]
            }
          ],
          "name": "mouth_open",
          "parent": "mouths",
          "pivot": [-21.73934, 9.18, -46.70503],
          "rotation": [0, -45, 0]
        }, {
          "locators": {
            "seat_1": [0, 18, 2.5]
          },
          "name": "locator_seat_1",
          "parent": "body",
          "pivot": [0, 18, 2.5]
        }
      ],
      "description": {
        "identifier": "geometry.latios",
        "texture_height": 128,
        "texture_width": 128,
        "visible_bounds_height": 4.5,
        "visible_bounds_offset": [0, 1.75, 0],
        "visible_bounds_width": 5
      }
    }
  ]
}