{
	"format_version": "1.8.0",
	"animations": {
		"animation.mega_latias.pose": {
			"loop": true,
			"bones": {
				"body": {
					"rotation": [-7.52832, -4.95712, 0.65426],
					"position": [0, 19, -11]
				},
				"neck": {
					"rotation": [-9.89557, -7.32123, -1.63219]
				},
				"head": {
					"rotation": [23.5322, -11.30302, -14.11372]
				},
				"iris_left": {
					"position": [0.2, 0, 0]
				},
				"pupil_left": {
					"position": [0.2, 0, 0]
				},
				"tail_left": {
					"rotation": [5, 0, -45]
				},
				"arm_left_1": {
					"rotation": [0, 10, 0]
				},
				"arm_left_2": {
					"rotation": [92.53852, 9.99038, 0.44067]
				},
				"arm_left_3": {
					"rotation": [5.07673, -9.96156, 14.11955]
				},
				"wing_left": {
					"rotation": [0, 0, 5]
				},
				"tail_right": {
					"rotation": [5, 0, 45]
				},
				"arm_right_1": {
					"rotation": [0, -10, 0]
				},
				"arm_right_2": {
					"rotation": [92.53852, -9.99038, -0.44067]
				},
				"arm_right_3": {
					"rotation": [5.07673, 9.96156, -14.11955]
				},
				"wing_right": {
					"rotation": [0, 0, -5]
				},
				"pupil_right": {
					"position": [0.2, 0, 0]
				},
				"iris_right": {
					"position": [0.2, 0, 0]
				},
				"finger_left_top": {
					"rotation": [-15, 0, 0]
				},
				"finger_left_back": {
					"rotation": [15, 0, 0]
				},
				"finger_right_top": {
					"rotation": [-15, 0, 0]
				},
				"finger_right_back": {
					"rotation": [15, 0, 0]
				},
				"ear_right": {
					"rotation": [-35, 0, 0]
				},
				"ear_left": {
					"rotation": [-35, 0, 0]
				},
				"mouthpice_left_4": {
					"rotation": [0, 0, 0]
				}
			}
		},
		"animation.mega_latias.ground_idle": {
			"loop": true,
			"bones": {
				"body": {
					"rotation": ["-7-math.sin(query.anim_time*90*2-45)*1", "0-math.sin(query.anim_time*90*2/2-90)*0.5", 0],
					"position": ["0+math.sin(query.anim_time*90*2/2-0)*1.5", "19+math.sin(query.anim_time*90*2-0)*1", 0]
				},
				"neck": {
					"rotation": ["-5-math.sin(query.anim_time*90*2-135)*1", "0+math.sin(query.anim_time*90*2/2-135)*0.25", 0]
				},
				"head": {
					"rotation": ["17.5-math.sin(query.anim_time*90*2-180)*1", "0+math.sin(query.anim_time*90*2/2-180)*0.5", 0]
				},
				"tail_left": {
					"rotation": [0, 0, -45]
				},
				"arm_left_1": {
					"rotation": [0, "10-math.sin(query.anim_time*90*2-90)*1", 0]
				},
				"arm_left_2": {
					"rotation": [90, "10-math.sin(query.anim_time*90*2-90)*2", 5]
				},
				"arm_left_3": {
					"rotation": [
						"4.212+math.sin(query.anim_time*90*2-225)*1",
						"-9.4131+math.sin(query.anim_time*90*2-135)*1",
						"14.8718-math.sin(query.anim_time*90*2-90)*4"
					]
				},
				"wing_left": {
					"rotation": [0, 0, 5]
				},
				"tail_right": {
					"rotation": [0, 0, 45]
				},
				"arm_right_1": {
					"rotation": [0, "-10+math.sin(query.anim_time*90*2-90)*1", 0]
				},
				"arm_right_2": {
					"rotation": [90, "-10+math.sin(query.anim_time*90*2-90)*2", -5]
				},
				"arm_right_3": {
					"rotation": [
						"4.212+math.sin(query.anim_time*90*2-225)*1",
						"9.4131-math.sin(query.anim_time*90*2-135)*1",
						"-14.8718+math.sin(query.anim_time*90*2-90)*4"
					]
				},
				"wing_right": {
					"rotation": [0, 0, -5]
				},
				"ear_right": {
					"rotation": [-30, 0, 0]
				},
				"ear_left": {
					"rotation": [-30, 0, 0]
				},
				"finger_left_top": {
					"rotation": [-2.5, 0, 0]
				},
				"finger_left_back": {
					"rotation": [2.5, 0, 0]
				},
				"finger_right_top": {
					"rotation": [-2.5, 0, 0]
				},
				"finger_right_back": {
					"rotation": [2.5, 0, 0]
				}
			}
		},
		"animation.mega_latias.battle_idle": {
			"loop": true,
			"bones": {
				"body": {
					"rotation": ["-22-math.sin(query.anim_time*90*3-45)*1", "-math.sin(query.anim_time*90*3/2-90)*0.5", 0],
					"position": ["0.0501+math.sin(query.anim_time*90*3/2-0)*1.5", "19.9796+math.sin(query.anim_time*90*3-0)*1", "0+math.sin(query.anim_time*90*3/2-0)*1"]
				},
				"neck": {
					"rotation": ["2.5-math.sin(query.anim_time*90*3-90)*1", "math.sin(query.anim_time*90*3/2-135)*0.25", 0]
				},
				"head": {
					"rotation": ["27.5-math.sin(query.anim_time*90*3-315)*2", "math.sin(query.anim_time*90*3/2-180)*0.5", 0]
				},
				"tail_left": {
					"rotation": [5, 0, -45]
				},
				"arm_left_1": {
					"rotation": [0, "10-math.sin(query.anim_time*90*3/2-90)*1", 0]
				},
				"arm_left_2": {
					"rotation": [97.05102, "25.4516-math.sin(query.anim_time*90*3/2-90)*2", 2.12877]
				},
				"arm_left_3": {
					"rotation": [
						"4.6765+math.sin(query.anim_time*90*3-180)*1",
						"-13.6865+math.sin(query.anim_time*90*3-135)*1",
						"23.9422-math.sin(query.anim_time*90*3/2-90)*4"
					]
				},
				"wing_left": {
					"rotation": [0, 0, 5]
				},
				"tail_right": {
					"rotation": [5, 0, 45]
				},
				"arm_right_1": {
					"rotation": [0, "-10+math.sin(query.anim_time*90*3/2-90)*1", 0]
				},
				"arm_right_2": {
					"rotation": [97.05102, "-25.4516+math.sin(query.anim_time*90*3/2-90)*2", -2.12877]
				},
				"arm_right_3": {
					"rotation": [
						"4.6765+math.sin(query.anim_time*90*3-180)*1",
						"13.6865-math.sin(query.anim_time*90*3-135)*1",
						"-23.9422+math.sin(query.anim_time*90*3/2-90)*4"
					]
				},
				"wing_right": {
					"rotation": [0, 0, -5]
				},
				"ear_right": {
					"rotation": [-30, 0, 0]
				},
				"ear_left": {
					"rotation": [-30, 0, 0]
				},
				"finger_left_top": {
					"rotation": [-2.5, 0, 0]
				},
				"finger_left_back": {
					"rotation": [2.5, 0, 0]
				},
				"finger_right_top": {
					"rotation": [-2.5, 0, 0]
				},
				"finger_right_back": {
					"rotation": [2.5, 0, 0]
				}
			}
		},
		"animation.mega_latias.ground_walk": {
			"loop": true,
			"bones": {
				"body": {
					"rotation": ["-5+math.sin(q.anim_time*90*1.5-60)*-2", 0, "math.sin(q.anim_time*90*1.5-90)*1"],
					"position": ["-0.0348+math.sin(q.anim_time*90*1.5-90)*-1", "16.998+math.sin(q.anim_time*90*1.5-0)*-1", "0.0838+math.sin(q.anim_time*90*1.5-135)*1"]
				},
				"neck": {
					"rotation": ["-7.5+math.sin(q.anim_time*90*1.5-30)*2", 0, "0+math.sin(q.anim_time*90*1.5-60)*-1"]
				},
				"head": {
					"rotation": ["20+math.sin(q.anim_time*90*1.5+90)*-3", 0, 0]
				},
				"tail_left": {
					"rotation": ["7.5+math.sin(q.anim_time*90*1.5*12-120)*0.1", 0, "-45-math.sin(q.anim_time*90*1.5-90)*2"]
				},
				"arm_left_1": {
					"rotation": [5, 10, 0]
				},
				"arm_left_2": {
					"rotation": [90.6362, 42.4865, 0.59391]
				},
				"arm_left_3": {
					"rotation": ["-0.5216+math.sin(q.anim_time*90*1.5-90)*2+math.sin(q.anim_time*90*1.5*12-90)*0.2", 0.2293, "47.5023-math.sin(q.anim_time*90*1.5-135)*0.5"]
				},
				"wing_left": {
					"rotation": [0, 0, 5]
				},
				"tail_right": {
					"rotation": ["7.5+math.sin(q.anim_time*90*1.5*12-120)*0.1", 0, "45-math.sin(q.anim_time*90*1.5-90)*2"]
				},
				"arm_right_1": {
					"rotation": [5, -10, 0]
				},
				"arm_right_2": {
					"rotation": [90.6362, -42.4865, -0.59391]
				},
				"arm_right_3": {
					"rotation": ["-0.5216+math.sin(q.anim_time*90*1.5-90)*2+math.sin(q.anim_time*90*1.5*12-90)*0.2", -0.2293, "-47.5023+math.sin(q.anim_time*90*1.5-135)*0.5"]
				},
				"wing_right": {
					"rotation": [0, 0, -5]
				},
				"ear_right": {
					"rotation": [-30, 0, 0]
				},
				"ear_left": {
					"rotation": [-30, 0, 0]
				},
				"finger_left_top": {
					"rotation": [-2.5, 0, 0]
				},
				"finger_left_back": {
					"rotation": [2.5, 0, 0]
				},
				"finger_right_top": {
					"rotation": [-2.5, 0, 0]
				},
				"finger_right_back": {
					"rotation": [2.5, 0, 0]
				}
			}
		},
		"animation.mega_latias.blink": {
			"animation_length": 0.1667,
			"bones": {
				"eye_left": {
					"position": {
						"0.0": [0, 0, 0.1],
						"0.125": [0, 0, 0.1],
						"0.1667": [0, 0, 0]
					}
				},
				"eye_right": {
					"position": {
						"0.0": [0.1, 0, 0],
						"0.125": [0.1, 0, 0],
						"0.1667": [0, 0, 0]
					}
				},
				"eyelid_left": {
					"position": {
						"0.0": [0, 0, -0.2],
						"0.125": [0, 0, -0.2],
						"0.1667": [0, 0, 0]
					}
				},
				"eyelid_right": {
					"position": {
						"0.0": [0, 0, -0.2],
						"0.125": [0, 0, -0.2],
						"0.1667": [0, 0, 0]
					}
				}
			}
		},
		"animation.mega_latias.cry": {
			"animation_length": 2.875,
			"bones": {
				"body": {
					"rotation": {
						"0.0": {
							"post": [0, 0, 0],
							"lerp_mode": "catmullrom"
						},
						"0.375": {
							"post": [7.5, 0, 0],
							"lerp_mode": "catmullrom"
						},
						"0.5417": {
							"post": [-2.5, 0, 0],
							"lerp_mode": "catmullrom"
						},
						"1.2917": {
							"post": [-2.5, 0, 0],
							"lerp_mode": "catmullrom"
						},
						"1.6667": {
							"post": [6.88, 0, 0],
							"lerp_mode": "catmullrom"
						},
						"2.2917": {
							"post": [0, 0, 0],
							"lerp_mode": "catmullrom"
						}
					}
				},
				"arm_left_2": {
					"rotation": {
						"0.0": {
							"post": [0, 0, 0],
							"lerp_mode": "catmullrom"
						},
						"0.375": {
							"post": [0, 0, 7.5],
							"lerp_mode": "catmullrom"
						},
						"0.5417": {
							"post": [-2.12745, -0.23302, -5.17691],
							"lerp_mode": "catmullrom"
						},
						"1.4167": {
							"post": [-2.12745, -0.23302, -5.17691],
							"lerp_mode": "catmullrom"
						},
						"1.9167": {
							"post": [0, 0, 0],
							"lerp_mode": "catmullrom"
						},
						"2.5417": {
							"post": [0, 0, 0],
							"lerp_mode": "catmullrom"
						}
					}
				},
				"arm_left_3": {
					"rotation": {
						"0.0": {
							"post": [0, 0, 0],
							"lerp_mode": "catmullrom"
						},
						"0.4583": {
							"post": [-10, 0, 0],
							"lerp_mode": "catmullrom"
						},
						"0.625": {
							"post": [-13.16022, -4.30349, -3.6077],
							"lerp_mode": "catmullrom"
						},
						"1.5": {
							"post": [-13.16022, -4.30349, -3.6077],
							"lerp_mode": "catmullrom"
						},
						"2.0": {
							"post": [-9.92876, 9.9499, -1.00355],
							"lerp_mode": "catmullrom"
						},
						"2.625": {
							"post": [0, 0, 0],
							"lerp_mode": "catmullrom"
						}
					}
				},
				"arm_right_2": {
					"rotation": {
						"0.0": {
							"post": [0, 0, 0],
							"lerp_mode": "catmullrom"
						},
						"0.375": {
							"post": [0, 0, -7.5],
							"lerp_mode": "catmullrom"
						},
						"0.5417": {
							"post": [-2.12745, 0.23302, 5.17691],
							"lerp_mode": "catmullrom"
						},
						"1.4167": {
							"post": [-2.12745, 0.23302, 5.17691],
							"lerp_mode": "catmullrom"
						},
						"1.9167": {
							"post": [0, 0, 0],
							"lerp_mode": "catmullrom"
						},
						"2.5417": {
							"post": [0, 0, 0],
							"lerp_mode": "catmullrom"
						}
					}
				},
				"arm_right_3": {
					"rotation": {
						"0.0": {
							"post": [0, 0, 0],
							"lerp_mode": "catmullrom"
						},
						"0.4583": {
							"post": [-10, 0, 0],
							"lerp_mode": "catmullrom"
						},
						"0.625": {
							"post": [-13.16022, 4.30349, 3.6077],
							"lerp_mode": "catmullrom"
						},
						"1.5": {
							"post": [-13.16022, 4.30349, 3.6077],
							"lerp_mode": "catmullrom"
						},
						"2.0": {
							"post": [-9.92876, -9.9499, 1.00355],
							"lerp_mode": "catmullrom"
						},
						"2.625": {
							"post": [0, 0, 0],
							"lerp_mode": "catmullrom"
						}
					}
				},
				"neck": {
					"rotation": {
						"0.0": {
							"post": [0, 0, 0],
							"lerp_mode": "catmullrom"
						},
						"0.4583": {
							"post": [7.5, 0, 0],
							"lerp_mode": "catmullrom"
						},
						"0.625": {
							"post": [-5, 0, 0],
							"lerp_mode": "catmullrom"
						},
						"1.375": {
							"post": [-5, 0, 0],
							"lerp_mode": "catmullrom"
						},
						"1.75": {
							"post": [-4.55, 0, 0],
							"lerp_mode": "catmullrom"
						},
						"2.375": {
							"post": [0, 0, 0],
							"lerp_mode": "catmullrom"
						}
					}
				},
				"head": {
					"rotation": {
						"0.0": {
							"post": [0, 0, 0],
							"lerp_mode": "catmullrom"
						},
						"0.5417": {
							"post": [5, 0, 0],
							"lerp_mode": "catmullrom"
						},
						"0.7083": {
							"post": [-7.5, 0, 0],
							"lerp_mode": "catmullrom"
						},
						"1.4583": {
							"post": [-7.5, 0, 0],
							"lerp_mode": "catmullrom"
						},
						"1.8333": {
							"post": [-4.34, 0, 0],
							"lerp_mode": "catmullrom"
						},
						"2.4583": {
							"post": [0, 0, 0],
							"lerp_mode": "catmullrom"
						}
					}
				},
				"eye_left": {
					"position": {
						"0.0": [0, 0, 0],
						"0.0833": [0, 0, 0],
						"0.125": [0, 0, 0.1],
						"0.5833": [0, 0, 0.1],
						"0.625": [0, 0, 0],
						"2.875": [0, 0, 0]
					}
				},
				"mouth_closed": {
					"position": {
						"0.0": [0, 0, 0],
						"0.5417": [0, 0, 0],
						"0.5833": [0, 0.1, 0],
						"1.375": [0, 0.1, 0],
						"1.4167": [0, 0, 0]
					}
				},
				"eye_right": {
					"position": {
						"0.0": [0, 0, 0],
						"0.0833": [0, 0, 0],
						"0.125": [0.1, 0, 0],
						"0.5833": [0.1, 0, 0],
						"0.625": [0, 0, 0],
						"2.875": [0, 0, 0]
					}
				},
				"eyelid_left": {
					"position": {
						"0.0": [0, 0, 0],
						"0.0833": [0, 0, 0],
						"0.125": [0, 0, -0.2],
						"0.5833": [0, 0, -0.2],
						"0.625": [0, 0, 0],
						"2.875": [0, 0, 0]
					}
				},
				"eyelid_right": {
					"position": {
						"0.0": [0, 0, 0],
						"0.0833": [0, 0, 0],
						"0.125": [0, 0, -0.2],
						"0.5833": [0, 0, -0.2],
						"0.625": [0, 0, 0],
						"2.875": [0, 0, 0]
					}
				},
				"mouth_open": {
					"position": {
						"0.0": [0, 0, 0],
						"0.5417": [0, 0, 0],
						"0.5833": [0, -0.1, 0],
						"1.375": [0, -0.1, 0],
						"1.4167": [0, 0, 0]
					}
				}
			},
			"sound_effects": {
				"0.625": {
					"effect": "pokemon.mega_latias.cry"
				}
			}
		},
		"animation.mega_latias.air_sprint": {
			"loop": true,
			"bones": {
				"body": {
					"rotation": ["-5+math.sin(q.anim_time*90*1.5-60)*-2", 0, "math.sin(q.anim_time*90*1.5-90)*1"],
					"position": ["-0.0348+math.sin(q.anim_time*90*1.5-90)*-1", "16.998+math.sin(q.anim_time*90*1.5-0)*-1", "0.0838+math.sin(q.anim_time*90*1.5-135)*1"]
				},
				"neck": {
					"rotation": ["-7.5+math.sin(q.anim_time*90*1.5-30)*2", 0, "0+math.sin(q.anim_time*90*1.5-60)*-1"]
				},
				"head": {
					"rotation": ["20+math.sin(q.anim_time*90*1.5+90)*-3", 0, 0]
				},
				"tail_left": {
					"rotation": ["7.5+math.sin(q.anim_time*90*1.5*12-120)*0.1", 0, "-45-math.sin(q.anim_time*90*1.5-90)*2"]
				},
				"arm_left_1": {
					"rotation": [5, 10, 0]
				},
				"arm_left_2": {
					"rotation": [90.47569, -9.51142, 0.08559],
					"position": [-6.9, 0, 0]
				},
				"wing_left": {
					"rotation": [0, 0, 5]
				},
				"tail_right": {
					"rotation": ["7.5+math.sin(q.anim_time*90*1.5*12-120)*0.1", 0, "45-math.sin(q.anim_time*90*1.5-90)*2"]
				},
				"arm_right_1": {
					"rotation": [5, -10, 0]
				},
				"arm_right_2": {
					"rotation": [90.47569, 9.51142, -0.08559],
					"position": [6.9, 0, 0]
				},
				"wing_right": {
					"rotation": [0, 0, -5]
				},
				"ear_right": {
					"rotation": [-30, 0, 0]
				},
				"ear_left": {
					"rotation": [-30, 0, 0]
				},
				"finger_left_top": {
					"rotation": [-2.5, 0, 0]
				},
				"finger_left_back": {
					"rotation": [2.5, 0, 0]
				},
				"finger_right_top": {
					"rotation": [-2.5, 0, 0]
				},
				"finger_right_back": {
					"rotation": [2.5, 0, 0]
				}
			}
		}
	}
}