{
  "format_version": "1.12.0",
  "minecraft:geometry": [
    {
      "bones": [
        {
          "name": "yamask",
          "pivot": [0, 0, 0]
        }, {
          "name": "body",
          "parent": "yamask",
          "pivot": [0, 0, 0]
        }, {
          "cubes": [
            {
              "origin": [-1.495, 10, -3],
              "pivot": [1, 11, 1],
              "rotation": [-5, 0, 0],
              "size": [3, 2, 6],
              "uv": [0, 12]
            }
          ],
          "name": "torso",
          "parent": "body",
          "pivot": [0.005, 11.08716, 0.00381]
        }, {
          "cubes": [
            {
              "origin": [-1.5, 11, -4],
              "size": [3, 5, 6],
              "uv": [0, 0]
            }
          ],
          "name": "head",
          "parent": "torso",
          "pivot": [0, 13.5, -1]
        }, {
          "name": "eyes",
          "parent": "head",
          "pivot": [0, 0, 0]
        }, {
          "cubes": [
            {
              "origin": [-1.51, 12, -2.25],
              "size": [0, 3, 3],
              "uv": [32, 14]
            },
            {
              "origin": [-1.52, 11.5, -0.5],
              "size": [0, 2, 2],
              "uv": [0, 0]
            },
            {
              "origin": [-1.53, 11, 0.75],
              "size": [0, 1, 1],
              "uv": [13, 12]
            },
            {
              "origin": [-1.52, 13, -1.75],
              "size": [0, 1, 1],
              "uv": [13, 0]
            }
          ],
          "name": "eye_right",
          "parent": "eyes",
          "pivot": [-1.52, 12.75, -0.0625],
          "rotation": [-5, 0, 0]
        }, {
          "name": "eyelid_right",
          "parent": "eye_right",
          "pivot": [-0.5, 6, -2.25]
        }, {
          "cubes": [
            {
              "origin": [1.51, 12, -2.25],
              "size": [0, 3, 3],
              "uv": [32, 21]
            },
            {
              "origin": [1.52, 11.5, -0.5],
              "size": [0, 2, 2],
              "uv": [0, 12]
            },
            {
              "origin": [1.53, 11, 0.75],
              "size": [0, 1, 1],
              "uv": [13, 15]
            },
            {
              "origin": [1.52, 13, -1.75],
              "size": [0, 1, 1],
              "uv": [0, 21]
            }
          ],
          "name": "eye_left",
          "parent": "eyes",
          "pivot": [1.52, 12.75, -0.0625],
          "rotation": [-5, 0, 0]
        }, {
          "name": "eyelid_left",
          "parent": "eye_left",
          "pivot": [0.5, 6, -2.25]
        }, {
          "cubes": [
            {
              "origin": [-1, 16, -1.5],
              "size": [2, 2, 3],
              "uv": [27, 31]
            },
            {
              "origin": [0, 17.25, -2.5],
              "size": [0, 2, 3],
              "uv": [18, 32]
            }
          ],
          "name": "hair",
          "parent": "head",
          "pivot": [0, 15.875, 0.25]
        }, {
          "cubes": [
            {
              "origin": [-3, 10, -1.25],
              "size": [3, 1, 2],
              "uv": [30, 8]
            },
            {
              "origin": [-5, 10, -1.25],
              "size": [2, 1, 2],
              "uv": [19, 5]
            }
          ],
          "name": "arm_right",
          "parent": "torso",
          "pivot": [-0.75, 10.5, -0.25]
        }, {
          "cubes": [
            {
              "origin": [-9, 10, -1.75],
              "size": [4, 1, 3],
              "uv": [0, 21]
            },
            {
              "origin": [-9, 10.25, -1.85],
              "size": [2, 2, 1],
              "uv": [7, 38]
            },
            {
              "origin": [-9.25, 10.25, -0.75],
              "size": [2, 2, 1],
              "uv": [37, 0]
            },
            {
              "origin": [-9, 10.25, 0.35],
              "size": [2, 2, 1],
              "uv": [36, 12]
            }
          ],
          "name": "arm_right2",
          "parent": "arm_right",
          "pivot": [-5.3125, 10.5625, -0.25]
        }, {
          "cubes": [
            {
              "origin": [0, 10, -1.25],
              "size": [3, 1, 2],
              "uv": [0, 32]
            },
            {
              "origin": [3, 10, -1.25],
              "size": [2, 1, 2],
              "uv": [9, 34]
            }
          ],
          "name": "arm_left",
          "parent": "torso",
          "pivot": [0.75, 10.5, -0.25]
        }, {
          "cubes": [
            {
              "origin": [5, 10, -1.75],
              "size": [4, 1, 3],
              "uv": [12, 23]
            },
            {
              "origin": [7, 10.25, -1.85],
              "size": [2, 2, 1],
              "uv": [39, 16]
            },
            {
              "origin": [7.25, 10.25, -0.75],
              "size": [2, 2, 1],
              "uv": [38, 20]
            },
            {
              "origin": [7, 10.25, 0.35],
              "size": [2, 2, 1],
              "uv": [14, 38]
            }
          ],
          "name": "arm_left2",
          "parent": "arm_left",
          "pivot": [5.3125, 10.5625, -0.25]
        }, {
          "cubes": [
            {
              "origin": [-0.5, 8, -1],
              "size": [1, 3, 2],
              "uv": [25, 37]
            }
          ],
          "name": "tail",
          "parent": "torso",
          "pivot": [0, 10.5, 0]
        }, {
          "cubes": [
            {
              "origin": [-0.5, 5, -1],
              "size": [1, 3, 2],
              "uv": [36, 35]
            }
          ],
          "name": "tail2",
          "parent": "tail",
          "pivot": [0, 8, 0]
        }, {
          "cubes": [
            {
              "origin": [-0.5, 2, -1],
              "size": [1, 3, 2],
              "uv": [35, 28]
            }
          ],
          "name": "tail3",
          "parent": "tail2",
          "pivot": [0, 5, 0]
        }, {
          "cubes": [
            {
              "origin": [-3.97244, 3.06467, -1.49],
              "pivot": [-2.55398, 3.86012, 0],
              "rotation": [0, 0, -132],
              "size": [2, 2, 3],
              "uv": [11, 28]
            }, {
              "origin": [1.62838, 3.557, -1.49],
              "pivot": [2.42091, 4.13998, 0],
              "rotation": [0, 0, -38],
              "size": [2, 2, 3],
              "uv": [24, 25]
            }, {
              "origin": [1.86437, 3.24453, -1.49],
              "pivot": [2.44591, 4.03998, 0],
              "rotation": [0, 0, 97],
              "size": [2, 2, 3],
              "uv": [0, 26]
            }, {
              "origin": [-3.76145, 3.27715, -1.49],
              "pivot": [-2.55398, 3.86012, 0],
              "rotation": [0, 0, 10.5],
              "size": [2, 2, 3],
              "uv": [29, 2]
            }, {
              "origin": [-2.5, 2, -1.5],
              "size": [5, 4, 3],
              "uv": [16, 9]
            },
            {
              "origin": [-3.5, 5, -1.49],
              "size": [6, 1, 3],
              "uv": [16, 18]
            },
            {
              "origin": [-2.5, 2, -1.49],
              "size": [6, 1, 3],
              "uv": [13, 0]
            }
          ],
          "name": "block",
          "parent": "tail3",
          "pivot": [-0.02605, 3.98804, 0.00857]
        }, {
          "cubes": [
            {
              "origin": [-0.5, -0.15515, -1.67952],
              "pivot": [0, 1.34485, -0.67952],
              "rotation": [-35, 0, 0],
              "size": [1, 3, 2],
              "uv": [0, 36]
            }
          ],
          "name": "tail4",
          "parent": "tail3",
          "pivot": [0, 2.59485, 0.07048]
        }
      ],
      "description": {
        "identifier": "geometry.yamask_galarian",
        "texture_height": 64,
        "texture_width": 64,
        "visible_bounds_height": 2.5,
        "visible_bounds_offset": [0, 0.75, 0],
        "visible_bounds_width": 3
      }
    }
  ]
}