{
  "animations": {
    "animation.azelf.ground_idle": {
      "bones": {
        "body": {
          "position": [0, "3-math.sin(q.anim_time*90*1)*0.5", 0],
          "rotation": ["-17.5+math.sin(q.anim_time*90*1-90)*4", 0, 0]
        },
        "bone10": {
          "rotation": [0, 0, "40+math.sin(q.anim_time*90*1-90)*4"]
        },
        "bone11": {
          "rotation": [0, 0, "-10+math.sin(q.anim_time*90*1-90)*4"]
        },
        "bone12": {
          "rotation": [0, 0, -12.5]
        },
        "bone14": {
          "rotation": [0, 0, "-37.5-math.sin(q.anim_time*90*1-90)*4"]
        },
        "bone15": {
          "rotation": [0, 0, "7.5-math.sin(q.anim_time*90*1-90)*4"]
        },
        "bone16": {
          "rotation": [0, 0, 12.5]
        },
        "bone22": {
          "rotation": ["-40.586194852+math.sin(q.anim_time*90*1-90)*4", -17.07228, 3.90399]
        },
        "bone23": {
          "rotation": ["-40.586194852+math.sin(q.anim_time*90*1-90)*4", 17.07228, -3.90399]
        },
        "bone24": {
          "rotation": ["0-math.sin(q.anim_time*90*1)*4", 20, 0]
        },
        "bone25": {
          "rotation": ["32.5-math.sin(q.anim_time*90*1-90)*4", 0, 0]
        },
        "bone26": {
          "rotation": ["30-math.sin(q.anim_time*90*1-90)*4", 0, 0]
        },
        "bone27": {
          "rotation": ["10-math.sin(q.anim_time*90*1-90)*4", 0, 0]
        },
        "bone28": {
          "rotation": ["-math.sin(q.anim_time*90*1-90)*4", 0, 0]
        },
        "bone29": {
          "rotation": ["20-math.sin(q.anim_time*90*1-90)*4", 0, 0]
        },
        "bone36": {
          "rotation": ["0+math.sin(q.anim_time*90*1)*4", -17.5, 0]
        },
        "bone37": {
          "rotation": ["27.5+math.sin(q.anim_time*90*1-90)*4", 0, 0]
        },
        "bone38": {
          "rotation": ["25+math.sin(q.anim_time*90*1-90)*4", 0, 0]
        },
        "bone39": {
          "rotation": ["17.5+math.sin(q.anim_time*90*1-90)*4", 0, 0]
        },
        "bone40": {
          "rotation": ["0+math.sin(q.anim_time*90*1-90)*4", 0, 0]
        },
        "bone41": {
          "rotation": ["20+math.sin(q.anim_time*90*1-90)*4", 0, 0]
        },
        "bone8": {
          "rotation": [12.5, 0, 0]
        },
        "head": {
          "rotation": ["7.5+math.sin(q.anim_time*90*1-90)*4", 0, 0]
        }
      },
      "loop": true
    },
    "animation.azelf.ground_walk": {
      "bones": {
        "body": {
          "position": ["0+math.sin(q.anim_time*90*1-90)*2", "0-math.sin(q.anim_time*90*2)*0.5", 0],
          "rotation": ["45+math.sin(q.anim_time*90*2)*4", 0, 0]
        },
        "bone10": {
          "rotation": [0, 0, "25+math.sin(q.anim_time*90*2-90)*4"]
        },
        "bone11": {
          "rotation": [0, 0, "-7.5+math.sin(q.anim_time*90*2-90)*4"]
        },
        "bone14": {
          "rotation": [0, 0, "-27.5-math.sin(q.anim_time*90*2-90)*4"]
        },
        "bone15": {
          "rotation": [0, 0, "7.5-math.sin(q.anim_time*90*2-90)*4"]
        },
        "bone22": {
          "rotation": ["0-math.sin(q.anim_time*90*2-90)*4", 0, 0]
        },
        "bone23": {
          "rotation": ["0-math.sin(q.anim_time*90*2-90)*4", 0, 0]
        },
        "bone24": {
          "rotation": ["-22.5-math.sin(q.anim_time*90*2)*4", 10, 0]
        },
        "bone25": {
          "rotation": ["0-math.sin(q.anim_time*90*2-90)*4", 0, 0]
        },
        "bone26": {
          "rotation": ["0-math.sin(q.anim_time*90*2-90)*4", 0, 0]
        },
        "bone27": {
          "rotation": ["0-math.sin(q.anim_time*90*2-90)*4", 0, 0]
        },
        "bone28": {
          "rotation": ["0-math.sin(q.anim_time*90*2-90)*4", 0, 0]
        },
        "bone29": {
          "rotation": ["0-math.sin(q.anim_time*90*2-90)*4", 0, 0]
        },
        "bone36": {
          "rotation": ["-20+math.sin(q.anim_time*90*2)*4", -20, 0]
        },
        "bone37": {
          "rotation": ["0+math.sin(q.anim_time*90*2-90)*4", 0, 0]
        },
        "bone38": {
          "rotation": ["0+math.sin(q.anim_time*90*2-90)*4", 0, 0]
        },
        "bone39": {
          "rotation": ["0+math.sin(q.anim_time*90*2-90)*4", 0, 0]
        },
        "bone40": {
          "rotation": ["0+math.sin(q.anim_time*90*2-90)*4", 0, 0]
        },
        "bone41": {
          "rotation": ["0+math.sin(q.anim_time*90*2-90)*4", 0, 0]
        },
        "head": {
          "rotation": ["-37.5+math.sin(q.anim_time*90*2-90)*4", 0, 0]
        }
      },
      "loop": true
    },
    "animation.azelf.pose": {
      "bones": {
        "body": {
          "rotation": [35, 0, 0]
        },
        "bone10": {
          "rotation": [0, 0, 27.5]
        },
        "bone14": {
          "rotation": [0, 0, -30]
        },
        "bone24": {
          "rotation": [0, 20, 0]
        },
        "bone25": {
          "rotation": [20, 15, 0]
        },
        "bone26": {
          "rotation": [15, 0, 0]
        },
        "bone27": {
          "rotation": [20, 0, 0]
        },
        "bone36": {
          "rotation": [0, -17.5, 0]
        },
        "bone37": {
          "rotation": [-17.5, -12.5, 0]
        },
        "bone38": {
          "rotation": [-12.5, 0, 0]
        },
        "bone39": {
          "rotation": [-7.5, 0, 0]
        },
        "bone40": {
          "rotation": [-12.5, 0, 0]
        },
        "bone7": {
          "rotation": [-10, 0, 0]
        },
        "bone8": {
          "rotation": [-15, 0, 0]
        },
        "head": {
          "rotation": [-7.5, 0, 0]
        }
      },
      "loop": true
    }
  },
  "format_version": "1.8.0"
}