{
  "animations": {
    "animation.oldpikachu.battle_idle": {
      "bones": {
        "arm_left": {
          "position": [-0.5, 0, "0.25-0.1*math.sin(q.anim_time*90*4)"],
          "rotation": [-71.35, "74.2+0.8*math.sin(q.anim_time*90*4)", -72]
        },
        "arm_right": {
          "position": [0.5, 0, "0.25-0.1*math.sin(q.anim_time*90*4)"],
          "rotation": [-71.35, "-74.2-0.8*math.sin(q.anim_time*90*4)", 72]
        },
        "body": {
          "position": [0, "-1.25+0.1*math.sin(q.anim_time*90*4)", 0],
          "rotation": [89, 0, 0]
        },
        "ear_left": {
          "rotation": [-20, 0, "-math.sin(q.anim_time*90*4+90)*4"]
        },
        "ear_right": {
          "rotation": [-20, 0, "math.sin(q.anim_time*90*4+90)*4"]
        },
        "eye_left": {
          "rotation": [0, 0, -20]
        },
        "eye_right": {
          "rotation": [0, 0, 20]
        },
        "foot_left": {
          "position": [0, -0.175, "0.45+0.1*math.sin(q.anim_time*90*4)"],
          "rotation": ["35+1.5*math.sin(q.anim_time*90*4)", 0, 0]
        },
        "foot_right": {
          "position": [0, -0.175, "0.45+0.1*math.sin(q.anim_time*90*3)"],
          "rotation": ["35+1.5*math.sin(q.anim_time*90*4)", 0, 0]
        },
        "head": {
          "position": [0, 3.25, -0.75],
          "rotation": ["-95-math.sin(query.anim_time*90*4+45)*2", 0, 0]
        },
        "leg_left": {
          "position": [0, 0, "-1-0.1*math.sin(q.anim_time*90*4)"],
          "rotation": ["-65-2*math.sin(q.anim_time*90*4)", -3.15, 6.8]
        },
        "leg_right": {
          "position": [0, 0, "-1-0.1*math.sin(q.anim_time*90*4)"],
          "rotation": ["-65-2*math.sin(q.anim_time*90*4)", 3.15, -6.8]
        },
        "tail": {
          "rotation": ["-80+8*(math.sin(q.anim_time*90*4-80))", "10*(math.sin(q.anim_time*90*2-120))", 0]
        },
        "toes_left": {
          "rotation": ["-55-2*math.sin(q.anim_time*90*4)", 0, 0]
        },
        "toes_right": {
          "rotation": ["-55-2*math.sin(q.anim_time*90*4)", 0, 0]
        },
        "torso": {
          "rotation": [5, 0, 0]
        }
      },
      "loop": true
    },
    "animation.oldpikachu.blink": {
      "animation_length": 0.1667,
      "bones": {
        "eyelid_left": {
          "position": {
            "0.0": [0, 0, -0.1],
            "0.125": [0, 0, -0.1],
            "0.1667": [0, 0, 0]
          }
        },
        "eyelid_right": {
          "position": {
            "0.0": [0, 0, -0.1],
            "0.125": [0, 0, -0.1],
            "0.1667": [0, 0, 0]
          }
        }
      }
    },
    "animation.oldpikachu.cry": {
      "animation_length": 0.95,
      "bones": {
        "head": {
          "rotation": {
            "0.0": {
              "lerp_mode": "catmullrom",
              "post": [0, 0, 0]
            },
            "0.25": {
              "lerp_mode": "catmullrom",
              "post": [-15, 0, 0]
            },
            "0.55": {
              "lerp_mode": "catmullrom",
              "post": [-15, 0, 0]
            },
            "0.95": {
              "lerp_mode": "catmullrom",
              "post": [0, 0, 0]
            }
          }
        },
        "mouth_closed": {
          "position": {
            "0.0": {
              "lerp_mode": "catmullrom",
              "post": [0, 0, 0]
            },
            "0.2": {
              "lerp_mode": "catmullrom",
              "post": [0, 0, 0]
            },
            "0.25": {
              "lerp_mode": "catmullrom",
              "post": [0, 0, 0.2]
            },
            "0.55": {
              "lerp_mode": "catmullrom",
              "post": [0, 0, 0.2]
            },
            "0.6": {
              "lerp_mode": "catmullrom",
              "post": [0, 0, 0]
            },
            "0.95": {
              "lerp_mode": "catmullrom",
              "post": [0, 0, 0]
            }
          }
        },
        "mouth_open": {
          "position": {
            "0.0": {
              "lerp_mode": "catmullrom",
              "post": [0, 0, 0]
            },
            "0.2": {
              "lerp_mode": "catmullrom",
              "post": [0, 0, -0.2]
            },
            "0.6": {
              "lerp_mode": "catmullrom",
              "post": [0, 0, -0.2]
            },
            "0.95": {
              "lerp_mode": "catmullrom",
              "post": [0, 0, 0]
            }
          }
        }
      },
      "sound_effects": {
        "0.2": {
          "effect": "pokemon.oldpikachu.cry"
        }
      }
    },
    "animation.oldpikachu.ground_idle": {
      "bones": {
        "arm_left": {
          "position": [0.5, -0.25, 0.5],
          "rotation": [85, 60, 130]
        },
        "arm_right": {
          "position": [-0.5, -0.25, 0.5],
          "rotation": [85, -60, -130]
        },
        "ear_left": {
          "rotation": [0, 0, "-math.sin(q.anim_time*90*2+90)*4"]
        },
        "ear_right": {
          "rotation": [0, 0, "math.sin(q.anim_time*90*2+90)*4"]
        },
        "foot_left": {
          "rotation": [0, -5, 0]
        },
        "foot_right": {
          "rotation": [0, 5, 0]
        },
        "head": {
          "rotation": ["math.sin(query.anim_time*90*2)*2", "math.sin(query.anim_time*90)*4", 0]
        },
        "leg_left": {
          "rotation": [0, -5, 0]
        },
        "leg_right": {
          "rotation": [0, 5, 0]
        },
        "tail": {
          "rotation": ["math.sin(query.anim_time*90)*6", "math.sin(query.anim_time*90)*4", 0]
        },
        "torso": {
          "position": [0, "0.1*(math.sin(q.anim_time*90*3-30)*1+1)", 0],
          "rotation": [0, "math.sin(q.anim_time*90)*2", 0]
        }
      },
      "loop": true
    },
    "animation.oldpikachu.ground_walk": {
      "bones": {
        "arm_left": {
          "position": [-0.5, "1-math.clamp(0.5*(math.sin(q.anim_time*90*4*2-30)*1),-1,0)", 0.015],
          "rotation": [-1.3, "76.5-1.8*(math.clamp(math.sin(-q.anim_time*90*4)*40,-50,5)+math.clamp(math.sin(q.anim_time*90*4)*40,-50,5)+math.clamp(math.sin(-q.anim_time*90*8)*25,-15,50))", "93.75-5*(-math.sin(q.anim_time*90*4))"]
        },
        "arm_right": {
          "position": [0.5, "1-math.clamp(0.5*(math.sin(q.anim_time*90*4*2-30)*1),-1,0)", 0.015],
          "rotation": [-358.7, "-76.5+1.8*(math.clamp(math.sin(-q.anim_time*90*4)*40,-50,5)+math.clamp(math.sin(q.anim_time*90*4)*40,-50,5)+math.clamp(math.sin(-q.anim_time*90*8)*25,-15,50))", "266.25+5*(-math.sin(q.anim_time*90*4))"]
        },
        "body": {
          "position": [0, "-0.5+math.clamp(1*(math.sin(q.anim_time*90*4*2-60)*1.25),0,2)", "-math.clamp(math.sin(q.anim_time*90*4*2-110)*1.25,0,2)"],
          "rotation": ["89+6*(math.sin(q.anim_time*90*4*2-140))", 0, 0]
        },
        "ear_left": {
          "rotation": ["-25+16*(math.sin(q.anim_time*90*4*2-240))", 0, "-10*(math.sin(q.anim_time*90*4*2-200))"]
        },
        "ear_right": {
          "rotation": ["-25+16*(math.sin(q.anim_time*90*4*2-240))", 0, "10*(math.sin(q.anim_time*90*4*2-200))"]
        },
        "foot_left": {
          "position": [0, -0.175, 0.45],
          "rotation": ["35+math.clamp(math.sin(q.anim_time*90*8-80)*20,-17.5,50)-math.clamp(math.sin(-q.anim_time*90*8)*3,0,8)", 0, 0]
        },
        "foot_right": {
          "position": [0, -0.175, 0.45],
          "rotation": ["35+math.clamp(math.sin(q.anim_time*90*8-80)*20,-17.5,50)-math.clamp(math.sin(-q.anim_time*90*8)*3,0,8)", 0, 0]
        },
        "head": {
          "position": [0, 2.5, -1],
          "rotation": ["-90+3*(math.sin(q.anim_time*90*4*2-200)*1+1)", 0, 0]
        },
        "leg_left": {
          "position": [0, "-math.clamp(math.sin(q.anim_time*90*4*2-80)*1,0,2)-math.clamp(math.sin(-q.anim_time*90*4*2)*0.5,0,2)", "-1+math.clamp(math.sin(q.anim_time*90*4*2-110)*1,0,2)"],
          "rotation": ["-70+math.clamp(math.sin(q.anim_time*90*8-80)*40,-17.5,50)-math.clamp(math.sin(-q.anim_time*90*8)*3,0,8)", 0, 0]
        },
        "leg_right": {
          "position": [0, "-math.clamp(math.sin(q.anim_time*90*4*2-80)*1,0,2)-math.clamp(math.sin(-q.anim_time*90*4*2)*0.5,0,2)", "-1+math.clamp(math.sin(q.anim_time*90*4*2-110)*1,0,2)"],
          "rotation": ["-70+math.clamp(math.sin(q.anim_time*90*8-80)*40,-17.5,50)-math.clamp(math.sin(-q.anim_time*90*8)*3,0,8)", 0, 0]
        },
        "tail": {
          "rotation": ["-80+12*(math.sin(q.anim_time*90*4*2-240)*1+1)", "10*(math.sin(q.anim_time*90*2*2-140))", 0]
        },
        "toes_left": {
          "rotation": ["math.clamp(math.sin(q.anim_time*90*8-20)*-40,-50,0)", 0, 0]
        },
        "toes_right": {
          "rotation": ["math.clamp(math.sin(q.anim_time*90*8-20)*-40,-50,0)", 0, 0]
        }
      },
      "loop": true
    },
    "animation.oldpikachu.render": {
      "bones": {
        "arm_left": {
          "position": [0, -0.43, -0.25],
          "rotation": [-45, 50, -40]
        },
        "arm_right": {
          "position": [0, -0.43, -0.25],
          "rotation": [-45, -50, 40]
        },
        "body": {
          "position": [0, 3, 0],
          "rotation": [30, 0, 0]
        },
        "ear_left": {
          "rotation": [-25, 0, 15]
        },
        "ear_right": {
          "rotation": [0, 30, -5]
        },
        "foot_left": {
          "position": [0, -0.25, 0],
          "rotation": [25, -1.85, 6.85]
        },
        "foot_right": {
          "position": [0, -0.25, 0],
          "rotation": [27.5, 3, -7]
        },
        "head": {
          "position": [0, -0.43, -0.25],
          "rotation": [-35, 0, 0]
        },
        "leg_left": {
          "position": [0, -1.36, 0.36],
          "rotation": [0, 0, -10]
        },
        "leg_right": {
          "position": [0, -1.36, 0.36],
          "rotation": [0, 0, 10]
        },
        "mouth_closed": {
          "position": [0, 0, 0.1]
        },
        "mouth_open": {
          "position": [0, -0.9, 0],
          "rotation": [-25, 0, 180]
        },
        "tail": {
          "rotation": [-25, 40, 0]
        }
      },
      "loop": true
    },
    "animation.oldpikachu.shoulder_left": {
      "bones": {
        "arm_left": {
          "rotation": [121.75, 61.75, 133]
        },
        "arm_right": {
          "rotation": [137.25, -60.35, -141.65]
        },
        "body": {
          "position": [0, -6.5, 4],
          "rotation": [0, 0, 7.5]
        },
        "ear_left": {
          "rotation": [0, 0, "-(math.sin((query.anim_time)*90*2)*2)"]
        },
        "ear_right": {
          "rotation": [0, 0, "(math.sin((query.anim_time)*90*2)*2)"]
        },
        "foot_right": {
          "position": [0, 0, -0.5],
          "rotation": [25, 0, 0]
        },
        "head": {
          "rotation": [-17.5, -1.5, -4.75]
        },
        "leg_left": {
          "position": [0.13, -1, 0],
          "rotation": [0, 0, -7.5]
        },
        "leg_right": {
          "position": [0.13, -1, 0],
          "rotation": [0, 0, -7.5]
        },
        "tail": {
          "rotation": [0, "40+math.sin((query.anim_time)*90*2+60)", 0]
        },
        "torso": {
          "position": [0, 0, -1],
          "rotation": [20, 0, "-(math.sin((query.anim_time)*90*2) * 0.3)"]
        }
      },
      "loop": true
    },
    "animation.oldpikachu.shoulder_right": {
      "bones": {
        "arm_left": {
          "rotation": [137.25, 60.35, 141.65]
        },
        "arm_right": {
          "rotation": [121.75, -61.75, -133]
        },
        "body": {
          "position": [0, -6.5, 4],
          "rotation": [0, 0, -7.5]
        },
        "ear_left": {
          "rotation": [0, 0, "-(math.sin((query.anim_time)*90*2) * 2)"]
        },
        "ear_right": {
          "rotation": [0, 0, "(math.sin((query.anim_time)*90*2) * 2)"]
        },
        "foot_left": {
          "position": [0, 0, -0.5],
          "rotation": [25, 0, 0]
        },
        "head": {
          "rotation": [-17.5, 1.5, 4.75]
        },
        "leg_left": {
          "position": [-0.13, -1, 0],
          "rotation": [0, 0, 7.5]
        },
        "leg_right": {
          "position": [-0.13, -1, 0],
          "rotation": [0, 0, 7.5]
        },
        "tail": {
          "rotation": [0, "-40+math.sin((query.anim_time)*90*2+60)", 0]
        },
        "torso": {
          "position": [0, 0, -1],
          "rotation": [20, 0, "math.sin((query.anim_time)*90*2) * 0.3"]
        }
      },
      "loop": true
    },
    "animation.oldpikachu.sleep": {
      "bones": {
        "arm_left": {
          "position": [1, 0, -2],
          "rotation": [-90.75, "5-math.sin(query.anim_time*90*0.5)*3", -110]
        },
        "arm_right": {
          "position": [0, 1, -2],
          "rotation": [-90.5, "-5+math.sin(query.anim_time*90*0.5)*3", 125]
        },
        "body": {
          "position": [0, -4, 2],
          "rotation": [90, 12.5, 0]
        },
        "ear_left": {
          "position": [0, 0.75, 0],
          "rotation": ["-135+math.sin(query.anim_time*90+20)*1.5", 54, "-14-math.sin(query.anim_time*90+20)"]
        },
        "ear_right": {
          "position": [0, 0.75, 0],
          "rotation": ["-127+math.sin(query.anim_time*90+40)*1.5", -54, "14+math.sin(query.anim_time*90+20)"]
        },
        "eye_left": {
          "rotation": [0, 0, 10]
        },
        "eye_right": {
          "rotation": [0, 0, -10]
        },
        "eyelid_left": {
          "position": [0, 0, -0.1]
        },
        "eyelid_right": {
          "position": [0, 0, -0.1]
        },
        "foot_left": {
          "position": [0, 0.5, -0.25],
          "rotation": [37.5, 0, 0]
        },
        "foot_right": {
          "position": [-0.25, 0, -0.5],
          "rotation": [37.5, 0, 0]
        },
        "head": {
          "position": [1, 2.25, -1.5],
          "rotation": ["-78.75+math.sin(query.anim_time*90)*1.5", -3.5, 9.5]
        },
        "leg_left": {
          "position": [0.25, -1, 0],
          "rotation": [-128.5, -6, 24]
        },
        "leg_right": {
          "position": [0, -1, 0.25],
          "rotation": [-127, 5, -17.25]
        },
        "tail": {
          "position": [0, 0, -1],
          "rotation": ["-135-math.sin(query.anim_time*90+30*0.5)*1.5", 0, "math.sin(query.anim_time*90*2)*1.5"]
        },
        "torso": {
          "rotation": ["-5+math.sin(query.anim_time*90*0.5)*1.5", 0, 0]
        }
      },
      "loop": true
    }
  },
  "format_version": "1.8.0"
}