{
  "format_version": "1.12.0",
  "minecraft:geometry": [
    {
      "bones": [
        {
          "name": "terrakion",
          "pivot": [-0.72364, 0.04096, 0.17487]
        },
        {
          "name": "body",
          "parent": "terrakion",
          "pivot": [0, 20, 0]
        },
        {
          "locators": {
            "seat_1": [0, 27, 0]
          },
          "name": "locator_seat_1",
          "parent": "body",
          "pivot": [0, 27, 0]
        }, {
          "cubes": [
            {
              "origin": [-13.9875, 10.525, 7],
              "pivot": [-9.4875, 10.525, 13],
              "rotation": [12.5, 0, 0],
              "size": [9, 14, 11],
              "uv": [40, 108]
            }
          ],
          "name": "leg_right",
          "parent": "body",
          "pivot": [-9.4875, 22.25085, 9.99677]
        }, {
          "cubes": [
            {
              "origin": [-12.9875, 1.525, 9.5],
              "pivot": [-9.4875, 12.525, 17.5],
              "rotation": [-2.5, 0, 0],
              "size": [7, 11, 8],
              "uv": [120, 110]
            }, {
              "inflate": 0.01,
              "mirror": true,
              "origin": [-11.075, 3.025, 8.525],
              "pivot": [-9.575, 6.025, 11.275],
              "rotation": [-2.5, 0, 0],
              "size": [3, 3, 2],
              "uv": [68, 140]
            }, {
              "inflate": 0.01,
              "mirror": true,
              "origin": [-13.575, 6.025, 8.525],
              "pivot": [-9.575, 6.025, 11.275],
              "rotation": [-2.5, 0, 0],
              "size": [8, 3, 9],
              "uv": [0, 131]
            }
          ],
          "name": "knee_right",
          "parent": "leg_right",
          "pivot": [-9.4875, 11.525, 14.5]
        }, {
          "cubes": [
            {
              "inflate": 0.01,
              "origin": [-13.575, 0.025, 8.525],
              "size": [8, 3, 9],
              "uv": [0, 143]
            },
            {
              "inflate": 0.01,
              "origin": [-12.575, 0.025, 6.525],
              "size": [6, 3, 2],
              "uv": [78, 69]
            }
          ],
          "name": "bone2",
          "parent": "knee_right",
          "pivot": [-9.575, 3, 15.275]
        }, {
          "name": "feet_right",
          "parent": "knee_right",
          "pivot": [-9.4875, 3.025, 16]
        }, {
          "cubes": [
            {
              "origin": [4.9875, 10.525, 7],
              "pivot": [9.4875, 10.525, 13],
              "rotation": [12.5, 0, 0],
              "size": [9, 14, 11],
              "uv": [0, 106]
            }
          ],
          "name": "leg_left",
          "parent": "body",
          "pivot": [9.4875, 22.25085, 9.99677]
        }, {
          "cubes": [
            {
              "origin": [5.9875, 1.525, 9.5],
              "pivot": [9.4875, 12.525, 17.5],
              "rotation": [-2.5, 0, 0],
              "size": [7, 11, 8],
              "uv": [118, 27]
            }, {
              "inflate": 0.01,
              "origin": [8.075, 3.025, 8.525],
              "pivot": [9.575, 6.025, 11.275],
              "rotation": [-2.5, 0, 0],
              "size": [3, 3, 2],
              "uv": [68, 140]
            }, {
              "inflate": 0.01,
              "origin": [5.575, 6.025, 8.525],
              "pivot": [9.575, 6.025, 11.275],
              "rotation": [-2.5, 0, 0],
              "size": [8, 3, 9],
              "uv": [0, 131]
            }
          ],
          "name": "knee_left",
          "parent": "leg_left",
          "pivot": [9.4875, 11.525, 14.5]
        }, {
          "cubes": [
            {
              "inflate": 0.01,
              "origin": [6.575, 0.025, 6.525],
              "size": [6, 3, 2],
              "uv": [78, 69]
            },
            {
              "inflate": 0.01,
              "origin": [5.575, 0.025, 8.525],
              "size": [8, 3, 9],
              "uv": [118, 46]
            }
          ],
          "name": "bone3",
          "parent": "knee_left",
          "pivot": [9.575, 2.975, 14.275]
        }, {
          "name": "feet_left",
          "parent": "knee_left",
          "pivot": [9.4875, 3.025, 16]
        }, {
          "cubes": [
            {
              "origin": [-8.5, 12.52345, -7.93364],
              "size": [17, 15, 14],
              "uv": [0, 77]
            }
          ],
          "name": "torso",
          "parent": "body",
          "pivot": [2.53274, 22.71204, 0.90956]
        }, {
          "cubes": [
            {
              "inflate": 0.01,
              "origin": [-10, 14.5245, 4.01798],
              "size": [20, 14, 13],
              "uv": [70, 0]
            }
          ],
          "name": "back_torso",
          "parent": "torso",
          "pivot": [0, 27.5995, 3.51798]
        }, {
          "cubes": [
            {
              "origin": [0, 24.8245, 11.01798],
              "pivot": [0, 28.8245, 15.51798],
              "rotation": [-30, 0, 0],
              "size": [0, 10, 8],
              "uv": [144, 58]
            }
          ],
          "name": "tail",
          "parent": "back_torso",
          "pivot": [0, 27.94053, 12.58497]
        }, {
          "cubes": [
            {
              "origin": [-4.26764, 25.5, -23.975],
              "pivot": [-4.26764, 30, -23.975],
              "rotation": [0, -5, 0],
              "size": [0, 11, 25],
              "uv": [0, 135]
            }, {
              "mirror": true,
              "origin": [4.26764, 25.5, -23.975],
              "pivot": [4.26764, 30, -23.975],
              "rotation": [0, 5, 0],
              "size": [0, 11, 25],
              "uv": [0, 135]
            }, {
              "origin": [-10, 11.525, -19],
              "size": [20, 18, 15],
              "uv": [0, 0]
            }
          ],
          "name": "torso_up",
          "parent": "torso",
          "pivot": [0, 20.025, -4]
        }, {
          "cubes": [
            {
              "origin": [-7, 14.525, -24],
              "size": [14, 13, 6],
              "uv": [80, 110]
            }
          ],
          "name": "neck",
          "parent": "torso_up",
          "pivot": [0, 27.525, -19]
        }, {
          "cubes": [
            {
              "origin": [-2.86789, 24.35, -31.05],
              "pivot": [0.63211, 27.85, -27.55],
              "rotation": [7.43656, 44.5119, 10.54684],
              "size": [6, 7, 0],
              "uv": [68, 133]
            }, {
              "origin": [-3.13211, 24.35, -31.05],
              "pivot": [-0.63211, 27.85, -27.55],
              "rotation": [7.43656, -44.5119, -10.54684],
              "size": [6, 7, 0],
              "uv": [152, 48]
            }, {
              "inflate": 0.01,
              "origin": [-3.20711, 22, -31],
              "pivot": [-0.70711, 25.5, -27.5],
              "rotation": [0, -45, 0],
              "size": [6, 5, 6],
              "uv": [78, 58]
            }, {
              "origin": [0.24264, 22, -27.5],
              "size": [4, 5, 5],
              "uv": [148, 33]
            }, {
              "origin": [4.975, 29.6, -36.725],
              "pivot": [4.975, 28.6, -18.725],
              "rotation": [20, 5, 0],
              "size": [17, 0, 22],
              "uv": [0, 33]
            }, {
              "origin": [-21.975, 29.6, -36.725],
              "pivot": [-4.975, 28.6, -18.725],
              "rotation": [20, -5, 0],
              "size": [17, 0, 22],
              "uv": [0, 55]
            }, {
              "origin": [4.26764, 25, -27.525],
              "size": [0, 7, 4],
              "uv": [134, 153]
            },
            {
              "origin": [-4.26764, 25, -27.525],
              "size": [0, 7, 4],
              "uv": [142, 153]
            },
            {
              "origin": [-4.24264, 22, -27.5],
              "size": [4, 5, 5],
              "uv": [150, 109]
            }
          ],
          "name": "head",
          "parent": "neck",
          "pivot": [0, 22.73574, -24.72971]
        }, {
          "cubes": [
            {
              "inflate": 0.01,
              "origin": [2.70353, 23.425, -30.60466],
              "pivot": [2.40552, 24.475, -28.93039],
              "rotation": [0, 45, 0],
              "size": [0, 2, 4],
              "uv": [94, 69]
            }, {
              "inflate": 0.01,
              "origin": [4.12853, 23.85, -29.20466],
              "pivot": [3.83052, 24.9, -27.53039],
              "rotation": [0, 45, 0],
              "size": [0, 1, 1],
              "uv": [97, 72]
            }, {
              "inflate": 0.11,
              "origin": [1.40751, 23.35, -29.95613],
              "pivot": [2.20552, 24.3, -29.13039],
              "rotation": [0, 45, 0],
              "size": [1, 2, 1],
              "uv": [90, 74]
            }, {
              "inflate": -0.14,
              "origin": [1.58251, 23.35, -30.15613],
              "pivot": [2.38052, 24.3, -29.33039],
              "rotation": [0, 45, 0],
              "size": [1, 2, 1],
              "uv": [86, 77]
            }
          ],
          "name": "left_eye",
          "parent": "head",
          "pivot": [6.20711, 27.225, -28.95]
        }, {
          "cubes": [
            {
              "inflate": 0.01,
              "origin": [2.67853, 22.475, -30.60466],
              "pivot": [2.38052, 23.525, -28.93039],
              "rotation": [7.5, 45, 0],
              "size": [0, 3, 4],
              "uv": [94, 72]
            }
          ],
          "name": "eye_close_left",
          "parent": "left_eye",
          "pivot": [2.40552, 23.475, -29.03039]
        }, {
          "cubes": [
            {
              "inflate": -0.14,
              "mirror": true,
              "origin": [-2.58251, 23.35, -30.15613],
              "pivot": [-2.38052, 24.3, -29.33039],
              "rotation": [0, -45, 0],
              "size": [1, 2, 1],
              "uv": [86, 77]
            }, {
              "inflate": 0.11,
              "mirror": true,
              "origin": [-2.40751, 23.35, -29.95613],
              "pivot": [-2.20552, 24.3, -29.13039],
              "rotation": [0, -45, 0],
              "size": [1, 2, 1],
              "uv": [90, 74]
            }, {
              "inflate": 0.01,
              "origin": [-2.88211, 23.425, -33.825],
              "pivot": [-6.38211, 26.925, -30.325],
              "rotation": [0, -45, 0],
              "size": [0, 2, 4],
              "uv": [70, 27]
            }, {
              "inflate": 0.01,
              "mirror": true,
              "origin": [-4.12853, 23.85, -29.20466],
              "pivot": [-3.83052, 24.9, -27.53039],
              "rotation": [0, -45, 0],
              "size": [0, 1, 1],
              "uv": [97, 72]
            }
          ],
          "name": "right_eye",
          "parent": "head",
          "pivot": [-6.20711, 27.225, -28.95]
        }, {
          "cubes": [
            {
              "inflate": 0.01,
              "mirror": true,
              "origin": [-2.67853, 22.475, -30.60466],
              "pivot": [-2.38052, 23.525, -28.93039],
              "rotation": [7.5, -45, 0],
              "size": [0, 3, 4],
              "uv": [94, 72]
            }
          ],
          "name": "eye_close_right",
          "parent": "right_eye",
          "pivot": [-2.40552, 23.475, -29.03039]
        }, {
          "cubes": [
            {
              "inflate": 0.01,
              "origin": [-0.38691, 18.99346, -27.11875],
              "size": [5, 4, 5],
              "uv": [74, 146]
            },
            {
              "inflate": 0.02,
              "origin": [-2.5, 18.99346, -31.65029],
              "size": [5, 4, 5],
              "uv": [148, 24]
            },
            {
              "inflate": 0.01,
              "origin": [-2, 20.51846, -31.70029],
              "size": [4, 1, 0],
              "uv": [78, 74]
            },
            {
              "inflate": 0.01,
              "origin": [-4.61309, 18.99346, -27.11875],
              "size": [5, 4, 5],
              "uv": [114, 146]
            }, {
              "origin": [-7.0511, 18.99346, -31.65588],
              "pivot": [-2.27116, 21, -31.30076],
              "rotation": [0, 65, 0],
              "size": [5, 4, 5],
              "uv": [94, 146]
            }, {
              "mirror": true,
              "origin": [2.0511, 18.99346, -31.65588],
              "pivot": [2.27116, 21, -31.30076],
              "rotation": [0, -65, 0],
              "size": [5, 4, 5],
              "uv": [94, 146]
            }
          ],
          "name": "bone",
          "parent": "head",
          "pivot": [0, 21.08333, -27.86538],
          "rotation": [5, 0, 0]
        }, {
          "cubes": [
            {
              "origin": [-14.5, 10.525, -18],
              "size": [9, 14, 12],
              "uv": [102, 84]
            }, {
              "origin": [-15.73548, 21.49093, -14.25882],
              "pivot": [-14.23548, 23.49093, -11.25882],
              "rotation": [33.11321, -33.64409, -10.27206],
              "size": [3, 4, 8],
              "uv": [144, 88]
            }, {
              "origin": [-15.73548, 17.325, -12.85],
              "pivot": [-14.23548, 18.325, -9.85],
              "rotation": [18.11321, -33.64409, -10.27206],
              "size": [3, 4, 7],
              "uv": [54, 145]
            }
          ],
          "name": "arm_right",
          "parent": "body",
          "pivot": [-13.10393, 20.28922, -11.75824]
        }, {
          "cubes": [
            {
              "origin": [-13.5, 2.525, -16],
              "size": [7, 9, 8],
              "uv": [110, 129]
            },
            {
              "inflate": 0.01,
              "origin": [-11.5, 3.025, -16.475],
              "size": [3, 3, 2],
              "uv": [10, 155]
            },
            {
              "inflate": 0.01,
              "mirror": true,
              "origin": [-14, 6.025, -16.475],
              "size": [8, 3, 9],
              "uv": [0, 131]
            }
          ],
          "name": "elbow_right",
          "parent": "arm_right",
          "pivot": [-11.23548, 10.525, -14]
        }, {
          "cubes": [
            {
              "inflate": 0.01,
              "origin": [-14, 0.025, -16.475],
              "size": [8, 3, 9],
              "uv": [0, 143]
            },
            {
              "inflate": 0.01,
              "origin": [-13, 0.025, -18.475],
              "size": [6, 3, 2],
              "uv": [152, 43]
            }
          ],
          "name": "hand_right",
          "parent": "elbow_right",
          "pivot": [-10, 2.9, -10.725]
        }, {
          "cubes": [
            {
              "origin": [5.5, 10.525, -18],
              "size": [9, 14, 12],
              "uv": [102, 58]
            }, {
              "origin": [12.73548, 21.49093, -14.25882],
              "pivot": [14.23548, 23.49093, -11.25882],
              "rotation": [33.11321, 33.64409, 10.27206],
              "size": [3, 4, 8],
              "uv": [144, 76]
            }, {
              "origin": [12.73548, 17.325, -12.85],
              "pivot": [14.23548, 18.325, -9.85],
              "rotation": [18.11321, 33.64409, 10.27206],
              "size": [3, 4, 7],
              "uv": [34, 145]
            }
          ],
          "name": "arm_left",
          "parent": "body",
          "pivot": [13.10393, 20.28922, -11.75824]
        }, {
          "cubes": [
            {
              "origin": [6.5, 2.525, -16],
              "size": [7, 9, 8],
              "uv": [80, 129]
            },
            {
              "inflate": 0.01,
              "origin": [8.5, 3.025, -16.475],
              "size": [3, 3, 2],
              "uv": [68, 140]
            },
            {
              "inflate": 0.01,
              "origin": [6, 6.025, -16.4],
              "size": [8, 3, 9],
              "uv": [0, 131]
            }
          ],
          "name": "elbow_left",
          "parent": "arm_left",
          "pivot": [11.23548, 10.525, -14]
        }, {
          "cubes": [
            {
              "inflate": 0.01,
              "origin": [6, 0.025, -16.475],
              "size": [8, 3, 9],
              "uv": [118, 46]
            },
            {
              "inflate": 0.01,
              "origin": [7, 0.025, -18.475],
              "size": [6, 3, 2],
              "uv": [78, 69]
            }
          ],
          "name": "hand_left",
          "parent": "elbow_left",
          "pivot": [10, 3, -10.725]
        }
      ],
      "description": {
        "identifier": "geometry.unknown",
        "texture_height": 256,
        "texture_width": 256,
        "visible_bounds_height": 3.5,
        "visible_bounds_offset": [0, 1.25, 0],
        "visible_bounds_width": 4
      }
    }
  ]
}