{
  "format_version": "1.12.0",
  "minecraft:geometry": [
    {
      "bones": [
        {
          "name": "thundurus_therian",
          "pivot": [0, 0, 0]
        },
        {
          "name": "body",
          "parent": "thundurus_therian",
          "pivot": [0, 27, 7]
        },
        {
          "name": "torso",
          "parent": "body",
          "pivot": [0, 8.838, 0.43175]
        },
        {
          "name": "chest_back_rotate",
          "parent": "torso",
          "pivot": [0, 33.00111, 8.89122]
        }, {
          "cubes": [
            {
              "inflate": 0.01,
              "origin": [-5.5, 32.97111, 1.84122],
              "size": [11, 7, 9],
              "uv": [44, 21]
            }
          ],
          "name": "chest",
          "parent": "chest_back_rotate",
          "pivot": [0, 33.00111, 1.89122]
        }, {
          "cubes": [
            {
              "inflate": 0.01,
              "origin": [-7.5, 38.94111, 0.23122],
              "pivot": [0.5, 47.94111, 12.22122],
              "rotation": [5, 0, 0],
              "size": [15, 9, 12],
              "uv": [0, 0]
            }
          ],
          "name": "chest2",
          "parent": "chest",
          "pivot": [0, 38.93617, 6.64621]
        }, {
          "name": "arms",
          "parent": "chest2",
          "pivot": [38.5, 46.92111, 12.22122]
        }, {
          "cubes": [
            {
              "origin": [6.5, 39.92111, 3.23122],
              "size": [7, 6, 6],
              "uv": [60, 102]
            }
          ],
          "name": "arm_right",
          "parent": "arms",
          "pivot": [7, 42.92111, 6.23122]
        }, {
          "cubes": [
            {
              "inflate": 0.01,
              "origin": [10.53801, 40.7813, 3.99665],
              "size": [9, 4, 4],
              "uv": [92, 10]
            }
          ],
          "name": "arm_right2",
          "parent": "arm_right",
          "pivot": [12.5, 42.92111, 6.23122]
        }, {
          "cubes": [
            {
              "origin": [19.53801, 40.7813, 3.99665],
              "size": [6, 4, 4],
              "uv": [0, 115]
            }
          ],
          "name": "arm_right3",
          "parent": "arm_right2",
          "pivot": [19.53801, 42.7813, 5.99665]
        }, {
          "cubes": [
            {
              "inflate": 0.01,
              "origin": [22.53801, 40.4013, 1.99665],
              "size": [8, 5, 8],
              "uv": [84, 18]
            },
            {
              "inflate": 0.2,
              "origin": [22.53801, 40.4013, 1.99665],
              "size": [8, 5, 8],
              "uv": [148, 36]
            },
            {
              "inflate": 0.4,
              "origin": [22.53801, 40.4013, 1.99665],
              "size": [8, 5, 8],
              "uv": [148, 49]
            }
          ],
          "name": "arm_right4",
          "parent": "arm_right3",
          "pivot": [22.78801, 42.7813, 5.99665]
        }, {
          "cubes": [
            {
              "inflate": 0.01,
              "origin": [28.53801, 40.1413, -0.00335],
              "size": [7, 6, 12],
              "uv": [54, 0]
            },
            {
              "inflate": 0.2,
              "origin": [28.53801, 40.1413, -0.00335],
              "size": [7, 6, 12],
              "uv": [145, 0]
            },
            {
              "inflate": 0.4,
              "origin": [28.53801, 40.1413, -0.00335],
              "size": [7, 6, 12],
              "uv": [145, 18]
            }
          ],
          "name": "arm_right5",
          "parent": "arm_right4",
          "pivot": [29.03801, 42.7813, 5.99665]
        }, {
          "name": "fingers_right",
          "parent": "arm_right5",
          "pivot": [34.85801, 44.7413, 5.89665],
          "rotation": [0, 0, -12.5]
        }, {
          "cubes": [
            {
              "inflate": 0.01,
              "origin": [33.58893, 38.5784, 7.49768],
              "pivot": [36.58893, 41.5784, 10.49771],
              "rotation": [-8.53507, -13.11442, 25.61263],
              "size": [7, 6, 5],
              "uv": [26, 105]
            }, {
              "inflate": 0.2,
              "origin": [33.58893, 38.5784, 7.49768],
              "pivot": [36.58893, 41.5784, 10.49771],
              "rotation": [-8.53507, -13.11442, 25.61263],
              "size": [7, 6, 5],
              "uv": [192, 59]
            }, {
              "inflate": 0.4,
              "origin": [33.58893, 38.5784, 7.49768],
              "pivot": [36.58893, 41.5784, 10.49771],
              "rotation": [-8.53507, -13.11442, 25.61263],
              "size": [7, 6, 5],
              "uv": [192, 70]
            }
          ],
          "name": "finger_1_right",
          "parent": "fingers_right",
          "pivot": [35.58893, 44.5784, 10.49771]
        }, {
          "cubes": [
            {
              "inflate": -0.1,
              "origin": [36.22995, 35.55576, 9.17045],
              "pivot": [37.07675, 38.69994, 10.98195],
              "rotation": [-11.63659, -10.47196, 28.19978],
              "size": [2, 4, 2],
              "uv": [102, 31]
            }, {
              "inflate": 0.01,
              "origin": [35.11432, 36.92775, 8.39346],
              "pivot": [36.83675, 37.79994, 10.58195],
              "rotation": [-8.53507, -13.11442, 25.61263],
              "size": [3, 2, 3],
              "uv": [120, 77]
            }, {
              "origin": [35.93793, 34.60482, 9.79486],
              "pivot": [36.71675, 37.58994, 10.65195],
              "rotation": [-11.63659, -10.47196, 45.69978],
              "size": [2, 2, 0],
              "uv": [46, 120]
            }
          ],
          "name": "finger_1_1_right",
          "parent": "finger_1_right",
          "pivot": [36.71675, 38.31994, 9.87195]
        }, {
          "cubes": [
            {
              "inflate": 0.01,
              "origin": [34.23893, 38.3984, 3.59665],
              "pivot": [38.23893, 41.3984, 6.09665],
              "rotation": [0, 0, 24.5],
              "size": [8, 6, 5],
              "uv": [0, 104]
            }, {
              "inflate": 0.2,
              "origin": [34.23893, 38.3984, 3.59665],
              "pivot": [38.23893, 41.3984, 6.09665],
              "rotation": [0, 0, 24.5],
              "size": [8, 6, 5],
              "uv": [191, 37]
            }, {
              "inflate": 0.4,
              "origin": [34.23893, 38.3984, 3.59665],
              "pivot": [38.23893, 41.3984, 6.09665],
              "rotation": [0, 0, 24.5],
              "size": [8, 6, 5],
              "uv": [191, 48]
            }
          ],
          "name": "finger_2_right",
          "parent": "fingers_right",
          "pivot": [35.23893, 45.3284, 6.09665]
        }, {
          "cubes": [
            {
              "inflate": 0.01,
              "origin": [37.66893, 35.9984, 4.59668],
              "pivot": [39.66893, 38.9984, 6.58665],
              "rotation": [0, 0, 25],
              "size": [3, 4, 3],
              "uv": [94, 117]
            }, {
              "inflate": -0.1,
              "origin": [36.39048, 35.36137, 5.09668],
              "pivot": [37.21022, 35.86606, 6.09668],
              "rotation": [0, 0, 35],
              "size": [2, 3, 2],
              "uv": [120, 82]
            }, {
              "origin": [36.33759, 33.8626, 6.09668],
              "pivot": [37.21022, 35.86606, 6.09668],
              "rotation": [0, 0, 48.5],
              "size": [2, 2, 0],
              "uv": [118, 102]
            }
          ],
          "name": "finger_2_1_right",
          "parent": "finger_2_right",
          "pivot": [38.76846, 37.87317, 6.23668]
        }, {
          "cubes": [
            {
              "inflate": 0.01,
              "origin": [33.58893, 38.5784, -0.10332],
              "pivot": [36.58893, 41.5784, 1.89665],
              "rotation": [8.53507, 13.11442, 25.61263],
              "size": [7, 6, 5],
              "uv": [26, 105]
            }, {
              "inflate": 0.2,
              "origin": [33.58893, 38.5784, -0.10332],
              "pivot": [36.58893, 41.5784, 1.89665],
              "rotation": [8.53507, 13.11442, 25.61263],
              "size": [7, 6, 5],
              "uv": [192, 59]
            }, {
              "inflate": 0.4,
              "origin": [33.58893, 38.5784, -0.10332],
              "pivot": [36.58893, 41.5784, 1.89665],
              "rotation": [8.53507, 13.11442, 25.61263],
              "size": [7, 6, 5],
              "uv": [192, 70]
            }
          ],
          "name": "finger_3_right",
          "parent": "fingers_right",
          "pivot": [35.58893, 44.5784, 1.89665]
        }, {
          "cubes": [
            {
              "inflate": -0.1,
              "origin": [36.22995, 35.55576, 1.22391],
              "pivot": [37.07675, 38.69994, 1.41241],
              "rotation": [11.63659, 10.47196, 28.19978],
              "size": [2, 4, 2],
              "uv": [102, 31]
            }, {
              "inflate": 0.01,
              "origin": [35.11432, 36.92775, 1.0009],
              "pivot": [36.83675, 37.79994, 1.81241],
              "rotation": [8.53507, 13.11442, 25.61263],
              "size": [3, 2, 3],
              "uv": [120, 77]
            }, {
              "origin": [35.93793, 34.60482, 2.5995],
              "pivot": [36.71675, 37.58994, 1.74241],
              "rotation": [11.63659, 10.47196, 45.69978],
              "size": [2, 2, 0],
              "uv": [46, 120]
            }
          ],
          "name": "finger_3_1_right",
          "parent": "finger_3_right",
          "pivot": [36.71675, 38.31994, 2.52241]
        }, {
          "cubes": [
            {
              "origin": [17.53801, 42.4013, 3.59668],
              "size": [7, 3, 5],
              "uv": [106, 105]
            },
            {
              "inflate": 0.2,
              "origin": [17.53801, 42.4013, 3.59668],
              "size": [7, 3, 5],
              "uv": [192, 5]
            },
            {
              "inflate": 0.4,
              "origin": [17.53801, 42.4013, 3.59668],
              "size": [7, 3, 5],
              "uv": [192, 13]
            }
          ],
          "name": "arm_right_cloud",
          "parent": "arm_right4",
          "pivot": [22.90801, 45.2813, 6.09668]
        }, {
          "cubes": [
            {
              "origin": [12.53801, 43.0413, 4.59668],
              "size": [6, 2, 3],
              "uv": [104, 72]
            },
            {
              "inflate": 0.2,
              "origin": [12.53801, 43.0413, 4.59668],
              "size": [6, 2, 3],
              "uv": [195, 21]
            },
            {
              "inflate": 0.4,
              "origin": [12.53801, 43.0413, 4.59668],
              "size": [6, 2, 3],
              "uv": [195, 26]
            }
          ],
          "name": "arm_right_cloud2",
          "parent": "arm_right_cloud",
          "pivot": [18.03801, 44.0413, 6.09668]
        }, {
          "cubes": [
            {
              "origin": [7.53801, 43.6213, 5.00668],
              "size": [6, 1, 2],
              "uv": [118, 10]
            },
            {
              "inflate": 0.2,
              "origin": [7.53801, 43.6213, 5.00668],
              "size": [6, 1, 2],
              "uv": [196, 31]
            },
            {
              "inflate": 0.4,
              "origin": [7.53801, 43.6213, 5.00668],
              "size": [6, 1, 2],
              "uv": [196, 34]
            }
          ],
          "name": "arm_right_cloud3",
          "parent": "arm_right_cloud2",
          "pivot": [13.03801, 44.1213, 6.00668]
        }, {
          "cubes": [
            {
              "origin": [-1.46199, 44.2613, 4.00668],
              "size": [11, 0, 4],
              "uv": [44, 37]
            }
          ],
          "name": "arm_right_cloud4",
          "parent": "arm_right_cloud3",
          "pivot": [8.03801, 44.3813, 6.00668]
        }, {
          "cubes": [
            {
              "mirror": true,
              "origin": [-13.5, 39.92111, 3.23122],
              "size": [7, 6, 6],
              "uv": [60, 102]
            }
          ],
          "name": "arm_left",
          "parent": "arms",
          "pivot": [-7, 42.92111, 6.23122]
        }, {
          "cubes": [
            {
              "inflate": 0.01,
              "mirror": true,
              "origin": [-19.53801, 40.7813, 3.99665],
              "size": [9, 4, 4],
              "uv": [92, 10]
            }
          ],
          "name": "arm_left2",
          "parent": "arm_left",
          "pivot": [-12.5, 42.92111, 6.23122]
        }, {
          "cubes": [
            {
              "mirror": true,
              "origin": [-25.53801, 40.7813, 3.99665],
              "size": [6, 4, 4],
              "uv": [0, 115]
            }
          ],
          "name": "arm_left3",
          "parent": "arm_left2",
          "pivot": [-19.53801, 42.7813, 5.99665]
        }, {
          "cubes": [
            {
              "inflate": 0.01,
              "mirror": true,
              "origin": [-30.53801, 40.4013, 1.99665],
              "size": [8, 5, 8],
              "uv": [84, 18]
            },
            {
              "inflate": 0.2,
              "mirror": true,
              "origin": [-30.53801, 40.4013, 1.99665],
              "size": [8, 5, 8],
              "uv": [148, 36]
            },
            {
              "inflate": 0.4,
              "mirror": true,
              "origin": [-30.53801, 40.4013, 1.99665],
              "size": [8, 5, 8],
              "uv": [148, 49]
            }
          ],
          "name": "arm_left4",
          "parent": "arm_left3",
          "pivot": [-22.78801, 42.7813, 5.99665]
        }, {
          "cubes": [
            {
              "inflate": 0.01,
              "mirror": true,
              "origin": [-35.53801, 40.1413, -0.00335],
              "size": [7, 6, 12],
              "uv": [54, 0]
            }, {
              "inflate": 0.2,
              "mirror": true,
              "origin": [-35.53801, 40.1413, -0.00335],
              "size": [7, 6, 12],
              "uv": [145, 0]
            }, {
              "inflate": 0.4,
              "mirror": true,
              "origin": [-35.53801, 40.1413, -0.00335],
              "size": [7, 6, 12],
              "uv": [145, 18]
            }
          ],
          "name": "arm_left5",
          "parent": "arm_left4",
          "pivot": [-29.03801, 42.7813, 5.99665]
        },
        {
          "name": "fingers_left",
          "parent": "arm_left5",
          "pivot": [-34.85801, 44.7413, 5.89665],
          "rotation": [0, 0, 12.5]
        },
        {
          "cubes": [
            {
              "inflate": 0.01,
              "mirror": true,
              "origin": [-40.58893, 38.5784, 7.49768],
              "pivot": [-36.58893, 41.5784, 10.49771],
              "rotation": [-8.53507, 13.11442, -25.61263],
              "size": [7, 6, 5],
              "uv": [26, 105]
            }, {
              "inflate": 0.2,
              "mirror": true,
              "origin": [-40.58893, 38.5784, 7.49768],
              "pivot": [-36.58893, 41.5784, 10.49771],
              "rotation": [-8.53507, 13.11442, -25.61263],
              "size": [7, 6, 5],
              "uv": [192, 59]
            }, {
              "inflate": 0.4,
              "mirror": true,
              "origin": [-40.58893, 38.5784, 7.49768],
              "pivot": [-36.58893, 41.5784, 10.49771],
              "rotation": [-8.53507, 13.11442, -25.61263],
              "size": [7, 6, 5],
              "uv": [192, 70]
            }
          ],
          "name": "finger_1_left",
          "parent": "fingers_left",
          "pivot": [-35.58893, 44.5784, 10.49771]
        }, {
          "cubes": [
            {
              "inflate": -0.1,
              "mirror": true,
              "origin": [-38.22995, 35.55576, 9.17045],
              "pivot": [-37.07675, 38.69994, 10.98195],
              "rotation": [-11.63659, 10.47196, -28.19978],
              "size": [2, 4, 2],
              "uv": [102, 31]
            }, {
              "inflate": 0.01,
              "mirror": true,
              "origin": [-38.11432, 36.92775, 8.39346],
              "pivot": [-36.83675, 37.79994, 10.58195],
              "rotation": [-8.53507, 13.11442, -25.61263],
              "size": [3, 2, 3],
              "uv": [120, 77]
            }, {
              "mirror": true,
              "origin": [-37.93793, 34.60482, 9.79486],
              "pivot": [-36.71675, 37.58994, 10.65195],
              "rotation": [-11.63659, 10.47196, -45.69978],
              "size": [2, 2, 0],
              "uv": [46, 120]
            }
          ],
          "name": "finger_1_1_left",
          "parent": "finger_1_left",
          "pivot": [-36.71675, 38.31994, 9.87195]
        }, {
          "cubes": [
            {
              "inflate": 0.01,
              "mirror": true,
              "origin": [-42.23893, 38.3984, 3.59665],
              "pivot": [-38.23893, 41.3984, 6.09665],
              "rotation": [0, 0, -24.5],
              "size": [8, 6, 5],
              "uv": [0, 104]
            }, {
              "inflate": 0.2,
              "mirror": true,
              "origin": [-42.23893, 38.3984, 3.59665],
              "pivot": [-38.23893, 41.3984, 6.09665],
              "rotation": [0, 0, -24.5],
              "size": [8, 6, 5],
              "uv": [191, 37]
            }, {
              "inflate": 0.4,
              "mirror": true,
              "origin": [-42.23893, 38.3984, 3.59665],
              "pivot": [-38.23893, 41.3984, 6.09665],
              "rotation": [0, 0, -24.5],
              "size": [8, 6, 5],
              "uv": [191, 48]
            }
          ],
          "name": "finger_2_left",
          "parent": "fingers_left",
          "pivot": [-35.23893, 45.3284, 6.09665]
        }, {
          "cubes": [
            {
              "inflate": 0.01,
              "mirror": true,
              "origin": [-40.66893, 35.9984, 4.59668],
              "pivot": [-39.66893, 38.9984, 6.58665],
              "rotation": [0, 0, -25],
              "size": [3, 4, 3],
              "uv": [94, 117]
            }, {
              "inflate": -0.1,
              "mirror": true,
              "origin": [-38.39048, 35.36137, 5.09668],
              "pivot": [-37.21022, 35.86606, 6.09668],
              "rotation": [0, 0, -35],
              "size": [2, 3, 2],
              "uv": [120, 82]
            }, {
              "mirror": true,
              "origin": [-38.33759, 33.8626, 6.09668],
              "pivot": [-37.21022, 35.86606, 6.09668],
              "rotation": [0, 0, -48.5],
              "size": [2, 2, 0],
              "uv": [118, 102]
            }
          ],
          "name": "finger_2_1_left",
          "parent": "finger_2_left",
          "pivot": [-38.76846, 37.87317, 6.23668]
        }, {
          "cubes": [
            {
              "inflate": 0.01,
              "mirror": true,
              "origin": [-40.58893, 38.5784, -0.10332],
              "pivot": [-36.58893, 41.5784, 1.89665],
              "rotation": [8.53507, -13.11442, -25.61263],
              "size": [7, 6, 5],
              "uv": [26, 105]
            }, {
              "inflate": 0.2,
              "mirror": true,
              "origin": [-40.58893, 38.5784, -0.10332],
              "pivot": [-36.58893, 41.5784, 1.89665],
              "rotation": [8.53507, -13.11442, -25.61263],
              "size": [7, 6, 5],
              "uv": [192, 59]
            }, {
              "inflate": 0.4,
              "mirror": true,
              "origin": [-40.58893, 38.5784, -0.10332],
              "pivot": [-36.58893, 41.5784, 1.89665],
              "rotation": [8.53507, -13.11442, -25.61263],
              "size": [7, 6, 5],
              "uv": [192, 70]
            }
          ],
          "name": "finger_3_left",
          "parent": "fingers_left",
          "pivot": [-35.58893, 44.5784, 1.89665]
        }, {
          "cubes": [
            {
              "inflate": -0.1,
              "mirror": true,
              "origin": [-38.22995, 35.55576, 1.22391],
              "pivot": [-37.07675, 38.69994, 1.41241],
              "rotation": [11.63659, -10.47196, -28.19978],
              "size": [2, 4, 2],
              "uv": [102, 31]
            }, {
              "inflate": 0.01,
              "mirror": true,
              "origin": [-38.11432, 36.92775, 1.0009],
              "pivot": [-36.83675, 37.79994, 1.81241],
              "rotation": [8.53507, -13.11442, -25.61263],
              "size": [3, 2, 3],
              "uv": [120, 77]
            }, {
              "mirror": true,
              "origin": [-37.93793, 34.60482, 2.5995],
              "pivot": [-36.71675, 37.58994, 1.74241],
              "rotation": [11.63659, -10.47196, -45.69978],
              "size": [2, 2, 0],
              "uv": [46, 120]
            }
          ],
          "name": "finger_3_1_left",
          "parent": "finger_3_left",
          "pivot": [-36.71675, 38.31994, 2.52241]
        }, {
          "cubes": [
            {
              "mirror": true,
              "origin": [-24.53801, 42.4013, 3.59668],
              "size": [7, 3, 5],
              "uv": [106, 105]
            },
            {
              "inflate": 0.2,
              "mirror": true,
              "origin": [-24.53801, 42.4013, 3.59668],
              "size": [7, 3, 5],
              "uv": [192, 5]
            },
            {
              "inflate": 0.4,
              "mirror": true,
              "origin": [-24.53801, 42.4013, 3.59668],
              "size": [7, 3, 5],
              "uv": [192, 13]
            }
          ],
          "name": "arm_left_cloud",
          "parent": "arm_left4",
          "pivot": [-22.90801, 45.2813, 6.09668]
        }, {
          "cubes": [
            {
              "mirror": true,
              "origin": [-18.53801, 43.0413, 4.59668],
              "size": [6, 2, 3],
              "uv": [104, 72]
            },
            {
              "inflate": 0.2,
              "mirror": true,
              "origin": [-18.53801, 43.0413, 4.59668],
              "size": [6, 2, 3],
              "uv": [195, 21]
            },
            {
              "inflate": 0.4,
              "mirror": true,
              "origin": [-18.53801, 43.0413, 4.59668],
              "size": [6, 2, 3],
              "uv": [195, 26]
            }
          ],
          "name": "arm_left_cloud2",
          "parent": "arm_left_cloud",
          "pivot": [-18.03801, 44.0413, 6.09668]
        }, {
          "cubes": [
            {
              "mirror": true,
              "origin": [-13.53801, 43.6213, 5.00668],
              "size": [6, 1, 2],
              "uv": [118, 10]
            },
            {
              "inflate": 0.2,
              "mirror": true,
              "origin": [-13.53801, 43.6213, 5.00668],
              "size": [6, 1, 2],
              "uv": [196, 31]
            },
            {
              "inflate": 0.4,
              "mirror": true,
              "origin": [-13.53801, 43.6213, 5.00668],
              "size": [6, 1, 2],
              "uv": [196, 34]
            }
          ],
          "name": "arm_left_cloud3",
          "parent": "arm_left_cloud2",
          "pivot": [-13.03801, 44.1213, 6.00668]
        }, {
          "cubes": [
            {
              "mirror": true,
              "origin": [-9.53801, 44.2613, 4.00668],
              "size": [11, 0, 4],
              "uv": [44, 37]
            }
          ],
          "name": "arm_left_cloud4",
          "parent": "arm_left_cloud3",
          "pivot": [-8.03801, 44.3813, 6.00668]
        }, {
          "cubes": [
            {
              "inflate": 0.01,
              "origin": [-4, 44.50111, 2.72122],
              "size": [8, 7, 9],
              "uv": [38, 61]
            }
          ],
          "name": "neck",
          "parent": "chest2",
          "pivot": [0, 47.42728, 11.71108]
        }, {
          "cubes": [
            {
              "origin": [-4, 49.97111, -0.30878],
              "pivot": [0, 57.65749, 7.06917],
              "rotation": [32.5, 0, 0],
              "size": [8, 8, 8],
              "uv": [0, 62]
            }
          ],
          "name": "neck2",
          "parent": "neck",
          "pivot": [-0.00584, 51.50449, 11.69763]
        }, {
          "cubes": [
            {
              "origin": [-4.5, 53.368, -0.56825],
              "size": [9, 5, 8],
              "uv": [76, 37]
            }, {
              "origin": [3.82, 54.538, 3.43175],
              "pivot": [3.82, 57.038, 3.43175],
              "rotation": [0, -22.5, -22.5],
              "size": [4, 4, 0],
              "uv": [50, 110]
            }, {
              "mirror": true,
              "origin": [-7.82, 54.538, 3.43175],
              "pivot": [-3.82, 57.038, 3.43175],
              "rotation": [0, 20, 22.5],
              "size": [4, 4, 0],
              "uv": [50, 110]
            }, {
              "origin": [-4.5, 50.368, 1.43175],
              "size": [9, 3, 6],
              "uv": [62, 93]
            },
            {
              "inflate": 0.1,
              "origin": [-4, 52.958, -4.48825],
              "size": [8, 2, 8],
              "uv": [92, 0]
            }
          ],
          "name": "head",
          "parent": "neck2",
          "pivot": [-0.00584, 58.25449, 7.13763]
        }, {
          "cubes": [
            {
              "origin": [-3.02525, 55.13474, 6.67058],
              "pivot": [-0.52525, 56.758, 6.26175],
              "rotation": [57.5, 0, 0],
              "size": [6, 5, 16],
              "uv": [0, 21]
            }
          ],
          "name": "head_cloud",
          "parent": "head",
          "pivot": [-0.52525, 56.758, 6.26175],
          "rotation": [2.51013, -0.01212, 0.22477]
        }, {
          "cubes": [
            {
              "origin": [-2.52525, 69.75366, 2.37652],
              "pivot": [-1.02525, 69.748, 16.41175],
              "rotation": [92.5, 0, 0],
              "size": [5, 5, 14],
              "uv": [38, 42]
            }
          ],
          "name": "head_cloud2",
          "parent": "head_cloud",
          "pivot": [-0.02525, 69.71496, 16.25993],
          "rotation": [-13.01016, 0.00227, -0.22508]
        }, {
          "cubes": [
            {
              "origin": [-2.02525, 55.75606, 16.95901],
              "pivot": [-1.52525, 55.748, 16.98175],
              "rotation": [60, 0, 0],
              "size": [4, 5, 15],
              "uv": [0, 42]
            }
          ],
          "name": "head_cloud3",
          "parent": "head_cloud2",
          "pivot": [-1.52525, 55.748, 16.98175],
          "rotation": [-5, 0, 0]
        }, {
          "cubes": [
            {
              "origin": [-1.52525, 68.67678, 12.42783],
              "pivot": [0.47475, 68.70443, 24.41909],
              "rotation": [87.5, 0, 0],
              "size": [3, 4, 12],
              "uv": [62, 77]
            }
          ],
          "name": "head_cloud4",
          "parent": "head_cloud3",
          "pivot": [-0.02525, 68.70443, 24.41909],
          "rotation": [-10, 0, 0]
        }, {
          "cubes": [
            {
              "origin": [-1.02525, 56.7398, 23.93737],
              "pivot": [-0.02525, 56.72443, 23.93909],
              "rotation": [62.5, 0, 0],
              "size": [2, 4, 13],
              "uv": [32, 77]
            }
          ],
          "name": "head_cloud5",
          "parent": "head_cloud4",
          "pivot": [-0.02525, 56.72443, 23.93909]
        }, {
          "cubes": [
            {
              "origin": [-0.52525, 68.22382, 20.8905],
              "pivot": [-0.02525, 68.23472, 29.88287],
              "rotation": [80, 0, 0],
              "size": [1, 3, 9],
              "uv": [86, 105]
            }
          ],
          "name": "head_cloud6",
          "parent": "head_cloud5",
          "pivot": [-0.02525, 68.23472, 29.88287],
          "rotation": [4.891, -0.9943, 0.26069]
        }, {
          "cubes": [
            {
              "inflate": -0.01,
              "origin": [-0.52525, 59.38415, 28.3252],
              "pivot": [-0.02525, 59.38472, 28.33287],
              "rotation": [55, 0, 0],
              "size": [1, 2, 8],
              "uv": [50, 114]
            }
          ],
          "name": "head_cloud7",
          "parent": "head_cloud6",
          "pivot": [-0.02525, 59.38472, 28.33287],
          "rotation": [5, 0, 0]
        }, {
          "cubes": [
            {
              "origin": [-0.07575, 61.90403, 24.92063],
              "pivot": [-0.57575, 65.91472, 32.89287],
              "rotation": [97.5, 0, 0],
              "size": [0, 6, 8],
              "uv": [110, 43]
            }
          ],
          "name": "head_cloud8",
          "parent": "head_cloud7",
          "pivot": [-0.57575, 65.91472, 32.89287]
        }, {
          "cubes": [
            {
              "origin": [-1.5, 56.118, -0.09825],
              "pivot": [0, 59.118, 1.40175],
              "rotation": [0, -45, 0],
              "size": [3, 5, 3],
              "uv": [82, 117]
            }, {
              "origin": [-0.79289, 61.118, 0.90175],
              "pivot": [0.70711, 59.118, 1.40175],
              "rotation": [0, -45, 0],
              "size": [2, 3, 2],
              "uv": [50, 105]
            }, {
              "origin": [-0.08579, 64.118, 1.90175],
              "pivot": [1.41421, 59.118, 1.40175],
              "rotation": [0, -45, 0],
              "size": [1, 3, 1],
              "uv": [46, 116]
            }
          ],
          "name": "horn",
          "parent": "head",
          "pivot": [0, 59.118, 1.40175],
          "rotation": [27.5, 0, 0]
        }, {
          "name": "eyes",
          "parent": "head",
          "pivot": [-0.17, 49.538, 0.38175]
        }, {
          "cubes": [
            {
              "mirror": true,
              "origin": [-3.83, 56.538, -0.61825],
              "size": [2, 1, 1],
              "uv": [86, 102]
            },
            {
              "mirror": true,
              "origin": [-3.83, 54.538, -0.61825],
              "size": [3, 2, 1],
              "uv": [72, 18]
            }
          ],
          "name": "eye_left",
          "parent": "eyes",
          "pivot": [0.17, 49.538, 0.38175]
        }, {
          "cubes": [
            {
              "inflate": 0.1,
              "mirror": true,
              "origin": [-3.83, 56.538, -0.41825],
              "size": [2, 1, 1],
              "uv": [103, 131]
            },
            {
              "inflate": 0.1,
              "mirror": true,
              "origin": [-3.83, 54.538, -0.41825],
              "size": [3, 2, 1],
              "uv": [102, 134]
            }
          ],
          "name": "eye_left_lid",
          "parent": "eye_left",
          "pivot": [-2.58, 56.288, 0.08175]
        }, {
          "cubes": [
            {
              "mirror": true,
              "origin": [-3.85226, 55.40615, -0.78825],
              "pivot": [-0.82197, 55.41065, -0.28825],
              "rotation": [0, 0, 46.5],
              "size": [3, 1, 1],
              "uv": [118, 16]
            }
          ],
          "name": "eye_left3",
          "parent": "eye_left",
          "pivot": [-0.82197, 55.41065, -0.28825]
        }, {
          "cubes": [
            {
              "mirror": true,
              "origin": [-2.91, 55.728, -0.63825],
              "size": [1, 1, 1],
              "uv": [80, 18]
            },
            {
              "inflate": -0.35,
              "mirror": true,
              "origin": [-2.91, 55.728, -1.00825],
              "size": [1, 1, 1],
              "uv": [82, 114]
            }
          ],
          "name": "eye_left2",
          "parent": "eye_left",
          "pivot": [-2.41, 56.228, -0.32325]
        }, {
          "cubes": [
            {
              "origin": [1.83, 56.538, -0.61825],
              "size": [2, 1, 1],
              "uv": [86, 102]
            },
            {
              "origin": [0.83, 54.538, -0.61825],
              "size": [3, 2, 1],
              "uv": [72, 18]
            }
          ],
          "name": "eye_right",
          "parent": "eyes",
          "pivot": [-0.17, 49.538, 0.38175]
        }, {
          "cubes": [
            {
              "inflate": 0.1,
              "origin": [1.83, 56.538, -0.41825],
              "size": [2, 1, 1],
              "uv": [103, 131]
            },
            {
              "inflate": 0.1,
              "origin": [0.83, 54.538, -0.41825],
              "size": [3, 2, 1],
              "uv": [102, 134]
            }
          ],
          "name": "eye_right_lid",
          "parent": "eye_right",
          "pivot": [2.58, 56.288, 0.08175]
        }, {
          "cubes": [
            {
              "origin": [0.85226, 55.40615, -0.78825],
              "pivot": [0.82197, 55.41065, -0.28825],
              "rotation": [0, 0, -46.5],
              "size": [3, 1, 1],
              "uv": [118, 16]
            }
          ],
          "name": "eye_right3",
          "parent": "eye_right",
          "pivot": [0.82197, 55.41065, -0.28825]
        }, {
          "cubes": [
            {
              "inflate": -0.35,
              "origin": [1.91, 55.728, -1.00825],
              "size": [1, 1, 1],
              "uv": [82, 114]
            },
            {
              "origin": [1.91, 55.728, -0.63825],
              "size": [1, 1, 1],
              "uv": [80, 18]
            }
          ],
          "name": "eye_right2",
          "parent": "eye_right",
          "pivot": [2.41, 56.228, -0.32325]
        }, {
          "cubes": [
            {
              "inflate": 0.1,
              "origin": [-4.5, 49.868, -4.60825],
              "size": [9, 3, 7],
              "uv": [76, 50]
            }
          ],
          "name": "jaw",
          "parent": "head",
          "pivot": [0, 52.853, 1.32675]
        }, {
          "cubes": [
            {
              "origin": [-4.5, 48.4341, -5.23852],
              "size": [9, 6, 0],
              "uv": [84, 31]
            }, {
              "origin": [-4.5, 54.47961, -5.26096],
              "pivot": [0, 54.428, -5.30825],
              "rotation": [-42.5, 0, 0],
              "size": [9, 2, 0],
              "uv": [108, 57]
            }
          ],
          "name": "mask",
          "parent": "head",
          "pivot": [0.5, 51.928, -5.30825],
          "rotation": [0.5, 0, 0]
        }, {
          "cubes": [
            {
              "origin": [-4.56736, 49.4341, -5.3263],
              "size": [9, 7, 0],
              "uv": [116, 18]
            }
          ],
          "name": "mask_right",
          "parent": "mask",
          "pivot": [4.5, 51.928, -5.30825],
          "rotation": [0, 105, 0]
        }, {
          "cubes": [
            {
              "origin": [-2.56245, 52.3983, -5.36912],
              "size": [5, 0, 3],
              "uv": [116, 25]
            }
          ],
          "name": "mask_must_right",
          "parent": "mask_right",
          "pivot": [2.5, 52.438, -5.35825],
          "rotation": [-47.88792, 9.98875, 15.26661]
        }, {
          "cubes": [
            {
              "origin": [-6.54884, 52.40145, -5.36912],
              "size": [4, 0, 3],
              "uv": [118, 13]
            }
          ],
          "name": "mask_must_right2",
          "parent": "mask_must_right",
          "pivot": [-2.55, 52.418, -4.35825]
        }, {
          "cubes": [
            {
              "origin": [-12.53454, 52.36549, -5.36912],
              "size": [6, 0, 3],
              "uv": [54, 18]
            }
          ],
          "name": "mask_must_right3",
          "parent": "mask_must_right2",
          "pivot": [-6.48, 52.418, -3.35825]
        }, {
          "cubes": [
            {
              "origin": [-17.53454, 52.36549, -5.36912],
              "size": [5, 0, 3],
              "uv": [116, 28]
            }
          ],
          "name": "mask_must_right4",
          "parent": "mask_must_right3",
          "pivot": [-12.48, 52.418, -4.35825]
        }, {
          "cubes": [
            {
              "mirror": true,
              "origin": [-4.43264, 49.4341, -5.3263],
              "size": [9, 7, 0],
              "uv": [116, 18]
            }
          ],
          "name": "mask_left",
          "parent": "mask",
          "pivot": [-4.5, 51.928, -5.30825],
          "rotation": [0, -105, 0]
        }, {
          "cubes": [
            {
              "mirror": true,
              "origin": [-2.43755, 52.3983, -5.36912],
              "size": [5, 0, 3],
              "uv": [116, 25]
            }
          ],
          "name": "mask_must_left",
          "parent": "mask_left",
          "pivot": [-2.5, 52.438, -5.35825],
          "rotation": [-47.88792, -9.98875, -15.26661]
        }, {
          "cubes": [
            {
              "mirror": true,
              "origin": [2.54884, 52.40145, -5.36912],
              "size": [4, 0, 3],
              "uv": [118, 13]
            }
          ],
          "name": "mask_must_left2",
          "parent": "mask_must_left",
          "pivot": [2.55, 52.418, -4.35825]
        }, {
          "cubes": [
            {
              "mirror": true,
              "origin": [6.53454, 52.36549, -5.36912],
              "size": [6, 0, 3],
              "uv": [54, 18]
            }
          ],
          "name": "mask_must_left3",
          "parent": "mask_must_left2",
          "pivot": [6.48, 52.418, -3.35825]
        }, {
          "cubes": [
            {
              "mirror": true,
              "origin": [12.53454, 52.36549, -5.36912],
              "size": [5, 0, 3],
              "uv": [116, 28]
            }
          ],
          "name": "mask_must_left4",
          "parent": "mask_must_left3",
          "pivot": [12.48, 52.418, -4.35825]
        }, {
          "locators": {
            "seat_1": [0, 42.5, 14]
          },
          "name": "locator_seat_1",
          "parent": "chest2",
          "pivot": [0, 41.5, 11]
        },
        {
          "name": "lowbody_rotote_back",
          "parent": "torso",
          "pivot": [0, 33, 9]
        }, {
          "cubes": [
            {
              "origin": [-4.5, 26.97111, 1.86122],
              "size": [9, 7, 7],
              "uv": [0, 78]
            },
            {
              "origin": [-1, 29.54111, 1.20122],
              "size": [2, 3, 1],
              "uv": [120, 87]
            }
          ],
          "name": "lowbody",
          "parent": "lowbody_rotote_back",
          "pivot": [0, 33.97111, 1.89122]
        }, {
          "cubes": [
            {
              "inflate": 0.01,
              "origin": [-4.5, 21.97111, 1.86122],
              "size": [9, 5, 7],
              "uv": [0, 92]
            }
          ],
          "name": "lowbody2",
          "parent": "lowbody",
          "pivot": [0, 26.97111, 1.85122]
        }, {
          "cubes": [
            {
              "inflate": 0.01,
              "origin": [-4, 16.97111, 1.92122],
              "size": [8, 5, 6],
              "uv": [32, 94]
            }
          ],
          "name": "lowbody3",
          "parent": "lowbody2",
          "pivot": [0.5, 21.97111, 1.86122]
        }, {
          "cubes": [
            {
              "inflate": 0.01,
              "origin": [-3.5, 8.97111, 1.92122],
              "size": [7, 8, 6],
              "uv": [92, 91]
            }
          ],
          "name": "tail",
          "parent": "lowbody3",
          "pivot": [0, 16.97111, 1.92122]
        }, {
          "cubes": [
            {
              "inflate": 0.01,
              "origin": [-2.5, 3.97111, 2.43122],
              "size": [5, 7, 5],
              "uv": [110, 31]
            }
          ],
          "name": "tail2",
          "parent": "tail",
          "pivot": [0, 8.97111, 4.92122]
        }, {
          "cubes": [
            {
              "inflate": 0.01,
              "origin": [-2, -3.02889, 3.43122],
              "size": [4, 8, 3],
              "uv": [20, 116]
            }
          ],
          "name": "tail3",
          "parent": "tail2",
          "pivot": [0, 3.97111, 4.43122]
        }, {
          "cubes": [
            {
              "origin": [-4, -8.02889, 0.92125],
              "size": [8, 8, 8],
              "uv": [72, 61]
            }, {
              "origin": [0, -7.52889, 8.92125],
              "pivot": [0, -4.02889, 12.42125],
              "rotation": [0, 0, -135],
              "size": [0, 7, 7],
              "uv": [68, 114]
            }, {
              "origin": [0, -7.52889, 8.92125],
              "pivot": [0, -4.02889, 12.42125],
              "rotation": [0, 0, 135],
              "size": [0, 7, 7],
              "uv": [68, 114]
            }
          ],
          "name": "tail4",
          "parent": "tail3",
          "pivot": [0, -0.02889, 4.43122]
        }, {
          "cubes": [
            {
              "origin": [-1.5, -16.02889, 3.44125],
              "size": [3, 9, 3],
              "uv": [34, 116]
            }
          ],
          "name": "tail5",
          "parent": "tail4",
          "pivot": [0, -9.02889, 4.43122]
        }, {
          "cubes": [
            {
              "origin": [-3.5, -21.02889, 1.42125],
              "size": [7, 7, 7],
              "uv": [92, 77]
            }, {
              "origin": [0, -21.02889, 8.11125],
              "pivot": [0, -17.52889, 11.61125],
              "rotation": [0, 0, 135],
              "size": [0, 7, 7],
              "uv": [68, 114]
            }, {
              "origin": [0, -21.02889, 8.11125],
              "pivot": [0, -17.52889, 11.61125],
              "rotation": [0, 0, -135],
              "size": [0, 7, 7],
              "uv": [68, 114]
            }
          ],
          "name": "tail6",
          "parent": "tail5",
          "pivot": [0, -14.02889, 4.43122]
        }, {
          "cubes": [
            {
              "origin": [-1.5, -29.02889, 3.44125],
              "size": [3, 9, 3],
              "uv": [34, 128]
            }
          ],
          "name": "tail7",
          "parent": "tail6",
          "pivot": [0, -22.02889, 4.43122]
        }, {
          "cubes": [
            {
              "inflate": 0.1,
              "origin": [-3, -33.02889, 1.92125],
              "size": [6, 6, 6],
              "uv": [104, 60]
            }, {
              "origin": [0, -33.50889, 7.58125],
              "pivot": [0, -30.00889, 11.08125],
              "rotation": [0, 0, 135],
              "size": [0, 7, 7],
              "uv": [68, 114]
            }, {
              "origin": [0, -33.50889, 7.58125],
              "pivot": [0, -30.00889, 11.08125],
              "rotation": [0, 0, -135],
              "size": [0, 7, 7],
              "uv": [68, 114]
            }
          ],
          "name": "tail8",
          "parent": "tail7",
          "pivot": [0, -27.02889, 4.43122]
        }, {
          "cubes": [
            {
              "origin": [-1, -40.88551, 3.19762],
              "size": [2, 9, 2],
              "uv": [118, 91]
            }
          ],
          "name": "tail9",
          "parent": "tail8",
          "pivot": [0, -33.02889, 4.43122]
        }, {
          "cubes": [
            {
              "origin": [-3, -44.38551, 1.17765],
              "size": [6, 6, 6],
              "uv": [129, 61]
            }, {
              "origin": [0, -44.86551, 6.52765],
              "pivot": [0, -41.36551, 10.02765],
              "rotation": [0, 0, -135],
              "size": [0, 7, 7],
              "uv": [68, 114]
            }, {
              "origin": [0, -44.86551, 6.52765],
              "pivot": [0, -41.36551, 10.02765],
              "rotation": [0, 0, 135],
              "size": [0, 7, 7],
              "uv": [68, 114]
            }
          ],
          "name": "tail10",
          "parent": "tail9",
          "pivot": [0, -38.88551, 3.68762]
        }, {
          "cubes": [
            {
              "inflate": 0.15,
              "origin": [-0.5, -49.88551, 3.69765],
              "size": [1, 7, 1],
              "uv": [32, 62]
            }
          ],
          "name": "tail11",
          "parent": "tail10",
          "pivot": [0, -44.88551, 4.28762]
        }, {
          "cubes": [
            {
              "origin": [-2.5, -53.29551, 1.67765],
              "size": [5, 5, 5],
              "uv": [106, 113]
            }, {
              "origin": [0, -54.36551, 5.36765],
              "pivot": [0, -50.86551, 8.86765],
              "rotation": [0, 0, -135],
              "size": [0, 7, 7],
              "uv": [68, 114]
            }, {
              "origin": [0, -54.36551, 5.36765],
              "pivot": [0, -50.86551, 8.86765],
              "rotation": [0, 0, 135],
              "size": [0, 7, 7],
              "uv": [68, 114]
            }
          ],
          "name": "tail12",
          "parent": "tail11",
          "pivot": [0, -48.88551, 4.22762]
        }, {
          "cubes": [
            {
              "origin": [-0.5, -57.88551, 3.69765],
              "size": [1, 6, 1],
              "uv": [32, 70]
            }
          ],
          "name": "tail13",
          "parent": "tail12",
          "pivot": [0, -52.93551, 4.20762]
        }, {
          "cubes": [
            {
              "inflate": -0.1,
              "origin": [-2.5, -61.94551, 1.67765],
              "size": [5, 5, 5],
              "uv": [128, 113]
            }, {
              "origin": [0, -63.01551, 5.02765],
              "pivot": [0, -59.51551, 8.52765],
              "rotation": [0, 0, -135],
              "size": [0, 7, 7],
              "uv": [68, 114]
            }, {
              "origin": [0, -63.01551, 5.02765],
              "pivot": [0, -59.51551, 8.52765],
              "rotation": [0, 0, 135],
              "size": [0, 7, 7],
              "uv": [68, 114]
            }
          ],
          "name": "tail14",
          "parent": "tail13",
          "pivot": [0, -57.25551, 4.21762]
        }, {
          "name": "legs",
          "parent": "lowbody3",
          "pivot": [4.96, 16.97111, 4.92122]
        }, {
          "cubes": [
            {
              "inflate": 0.01,
              "origin": [3.46, 9.97111, 2.92122],
              "size": [4, 9, 4],
              "uv": [85, 196]
            }
          ],
          "name": "leg_right",
          "parent": "legs",
          "pivot": [4.96, 16.97111, 4.92122]
        }, {
          "cubes": [
            {
              "inflate": 0.01,
              "origin": [3.97, 10.97111, 5.92122],
              "size": [3, 3, 8],
              "uv": [19, 194]
            }
          ],
          "name": "leg_right2",
          "parent": "leg_right",
          "pivot": [5.48, 10.99111, 6.90789]
        }, {
          "cubes": [
            {
              "inflate": 0.01,
              "origin": [3.47, 10.02111, 13.26122],
              "size": [4, 4, 2],
              "uv": [57, 204]
            }
          ],
          "name": "leg_right3",
          "parent": "leg_right2",
          "pivot": [4.97, 12.27111, 13.76122]
        }, {
          "cubes": [
            {
              "inflate": 0.02,
              "origin": [2.97, 7.02111, 13.26122],
              "size": [5, 4, 2],
              "uv": [101, 196]
            }
          ],
          "name": "leg_right4",
          "parent": "leg_right3",
          "pivot": [4.97, 10.02111, 13.26122]
        }, {
          "name": "toes_right",
          "parent": "leg_right4",
          "pivot": [7.45, 6.998, 13.25175]
        }, {
          "cubes": [
            {
              "inflate": -0.01,
              "origin": [6.45, 4.218, 13.25175],
              "size": [2, 3, 2],
              "uv": [15, 205]
            }
          ],
          "name": "toe_right1",
          "parent": "toes_right",
          "pivot": [7.45, 7.178, 13.25175]
        }, {
          "cubes": [
            {
              "inflate": -0.02,
              "origin": [6.95, 2.258, 13.25175],
              "size": [1, 2, 2],
              "uv": [27, 155]
            }
          ],
          "name": "toe_right1_1",
          "parent": "toe_right1",
          "pivot": [7.45, 4.218, 13.25175]
        }, {
          "cubes": [
            {
              "origin": [7.45, -0.072, 13.25175],
              "size": [0, 3, 2],
              "uv": [27, 163]
            }
          ],
          "name": "toe_right1_2",
          "parent": "toe_right1_1",
          "pivot": [7.45, 2.918, 13.25175]
        }, {
          "cubes": [
            {
              "inflate": -0.01,
              "origin": [4.45, 4.038, 13.25175],
              "size": [2, 3, 2],
              "uv": [15, 205]
            }
          ],
          "name": "toe_right2",
          "parent": "toes_right",
          "pivot": [5.45, 6.998, 13.25175]
        }, {
          "cubes": [
            {
              "inflate": -0.02,
              "origin": [4.95, 2.078, 13.25175],
              "size": [1, 2, 2],
              "uv": [27, 155]
            }
          ],
          "name": "toe_right2_1",
          "parent": "toe_right2",
          "pivot": [5.45, 4.038, 13.25175]
        }, {
          "cubes": [
            {
              "origin": [5.45, -0.252, 13.25175],
              "size": [0, 3, 2],
              "uv": [27, 163]
            }
          ],
          "name": "toe_right2_2",
          "parent": "toe_right2_1",
          "pivot": [5.45, 2.738, 13.25175]
        }, {
          "cubes": [
            {
              "inflate": -0.01,
              "origin": [2.45, 4.218, 13.25175],
              "size": [2, 3, 2],
              "uv": [15, 205]
            }
          ],
          "name": "toe_right3",
          "parent": "toes_right",
          "pivot": [3.45, 7.178, 13.25175]
        }, {
          "cubes": [
            {
              "inflate": -0.02,
              "origin": [2.95, 2.258, 13.25175],
              "size": [1, 2, 2],
              "uv": [27, 155]
            }
          ],
          "name": "toe_right3_1",
          "parent": "toe_right3",
          "pivot": [3.45, 4.218, 13.25175]
        }, {
          "cubes": [
            {
              "origin": [3.45, -0.072, 13.25175],
              "size": [0, 3, 2],
              "uv": [27, 163]
            }
          ],
          "name": "toe_right3_2",
          "parent": "toe_right3_1",
          "pivot": [3.45, 2.918, 13.25175]
        }, {
          "cubes": [
            {
              "inflate": 0.01,
              "mirror": true,
              "origin": [-7.46, 9.97111, 2.92122],
              "size": [4, 9, 4],
              "uv": [85, 196]
            }
          ],
          "name": "leg_left",
          "parent": "legs",
          "pivot": [-4.96, 16.97111, 4.92122]
        }, {
          "cubes": [
            {
              "inflate": 0.01,
              "mirror": true,
              "origin": [-6.97, 10.97111, 5.92122],
              "size": [3, 3, 8],
              "uv": [19, 194]
            }
          ],
          "name": "leg_left2",
          "parent": "leg_left",
          "pivot": [-5.48, 10.99111, 6.90789]
        }, {
          "cubes": [
            {
              "inflate": 0.01,
              "mirror": true,
              "origin": [-7.47, 10.02111, 13.26122],
              "size": [4, 4, 2],
              "uv": [57, 204]
            }
          ],
          "name": "leg_left3",
          "parent": "leg_left2",
          "pivot": [-4.97, 12.27111, 13.76122]
        }, {
          "cubes": [
            {
              "inflate": 0.02,
              "mirror": true,
              "origin": [-7.97, 7.02111, 13.26122],
              "size": [5, 4, 2],
              "uv": [101, 196]
            }
          ],
          "name": "leg_left4",
          "parent": "leg_left3",
          "pivot": [-4.97, 10.02111, 13.26122]
        }, {
          "name": "toes_left",
          "parent": "leg_left4",
          "pivot": [-7.45, 6.998, 13.25175]
        }, {
          "cubes": [
            {
              "inflate": -0.01,
              "mirror": true,
              "origin": [-8.45, 4.218, 13.25175],
              "size": [2, 3, 2],
              "uv": [15, 205]
            }
          ],
          "name": "toe_left1",
          "parent": "toes_left",
          "pivot": [-7.45, 7.178, 13.25175]
        }, {
          "cubes": [
            {
              "inflate": -0.02,
              "mirror": true,
              "origin": [-7.95, 2.258, 13.25175],
              "size": [1, 2, 2],
              "uv": [27, 155]
            }
          ],
          "name": "toe_left1_1",
          "parent": "toe_left1",
          "pivot": [-7.45, 4.218, 13.25175]
        }, {
          "cubes": [
            {
              "mirror": true,
              "origin": [-7.45, -0.072, 13.25175],
              "size": [0, 3, 2],
              "uv": [27, 163]
            }
          ],
          "name": "toe_left1_2",
          "parent": "toe_left1_1",
          "pivot": [-7.45, 2.918, 13.25175]
        }, {
          "cubes": [
            {
              "inflate": -0.01,
              "mirror": true,
              "origin": [-6.45, 4.038, 13.25175],
              "size": [2, 3, 2],
              "uv": [15, 205]
            }
          ],
          "name": "toe_left2",
          "parent": "toes_left",
          "pivot": [-5.45, 6.998, 13.25175]
        }, {
          "cubes": [
            {
              "inflate": -0.02,
              "mirror": true,
              "origin": [-5.95, 2.078, 13.25175],
              "size": [1, 2, 2],
              "uv": [27, 155]
            }
          ],
          "name": "toe_left2_1",
          "parent": "toe_left2",
          "pivot": [-5.45, 4.038, 13.25175]
        }, {
          "cubes": [
            {
              "mirror": true,
              "origin": [-5.45, -0.252, 13.25175],
              "size": [0, 3, 2],
              "uv": [27, 163]
            }
          ],
          "name": "toe_left2_2",
          "parent": "toe_left2_1",
          "pivot": [-5.45, 2.738, 13.25175]
        }, {
          "cubes": [
            {
              "inflate": -0.01,
              "mirror": true,
              "origin": [-4.45, 4.218, 13.25175],
              "size": [2, 3, 2],
              "uv": [15, 205]
            }
          ],
          "name": "toe_left3",
          "parent": "toes_left",
          "pivot": [-3.45, 7.178, 13.25175]
        }, {
          "cubes": [
            {
              "inflate": -0.02,
              "mirror": true,
              "origin": [-3.95, 2.258, 13.25175],
              "size": [1, 2, 2],
              "uv": [27, 155]
            }
          ],
          "name": "toe_left3_1",
          "parent": "toe_left3",
          "pivot": [-3.45, 4.218, 13.25175]
        }, {
          "cubes": [
            {
              "mirror": true,
              "origin": [-3.45, -0.072, 13.25175],
              "size": [0, 3, 2],
              "uv": [27, 163]
            }
          ],
          "name": "toe_left3_2",
          "parent": "toe_left3_1",
          "pivot": [-3.45, 2.918, 13.25175]
        }
      ],
      "description": {
        "identifier": "geometry.thundurus_therian",
        "texture_height": 256,
        "texture_width": 256,
        "visible_bounds_height": 10,
        "visible_bounds_offset": [0, 1, 0],
        "visible_bounds_width": 10
      }
    }
  ]
}