{
  "format_version": "1.12.0",
  "minecraft:geometry": [
    {
      "bones": [
        {
          "name": "cherrim",
          "pivot": [0, 0, 0]
        }, {
          "cubes": [
            {
              "origin": [-1.5, 1, -1.5],
              "size": [3, 3, 3],
              "uv": [0, 15]
            }, {
              "inflate": 0.02,
              "origin": [-0.5, 3.5, -1.5],
              "pivot": [0, 4, -1.5],
              "rotation": [0, 0, 45],
              "size": [1, 1, 0],
              "uv": [3, 27]
            }
          ],
          "name": "body",
          "parent": "cherrim",
          "pivot": [0, 1.5, 0]
        }, {
          "cubes": [
            {
              "origin": [1, 2.75, -0.5],
              "size": [2, 1, 1],
              "uv": [0, 3]
            }
          ],
          "name": "left_arm",
          "parent": "body",
          "pivot": [1.5, 3.25, 0]
        }, {
          "cubes": [
            {
              "mirror": true,
              "origin": [-3, 2.75, -0.5],
              "size": [2, 1, 1],
              "uv": [18, 32]
            }
          ],
          "name": "right_arm",
          "parent": "body",
          "pivot": [-1.5, 3.25, 0]
        }, {
          "cubes": [
            {
              "inflate": 0.01,
              "origin": [-1.5, 2.25, -1.5],
              "size": [3, 1, 3],
              "uv": [13, 15]
            }
          ],
          "name": "dress",
          "parent": "body",
          "pivot": [0, 2.75, 0]
        }, {
          "cubes": [
            {
              "inflate": 0.01,
              "origin": [-1, 1.25, -1.5],
              "pivot": [0, 2.25, -1.5],
              "rotation": [0, 0, 45],
              "size": [2, 2, 0],
              "uv": [29, 5]
            }
          ],
          "name": "dress_front",
          "parent": "dress",
          "pivot": [0, 2.25, -1.5],
          "rotation": [-45, 0, 0]
        }, {
          "cubes": [
            {
              "inflate": 0.01,
              "origin": [1.5, 1.25, -1],
              "pivot": [1.5, 2.25, 0],
              "rotation": [-45, 0, 0],
              "size": [0, 2, 2],
              "uv": [5, 27]
            }
          ],
          "name": "dress_left",
          "parent": "dress",
          "pivot": [1.5, 2.25, 0],
          "rotation": [0, 0, -45]
        }, {
          "cubes": [
            {
              "inflate": 0.01,
              "origin": [-1.5, 1.25, -1],
              "pivot": [-1.5, 2.25, 0],
              "rotation": [-45, 0, 0],
              "size": [0, 2, 2],
              "uv": [0, 27]
            }
          ],
          "name": "dress_right",
          "parent": "dress",
          "pivot": [-1.5, 2.25, 0],
          "rotation": [0, 0, 45]
        }, {
          "cubes": [
            {
              "inflate": 0.01,
              "origin": [-1, 1.25, 1.5],
              "pivot": [0, 2.25, 1.5],
              "rotation": [0, 0, 45],
              "size": [2, 2, 0],
              "uv": [10, 15]
            }
          ],
          "name": "dress_back",
          "parent": "dress",
          "pivot": [0, 2.25, 1.5],
          "rotation": [45, 0, 0]
        }, {
          "cubes": [
            {
              "origin": [-3.5, 4, -3.5],
              "size": [7, 7, 7],
              "uv": [0, 0]
            }
          ],
          "name": "head",
          "parent": "body",
          "pivot": [0, 4, 0]
        }, {
          "name": "eyes",
          "parent": "head",
          "pivot": [0, 7.25, -3.5]
        }, {
          "cubes": [
            {
              "inflate": 0.01,
              "origin": [1.75, 6.5, -3.5],
              "size": [1, 2, 0],
              "uv": [26, 15]
            }
          ],
          "name": "left_eye",
          "parent": "eyes",
          "pivot": [2.25, 7.25, -3.5]
        }, {
          "cubes": [
            {
              "inflate": 0.01,
              "mirror": true,
              "origin": [-2.75, 6.5, -3.5],
              "size": [1, 2, 0],
              "uv": [23, 15]
            }
          ],
          "name": "right_eye",
          "parent": "eyes",
          "pivot": [-2.25, 7.25, -3.5]
        }, {
          "cubes": [
            {
              "inflate": 0.02,
              "origin": [1.75, 6.5, -3.4],
              "size": [1, 2, 0],
              "uv": [0, 15]
            },
            {
              "inflate": 0.02,
              "mirror": true,
              "origin": [-2.75, 6.5, -3.4],
              "size": [1, 2, 0],
              "uv": [0, 15]
            }
          ],
          "name": "closed",
          "parent": "eyes",
          "pivot": [0, 7.25, -3.4]
        }, {
          "name": "mouth",
          "parent": "head",
          "pivot": [0, 5.25, -3.5]
        }, {
          "cubes": [
            {
              "inflate": 0.01,
              "origin": [-1.5, 5.15, -3.4],
              "size": [3, 2, 0],
              "uv": [0, 0]
            },
            {
              "inflate": 0.01,
              "origin": [-1, 4.15, -3.4],
              "size": [2, 1, 0],
              "uv": [22, 5]
            }
          ],
          "name": "open_mouth",
          "parent": "mouth",
          "pivot": [0, 5.15, -3.4]
        }, {
          "cubes": [
            {
              "inflate": 0.01,
              "origin": [-0.5, 4.5, -3.5],
              "size": [1, 1, 0],
              "uv": [29, 13]
            },
            {
              "inflate": 0.01,
              "origin": [-1.5, 5, -3.5],
              "size": [1, 1, 0],
              "uv": [29, 12]
            },
            {
              "inflate": 0.01,
              "origin": [0.5, 5, -3.5],
              "size": [1, 1, 0],
              "uv": [8, 27]
            }
          ],
          "name": "closed_mouth",
          "parent": "mouth",
          "pivot": [0, 5.25, -3.5]
        }, {
          "cubes": [
            {
              "inflate": 0.01,
              "origin": [-2.5, 9, -3.5],
              "size": [5, 4, 0],
              "uv": [22, 25]
            }
          ],
          "name": "forehead_petal",
          "parent": "head",
          "pivot": [0, 9.5, -3.5]
        }, {
          "cubes": [
            {
              "inflate": 0.01,
              "origin": [-2.5, 13, -3.5],
              "size": [5, 4, 0],
              "uv": [11, 25]
            }
          ],
          "name": "forehead_petal_tip",
          "parent": "forehead_petal",
          "pivot": [0, 13, -3.5]
        }, {
          "cubes": [
            {
              "origin": [-1, 6.5, 3.25],
              "size": [2, 2, 2],
              "uv": [26, 15]
            }
          ],
          "name": "head_flower",
          "parent": "head",
          "pivot": [0, 7.5, 3.25]
        }, {
          "name": "petals",
          "parent": "head_flower",
          "pivot": [0, 4, -0.25]
        }, {
          "cubes": [
            {
              "inflate": 0.01,
              "origin": [-1.53081, 7.85221, 4.25],
              "size": [5, 4, 0],
              "uv": [24, 20]
            }
          ],
          "name": "top_left_petal",
          "parent": "petals",
          "pivot": [1, 8.5, 4.25],
          "rotation": [0, 0, 50]
        }, {
          "cubes": [
            {
              "inflate": 0.01,
              "origin": [-1.53081, 11.85221, 4.25],
              "size": [5, 4, 0],
              "uv": [22, 0]
            }
          ],
          "name": "top_left_petal_tip",
          "parent": "top_left_petal",
          "pivot": [0.96919, 11.85221, 4.25]
        }, {
          "cubes": [
            {
              "inflate": 0.01,
              "mirror": true,
              "origin": [-3.46919, 7.85221, 4.25],
              "size": [5, 4, 0],
              "uv": [24, 20]
            }
          ],
          "name": "top_right_petal",
          "parent": "petals",
          "pivot": [-1, 8.5, 4.25],
          "rotation": [0, 0, -50]
        }, {
          "cubes": [
            {
              "inflate": 0.01,
              "mirror": true,
              "origin": [-3.46919, 11.85221, 4.25],
              "size": [5, 4, 0],
              "uv": [22, 0]
            }
          ],
          "name": "top_right_petal_tip",
          "parent": "top_right_petal",
          "pivot": [-0.96919, 11.85221, 4.25]
        }, {
          "cubes": [
            {
              "origin": [-1.5, 5.5, 4.25],
              "size": [5, 4, 0],
              "uv": [0, 22]
            }
          ],
          "name": "bottom_left_petal",
          "parent": "petals",
          "pivot": [1, 6.5, 4.25],
          "rotation": [0, 0, 130]
        }, {
          "cubes": [
            {
              "origin": [-1.5, 9.5, 4.25],
              "size": [5, 4, 0],
              "uv": [13, 20]
            }
          ],
          "name": "bottom_left_petal_tip",
          "parent": "bottom_left_petal",
          "pivot": [1, 9.5, 4.25]
        }, {
          "cubes": [
            {
              "mirror": true,
              "origin": [-3.5, 5.5, 4.25],
              "size": [5, 4, 0],
              "uv": [0, 22]
            }
          ],
          "name": "bottom_right_petal",
          "parent": "petals",
          "pivot": [-1, 6.5, 4.25],
          "rotation": [0, 0, -130]
        }, {
          "cubes": [
            {
              "mirror": true,
              "origin": [-3.5, 9.5, 4.25],
              "size": [5, 4, 0],
              "uv": [13, 20]
            }
          ],
          "name": "bottom_right_petal_tip",
          "parent": "bottom_right_petal",
          "pivot": [-1, 9.5, 4.25]
        }, {
          "cubes": [
            {
              "origin": [2, 9.5, -4],
              "size": [2, 2, 2],
              "uv": [0, 32]
            }
          ],
          "name": "left_cherry",
          "parent": "head",
          "pivot": [3, 10.5, -3],
          "rotation": [-15, 0, 45]
        }, {
          "cubes": [
            {
              "mirror": true,
              "origin": [-4, 9.5, -4],
              "size": [2, 2, 2],
              "uv": [9, 32]
            }
          ],
          "name": "right_cherry",
          "parent": "head",
          "pivot": [-3, 10.5, -3],
          "rotation": [-15, 0, -45]
        }, {
          "cubes": [
            {
              "inflate": -0.01,
              "origin": [0.5, 0, -0.5],
              "size": [1, 2, 1],
              "uv": [29, 8]
            }
          ],
          "name": "left_leg",
          "parent": "cherrim",
          "pivot": [1, 2, 0],
          "rotation": [0, 0, 0]
        }, {
          "cubes": [
            {
              "inflate": -0.01,
              "mirror": true,
              "origin": [-1.5, 0, -0.5],
              "size": [1, 2, 1],
              "uv": [29, 8]
            }
          ],
          "name": "right_leg",
          "parent": "cherrim",
          "pivot": [-1, 2, 0],
          "rotation": [0, 0, 0]
        }
      ],
      "description": {
        "identifier": "geometry.cherrim_sunshine",
        "texture_height": 64,
        "texture_width": 64,
        "visible_bounds_height": 2.5,
        "visible_bounds_offset": [0, 0.75, 0],
        "visible_bounds_width": 3
      }
    }
  ]
}