{
  "format_version": "1.12.0",
  "minecraft:geometry": [
    {
      "bones": [
        {
          "name": "dustox",
          "pivot": [0, 0, 0]
        }, {
          "name": "body",
          "parent": "dustox",
          "pivot": [0, 8, 0]
        }, {
          "cubes": [
            {
              "origin": [-3.5, 8, -2],
              "size": [7, 4, 7],
              "uv": [3, 25]
            },
            {
              "origin": [-4, 12, -2.5],
              "size": [8, 10, 8],
              "uv": [3, 3]
            },
            {
              "origin": [-3.5, 5, 5],
              "size": [7, 3, 0],
              "uv": [2, 51]
            },
            {
              "origin": [-3.5, 5, -2],
              "pivot": [-1.5, 8, -2],
              "rotation": [-20, 0, 0],
              "size": [7, 3, 0],
              "uv": [47, 19]
            },
            {
              "origin": [-7.5, 5, 1],
              "pivot": [-3.5, 8, 1],
              "rotation": [0, 90, 20],
              "size": [7, 3, 0],
              "uv": [1, 54]
            },
            {
              "origin": [0.5, 5, 1],
              "pivot": [3.5, 8, 1],
              "rotation": [0, -90, -20],
              "size": [7, 3, 0],
              "uv": [22, 56]
            }
          ],
          "name": "upperbody",
          "parent": "body",
          "pivot": [0, 8, 0]
        }, {
          "cubes": [
            {
              "origin": [1.7, 14.5, -3],
              "size": [3, 5, 4],
              "uv": [40, 55]
            },
            {
              "mirror": true,
              "origin": [2.9, 17, -3.01],
              "size": [1, 1, 0],
              "uv": [55, 58]
            }, {
              "mirror": true,
              "origin": [5.8, 17, -1.29],
              "pivot": [5.8, 16, -0.2],
              "rotation": [0, 90, 0],
              "size": [1, 1, 0],
              "uv": [54, 58]
            }, {
              "mirror": true,
              "origin": [5.8, 15.7, -2.39],
              "pivot": [5.8, 14.7, -1.3],
              "rotation": [0, 90, 0],
              "size": [1, 1, 0],
              "uv": [54, 58]
            }
          ],
          "name": "eye_left",
          "parent": "upperbody",
          "pivot": [3.7, 16.5, -3],
          "rotation": [0, 0, -5]
        }, {
          "cubes": [
            {
              "origin": [-4.7, 14.5, -3],
              "size": [3, 5, 4],
              "uv": [53, 55]
            },
            {
              "origin": [-3.9, 17, -3.01],
              "size": [1, 1, 0],
              "uv": [55, 58]
            }, {
              "origin": [-6.8, 17, -1.29],
              "pivot": [-5.8, 16, -0.2],
              "rotation": [0, -90, 0],
              "size": [1, 1, 0],
              "uv": [54, 58]
            }, {
              "origin": [-6.8, 15.7, -2.39],
              "pivot": [-5.8, 14.7, -1.3],
              "rotation": [0, -90, 0],
              "size": [1, 1, 0],
              "uv": [54, 58]
            }
          ],
          "name": "eye_right",
          "parent": "upperbody",
          "pivot": [-3.7, 16.5, -3],
          "rotation": [0, 0, 5]
        }, {
          "cubes": [
            {
              "origin": [-2, 14, -2.51],
              "size": [4, 2, 0],
              "uv": [1, 2]
            }
          ],
          "name": "mouth",
          "parent": "upperbody",
          "pivot": [0, 16, -2.5]
        }, {
          "cubes": [
            {
              "origin": [1.5, 21.5, -1.5],
              "size": [3, 7, 3],
              "uv": [50, 44]
            }
          ],
          "name": "antena_right",
          "parent": "upperbody",
          "pivot": [3, 21.5, 0],
          "rotation": [0, 0, 10]
        }, {
          "cubes": [
            {
              "origin": [-4.5, 21.5, -1.5],
              "size": [3, 7, 3],
              "uv": [38, 44]
            }
          ],
          "name": "antena_left",
          "parent": "upperbody",
          "pivot": [-3, 21.5, 0],
          "rotation": [0, 0, -10]
        }, {
          "cubes": [
            {
              "origin": [2.5, 10.6, -4],
              "size": [2, 2, 3],
              "uv": [20, 51]
            }
          ],
          "name": "arm1_left",
          "parent": "upperbody",
          "pivot": [3.5, 11.6, -2]
        }, {
          "cubes": [
            {
              "origin": [2.5, 8.1, -4],
              "size": [2, 2, 3],
              "uv": [0, 57]
            }
          ],
          "name": "arm2_left",
          "parent": "upperbody",
          "pivot": [3.5, 9.1, -2]
        }, {
          "cubes": [
            {
              "mirror": true,
              "origin": [-4.5, 10.6, -4],
              "size": [2, 2, 3],
              "uv": [20, 51]
            }
          ],
          "name": "arm1_right",
          "parent": "upperbody",
          "pivot": [-3.5, 11.6, -2]
        }, {
          "cubes": [
            {
              "mirror": true,
              "origin": [-4.5, 8.1, -4],
              "size": [2, 2, 3],
              "uv": [0, 57]
            }
          ],
          "name": "arm2_right",
          "parent": "upperbody",
          "pivot": [-3.5, 9.1, -2]
        }, {
          "cubes": [
            {
              "origin": [-16, 13.5, 5.51],
              "size": [16, 6, 0],
              "uv": [3, 37]
            },
            {
              "origin": [-12.7, 15, 5.505],
              "size": [1, 3, 0],
              "uv": [0, 66]
            },
            {
              "origin": [-7.3, 15, 5.505],
              "size": [1, 3, 0],
              "uv": [0, 66]
            },
            {
              "origin": [-12.7, 15, 5.515],
              "size": [1, 3, 0],
              "uv": [0, 66]
            },
            {
              "origin": [-7.3, 15, 5.515],
              "size": [1, 3, 0],
              "uv": [0, 66]
            }, {
              "origin": [-16, 13.4, 5.52],
              "pivot": [-1, 16.4, 5.5],
              "rotation": [0, 0, -27.5],
              "size": [16, 6, 0],
              "uv": [41, 37]
            }, {
              "origin": [-12.5, 16, 5.5105],
              "pivot": [-1, 16.5, 5.5],
              "rotation": [0, 0, -27.5],
              "size": [1, 1, 0],
              "uv": [5, 66]
            }, {
              "origin": [-9.5, 16, 5.525],
              "pivot": [-1, 16.5, 5.5],
              "rotation": [0, 0, -27.5],
              "size": [1, 1, 0],
              "uv": [5, 66]
            }, {
              "origin": [-12.5, 16, 5.525],
              "pivot": [-1, 16.5, 5.5],
              "rotation": [0, 0, -27.5],
              "size": [1, 1, 0],
              "uv": [5, 66]
            }, {
              "origin": [-9.5, 16, 5.5105],
              "pivot": [-1, 16.5, 5.5],
              "rotation": [0, 0, -27.5],
              "size": [1, 1, 0],
              "uv": [5, 66]
            }, {
              "origin": [-16, 13.4, 5.53],
              "pivot": [-1, 16.4, 5.5],
              "rotation": [0, 0, -55],
              "size": [16, 5, 0],
              "uv": [43, 22]
            }, {
              "origin": [-15.9, 14.5, 5.51],
              "pivot": [-0.9, 16.5, 5.5],
              "rotation": [0, 0, -82.5],
              "size": [16, 5, 0],
              "uv": [47, 7]
            }
          ],
          "name": "wings_left",
          "parent": "upperbody",
          "pivot": [0, 17.5, 5.5]
        }, {
          "cubes": [
            {
              "mirror": true,
              "origin": [0, 13.5, 5.51],
              "size": [16, 6, 0],
              "uv": [3, 37]
            }, {
              "mirror": true,
              "origin": [8.5, 16, 5.5105],
              "pivot": [1, 16.5, 5.5],
              "rotation": [0, 0, 27.5],
              "size": [1, 1, 0],
              "uv": [5, 66]
            }, {
              "mirror": true,
              "origin": [11.5, 16, 5.525],
              "pivot": [1, 16.5, 5.5],
              "rotation": [0, 0, 27.5],
              "size": [1, 1, 0],
              "uv": [5, 66]
            }, {
              "mirror": true,
              "origin": [8.5, 16, 5.525],
              "pivot": [1, 16.5, 5.5],
              "rotation": [0, 0, 27.5],
              "size": [1, 1, 0],
              "uv": [5, 66]
            }, {
              "mirror": true,
              "origin": [11.5, 16, 5.5105],
              "pivot": [1, 16.5, 5.5],
              "rotation": [0, 0, 27.5],
              "size": [1, 1, 0],
              "uv": [5, 66]
            }, {
              "mirror": true,
              "origin": [6.3, 15, 5.515],
              "size": [1, 3, 0],
              "uv": [0, 66]
            },
            {
              "mirror": true,
              "origin": [11.7, 15, 5.515],
              "size": [1, 3, 0],
              "uv": [0, 66]
            },
            {
              "mirror": true,
              "origin": [6.3, 15, 5.505],
              "size": [1, 3, 0],
              "uv": [0, 66]
            },
            {
              "mirror": true,
              "origin": [11.7, 15, 5.505],
              "size": [1, 3, 0],
              "uv": [0, 66]
            }, {
              "mirror": true,
              "origin": [0, 13.4, 5.52],
              "pivot": [1, 16.4, 5.5],
              "rotation": [0, 0, 27.5],
              "size": [16, 6, 0],
              "uv": [41, 37]
            }, {
              "mirror": true,
              "origin": [0, 13.4, 5.53],
              "pivot": [1, 16.4, 5.5],
              "rotation": [0, 0, 55],
              "size": [16, 5, 0],
              "uv": [43, 22]
            }, {
              "mirror": true,
              "origin": [-0.1, 14.5, 5.51],
              "pivot": [0.9, 16.5, 5.5],
              "rotation": [0, 0, 82.5],
              "size": [16, 5, 0],
              "uv": [47, 7]
            }
          ],
          "name": "wings_right",
          "parent": "upperbody",
          "pivot": [0, 17.5, 5.5]
        }
      ],
      "description": {
        "identifier": "geometry.dustox",
        "texture_height": 128,
        "texture_width": 128,
        "visible_bounds_height": 3.5,
        "visible_bounds_offset": [0, 1.25, 0],
        "visible_bounds_width": 4
      }
    }
  ]
}