{
  "animations": {
    "animation.ironthorns.blink": {
      "animation_length": 0.1667,
      "bones": {
        "eyelid_left": {
          "position": {
            "0.0": [0.1, 0, 0],
            "0.125": [0.1, 0, 0],
            "0.1667": [0, 0, 0]
          }
        },
        "eyelid_right": {
          "position": {
            "0.0": [-0.1, 0, 0],
            "0.125": [-0.1, 0, 0],
            "0.1667": [0, 0, 0]
          }
        }
      }
    },
    "animation.ironthorns.cry": {
      "animation_length": 4.3333,
      "bones": {
        "arm_left": {
          "rotation": {
            "0.0": {
              "lerp_mode": "catmullrom",
              "post": [0, 0, 0]
            },
            "1.25": {
              "lerp_mode": "catmullrom",
              "post": [-4.48581, 52.96205, 3.97517]
            },
            "1.5": {
              "lerp_mode": "catmullrom",
              "post": [-4.48581, 52.96205, 3.97517]
            },
            "1.7917": {
              "lerp_mode": "catmullrom",
              "post": [-4.50432, -19.5064, 13.2746]
            },
            "4.3333": {
              "lerp_mode": "catmullrom",
              "post": [0, 0, 0]
            }
          }
        },
        "arm_left2": {
          "rotation": {
            "0.0": {
              "lerp_mode": "catmullrom",
              "post": [0, 0, 0]
            },
            "1.25": {
              "lerp_mode": "catmullrom",
              "post": [0, 25, 0]
            },
            "4.3333": {
              "lerp_mode": "catmullrom",
              "post": [0, 0, 0]
            }
          }
        },
        "arm_right": {
          "rotation": {
            "0.0": {
              "lerp_mode": "catmullrom",
              "post": [0, 0, 0]
            },
            "1.25": {
              "lerp_mode": "catmullrom",
              "post": [-6.32269, -47.76378, -7.07804]
            },
            "1.5": {
              "lerp_mode": "catmullrom",
              "post": [-6.32269, -47.76378, -7.07804]
            },
            "1.7917": {
              "lerp_mode": "catmullrom",
              "post": [-4.50432, 19.50645, -13.27463]
            },
            "4.3333": {
              "lerp_mode": "catmullrom",
              "post": [0, 0, 0]
            }
          }
        },
        "arm_right2": {
          "rotation": {
            "0.0": {
              "lerp_mode": "catmullrom",
              "post": [0, 0, 0]
            },
            "1.25": {
              "lerp_mode": "catmullrom",
              "post": [0, -25, 0]
            },
            "4.3333": {
              "lerp_mode": "catmullrom",
              "post": [0, 0, 0]
            }
          }
        },
        "body": {
          "position": {
            "0.0": [0, 0, 0],
            "1.75": [0, 0, 0],
            "1.7917": [1, 0, 0],
            "1.8333": [0, 0, 0],
            "1.875": [1, 0, 0],
            "1.9167": [0, 0, 0],
            "1.9583": [1, 0, 0],
            "2.0": [0, 0, 0],
            "2.0417": [1, 0, 0],
            "2.0833": [0, 0, 0],
            "2.125": [1, 0, 0],
            "2.1667": [0, 0, 0],
            "2.2083": [1, 0, 0],
            "2.25": [0, 0, 0],
            "2.2917": [1, 0, 0],
            "2.3333": [0, 0, 0],
            "2.375": [1, 0, 0],
            "2.4167": [0, 0, 0],
            "2.4583": [1, 0, 0],
            "2.5": [0, 0, 0],
            "2.5417": [1, 0, 0],
            "2.5833": [0, 0, 0],
            "2.625": [1, 0, 0],
            "2.6667": [0, 0, 0],
            "2.7083": [1, 0, 0],
            "2.75": [0, 0, 0]
          }
        },
        "bone3": {
          "rotation": {
            "0.0": [0, 0, 0],
            "1.75": [0, -12.5, 0],
            "4.3333": [0, 0, 0]
          }
        },
        "chest": {
          "rotation": {
            "0.0": [0, 0, 0],
            "1.0": [10, 0, 0],
            "1.25": [-10, 0, 0],
            "4.3333": [0, 0, 0]
          }
        },
        "chest2": {
          "rotation": {
            "0.0": [0, 0, 0],
            "1.5": [0, 0, 0],
            "1.75": [-7.5, 0, 0],
            "4.3333": [0, 0, 0]
          }
        },
        "foot_left": {
          "rotation": {
            "0.0": [0, 0, 0],
            "0.375": [-2.50954, -4.99523, 10.21865],
            "3.0": [-2.50954, -4.99523, 10.21865],
            "3.625": [0, 0, 0]
          }
        },
        "foot_right": {
          "rotation": {
            "0.0": [0, 0, 0],
            "0.625": [0, 0, 0],
            "1.0": [-2.50954, 4.99523, -10.21865],
            "3.625": [-2.50954, 4.99523, -10.21865],
            "3.875": [0, 0, 0]
          }
        },
        "hand_left": {
          "rotation": {
            "0.0": [0, 0, 0],
            "1.25": [0, 15, 0],
            "4.3333": [0, 0, 0]
          }
        },
        "hand_right": {
          "rotation": {
            "0.0": [0, 0, 0],
            "1.25": [0, -15, 0],
            "4.3333": [0, 0, 0]
          }
        },
        "head": {
          "rotation": {
            "0.0": [0, 0, 0],
            "0.75": [40, 0, 0],
            "1.75": [2.5, 0, 0],
            "4.3333": [0, 0, 0]
          }
        },
        "head_rotation": {
          "rotation": {
            "0.0": [0, 0, 0],
            "0.5": [-32.5, 0, 0],
            "3.625": [0, 0, 0],
            "4.3333": [0, 0, 0]
          }
        },
        "jaw": {
          "rotation": {
            "0.0": [0, 0, 0],
            "0.75": [0, 0, 0],
            "1.0": [0, 0, 0],
            "1.25": [7.5, 0, 0],
            "1.75": [82.5, 0, 0],
            "2.5": [72, 0, 0],
            "3.625": [0, 0, 0]
          }
        },
        "jaw_hidden": {
          "position": {
            "0.0": [0, 0, 0],
            "0.75": [0, 0, 0],
            "1.0": [0, 0, 0],
            "1.75": [0, -3, 0],
            "3.625": [0, 0, 0]
          },
          "rotation": {
            "1.0": [0, 0, 0],
            "1.75": [0, 0, 0]
          }
        },
        "leg_left": {
          "position": {
            "0.0": {
              "lerp_mode": "catmullrom",
              "post": [0, 0, 0]
            },
            "0.1667": {
              "lerp_mode": "catmullrom",
              "post": [0, 3, 0]
            },
            "0.375": {
              "lerp_mode": "catmullrom",
              "post": [0, 0, 0]
            },
            "0.4167": {
              "lerp_mode": "catmullrom",
              "post": [0.5, 0, 0]
            },
            "0.4583": {
              "lerp_mode": "catmullrom",
              "post": [0, 0, 0]
            },
            "3.0": {
              "lerp_mode": "catmullrom",
              "post": [0, 0, 0]
            },
            "3.25": {
              "lerp_mode": "catmullrom",
              "post": [0, 3, 0]
            },
            "3.5": {
              "lerp_mode": "catmullrom",
              "post": [0, 0, 0]
            },
            "3.5417": {
              "lerp_mode": "catmullrom",
              "post": [0.5, 0, 0]
            },
            "3.5833": {
              "lerp_mode": "catmullrom",
              "post": [0, 0, 0]
            }
          },
          "rotation": {
            "0.0": {
              "lerp_mode": "catmullrom",
              "post": [0, 0, 0]
            },
            "0.1667": {
              "lerp_mode": "catmullrom",
              "post": [0.30637, -28.20967, -0.62148]
            },
            "0.375": {
              "lerp_mode": "catmullrom",
              "post": [6.58489, -17.05448, -11.43677]
            },
            "3.0": {
              "lerp_mode": "catmullrom",
              "post": [6.58489, -17.05448, -11.43677]
            },
            "3.25": {
              "lerp_mode": "catmullrom",
              "post": [0.30637, -28.20967, -0.62148]
            },
            "3.5": {
              "lerp_mode": "catmullrom",
              "post": [0, 0, 0]
            }
          }
        },
        "leg_right": {
          "position": {
            "0.0": [0, 0, 0],
            "0.625": [0, 0, 0],
            "0.8333": [0, 4, 0],
            "1.0": [0, 0, 0],
            "1.0417": [0.5, 0, 0],
            "1.0833": [0, 0, 0],
            "3.625": [0, 0, 0],
            "3.75": [0, 3, 0],
            "3.875": [0, 0, 0],
            "3.9167": [0.5, 0, 0],
            "3.9583": [0, 0, 0]
          },
          "rotation": {
            "0.0": [0, 0, 0],
            "0.625": [0, 0, 0],
            "1.0": [6.58489, 17.05448, 11.43677],
            "3.625": [6.58489, 17.05448, 11.43677],
            "3.875": [0, 0, 0]
          }
        },
        "neck": {
          "rotation": {
            "0.0": [0, 0, 0],
            "1.0": [-2.5, 0, 0],
            "4.3333": [0, 0, 0]
          }
        },
        "neck2": {
          "rotation": {
            "0.0": [0, 0, 0],
            "1.0": [-12.5, 0, 0],
            "1.25": [17.5, 0, 0],
            "1.75": [-12.5, 0, 0],
            "2.5": [-25, 0, 0],
            "3.625": [0, 0, 0]
          }
        },
        "tail": {
          "rotation": {
            "0.0": [0, 0, 0],
            "1.75": [-10, 0, 0],
            "4.3333": [0, 0, 0]
          }
        },
        "tail2": {
          "rotation": {
            "0.0": [0, 0, 0],
            "1.75": [17.5, 0, 0],
            "4.3333": [0, 0, 0]
          }
        },
        "tail3": {
          "rotation": {
            "0.0": [0, 0, 0],
            "1.75": [20, 0, 0],
            "4.3333": [0, 0, 0]
          }
        },
        "tail4": {
          "rotation": {
            "0.0": [0, 0, 0],
            "1.75": [10, 0, 0],
            "4.3333": [0, 0, 0]
          }
        },
        "tail5": {
          "rotation": {
            "0.0": [0, 0, 0],
            "1.75": [15, 0, 0],
            "4.3333": [0, 0, 0]
          }
        },
        "tail_spike_top": {
          "rotation": {
            "0.0": [0, 0, 0],
            "1.75": [12.5, 0, 0],
            "4.3333": [0, 0, 0]
          }
        },
        "tail_spike_top4": {
          "rotation": {
            "0.0": [0, 0, 0],
            "1.75": [0, 7.5, 0],
            "4.3333": [0, 0, 0]
          }
        },
        "torso": {
          "position": {
            "0.0": {
              "lerp_mode": "catmullrom",
              "post": [0, 0, 0]
            },
            "0.375": {
              "lerp_mode": "catmullrom",
              "post": [1, 0, 0]
            },
            "0.4167": {
              "lerp_mode": "catmullrom",
              "post": [0, 0, 0]
            },
            "0.4583": {
              "lerp_mode": "catmullrom",
              "post": [1, 0, 0]
            },
            "0.5": {
              "lerp_mode": "catmullrom",
              "post": [0, 0, 0]
            },
            "1.0": {
              "lerp_mode": "catmullrom",
              "post": [1, 0, 0]
            },
            "1.0417": {
              "lerp_mode": "catmullrom",
              "post": [0, 0, 0]
            },
            "1.0833": {
              "lerp_mode": "catmullrom",
              "post": [1, 0, 0]
            },
            "1.125": {
              "lerp_mode": "catmullrom",
              "post": [0, 0, 0]
            },
            "3.5": {
              "lerp_mode": "catmullrom",
              "post": [1, 0, 0]
            },
            "3.5417": {
              "lerp_mode": "catmullrom",
              "post": [0, 0, 0]
            },
            "3.5833": {
              "lerp_mode": "catmullrom",
              "post": [1, 0, 0]
            },
            "3.625": {
              "lerp_mode": "catmullrom",
              "post": [0, 0, 0]
            },
            "3.875": {
              "lerp_mode": "catmullrom",
              "post": [1, 0, 0]
            },
            "3.9167": {
              "lerp_mode": "catmullrom",
              "post": [0, 0, 0]
            },
            "3.9583": {
              "lerp_mode": "catmullrom",
              "post": [1, 0, 0]
            },
            "4.0": {
              "lerp_mode": "catmullrom",
              "post": [0, 0, 0]
            }
          },
          "rotation": {
            "0.0": {
              "lerp_mode": "catmullrom",
              "post": [0, 0, 0]
            },
            "0.25": {
              "lerp_mode": "catmullrom",
              "post": [-0.79316, -0.10442, -7.49928]
            },
            "0.375": {
              "lerp_mode": "catmullrom",
              "post": [0, 0, 0]
            },
            "0.5833": {
              "lerp_mode": "catmullrom",
              "post": [0, 0, 0]
            },
            "0.8333": {
              "lerp_mode": "catmullrom",
              "post": [-2.54551, 0.34238, 8.01729]
            },
            "1.0": {
              "lerp_mode": "catmullrom",
              "post": [0, 0, 0]
            },
            "1.25": {
              "lerp_mode": "catmullrom",
              "post": [0, 0, 0]
            },
            "1.5": [50, 0, 0],
            "2.5": [12.5, 0, 0],
            "3.0": {
              "lerp_mode": "catmullrom",
              "post": [0, 0, 0],
              "pre": [0, 0, 0]
            },
            "3.25": {
              "lerp_mode": "catmullrom",
              "post": [-0.79316, -0.10442, -7.49928]
            },
            "3.5": {
              "lerp_mode": "catmullrom",
              "post": [0, 0, 0]
            },
            "3.75": {
              "lerp_mode": "catmullrom",
              "post": [-0.79316, 0.1044, 7.4993]
            },
            "4.0": {
              "lerp_mode": "catmullrom",
              "post": [0, 0, 0]
            },
            "4.3333": {
              "lerp_mode": "catmullrom",
              "post": [0, 0, 0]
            }
          }
        },
        "tyranitar": {
          "position": [0, 0, 0],
          "scale": 1
        }
      },
      "loop": "hold_on_last_frame",
      "sound_effects": {
        "1.3333": {
          "effect": "pokemon.ironthorns.cry"
        }
      }
    },
    "animation.ironthorns.ground_idle": {
      "bones": {
        "arm_left": {
          "rotation": [15, 2.5, 20]
        },
        "arm_left2": {
          "rotation": [10.53252, 16.3619, 10.3866]
        },
        "arm_right": {
          "rotation": [15, -2.5, -20]
        },
        "arm_right2": {
          "rotation": [10.53252, -16.3619, -10.38658]
        },
        "chest": {
          "position": [0, 0, 0],
          "rotation": [-5, 0, 0]
        },
        "chest2": {
          "rotation": [0, 0, 0]
        },
        "finger_index_right": {
          "rotation": [0, -17.5, 0]
        },
        "finger_ring_right": {
          "rotation": [0, 15, 0]
        },
        "hand_left": {
          "rotation": [8.03252, 16.3619, 10.3866]
        },
        "hand_right": {
          "rotation": [8.03252, -16.3619, -10.38658]
        },
        "head": {
          "rotation": [-15, 0, 0]
        },
        "head_rotation": {
          "rotation": [15, 0, 0]
        },
        "head_spike": {
          "rotation": [5, 0, 0]
        },
        "jaw_hidden": {
          "position": [0, -3, 0]
        },
        "leg_left": {
          "rotation": [0, -15, 0]
        },
        "leg_right": {
          "rotation": [0, 15, 0]
        },
        "neck": {
          "position": [0, -4, -1],
          "rotation": [-7.5, 0, 0]
        },
        "neck2": {
          "position": [0, 1, 2]
        },
        "tail": {
          "rotation": [-30, 0, 0]
        },
        "tail2": {
          "rotation": [5, 0, 0]
        },
        "tail3": {
          "rotation": [10, 0, 0]
        },
        "tail4": {
          "rotation": [10, 0, 0]
        },
        "tail5": {
          "rotation": [7.5, 0, 0]
        },
        "torso": {
          "position": [0, 1, 0],
          "rotation": [15, 0, 0]
        }
      },
      "loop": true
    },
    "animation.ironthorns.mouth_open": {
      "animation_length": 3.6667,
      "bones": {
        "arm_left": {
          "rotation": [-4.50432, -19.5064, 13.2746]
        },
        "arm_right": {
          "rotation": [-4.50432, 19.50645, -13.27463]
        },
        "chest": {
          "rotation": [10, 0, 0]
        },
        "chest2": {
          "rotation": [-7.5, 0, 0]
        },
        "finger_index_left": {
          "rotation": [0, 15, 30]
        },
        "finger_index_right": {
          "rotation": [0, -15, -30]
        },
        "finger_ring_left": {
          "rotation": [-2.74715, -12.19908, 12.79362]
        },
        "finger_ring_right": {
          "rotation": [-2.74715, 12.19908, -12.79362]
        },
        "foot_left": {
          "rotation": [-2.50954, -4.99523, 10.21865]
        },
        "foot_right": {
          "rotation": [-2.50954, 4.99523, -10.21865]
        },
        "head_rotation": {
          "rotation": [-32.5, 0, 0]
        },
        "jaw": {
          "rotation": [82.5, 0, 0]
        },
        "jaw_hidden": {
          "position": [0, -3, 0],
          "rotation": [0, 0, 0]
        },
        "leg_left": {
          "rotation": [6.58489, -17.05448, -11.43677]
        },
        "leg_right": {
          "rotation": [6.58489, 17.05448, 11.43677]
        },
        "neck": {
          "rotation": [-2.5, 0, 0]
        },
        "neck2": {
          "position": [0, 0, -3],
          "rotation": [-12.5, 0, 0]
        },
        "tail": {
          "rotation": [-10, 0, 0]
        },
        "tail2": {
          "rotation": [17.5, 0, 0]
        },
        "tail3": {
          "rotation": [20, 0, 0]
        },
        "tail4": {
          "rotation": [10, 0, 0]
        },
        "tail5": {
          "rotation": [15, 0, 0]
        },
        "torso": {
          "rotation": [35, 0, 0]
        }
      }
    },
    "animation.ironthorns.status": {
      "animation_length": 4.3333,
      "bones": {
        "arm_left": {
          "rotation": {
            "0.0": {
              "lerp_mode": "catmullrom",
              "post": [0, 0, 0]
            },
            "1.25": {
              "lerp_mode": "catmullrom",
              "post": [-4.48581, 52.96205, 3.97517]
            },
            "1.5": {
              "lerp_mode": "catmullrom",
              "post": [-4.48581, 52.96205, 3.97517]
            },
            "1.7917": {
              "lerp_mode": "catmullrom",
              "post": [-4.50432, -19.5064, 13.2746]
            },
            "4.3333": {
              "lerp_mode": "catmullrom",
              "post": [0, 0, 0]
            }
          }
        },
        "arm_left2": {
          "rotation": {
            "0.0": {
              "lerp_mode": "catmullrom",
              "post": [0, 0, 0]
            },
            "1.25": {
              "lerp_mode": "catmullrom",
              "post": [0, 25, 0]
            },
            "4.3333": {
              "lerp_mode": "catmullrom",
              "post": [0, 0, 0]
            }
          }
        },
        "arm_right": {
          "rotation": {
            "0.0": {
              "lerp_mode": "catmullrom",
              "post": [0, 0, 0]
            },
            "1.25": {
              "lerp_mode": "catmullrom",
              "post": [-6.32269, -47.76378, -7.07804]
            },
            "1.5": {
              "lerp_mode": "catmullrom",
              "post": [-6.32269, -47.76378, -7.07804]
            },
            "1.7917": {
              "lerp_mode": "catmullrom",
              "post": [-4.50432, 19.50645, -13.27463]
            },
            "4.3333": {
              "lerp_mode": "catmullrom",
              "post": [0, 0, 0]
            }
          }
        },
        "arm_right2": {
          "rotation": {
            "0.0": {
              "lerp_mode": "catmullrom",
              "post": [0, 0, 0]
            },
            "1.25": {
              "lerp_mode": "catmullrom",
              "post": [0, -25, 0]
            },
            "4.3333": {
              "lerp_mode": "catmullrom",
              "post": [0, 0, 0]
            }
          }
        },
        "body": {
          "position": {
            "0.0": [0, 0, 0],
            "1.75": [0, 0, 0],
            "1.7917": [1, 0, 0],
            "1.8333": [0, 0, 0],
            "1.875": [1, 0, 0],
            "1.9167": [0, 0, 0],
            "1.9583": [1, 0, 0],
            "2.0": [0, 0, 0],
            "2.0417": [1, 0, 0],
            "2.0833": [0, 0, 0],
            "2.125": [1, 0, 0],
            "2.1667": [0, 0, 0],
            "2.2083": [1, 0, 0],
            "2.25": [0, 0, 0],
            "2.2917": [1, 0, 0],
            "2.3333": [0, 0, 0],
            "2.375": [1, 0, 0],
            "2.4167": [0, 0, 0],
            "2.4583": [1, 0, 0],
            "2.5": [0, 0, 0],
            "2.5417": [1, 0, 0],
            "2.5833": [0, 0, 0],
            "2.625": [1, 0, 0],
            "2.6667": [0, 0, 0],
            "2.7083": [1, 0, 0],
            "2.75": [0, 0, 0]
          }
        },
        "bone3": {
          "rotation": {
            "0.0": [0, 0, 0],
            "1.75": [0, -12.5, 0],
            "4.3333": [0, 0, 0]
          }
        },
        "chest": {
          "rotation": {
            "0.0": [0, 0, 0],
            "1.0": [10, 0, 0],
            "1.25": [-10, 0, 0],
            "4.3333": [0, 0, 0]
          }
        },
        "chest2": {
          "rotation": {
            "0.0": [0, 0, 0],
            "1.5": [0, 0, 0],
            "1.75": [-7.5, 0, 0],
            "4.3333": [0, 0, 0]
          }
        },
        "foot_left": {
          "rotation": {
            "0.0": [0, 0, 0],
            "0.375": [-2.50954, -4.99523, 10.21865],
            "3.0": [-2.50954, -4.99523, 10.21865],
            "3.625": [0, 0, 0]
          }
        },
        "foot_right": {
          "rotation": {
            "0.0": [0, 0, 0],
            "0.625": [0, 0, 0],
            "1.0": [-2.50954, 4.99523, -10.21865],
            "3.625": [-2.50954, 4.99523, -10.21865],
            "3.875": [0, 0, 0]
          }
        },
        "hand_left": {
          "rotation": {
            "0.0": [0, 0, 0],
            "1.25": [0, 15, 0],
            "4.3333": [0, 0, 0]
          }
        },
        "hand_right": {
          "rotation": {
            "0.0": [0, 0, 0],
            "1.25": [0, -15, 0],
            "4.3333": [0, 0, 0]
          }
        },
        "head": {
          "rotation": {
            "0.0": [0, 0, 0],
            "0.75": [40, 0, 0],
            "1.75": [2.5, 0, 0],
            "4.3333": [0, 0, 0]
          }
        },
        "head_rotation": {
          "rotation": {
            "0.0": [0, 0, 0],
            "0.5": [-32.5, 0, 0],
            "3.625": [0, 0, 0],
            "4.3333": [0, 0, 0]
          }
        },
        "jaw": {
          "rotation": {
            "0.0": [0, 0, 0],
            "0.75": [0, 0, 0],
            "1.0": [0, 0, 0],
            "1.25": [7.5, 0, 0],
            "1.75": [82.5, 0, 0],
            "2.5": [72, 0, 0],
            "3.625": [0, 0, 0]
          }
        },
        "jaw_hidden": {
          "position": {
            "0.0": [0, 0, 0],
            "0.75": [0, 0, 0],
            "1.0": [0, 0, 0],
            "1.75": [0, -3, 0],
            "3.625": [0, 0, 0]
          },
          "rotation": {
            "1.0": [0, 0, 0],
            "1.75": [0, 0, 0]
          }
        },
        "leg_left": {
          "position": {
            "0.0": {
              "lerp_mode": "catmullrom",
              "post": [0, 0, 0]
            },
            "0.1667": {
              "lerp_mode": "catmullrom",
              "post": [0, 3, 0]
            },
            "0.375": {
              "lerp_mode": "catmullrom",
              "post": [0, 0, 0]
            },
            "0.4167": {
              "lerp_mode": "catmullrom",
              "post": [0.5, 0, 0]
            },
            "0.4583": {
              "lerp_mode": "catmullrom",
              "post": [0, 0, 0]
            },
            "3.0": {
              "lerp_mode": "catmullrom",
              "post": [0, 0, 0]
            },
            "3.25": {
              "lerp_mode": "catmullrom",
              "post": [0, 3, 0]
            },
            "3.5": {
              "lerp_mode": "catmullrom",
              "post": [0, 0, 0]
            },
            "3.5417": {
              "lerp_mode": "catmullrom",
              "post": [0.5, 0, 0]
            },
            "3.5833": {
              "lerp_mode": "catmullrom",
              "post": [0, 0, 0]
            }
          },
          "rotation": {
            "0.0": {
              "lerp_mode": "catmullrom",
              "post": [0, 0, 0]
            },
            "0.1667": {
              "lerp_mode": "catmullrom",
              "post": [0.30637, -28.20967, -0.62148]
            },
            "0.375": {
              "lerp_mode": "catmullrom",
              "post": [6.58489, -17.05448, -11.43677]
            },
            "3.0": {
              "lerp_mode": "catmullrom",
              "post": [6.58489, -17.05448, -11.43677]
            },
            "3.25": {
              "lerp_mode": "catmullrom",
              "post": [0.30637, -28.20967, -0.62148]
            },
            "3.5": {
              "lerp_mode": "catmullrom",
              "post": [0, 0, 0]
            }
          }
        },
        "leg_right": {
          "position": {
            "0.0": [0, 0, 0],
            "0.625": [0, 0, 0],
            "0.8333": [0, 4, 0],
            "1.0": [0, 0, 0],
            "1.0417": [0.5, 0, 0],
            "1.0833": [0, 0, 0],
            "3.625": [0, 0, 0],
            "3.75": [0, 3, 0],
            "3.875": [0, 0, 0],
            "3.9167": [0.5, 0, 0],
            "3.9583": [0, 0, 0]
          },
          "rotation": {
            "0.0": [0, 0, 0],
            "0.625": [0, 0, 0],
            "1.0": [6.58489, 17.05448, 11.43677],
            "3.625": [6.58489, 17.05448, 11.43677],
            "3.875": [0, 0, 0]
          }
        },
        "neck": {
          "rotation": {
            "0.0": [0, 0, 0],
            "1.0": [-2.5, 0, 0],
            "4.3333": [0, 0, 0]
          }
        },
        "neck2": {
          "rotation": {
            "0.0": [0, 0, 0],
            "1.0": [-12.5, 0, 0],
            "1.25": [17.5, 0, 0],
            "1.75": [-12.5, 0, 0],
            "2.5": [-25, 0, 0],
            "3.625": [0, 0, 0]
          }
        },
        "tail": {
          "rotation": {
            "0.0": [0, 0, 0],
            "1.75": [-10, 0, 0],
            "4.3333": [0, 0, 0]
          }
        },
        "tail2": {
          "rotation": {
            "0.0": [0, 0, 0],
            "1.75": [17.5, 0, 0],
            "4.3333": [0, 0, 0]
          }
        },
        "tail3": {
          "rotation": {
            "0.0": [0, 0, 0],
            "1.75": [20, 0, 0],
            "4.3333": [0, 0, 0]
          }
        },
        "tail4": {
          "rotation": {
            "0.0": [0, 0, 0],
            "1.75": [10, 0, 0],
            "4.3333": [0, 0, 0]
          }
        },
        "tail5": {
          "rotation": {
            "0.0": [0, 0, 0],
            "1.75": [15, 0, 0],
            "4.3333": [0, 0, 0]
          }
        },
        "tail_spike_top": {
          "rotation": {
            "0.0": [0, 0, 0],
            "1.75": [12.5, 0, 0],
            "4.3333": [0, 0, 0]
          }
        },
        "tail_spike_top4": {
          "rotation": {
            "0.0": [0, 0, 0],
            "1.75": [0, 7.5, 0],
            "4.3333": [0, 0, 0]
          }
        },
        "torso": {
          "position": {
            "0.0": {
              "lerp_mode": "catmullrom",
              "post": [0, 0, 0]
            },
            "0.375": {
              "lerp_mode": "catmullrom",
              "post": [1, 0, 0]
            },
            "0.4167": {
              "lerp_mode": "catmullrom",
              "post": [0, 0, 0]
            },
            "0.4583": {
              "lerp_mode": "catmullrom",
              "post": [1, 0, 0]
            },
            "0.5": {
              "lerp_mode": "catmullrom",
              "post": [0, 0, 0]
            },
            "1.0": {
              "lerp_mode": "catmullrom",
              "post": [1, 0, 0]
            },
            "1.0417": {
              "lerp_mode": "catmullrom",
              "post": [0, 0, 0]
            },
            "1.0833": {
              "lerp_mode": "catmullrom",
              "post": [1, 0, 0]
            },
            "1.125": {
              "lerp_mode": "catmullrom",
              "post": [0, 0, 0]
            },
            "3.5": {
              "lerp_mode": "catmullrom",
              "post": [1, 0, 0]
            },
            "3.5417": {
              "lerp_mode": "catmullrom",
              "post": [0, 0, 0]
            },
            "3.5833": {
              "lerp_mode": "catmullrom",
              "post": [1, 0, 0]
            },
            "3.625": {
              "lerp_mode": "catmullrom",
              "post": [0, 0, 0]
            },
            "3.875": {
              "lerp_mode": "catmullrom",
              "post": [1, 0, 0]
            },
            "3.9167": {
              "lerp_mode": "catmullrom",
              "post": [0, 0, 0]
            },
            "3.9583": {
              "lerp_mode": "catmullrom",
              "post": [1, 0, 0]
            },
            "4.0": {
              "lerp_mode": "catmullrom",
              "post": [0, 0, 0]
            }
          },
          "rotation": {
            "0.0": {
              "lerp_mode": "catmullrom",
              "post": [0, 0, 0]
            },
            "0.25": {
              "lerp_mode": "catmullrom",
              "post": [-0.79316, -0.10442, -7.49928]
            },
            "0.375": {
              "lerp_mode": "catmullrom",
              "post": [0, 0, 0]
            },
            "0.5833": {
              "lerp_mode": "catmullrom",
              "post": [0, 0, 0]
            },
            "0.8333": {
              "lerp_mode": "catmullrom",
              "post": [-2.54551, 0.34238, 8.01729]
            },
            "1.0": {
              "lerp_mode": "catmullrom",
              "post": [0, 0, 0]
            },
            "1.25": {
              "lerp_mode": "catmullrom",
              "post": [0, 0, 0]
            },
            "1.5": [50, 0, 0],
            "2.5": [12.5, 0, 0],
            "3.0": {
              "lerp_mode": "catmullrom",
              "post": [0, 0, 0],
              "pre": [0, 0, 0]
            },
            "3.25": {
              "lerp_mode": "catmullrom",
              "post": [-0.79316, -0.10442, -7.49928]
            },
            "3.5": {
              "lerp_mode": "catmullrom",
              "post": [0, 0, 0]
            },
            "3.75": {
              "lerp_mode": "catmullrom",
              "post": [-0.79316, 0.1044, 7.4993]
            },
            "4.0": {
              "lerp_mode": "catmullrom",
              "post": [0, 0, 0]
            },
            "4.3333": {
              "lerp_mode": "catmullrom",
              "post": [0, 0, 0]
            }
          }
        },
        "tyranitar": {
          "position": [0, 0, 0],
          "scale": 1
        }
      },
      "loop": "hold_on_last_frame"
    }
  },
  "format_version": "1.8.0"
}