{
  "format_version": "1.12.0",
  "minecraft:geometry": [
    {
      "bones": [
        {
          "name": "mandibuzz",
          "pivot": [0, 0, 0]
        }, {
          "name": "body",
          "parent": "mandibuzz",
          "pivot": [0, 0, 0]
        }, {
          "cubes": [
            {
              "origin": [-4.5, 8, -5],
              "size": [9, 4, 8],
              "uv": [0, 51]
            },
            {
              "origin": [-6.5, 9, -7],
              "size": [13, 3, 1],
              "uv": [58, 0]
            },
            {
              "origin": [-6.5, 9, -6],
              "size": [1, 3, 11],
              "uv": [0, 63]
            },
            {
              "inflate": 0.02,
              "origin": [-5.5, 9, 4],
              "size": [4, 3, 1],
              "uv": [0, 63]
            }, {
              "origin": [-2.5, 8.5, 4],
              "pivot": [-1.5, 10.5, 4.5],
              "rotation": [0, 0, -30],
              "size": [1, 2, 1],
              "uv": [11, 0]
            }, {
              "origin": [-2.5, 11, 4],
              "pivot": [-1.5, 12, 4.5],
              "rotation": [0, 0, -45],
              "size": [1, 1, 1],
              "uv": [11, 3]
            }, {
              "inflate": 0.01,
              "origin": [-3.5, 7, 4],
              "pivot": [-3.5, 9, 4.5],
              "rotation": [0, 0, -10],
              "size": [2, 2, 1],
              "uv": [36, 52]
            }, {
              "inflate": 0.01,
              "origin": [1.5, 7, 4],
              "pivot": [3.5, 9, 4.5],
              "rotation": [0, 0, 10],
              "size": [2, 2, 1],
              "uv": [42, 13]
            }, {
              "inflate": 0.02,
              "origin": [1.5, 9, 4],
              "size": [4, 3, 1],
              "uv": [56, 62]
            },
            {
              "origin": [1.5, 8.5, 4],
              "pivot": [1.5, 10.5, 4.5],
              "rotation": [0, 0, 30],
              "size": [1, 2, 1],
              "uv": [0, 0]
            },
            {
              "origin": [1.5, 11, 4],
              "pivot": [1.5, 12, 4.5],
              "rotation": [0, 0, 45],
              "size": [1, 1, 1],
              "uv": [0, 3]
            },
            {
              "origin": [5.5, 9, -6],
              "size": [1, 3, 11],
              "uv": [43, 62]
            }, {
              "origin": [-3.25, 3, -6.5],
              "pivot": [-1.75, 9, -6.5],
              "rotation": [-32.5, 0, 0],
              "size": [3, 6, 0],
              "uv": [13, 63]
            }, {
              "origin": [0.25, 3, -6.5],
              "pivot": [1.75, 9, -6.5],
              "rotation": [-32.5, 0, 0],
              "size": [3, 6, 0],
              "uv": [58, 54]
            }, {
              "origin": [3.5, 3, -6.25],
              "pivot": [5, 9, -6.25],
              "rotation": [-27.5, -22.5, 0],
              "size": [3, 6, 0],
              "uv": [60, 45]
            }, {
              "origin": [4.75, 4, -4],
              "pivot": [6.25, 9, -4],
              "rotation": [-12.5, -85, 0],
              "size": [3, 5, 0],
              "uv": [74, 81]
            }, {
              "origin": [-6.5, 3, -6.25],
              "pivot": [-5, 9, -6.25],
              "rotation": [-27.5, 22.5, 0],
              "size": [3, 6, 0],
              "uv": [53, 25]
            }, {
              "origin": [-7.75, 4, -4],
              "pivot": [-6.25, 9, -4],
              "rotation": [-12.5, 85, 0],
              "size": [3, 5, 0],
              "uv": [68, 81]
            }, {
              "origin": [-6, 12, -7.5],
              "size": [12, 11, 13],
              "uv": [0, 21]
            }
          ],
          "name": "torso",
          "parent": "body",
          "pivot": [0, 13, -1],
          "rotation": [7.5, 0, 0]
        }, {
          "cubes": [
            {
              "origin": [-3, 2, 1],
              "size": [6, 6, 2],
              "uv": [90, 0]
            },
            {
              "origin": [1, -1, 2],
              "pivot": [3, 4, 2],
              "rotation": [-2.5, 0, -17.5],
              "size": [2, 5, 0],
              "uv": [81, 98]
            }, {
              "mirror": true,
              "origin": [-3, -1, 2],
              "pivot": [-3, 4, 2],
              "rotation": [-2.5, 0, 17.5],
              "size": [2, 5, 0],
              "uv": [81, 98]
            }, {
              "origin": [-1.5, -3, 2],
              "pivot": [0, 2, 2],
              "rotation": [2.5, 0, 0],
              "size": [3, 5, 0],
              "uv": [80, 93]
            },
            {
              "mirror": true,
              "origin": [-3, -3, 2],
              "pivot": [-1, 2, 2],
              "rotation": [0, 0, 5],
              "size": [2, 5, 0],
              "uv": [81, 98]
            }, {
              "origin": [1, -3, 2],
              "pivot": [1, 2, 2],
              "rotation": [0, 0, -5],
              "size": [2, 5, 0],
              "uv": [81, 98]
            }
          ],
          "name": "tail",
          "parent": "torso",
          "pivot": [0, 8, 1],
          "rotation": [27.5, 0, 0]
        }, {
          "cubes": [
            {
              "inflate": 0.02,
              "mirror": true,
              "origin": [-16, 19, -1.5],
              "size": [11, 3, 2],
              "uv": [26, 85]
            }, {
              "mirror": true,
              "origin": [-25.5, 15.5, -0.5],
              "pivot": [-17.5, 18.5, -0.5],
              "rotation": [0, 0, -95],
              "size": [9, 3, 0],
              "uv": [34, 95]
            }, {
              "mirror": true,
              "origin": [-21.5, 16.5, -0.5],
              "pivot": [-13.5, 19.5, -0.5],
              "rotation": [0, 0, -90],
              "size": [9, 3, 0],
              "uv": [34, 95]
            }, {
              "mirror": true,
              "origin": [-18, 17.5, -0.5],
              "pivot": [-10, 20.5, -0.5],
              "rotation": [0, 0, -92.5],
              "size": [9, 3, 0],
              "uv": [34, 95]
            }, {
              "inflate": 0.01,
              "mirror": true,
              "origin": [-11.5, 16, -1.5],
              "size": [4, 3, 0],
              "uv": [0, 91]
            },
            {
              "mirror": true,
              "origin": [-15.5, 15, -1.5],
              "size": [4, 4, 0],
              "uv": [0, 94]
            },
            {
              "mirror": true,
              "origin": [-15.5, 15, 0.5],
              "size": [4, 4, 0],
              "uv": [0, 94]
            },
            {
              "inflate": 0.01,
              "mirror": true,
              "origin": [-11.5, 16, 0.5],
              "size": [4, 3, 0],
              "uv": [0, 91]
            }
          ],
          "name": "wing_right",
          "parent": "torso",
          "pivot": [-6, 21, -0.5],
          "rotation": [0, 0, 22.5]
        }, {
          "cubes": [
            {
              "inflate": 0.03,
              "mirror": true,
              "origin": [-26.5, 18, -1.5],
              "size": [11, 4, 2],
              "uv": [0, 85]
            }, {
              "inflate": 0.01,
              "mirror": true,
              "origin": [-33.5, 15, -0.5],
              "pivot": [-23.5, 19, -0.5],
              "rotation": [0, 0, -95],
              "size": [11, 4, 0],
              "uv": [44, 90]
            }, {
              "mirror": true,
              "origin": [-36.75, 15.5, -0.5],
              "pivot": [-26.75, 19.5, -0.5],
              "rotation": [0, 0, -85],
              "size": [11, 4, 0],
              "uv": [44, 90]
            }, {
              "inflate": 0.01,
              "mirror": true,
              "origin": [-20.5, 14, -1.5],
              "size": [5, 4, 0],
              "uv": [18, 91]
            },
            {
              "mirror": true,
              "origin": [-25.5, 14, -1.5],
              "size": [5, 4, 0],
              "uv": [8, 91]
            },
            {
              "mirror": true,
              "origin": [-25.5, 14, 0.5],
              "size": [5, 4, 0],
              "uv": [8, 91]
            },
            {
              "inflate": 0.01,
              "mirror": true,
              "origin": [-20.5, 14, 0.5],
              "size": [5, 4, 0],
              "uv": [18, 91]
            }
          ],
          "name": "wing_right2",
          "parent": "wing_right",
          "pivot": [-16, 21, -0.5],
          "rotation": [0, 0, -10]
        }, {
          "cubes": [
            {
              "inflate": 0.02,
              "mirror": true,
              "origin": [-32, 19, -1.5],
              "size": [6, 3, 2],
              "uv": [28, 90]
            }, {
              "inflate": 0.01,
              "mirror": true,
              "origin": [-34, 17, -1.5],
              "pivot": [-27.5, 19.5, -0.5],
              "rotation": [0, 0, -22.5],
              "size": [7, 3, 0],
              "uv": [8, 95]
            }, {
              "inflate": 0.01,
              "mirror": true,
              "origin": [-38, 18.5, -0.5],
              "pivot": [-27.5, 19.5, -0.5],
              "rotation": [0, 0, -32.5],
              "size": [11, 4, 0],
              "uv": [44, 90]
            }, {
              "inflate": 0.01,
              "mirror": true,
              "origin": [-34, 17, 0.5],
              "pivot": [-27.5, 19.5, -0.5],
              "rotation": [0, 0, -22.5],
              "size": [7, 3, 0],
              "uv": [8, 95]
            }, {
              "mirror": true,
              "origin": [-38, 19.5, -0.5],
              "pivot": [-32, 21.5, -0.5],
              "rotation": [0, 0, -22.5],
              "size": [2, 2, 0],
              "uv": [0, 98]
            }, {
              "mirror": true,
              "origin": [-36, 19.5, -1.5],
              "pivot": [-32, 21.5, -0.5],
              "rotation": [0, 0, -22.5],
              "size": [4, 2, 2],
              "uv": [22, 95]
            }
          ],
          "name": "wing_right3",
          "parent": "wing_right2",
          "pivot": [-26.5, 21, -0.5],
          "rotation": [0, 0, -35]
        }, {
          "cubes": [
            {
              "inflate": 0.02,
              "origin": [5, 19, -1.5],
              "size": [11, 3, 2],
              "uv": [26, 85]
            }, {
              "origin": [16.5, 15.5, -0.5],
              "pivot": [17.5, 18.5, -0.5],
              "rotation": [0, 0, 95],
              "size": [9, 3, 0],
              "uv": [34, 95]
            }, {
              "origin": [12.5, 16.5, -0.5],
              "pivot": [13.5, 19.5, -0.5],
              "rotation": [0, 0, 90],
              "size": [9, 3, 0],
              "uv": [34, 95]
            }, {
              "origin": [9, 17.5, -0.5],
              "pivot": [10, 20.5, -0.5],
              "rotation": [0, 0, 92.5],
              "size": [9, 3, 0],
              "uv": [34, 95]
            }, {
              "inflate": 0.01,
              "origin": [7.5, 16, -1.5],
              "size": [4, 3, 0],
              "uv": [0, 91]
            },
            {
              "origin": [11.5, 15, -1.5],
              "size": [4, 4, 0],
              "uv": [0, 94]
            },
            {
              "origin": [11.5, 15, 0.5],
              "size": [4, 4, 0],
              "uv": [0, 94]
            },
            {
              "inflate": 0.01,
              "origin": [7.5, 16, 0.5],
              "size": [4, 3, 0],
              "uv": [0, 91]
            }
          ],
          "name": "wing_left",
          "parent": "torso",
          "pivot": [6, 21, -0.5],
          "rotation": [0, 0, -22.5]
        }, {
          "cubes": [
            {
              "inflate": 0.03,
              "origin": [15.5, 18, -1.5],
              "size": [11, 4, 2],
              "uv": [0, 85]
            }, {
              "inflate": 0.01,
              "origin": [22.5, 15, -0.5],
              "pivot": [23.5, 19, -0.5],
              "rotation": [0, 0, 95],
              "size": [11, 4, 0],
              "uv": [44, 90]
            }, {
              "origin": [25.75, 15.5, -0.5],
              "pivot": [26.75, 19.5, -0.5],
              "rotation": [0, 0, 85],
              "size": [11, 4, 0],
              "uv": [44, 90]
            }, {
              "inflate": 0.01,
              "origin": [15.5, 14, -1.5],
              "size": [5, 4, 0],
              "uv": [18, 91]
            },
            {
              "origin": [20.5, 14, -1.5],
              "size": [5, 4, 0],
              "uv": [8, 91]
            },
            {
              "origin": [20.5, 14, 0.5],
              "size": [5, 4, 0],
              "uv": [8, 91]
            },
            {
              "inflate": 0.01,
              "origin": [15.5, 14, 0.5],
              "size": [5, 4, 0],
              "uv": [18, 91]
            }
          ],
          "name": "wing_left2",
          "parent": "wing_left",
          "pivot": [16, 21, -0.5],
          "rotation": [0, 0, 7.5]
        }, {
          "cubes": [
            {
              "inflate": 0.02,
              "origin": [26, 19, -1.5],
              "size": [6, 3, 2],
              "uv": [28, 90]
            }, {
              "inflate": 0.01,
              "origin": [27, 17, -1.5],
              "pivot": [27.5, 19.5, -0.5],
              "rotation": [0, 0, 22.5],
              "size": [7, 3, 0],
              "uv": [8, 95]
            }, {
              "inflate": 0.01,
              "origin": [27, 18.5, -0.5],
              "pivot": [27.5, 19.5, -0.5],
              "rotation": [0, 0, 32.5],
              "size": [11, 4, 0],
              "uv": [44, 90]
            }, {
              "inflate": 0.01,
              "origin": [27, 17, 0.5],
              "pivot": [27.5, 19.5, -0.5],
              "rotation": [0, 0, 22.5],
              "size": [7, 3, 0],
              "uv": [8, 95]
            }, {
              "origin": [36, 19.5, -0.5],
              "pivot": [32, 21.5, -0.5],
              "rotation": [0, 0, 22.5],
              "size": [2, 2, 0],
              "uv": [0, 98]
            }, {
              "origin": [32, 19.5, -1.5],
              "pivot": [32, 21.5, -0.5],
              "rotation": [0, 0, 22.5],
              "size": [4, 2, 2],
              "uv": [22, 95]
            }
          ],
          "name": "wing_left3",
          "parent": "wing_left2",
          "pivot": [26.5, 21, -0.5],
          "rotation": [0, 0, 35]
        }, {
          "cubes": [
            {
              "origin": [-2, 22, -3.5],
              "size": [4, 3, 3],
              "uv": [14, 77]
            }
          ],
          "name": "neck",
          "parent": "torso",
          "pivot": [0, 23, -2]
        }, {
          "cubes": [
            {
              "inflate": 0.01,
              "origin": [-2, 24, -3.5],
              "size": [4, 3, 3],
              "uv": [0, 77]
            }
          ],
          "name": "neck2",
          "parent": "neck",
          "pivot": [0, 25, -2]
        }, {
          "cubes": [
            {
              "inflate": 0.03,
              "origin": [-2, 26, -3.5],
              "size": [4, 3, 3],
              "uv": [46, 76]
            }
          ],
          "name": "neck3",
          "parent": "neck2",
          "pivot": [0, 27, -2]
        }, {
          "cubes": [
            {
              "inflate": 0.04,
              "origin": [-2, 28, -3.5],
              "size": [4, 3, 3],
              "uv": [76, 4]
            }
          ],
          "name": "neck4",
          "parent": "neck3",
          "pivot": [0, 29, -2]
        }, {
          "cubes": [
            {
              "inflate": 0.05,
              "origin": [-2, 30, -3.5],
              "size": [4, 3, 3],
              "uv": [70, 17]
            }
          ],
          "name": "neck5",
          "parent": "neck4",
          "pivot": [0, 31, -2]
        }, {
          "cubes": [
            {
              "origin": [-2.5, 31.5, -5.5],
              "size": [5, 5, 6],
              "uv": [13, 63]
            },
            {
              "origin": [-2.51, 35.5, -3],
              "size": [0, 1, 1],
              "uv": [3, -1]
            },
            {
              "origin": [-2.52, 34, -5],
              "size": [1, 1, 1],
              "uv": [26, 51]
            },
            {
              "origin": [-2.51, 33, -5.5],
              "size": [0, 2, 3],
              "uv": [0, 80]
            },
            {
              "origin": [-2.51, 35, -1.5],
              "size": [0, 1, 1],
              "uv": [3, -1]
            },
            {
              "mirror": true,
              "origin": [2.51, 35, -1.5],
              "size": [0, 1, 1],
              "uv": [3, -1]
            },
            {
              "mirror": true,
              "origin": [2.51, 35.5, -3],
              "size": [0, 1, 1],
              "uv": [3, -1]
            },
            {
              "mirror": true,
              "origin": [2.51, 33, -5.5],
              "size": [0, 2, 3],
              "uv": [0, 80]
            },
            {
              "mirror": true,
              "origin": [1.52, 34, -5],
              "size": [1, 1, 1],
              "uv": [26, 51]
            },
            {
              "inflate": 0.01,
              "origin": [-1.5, 33.5, -9.5],
              "size": [3, 2, 4],
              "uv": [26, 52]
            },
            {
              "origin": [-1, 32.5, -9.5],
              "size": [2, 1, 0],
              "uv": [11, 11]
            }
          ],
          "name": "head",
          "parent": "neck5",
          "pivot": [0, 33, -2]
        }, {
          "cubes": [
            {
              "origin": [0, 30.5, 0.5],
              "size": [0, 7, 14],
              "uv": [32, 31]
            },
            {
              "origin": [-4, 34, 1.5],
              "size": [8, 1, 1],
              "uv": [62, 42]
            },
            {
              "origin": [-5, 33.5, 2],
              "pivot": [-3, 34.5, 2],
              "rotation": [0, 5, 0],
              "size": [2, 2, 2],
              "uv": [60, 79]
            },
            {
              "origin": [-5, 33.5, 0],
              "pivot": [-3, 34.5, 2],
              "rotation": [0, -5, 0],
              "size": [2, 2, 2],
              "uv": [77, 27]
            },
            {
              "origin": [3, 33.5, 2],
              "pivot": [3, 34.5, 2],
              "rotation": [0, -5, 0],
              "size": [2, 2, 2],
              "uv": [0, 67]
            },
            {
              "origin": [3, 33.5, 0],
              "pivot": [3, 34.5, 2],
              "rotation": [0, 5, 0],
              "size": [2, 2, 2],
              "uv": [41, 68]
            }
          ],
          "name": "hair",
          "parent": "head",
          "pivot": [0, 34.5, 0.5],
          "rotation": [-12.5, 0, 0]
        }, {
          "cubes": [
            {
              "origin": [-1.5, 32, -8.5],
              "size": [3, 2, 3],
              "uv": [0, 29]
            }
          ],
          "name": "jaw",
          "parent": "head",
          "pivot": [0, 32, -5.5],
          "rotation": [-22.5, 0, 0]
        }, {
          "cubes": [
            {
              "origin": [-6.5, 16.98763, -10.92539],
              "size": [13, 4, 0],
              "uv": [56, 67]
            },
            {
              "origin": [-6.5, 17.98763, 5.07461],
              "size": [13, 3, 0],
              "uv": [70, 14]
            },
            {
              "origin": [-6.5, 17.98763, -10.92539],
              "size": [0, 3, 16],
              "uv": [0, 32]
            },
            {
              "origin": [6.5, 17.98763, -10.92539],
              "size": [0, 3, 16],
              "uv": [0, 29]
            },
            {
              "origin": [-6.5, 20.98763, -10.92539],
              "size": [13, 5, 16],
              "uv": [0, 0]
            }
          ],
          "name": "neck_fluff",
          "parent": "torso",
          "pivot": [0, 25, -2],
          "rotation": [17.5, 0, 0]
        }, {
          "cubes": [
            {
              "origin": [-4, 0.5, 0],
              "size": [1, 5, 1],
              "uv": [80, 81]
            },
            {
              "inflate": 0.01,
              "origin": [-5.5, 0, -1],
              "size": [4, 1, 3],
              "uv": [77, 23]
            },
            {
              "origin": [-4, 0, -4],
              "size": [1, 1, 3],
              "uv": [79, 39]
            }, {
              "origin": [-5.5, 0, -4],
              "pivot": [-4.5, 0.5, -1],
              "rotation": [0, 22.5, 0],
              "size": [1, 1, 3],
              "uv": [46, 69]
            }, {
              "origin": [-2.5, 0, -4],
              "pivot": [-2.5, 0.5, -1],
              "rotation": [0, -22.5, 0],
              "size": [1, 1, 3],
              "uv": [29, 65]
            }, {
              "origin": [-5, 0, -5],
              "pivot": [-4.5, 0.5, -1],
              "rotation": [0, 22.5, 0],
              "size": [0, 1, 1],
              "uv": [11, 12]
            }, {
              "origin": [-3.5, 0, -5],
              "size": [0, 1, 1],
              "uv": [0, 12]
            }, {
              "origin": [-2, 0, -5],
              "pivot": [-2.5, 0.5, -1],
              "rotation": [0, -22.5, 0],
              "size": [0, 1, 1],
              "uv": [11, 11]
            }, {
              "origin": [-5, 4, -3],
              "size": [3, 6, 5],
              "uv": [30, 71]
            }
          ],
          "name": "leg_right",
          "parent": "body",
          "pivot": [-3.5, 10, 0]
        }, {
          "cubes": [
            {
              "origin": [3, 0.5, 0],
              "size": [1, 5, 1],
              "uv": [25, 74]
            },
            {
              "inflate": 0.01,
              "origin": [1.5, 0, -1],
              "size": [4, 1, 3],
              "uv": [0, 11]
            },
            {
              "origin": [3, 0, -4],
              "size": [1, 1, 3],
              "uv": [0, 55]
            }, {
              "origin": [4.5, 0, -4],
              "pivot": [4.5, 0.5, -1],
              "rotation": [0, -22.5, 0],
              "size": [1, 1, 3],
              "uv": [53, 21]
            },
            {
              "origin": [1.5, 0, -4],
              "pivot": [2.5, 0.5, -1],
              "rotation": [0, 22.5, 0],
              "size": [1, 1, 3],
              "uv": [0, 51]
            },
            {
              "origin": [5, 0, -5],
              "pivot": [4.5, 0.5, -1],
              "rotation": [0, -22.5, 0],
              "size": [0, 1, 1],
              "uv": [0, 11]
            },
            {
              "origin": [3.5, 0, -5],
              "size": [0, 1, 1],
              "uv": [0, 10]
            },
            {
              "origin": [2, 0, -5],
              "pivot": [2.5, 0.5, -1],
              "rotation": [0, 22.5, 0],
              "size": [0, 1, 1],
              "uv": [3, 2]
            },
            {
              "origin": [2, 4, -3],
              "size": [3, 6, 5],
              "uv": [0, 0]
            }
          ],
          "name": "leg_left",
          "parent": "body",
          "pivot": [3.5, 10, 0]
        }
      ],
      "description": {
        "identifier": "geometry.mandibuzz",
        "texture_height": 128,
        "texture_width": 128,
        "visible_bounds_height": 3.5,
        "visible_bounds_offset": [0, 1.25, 0],
        "visible_bounds_width": 6
      }
    }
  ]
}