{
  "animations": {
    "animation.tympole.blink": {
      "animation_length": 0.2083,
      "bones": {
        "eye": {
          "position": {
            "0.0": [0, 0, 0],
            "0.0417": [0, 0, 1],
            "0.1667": [0, 0, 1],
            "0.2083": [0, 0, 0]
          }
        },
        "happy": {
          "position": {
            "0.0": [0, 0, 0],
            "0.0417": [0, 0, -2],
            "0.1667": [0, 0, -2],
            "0.2083": [0, 0, 0]
          }
        },
        "left_eye": {
          "position": {
            "0.0": [0, 0, 0],
            "0.0417": [0, 0, 1],
            "0.1667": [0, 0, 1],
            "0.2083": [0, 0, 0]
          }
        }
      }
    },
    "animation.tympole.cry": {
      "animation_length": 1.75,
      "bones": {
        "angry": {
          "position": {
            "0.1667": [0, 0, 0],
            "0.25": [0, 0, -1],
            "1.7083": [0, 0, -1],
            "1.75": [0, 0, 0]
          }
        },
        "body": {
          "position": {
            "0.0": [0, 0, 0],
            "0.375": [0, -0.71, -0.86],
            "0.4583": [0, 9, -2],
            "1.4583": [0, 9, -2],
            "1.6667": [0, 0, 0]
          },
          "rotation": {
            "0.0": [0, 0, 0],
            "0.375": [-15, 0, 0],
            "0.4583": [-15, 0, 0],
            "0.5417": [-15, 0, -0.5],
            "0.625": [-15, 0, 0.5],
            "0.7083": [-15, 0, -1.5],
            "0.7917": [-15, 0, 1.5],
            "0.875": [-15, 0, -3],
            "0.9583": [-15, 0, 3],
            "1.0417": [-15, 0, -3],
            "1.125": [-15, 0, 2.5],
            "1.2083": [-15, 0, -2.5],
            "1.2917": [-15, 0, 1.5],
            "1.375": [-15, 0, -1.5],
            "1.4583": [-15, 0, 0],
            "1.6667": [0, 0, 0]
          }
        },
        "close": {
          "position": {
            "0.0": [0, 0, 0],
            "0.125": [0, 0, 0],
            "0.2917": [0, 0, 1],
            "1.5833": [0, 0, 1],
            "1.625": [0, 0, 0],
            "1.6667": [0, 0, 0]
          }
        },
        "close1": {
          "position": {
            "0.0417": [0, 0, 0],
            "0.125": [0, 0, -1],
            "0.375": [0, 0, -1],
            "0.4583": [0, 0, 0],
            "1.4583": [0, 0, -1],
            "1.5833": [0, 0, -1],
            "1.6667": [0, 0, 0]
          }
        },
        "close2": {
          "position": {
            "0.3333": [0, 0, 0],
            "0.4167": [0, 0, -1],
            "0.625": [0, 0, -1],
            "0.7083": [0, 0, 0]
          }
        },
        "left_ear": {
          "scale": {
            "0.375": {
              "lerp_mode": "catmullrom",
              "post": [1, 1, 1],
              "pre": [1, 1, 1]
            },
            "0.4583": {
              "lerp_mode": "catmullrom",
              "post": [1.2, 1, 1]
            },
            "0.5417": {
              "lerp_mode": "catmullrom",
              "post": [1, 1, 1]
            },
            "0.625": {
              "lerp_mode": "catmullrom",
              "post": [1.3, 1, 1]
            },
            "0.7083": {
              "lerp_mode": "catmullrom",
              "post": [1, 1, 1]
            },
            "0.7917": {
              "lerp_mode": "catmullrom",
              "post": [1.2, 1, 1]
            },
            "0.875": {
              "lerp_mode": "catmullrom",
              "post": [1, 1, 1]
            },
            "0.9583": {
              "lerp_mode": "catmullrom",
              "post": [1.3, 1, 1]
            },
            "1.0417": {
              "lerp_mode": "catmullrom",
              "post": [1, 1, 1]
            },
            "1.125": {
              "lerp_mode": "catmullrom",
              "post": [1.2, 1, 1]
            },
            "1.2083": {
              "lerp_mode": "catmullrom",
              "post": [1, 1, 1]
            },
            "1.2917": {
              "lerp_mode": "catmullrom",
              "post": [1.3, 1, 1]
            },
            "1.375": {
              "lerp_mode": "catmullrom",
              "post": [1, 1, 1]
            },
            "1.4583": [1, 1, 1]
          }
        },
        "left_eye": {
          "position": {
            "1.4167": [0, 0, 0],
            "1.4583": [0, 0, 1],
            "1.625": [0, 0, 1],
            "1.6667": [0, 0, 0]
          }
        },
        "open2": {
          "position": {
            "0.625": [0, 0, 0],
            "0.6667": [0, 0, -1],
            "1.4167": [0, 0, -1],
            "1.5": [0, 0, 0]
          }
        },
        "right_ear": {
          "scale": {
            "0.375": {
              "lerp_mode": "catmullrom",
              "post": [1, 1, 1],
              "pre": [1, 1, 1]
            },
            "0.4583": {
              "lerp_mode": "catmullrom",
              "post": [1.2, 1, 1]
            },
            "0.5417": {
              "lerp_mode": "catmullrom",
              "post": [1, 1, 1]
            },
            "0.625": {
              "lerp_mode": "catmullrom",
              "post": [1.3, 1, 1]
            },
            "0.7083": {
              "lerp_mode": "catmullrom",
              "post": [1, 1, 1]
            },
            "0.7917": {
              "lerp_mode": "catmullrom",
              "post": [1.2, 1, 1]
            },
            "0.875": {
              "lerp_mode": "catmullrom",
              "post": [1, 1, 1]
            },
            "0.9583": {
              "lerp_mode": "catmullrom",
              "post": [1.3, 1, 1]
            },
            "1.0417": {
              "lerp_mode": "catmullrom",
              "post": [1, 1, 1]
            },
            "1.125": {
              "lerp_mode": "catmullrom",
              "post": [1.3, 1, 1]
            },
            "1.2083": {
              "lerp_mode": "catmullrom",
              "post": [1, 1, 1]
            },
            "1.2917": {
              "lerp_mode": "catmullrom",
              "post": [1.2, 1, 1]
            },
            "1.375": {
              "lerp_mode": "catmullrom",
              "post": [1, 1, 1]
            },
            "1.4583": [1, 1, 1]
          }
        },
        "right_eye": {
          "position": {
            "1.4167": [0, 0, 0],
            "1.4583": [0, 0, 1],
            "1.625": [0, 0, 1],
            "1.6667": [0, 0, 0]
          }
        },
        "sleep": {
          "position": {
            "1.4167": [0, 0, 0],
            "1.4583": [0, 0, -1],
            "1.625": [0, 0, -1],
            "1.6667": [0, 0, 0]
          }
        },
        "tail": {
          "rotation": {
            "0.0": [0, 0, 0],
            "0.2917": [45, 0, 0],
            "0.375": [45, 0, 0],
            "0.4583": ["-30-(math.sin(q.anim_time*240*6-85)*8)", 0, 0],
            "1.5417": ["-30-(math.sin(q.anim_time*240*6-85)*8)", 0, 0],
            "1.6667": [0, 0, 0]
          }
        },
        "tail2": {
          "rotation": {
            "0.0": [0, 0, 0],
            "0.2917": [17.5, 0, 0],
            "0.375": [17.5, 0, 0],
            "0.4583": ["-(math.sin(q.anim_time*240*6-85)*8)", 0, 0],
            "1.5417": ["-(math.sin(q.anim_time*240*6-85)*8)", 0, 0],
            "1.6667": [0, 0, 0]
          }
        },
        "tail3": {
          "rotation": {
            "0.0": [0, 0, 0],
            "0.2917": [17.5, 0, 0],
            "0.375": [17.5, 0, 0],
            "0.4583": ["-(math.sin(q.anim_time*240*6-85)*8)", 0, 0],
            "1.5417": ["-(math.sin(q.anim_time*240*6-85)*8)", 0, 0],
            "1.6667": [0, 0, 0]
          }
        }
      }
    },
    "animation.tympole.ground_idle": {
      "bones": {
        "body": {
          "position": [0, "1+(math.sin(q.anim_time*110*4-85)*1)", 0],
          "rotation": ["-(math.sin(q.anim_time*110*4-8)*5)", "-math.sin(q.anim_time*110*4)*1-(math.sin(q.anim_time*90*4)*1)", "-math.sin(q.anim_time*110*4)*4-(math.sin(q.anim_time*90*4)*1)"]
        },
        "tail": {
          "rotation": ["-(math.sin(q.anim_time*110*4-85)*8)", 0, "-(math.sin(q.anim_time*110*4-85)*4):+(math.sin(q.anim_time*85*4-85)*4)"]
        },
        "tail2": {
          "rotation": ["-(math.sin(q.anim_time*110*4-85)*8)", 0, 0]
        },
        "tail3": {
          "rotation": ["-(math.sin(q.anim_time*110*4-85)*8)", 0, 0]
        }
      },
      "loop": true
    },
    "animation.tympole.ground_walk": {
      "bones": {
        "body": {
          "position": [0, "1+(math.sin(q.anim_time*120*4-85)*1)", "math.sin(q.anim_time*120*4-85)*1"],
          "rotation": ["-(math.sin(q.anim_time*120*4-8)*5)", "-math.sin(q.anim_time*120*4)*1-(math.sin(q.anim_time*90*4)*1)", 0]
        },
        "tail": {
          "rotation": ["-(math.sin(q.anim_time*120*4-85)*8)", 0, "-(math.sin(q.anim_time*120*4-85)*4):+(math.sin(q.anim_time*85*4-85)*4)"]
        },
        "tail2": {
          "rotation": ["-(math.sin(q.anim_time*120*4-85)*8)", 0, 0]
        },
        "tail3": {
          "rotation": ["-(math.sin(q.anim_time*120*4-85)*8)", 0, 0]
        }
      },
      "loop": true
    },
    "animation.tympole.pose1": {
      "bones": {
        "angry": {
          "position": [0, 0, 1]
        },
        "body": {
          "position": [0, 9, 0]
        },
        "emote": {
          "position": [0, 0, -1]
        },
        "head": {
          "rotation": [17.5, 0, 0]
        },
        "left_eye": {
          "position": [0, 0, 1]
        },
        "open": {
          "position": [0, 0, -1]
        },
        "right_eye": {
          "position": [0, 0, 1]
        },
        "sad": {
          "position": [0, 0, 1]
        },
        "sleep": {
          "position": [0, 0, 1]
        },
        "tail": {
          "position": [0, 0, 0.5],
          "rotation": [-77.5, 0, 0]
        },
        "tail2": {
          "rotation": [-15, 0, 0]
        },
        "tail3": {
          "rotation": [-17.5, 0, 0]
        }
      },
      "loop": true
    },
    "animation.tympole.pose2": {
      "bones": {
        "open": {
          "position": [0, 0, 1]
        },
        "tail": {
          "rotation": [-40, 0, 0]
        }
      },
      "loop": true
    },
    "animation.tympole.sleep": {
      "bones": {
        "body": {
          "rotation": ["-(math.sin(q.anim_time*10*4-8)*2)", "-math.sin(q.anim_time*10*4)*1-(math.sin(q.anim_time*10*4)*1)", 0]
        },
        "close": {
          "position": [0, 0, 1]
        },
        "close1": {
          "position": [0, 0, -1]
        },
        "left_eye": {
          "position": [0, 0, 1]
        },
        "right_eye": {
          "position": [0, 0, 1]
        },
        "sleep": {
          "position": [0, 0, -1]
        },
        "tail": {
          "rotation": ["-(math.sin(q.anim_time*10*4-85)*4)", 0, 0]
        },
        "tail2": {
          "rotation": ["-(math.sin(q.anim_time*10*4-85)*6)", 0, 0]
        },
        "tail3": {
          "rotation": ["-(math.sin(q.anim_time*10*4-85)*8)", 0, 0]
        }
      },
      "loop": true
    },
    "animation.tympole.status": {
      "animation_length": 1.75,
      "bones": {
        "angry": {
          "position": {
            "0.1667": [0, 0, 0],
            "0.25": [0, 0, -1],
            "1.7083": [0, 0, -1],
            "1.75": [0, 0, 0]
          }
        },
        "body": {
          "position": {
            "0.0": [0, 0, 0],
            "0.375": [0, -0.71, -0.86],
            "0.4583": [0, 9, -2],
            "1.4583": [0, 9, -2],
            "1.6667": [0, 0, 0]
          },
          "rotation": {
            "0.0": [0, 0, 0],
            "0.375": [-15, 0, 0],
            "0.4583": [-15, 0, 0],
            "0.5417": [-15, 0, -0.5],
            "0.625": [-15, 0, 0.5],
            "0.7083": [-15, 0, -1.5],
            "0.7917": [-15, 0, 1.5],
            "0.875": [-15, 0, -3],
            "0.9583": [-15, 0, 3],
            "1.0417": [-15, 0, -3],
            "1.125": [-15, 0, 2.5],
            "1.2083": [-15, 0, -2.5],
            "1.2917": [-15, 0, 1.5],
            "1.375": [-15, 0, -1.5],
            "1.4583": [-15, 0, 0],
            "1.6667": [0, 0, 0]
          }
        },
        "close": {
          "position": {
            "0.0": [0, 0, 0],
            "0.125": [0, 0, 0],
            "0.2917": [0, 0, 1],
            "1.5833": [0, 0, 1],
            "1.625": [0, 0, 0],
            "1.6667": [0, 0, 0]
          }
        },
        "close1": {
          "position": {
            "0.0417": [0, 0, 0],
            "0.125": [0, 0, -1],
            "0.375": [0, 0, -1],
            "0.4583": [0, 0, 0],
            "1.4583": [0, 0, -1],
            "1.5833": [0, 0, -1],
            "1.6667": [0, 0, 0]
          }
        },
        "close2": {
          "position": {
            "0.3333": [0, 0, 0],
            "0.4167": [0, 0, -1],
            "0.625": [0, 0, -1],
            "0.7083": [0, 0, 0]
          }
        },
        "left_ear": {
          "scale": {
            "0.375": {
              "lerp_mode": "catmullrom",
              "post": [1, 1, 1],
              "pre": [1, 1, 1]
            },
            "0.4583": {
              "lerp_mode": "catmullrom",
              "post": [1.2, 1, 1]
            },
            "0.5417": {
              "lerp_mode": "catmullrom",
              "post": [1, 1, 1]
            },
            "0.625": {
              "lerp_mode": "catmullrom",
              "post": [1.3, 1, 1]
            },
            "0.7083": {
              "lerp_mode": "catmullrom",
              "post": [1, 1, 1]
            },
            "0.7917": {
              "lerp_mode": "catmullrom",
              "post": [1.2, 1, 1]
            },
            "0.875": {
              "lerp_mode": "catmullrom",
              "post": [1, 1, 1]
            },
            "0.9583": {
              "lerp_mode": "catmullrom",
              "post": [1.3, 1, 1]
            },
            "1.0417": {
              "lerp_mode": "catmullrom",
              "post": [1, 1, 1]
            },
            "1.125": {
              "lerp_mode": "catmullrom",
              "post": [1.2, 1, 1]
            },
            "1.2083": {
              "lerp_mode": "catmullrom",
              "post": [1, 1, 1]
            },
            "1.2917": {
              "lerp_mode": "catmullrom",
              "post": [1.3, 1, 1]
            },
            "1.375": {
              "lerp_mode": "catmullrom",
              "post": [1, 1, 1]
            },
            "1.4583": [1, 1, 1]
          }
        },
        "left_eye": {
          "position": {
            "1.4167": [0, 0, 0],
            "1.4583": [0, 0, 1],
            "1.625": [0, 0, 1],
            "1.6667": [0, 0, 0]
          }
        },
        "open2": {
          "position": {
            "0.625": [0, 0, 0],
            "0.6667": [0, 0, -1],
            "1.4167": [0, 0, -1],
            "1.5": [0, 0, 0]
          }
        },
        "right_ear": {
          "scale": {
            "0.375": {
              "lerp_mode": "catmullrom",
              "post": [1, 1, 1],
              "pre": [1, 1, 1]
            },
            "0.4583": {
              "lerp_mode": "catmullrom",
              "post": [1.2, 1, 1]
            },
            "0.5417": {
              "lerp_mode": "catmullrom",
              "post": [1, 1, 1]
            },
            "0.625": {
              "lerp_mode": "catmullrom",
              "post": [1.3, 1, 1]
            },
            "0.7083": {
              "lerp_mode": "catmullrom",
              "post": [1, 1, 1]
            },
            "0.7917": {
              "lerp_mode": "catmullrom",
              "post": [1.2, 1, 1]
            },
            "0.875": {
              "lerp_mode": "catmullrom",
              "post": [1, 1, 1]
            },
            "0.9583": {
              "lerp_mode": "catmullrom",
              "post": [1.3, 1, 1]
            },
            "1.0417": {
              "lerp_mode": "catmullrom",
              "post": [1, 1, 1]
            },
            "1.125": {
              "lerp_mode": "catmullrom",
              "post": [1.3, 1, 1]
            },
            "1.2083": {
              "lerp_mode": "catmullrom",
              "post": [1, 1, 1]
            },
            "1.2917": {
              "lerp_mode": "catmullrom",
              "post": [1.2, 1, 1]
            },
            "1.375": {
              "lerp_mode": "catmullrom",
              "post": [1, 1, 1]
            },
            "1.4583": [1, 1, 1]
          }
        },
        "right_eye": {
          "position": {
            "1.4167": [0, 0, 0],
            "1.4583": [0, 0, 1],
            "1.625": [0, 0, 1],
            "1.6667": [0, 0, 0]
          }
        },
        "sleep": {
          "position": {
            "1.4167": [0, 0, 0],
            "1.4583": [0, 0, -1],
            "1.625": [0, 0, -1],
            "1.6667": [0, 0, 0]
          }
        },
        "tail": {
          "rotation": {
            "0.0": [0, 0, 0],
            "0.2917": [45, 0, 0],
            "0.375": [45, 0, 0],
            "0.4583": ["-30-(math.sin(q.anim_time*240*6-85)*8)", 0, 0],
            "1.5417": ["-30-(math.sin(q.anim_time*240*6-85)*8)", 0, 0],
            "1.6667": [0, 0, 0]
          }
        },
        "tail2": {
          "rotation": {
            "0.0": [0, 0, 0],
            "0.2917": [17.5, 0, 0],
            "0.375": [17.5, 0, 0],
            "0.4583": ["-(math.sin(q.anim_time*240*6-85)*8)", 0, 0],
            "1.5417": ["-(math.sin(q.anim_time*240*6-85)*8)", 0, 0],
            "1.6667": [0, 0, 0]
          }
        },
        "tail3": {
          "rotation": {
            "0.0": [0, 0, 0],
            "0.2917": [17.5, 0, 0],
            "0.375": [17.5, 0, 0],
            "0.4583": ["-(math.sin(q.anim_time*240*6-85)*8)", 0, 0],
            "1.5417": ["-(math.sin(q.anim_time*240*6-85)*8)", 0, 0],
            "1.6667": [0, 0, 0]
          }
        }
      }
    },
    "animation.tympole.water_idle": {
      "bones": {
        "body": {
          "position": ["(math.sin(q.anim_time*86.5*4)*1)", "1+(math.sin(q.anim_time*86.5*4-85)*1)", 0],
          "rotation": ["-(math.sin(q.anim_time*86.5*4-8)*5)", "-math.sin(q.anim_time*86.5*4)*1-(math.sin(q.anim_time*90*4)*1)", "-math.sin(q.anim_time*86.5*4)*4-(math.sin(q.anim_time*90*4)*1)"]
        },
        "tail": {
          "rotation": ["-(math.sin(q.anim_time*86.5*4-85)*8)", 0, "-(math.sin(q.anim_time*86.5*4-85)*4):+(math.sin(q.anim_time*85*4-85)*4)"]
        },
        "tail2": {
          "rotation": ["-(math.sin(q.anim_time*86.5*4-85)*8)", 0, 0]
        },
        "tail3": {
          "rotation": ["-(math.sin(q.anim_time*86.5*4-85)*8)", 0, 0]
        }
      },
      "loop": true
    },
    "animation.tympole.water_swim": {
      "bones": {
        "body": {
          "position": ["(math.sin(q.anim_time*86.5*4)*1)", "1+(math.sin(q.anim_time*86.5*4-85)*1)", "math.sin(q.anim_time*86.5*4+85)*1.5+math.sin(q.anim_time*86.5*4+85)*1.5"],
          "rotation": ["-(math.sin(q.anim_time*86.5*4-8)*5)", "-math.sin(q.anim_time*86.5*4)*1-(math.sin(q.anim_time*90*4)*1)", "-math.sin(q.anim_time*86.5*4)*4-(math.sin(q.anim_time*90*4)*1)"]
        },
        "tail": {
          "rotation": ["(math.sin(q.anim_time*86.5*2*4-85)*12)+(math.sin(q.anim_time*86.5*2*4-85)*12)", "-(math.sin(q.anim_time*86.5*6-85)*8):+(math.sin(q.anim_time*85*4-85)*8)", "(math.sin(q.anim_time*86.5*4-85)*4):+(math.sin(q.anim_time*85*4-85)*4)"]
        },
        "tail2": {
          "rotation": ["(math.sin(q.anim_time*86.5*2*4-85)*8)+(math.sin(q.anim_time*86.5*2*4-85)*8)", 0, 0]
        },
        "tail3": {
          "rotation": ["(math.sin(q.anim_time*86.5*2*4-85)*8)+(math.sin(q.anim_time*86.5*2*4-85)*8)", 0, 0]
        }
      },
      "loop": true
    }
  },
  "format_version": "1.8.0"
}