{
  "format_version": "1.12.0",
  "minecraft:geometry": [
    {
      "bones": [
        {
          "name": "skitty",
          "pivot": [0, 0, 0]
        }, {
          "cubes": [
            {
              "origin": [-3, 1.75, -4],
              "size": [6, 4, 8],
              "uv": [0, 14]
            }
          ],
          "name": "body",
          "parent": "skitty",
          "pivot": [0, 0, 0]
        }, {
          "cubes": [
            {
              "origin": [-4.5, 5.75, -8],
              "size": [9, 7, 7],
              "uv": [0, 0]
            }, {
              "mirror": true,
              "origin": [-0.25, 6.75, -8.01],
              "size": [0.5, 0.5, 0],
              "uv": [2, 36]
            }
          ],
          "name": "head",
          "parent": "body",
          "pivot": [0, 5.75, -2.5]
        }, {
          "cubes": [
            {
              "origin": [-7, 9.25, -5],
              "size": [5, 5, 2],
              "uv": [0, 26]
            }, {
              "origin": [-6, 14.25, -5],
              "size": [3, 2, 2],
              "uv": [22, 30]
            }, {
              "origin": [-5.5, 16.25, -5],
              "size": [2, 1, 2],
              "uv": [30, 32]
            }
          ],
          "name": "ear_r",
          "parent": "head",
          "pivot": [-4.5, 12.75, -4.5],
          "rotation": [0, 15, -35]
        }, {
          "cubes": [
            {
              "origin": [-4.875, 16.5, -4],
              "size": [0.75, 2, 0],
              "uv": [4, 39]
            }, {
              "origin": [-5.5, 16, -4],
              "pivot": [-5.5, 17.25, -4],
              "rotation": [0, 0, -30],
              "size": [0.75, 2, 0],
              "uv": [4, 39]
            }, {
              "origin": [-4.25, 16, -4],
              "pivot": [-3.5, 17.25, -4],
              "rotation": [0, 0, 30],
              "size": [0.75, 2, 0],
              "uv": [4, 37]
            }
          ],
          "name": "hairs_l2",
          "parent": "ear_r",
          "pivot": [-4.5, 17.25, -4]
        }, {
          "cubes": [
            {
              "origin": [2, 9.25, -5],
              "size": [5, 5, 2],
              "uv": [25, 0]
            }, {
              "origin": [3, 14.25, -5],
              "size": [3, 2, 2],
              "uv": [27, 14]
            }, {
              "origin": [3.5, 16.25, -5],
              "size": [2, 1, 2],
              "uv": [32, 11]
            }
          ],
          "name": "ear_l",
          "parent": "head",
          "pivot": [4.5, 12.75, -4.5],
          "rotation": [0, -15, 35]
        }, {
          "cubes": [
            {
              "origin": [4.125, 16.5, -4],
              "size": [0.75, 2, 0],
              "uv": [4, 39]
            }, {
              "origin": [3.5, 16, -4],
              "pivot": [3.5, 17.25, -4],
              "rotation": [0, 0, -30],
              "size": [0.75, 2, 0],
              "uv": [5, 37]
            }, {
              "origin": [4.75, 16, -4],
              "pivot": [5.5, 17.25, -4],
              "rotation": [0, 0, 30],
              "size": [0.75, 2, 0],
              "uv": [5, 39]
            }
          ],
          "name": "hairs_l",
          "parent": "ear_l",
          "pivot": [4.5, 17.25, -4]
        }, {
          "cubes": [
            {
              "mirror": true,
              "origin": [-3.25, 7.75, -8.01],
              "pivot": [-1.5, 8.25, -8.1],
              "rotation": [0, 0, 10],
              "size": [1.75, 0.5, 0],
              "uv": [2, 36]
            }, {
              "mirror": true,
              "origin": [-1.75, 7.5, -8.01],
              "pivot": [-1.25, 7.75, -8.1],
              "rotation": [0, 0, 37.5],
              "size": [1, 0.5, 0],
              "uv": [2, 36]
            }
          ],
          "name": "r_eye",
          "parent": "head",
          "pivot": [-0.25, 5.75, -2.5]
        }, {
          "cubes": [
            {
              "mirror": true,
              "origin": [1.5, 7.75, -8.01],
              "pivot": [1.5, 8.25, -8.1],
              "rotation": [0, 0, -10],
              "size": [1.75, 0.5, 0],
              "uv": [3, 36]
            }, {
              "mirror": true,
              "origin": [0.5, 7.75, -8.01],
              "pivot": [1.5, 8.25, -8.1],
              "rotation": [0, 0, -37.5],
              "size": [1, 0.5, 0],
              "uv": [2, 36]
            }
          ],
          "name": "l_eye",
          "parent": "head",
          "pivot": [2.75, 5.75, -2.5]
        }, {
          "cubes": [
            {
              "origin": [-0.5, 5.75, -7.97],
              "size": [1, 1, 0],
              "uv": [2, 44]
            }
          ],
          "name": "mouth",
          "parent": "head",
          "pivot": [0, 5.75, -8]
        }, {
          "cubes": [
            {
              "origin": [-2.75, 0, -3],
              "size": [2, 2, 2],
              "uv": [32, 7]
            }
          ],
          "name": "foot_fr",
          "parent": "body",
          "pivot": [-1.75, 1.75, -2]
        }, {
          "cubes": [
            {
              "origin": [-2.75, 0, 1.75],
              "size": [2, 2, 2],
              "uv": [0, 18]
            }
          ],
          "name": "foot_br",
          "parent": "body",
          "pivot": [-1.75, 1.75, 2.75]
        }, {
          "cubes": [
            {
              "origin": [0.75, 0, -3],
              "size": [2, 2, 2],
              "uv": [12, 31]
            }
          ],
          "name": "foot_fl",
          "parent": "body",
          "pivot": [1.75, 1.75, -2]
        }, {
          "cubes": [
            {
              "origin": [0.75, 0, 1.75],
              "size": [2, 2, 2],
              "uv": [0, 14]
            }
          ],
          "name": "foot_bl",
          "parent": "body",
          "pivot": [1.75, 1.75, 2.75]
        }, {
          "cubes": [
            {
              "origin": [-0.5, 3.75, 3],
              "size": [1, 1, 4],
              "uv": [14, 26]
            }
          ],
          "name": "tail",
          "parent": "body",
          "pivot": [0, 4.25, 4],
          "rotation": [15, 0, 0]
        }, {
          "cubes": [
            {
              "origin": [-0.5, 3.75, 7],
              "size": [1, 1, 5],
              "uv": [20, 14]
            }
          ],
          "name": "tail_end",
          "parent": "tail",
          "pivot": [0, 4.25, 7],
          "rotation": [45, 0, 0]
        }, {
          "cubes": [
            {
              "origin": [-2, 2.25, 11],
              "size": [4, 4, 6],
              "uv": [22, 20]
            }, {
              "origin": [-0.5, 3.75, 10],
              "pivot": [0, 3.75, 11],
              "rotation": [30, 0, 0],
              "size": [1, 0, 1],
              "uv": [4, 43]
            }, {
              "origin": [-0.5, 4.75, 10],
              "pivot": [0, 4.75, 11],
              "rotation": [-30, 0, 0],
              "size": [1, 0, 1],
              "uv": [4, 40]
            }, {
              "origin": [-1, 4.25, 10],
              "pivot": [-0.5, 4.25, 11],
              "rotation": [-30, 0, -90],
              "size": [1, 0, 1],
              "uv": [4, 41]
            }, {
              "origin": [0, 4.25, 10],
              "pivot": [0.5, 4.25, 11],
              "rotation": [30, 0, -90],
              "size": [1, 0, 1],
              "uv": [4, 42]
            }
          ],
          "name": "tail_bulb",
          "parent": "tail_end",
          "pivot": [0, 4.25, 11],
          "rotation": [10, 0, 0]
        }, {
          "cubes": [
            {
              "origin": [-0.25, 4.75, 16.5],
              "size": [0.5, 0, 3],
              "uv": [7, 37]
            }, {
              "origin": [-0.5, 4.25, 19.5],
              "size": [1, 1, 1],
              "uv": [3, 1]
            }
          ],
          "name": "bulb_tail_m",
          "parent": "tail_bulb",
          "pivot": [0, 4.75, 17],
          "rotation": [12.5, 0, 0]
        }, {
          "cubes": [
            {
              "origin": [-1.25, 3.75, 16.5],
              "size": [0.5, 0, 3],
              "uv": [7, 37]
            }, {
              "origin": [-1.5, 3.25, 19.5],
              "size": [1, 1, 1],
              "uv": [0, 2]
            }
          ],
          "name": "bulb_tail_l",
          "parent": "tail_bulb",
          "pivot": [-1, 3.75, 17],
          "rotation": [-10, -15, -25]
        }, {
          "cubes": [
            {
              "origin": [0.75, 3.75, 16.5],
              "size": [0.5, 0, 3],
              "uv": [7, 38]
            }, {
              "origin": [0.5, 3.25, 19.5],
              "size": [1, 1, 1],
              "uv": [0, 0]
            }
          ],
          "name": "bulb_tail_r",
          "parent": "tail_bulb",
          "pivot": [1, 3.75, 17],
          "rotation": [-10, 15, 25]
        }
      ],
      "description": {
        "identifier": "geometry.skitty",
        "texture_height": 64,
        "texture_width": 64,
        "visible_bounds_height": 2.5,
        "visible_bounds_offset": [0, 0.75, 0],
        "visible_bounds_width": 3
      }
    }
  ]
}