{
  "animations": {
    "animation.rowlet_hisui_bias.air_idle": {
      "bones": {
        "body": {
          "position": [0, "1.5+math.sin(q.anim_time*90*4-35)*1", 0],
          "rotation": [10, 0, 0]
        },
        "foot_left": {
          "rotation": [5, 0, 0]
        },
        "foot_right": {
          "rotation": [5, 0, 0]
        },
        "head": {
          "rotation": [0, 0, 0]
        },
        "leg_left": {
          "rotation": [5, 0, 0]
        },
        "leg_right": {
          "rotation": [5, 0, 0]
        },
        "toe_back_left": {
          "rotation": [-25, 0, 0]
        },
        "toe_back_right": {
          "rotation": [-25, 0, 0]
        },
        "toe_front_left": {
          "rotation": [20, 0, 0]
        },
        "toe_front_left2": {
          "rotation": [20, 0, 0]
        },
        "toe_front_right": {
          "rotation": [20, 0, 0]
        },
        "toe_front_right2": {
          "rotation": [20, 0, 0]
        },
        "waist": {
          "rotation": ["0+math.sin(q.anim_time*90*4-5)*2", 0, 0]
        },
        "wing_folded_left": {
          "rotation": [0, 0, -77.5]
        },
        "wing_folded_right": {
          "rotation": [0, 0, 77.5]
        },
        "wing_open_bottom_left2": {
          "rotation": [0, "0+math.sin(q.anim_time*90*4-60)*26", 0]
        },
        "wing_open_bottom_right2": {
          "rotation": [0, "0-math.sin(q.anim_time*90*4-60)*26", 0]
        },
        "wing_open_left_main": {
          "rotation": [90, 0, "10+math.sin(q.anim_time*90*4+15)*24"]
        },
        "wing_open_middle_left2": {
          "rotation": [0, "0+math.sin(q.anim_time*90*4-60)*26", 0]
        },
        "wing_open_middle_right2": {
          "rotation": [0, "0-math.sin(q.anim_time*90*4-60)*26", 0]
        },
        "wing_open_right_main": {
          "rotation": [90, 0, "-10-math.sin(q.anim_time*90*4+15)*24"]
        },
        "wing_open_top_left2": {
          "rotation": [0, "0+math.sin(q.anim_time*90*4-60)*26", 0]
        },
        "wing_open_top_right2": {
          "rotation": [0, "0-math.sin(q.anim_time*90*4-60)*26", 0]
        }
      },
      "loop": true
    },
    "animation.rowlet_hisui_bias.blink": {
      "animation_length": 0.1667,
      "bones": {
        "eyelid_left": {
          "position": {
            "0.0": [0, 0, -0.1],
            "0.125": [0, 0, -0.1],
            "0.1667": [0, 0, 0]
          }
        },
        "eyelid_right": {
          "position": {
            "0.0": [0, 0, -0.1],
            "0.125": [0, 0, -0.1],
            "0.1667": [0, 0, 0]
          }
        }
      }
    },
    "animation.rowlet_hisui_bias.cry": {
      "animation_length": 1,
      "bones": {
        "head": {
          "rotation": [0, 0, 0]
        },
        "jaw": {
          "rotation": {
            "0.0": [0, 0, 0],
            "0.125": {
              "lerp_mode": "catmullrom",
              "post": [40, 0, 0],
              "pre": [40, 0, 0]
            },
            "0.2083": {
              "lerp_mode": "catmullrom",
              "post": [22.5, 0, 0]
            },
            "0.2917": {
              "lerp_mode": "catmullrom",
              "post": [40, 0, 0]
            },
            "0.4583": {
              "lerp_mode": "catmullrom",
              "post": [40, 0, 0]
            },
            "0.5417": {
              "lerp_mode": "catmullrom",
              "post": [22.5, 0, 0]
            },
            "0.625": {
              "lerp_mode": "catmullrom",
              "post": [40, 0, 0]
            },
            "0.8333": [40, 0, 0],
            "1.0": [0, 0, 0]
          }
        },
        "waist": {
          "rotation": {
            "0.0": [0, 0, 0],
            "0.125": {
              "lerp_mode": "catmullrom",
              "post": [-2.5, 0, 0],
              "pre": [-2.5, 0, 0]
            },
            "0.375": {
              "lerp_mode": "catmullrom",
              "post": [-2.5, 0, 0]
            },
            "0.4583": {
              "lerp_mode": "catmullrom",
              "post": [-1.5, 0, 0]
            },
            "0.75": {
              "lerp_mode": "catmullrom",
              "post": [-2.5, 0, 0]
            },
            "1.0": [0, 0, 0]
          }
        }
      },
      "loop": "hold_on_last_frame",
      "sound_effects": {
        "0.0": {
          "effect": "pokemon.rowlet.cry"
        }
      }
    },
    "animation.rowlet_hisui_bias.ground_idle": {
      "bones": {
        "bowtie_left2": {
          "rotation": [0, 7.5, 0]
        },
        "bowtie_right2": {
          "rotation": [0, -7.5, 0]
        },
        "foot_left": {
          "rotation": [0, -2.5, 0]
        },
        "foot_right": {
          "rotation": [0, 2.5, 0]
        },
        "head": {
          "rotation": [0, 0, 0]
        },
        "waist": {
          "rotation": ["2.5+math.sin(q.anim_time*90*4-15)*1.5", 0, "0+math.sin(q.anim_time*90*2-15)*1"]
        }
      },
      "loop": true
    },
    "animation.rowlet_hisui_bias.ground_walk": {
      "animation_length": 1,
      "bones": {
        "bowtie_left2": {
          "rotation": [0, 7.5, 0]
        },
        "bowtie_right2": {
          "rotation": [0, -7.5, 0]
        },
        "foot_left": {
          "position": {
            "0.0": [0, 0, 2],
            "0.5": {
              "lerp_mode": "catmullrom",
              "post": [0, 0, -2],
              "pre": [0, 0, -2]
            },
            "1.0": [0, 0, 2]
          },
          "rotation": {
            "0.0": [0, -2.5, 0],
            "0.25": {
              "lerp_mode": "catmullrom",
              "post": [22.5, -2.5, 0],
              "pre": [22.5, -2.5, 0]
            },
            "0.5": {
              "lerp_mode": "catmullrom",
              "post": [0, -2.5, 0]
            },
            "1.0": [0, -2.5, 0]
          }
        },
        "foot_right": {
          "position": {
            "0.0": [0, 0, -2],
            "0.5": {
              "lerp_mode": "catmullrom",
              "post": [0, 0, 2],
              "pre": [0, 0, 2]
            },
            "1.0": [0, 0, -2]
          },
          "rotation": {
            "0.0": [0, -2.5, 0],
            "0.5": {
              "lerp_mode": "catmullrom",
              "post": [0, -2.5, 0],
              "pre": [0, -2.5, 0]
            },
            "0.75": {
              "lerp_mode": "catmullrom",
              "post": [22.5, -2.5, 0]
            },
            "1.0": [0, -2.5, 0]
          }
        },
        "head": {
          "rotation": [0, 0, 0]
        },
        "leg_left": {
          "position": {
            "0.0": [0, 0, 2],
            "0.25": {
              "lerp_mode": "catmullrom",
              "post": [0, 1, 0],
              "pre": [0, 1, 0]
            },
            "0.5": {
              "lerp_mode": "catmullrom",
              "post": [0, 0, -2]
            },
            "1.0": [0, 0, 2]
          },
          "rotation": {
            "0.0": [0, 0, 0],
            "0.5": [0, 0, 0],
            "1.0": [0, 0, 0]
          }
        },
        "leg_right": {
          "position": {
            "0.0": [0, 0, -2],
            "0.5": {
              "lerp_mode": "catmullrom",
              "post": [0, 0, 2],
              "pre": [0, 0, 2]
            },
            "0.75": {
              "lerp_mode": "catmullrom",
              "post": [0, 1, 0]
            },
            "1.0": [0, 0, -2]
          },
          "rotation": {
            "0.0": [0, 0, 0],
            "0.5": {
              "lerp_mode": "catmullrom",
              "post": [0, 0, 0],
              "pre": [0, 0, 0]
            },
            "1.0": [0, 0, 0]
          }
        },
        "rowlet": {
          "position": [0, 0, 0]
        },
        "waist": {
          "position": [0, "math.sin(q.anim_time*90*8+0)*0.5", 0],
          "rotation": ["0-math.cos(q.anim_time*90*8-0)*1.5", "0-math.cos(q.anim_time*90*4+0)*6", "0+math.cos(q.anim_time*90*4-0)*4"]
        }
      },
      "loop": true
    },
    "animation.rowlet_hisui_bias.speed": {
      "bones": {
        "rowlet": {
          "position": [0, 0, "00+((query.anim_time) * 90 * 1) * -0.2"]
        }
      },
      "loop": true
    }
  },
  "format_version": "1.8.0"
}