{
  "format_version": "1.12.0",
  "minecraft:geometry": [
    {
      "bones": [
        {
          "name": "beautifly",
          "pivot": [0, 0, 0]
        }, {
          "cubes": [
            {
              "origin": [-2.5, 5, -2],
              "size": [5, 6, 4],
              "uv": [36, 12]
            }
          ],
          "name": "body",
          "parent": "beautifly",
          "pivot": [0, 5, 0]
        }, {
          "cubes": [
            {
              "mirror": true,
              "origin": [-12, 7, 2.015],
              "size": [12, 7, 0],
              "uv": [0, 21]
            }
          ],
          "name": "wing_right2",
          "parent": "body",
          "pivot": [0, 10, 2],
          "rotation": [0, 0, -27.5]
        }, {
          "cubes": [
            {
              "mirror": true,
              "origin": [-14, 9, 2.015],
              "size": [3, 1, 0],
              "uv": [0, 49]
            }
          ],
          "name": "bone3",
          "parent": "wing_right2",
          "pivot": [-11, 9.5, 2]
        }, {
          "cubes": [
            {
              "mirror": true,
              "origin": [-15, 9, 2.015],
              "size": [1, 1, 0],
              "uv": [0, 49]
            }, {
              "mirror": true,
              "origin": [-18, 8.5, 2.015],
              "size": [3, 2, 0],
              "uv": [0, 50]
            }
          ],
          "name": "bone4",
          "parent": "bone3",
          "pivot": [-14, 9.5, 2]
        }, {
          "cubes": [
            {
              "mirror": true,
              "origin": [-14, 9, 2.01],
              "size": [14, 9, 0],
              "uv": [0, 12]
            }
          ],
          "name": "wing_right1",
          "parent": "body",
          "pivot": [0, 11, 2]
        }, {
          "cubes": [
            {
              "origin": [0, 7, 2.015],
              "size": [12, 7, 0],
              "uv": [0, 21]
            }
          ],
          "name": "wing_left2",
          "parent": "body",
          "pivot": [0, 10, 2],
          "rotation": [0, 0, 27.5]
        }, {
          "cubes": [
            {
              "origin": [11, 9, 2.015],
              "size": [3, 1, 0],
              "uv": [0, 49]
            }
          ],
          "name": "bone",
          "parent": "wing_left2",
          "pivot": [11, 9.5, 2]
        }, {
          "cubes": [
            {
              "origin": [14, 9, 2.015],
              "size": [1, 1, 0],
              "uv": [0, 49]
            }, {
              "origin": [15, 8.5, 2.015],
              "size": [3, 2, 0],
              "uv": [0, 50]
            }
          ],
          "name": "bone2",
          "parent": "bone",
          "pivot": [14, 9.5, 2]
        }, {
          "cubes": [
            {
              "origin": [0, 9, 2.01],
              "size": [14, 9, 0],
              "uv": [0, 12]
            }
          ],
          "name": "wing_left1",
          "parent": "body",
          "pivot": [0, 11, 2]
        }, {
          "cubes": [
            {
              "mirror": true,
              "origin": [-3, 8.5, -2.5],
              "size": [2, 2, 2],
              "uv": [8, 30]
            }
          ],
          "name": "arm_right2",
          "parent": "body",
          "pivot": [-2, 9.5, -1.5],
          "rotation": [22.5, 0, 0]
        }, {
          "cubes": [
            {
              "origin": [1, 8.5, -2.5],
              "size": [2, 2, 2],
              "uv": [8, 30]
            }
          ],
          "name": "arm_left2",
          "parent": "body",
          "pivot": [2, 9.5, -1.5],
          "rotation": [22.5, 0, 0]
        }, {
          "cubes": [
            {
              "mirror": true,
              "origin": [-3, 4.5, -3],
              "size": [2, 2, 2],
              "uv": [0, 34]
            }
          ],
          "name": "leg_right",
          "parent": "body",
          "pivot": [-2, 5.5, -2],
          "rotation": [22.5, 0, 0]
        }, {
          "cubes": [
            {
              "origin": [1, 4.5, -3],
              "size": [2, 2, 2],
              "uv": [0, 34]
            }
          ],
          "name": "leg_left",
          "parent": "body",
          "pivot": [2, 5.5, -2],
          "rotation": [22.5, 0, 0]
        }, {
          "cubes": [
            {
              "origin": [-3, 11, -4],
              "size": [6, 6, 6],
              "uv": [0, 0]
            }
          ],
          "name": "head",
          "parent": "body",
          "pivot": [0, 11, -0.5]
        }, {
          "cubes": [
            {
              "mirror": true,
              "origin": [-3.5, 12.5, -3],
              "size": [1, 3, 3],
              "uv": [26, 22]
            }, {
              "origin": [-3.51, 13, -2.5],
              "size": [0, 2, 2],
              "uv": [34, 30]
            }
          ],
          "name": "eye_right",
          "parent": "head",
          "pivot": [-3, 14, -1.5]
        }, {
          "cubes": [
            {
              "origin": [2.5, 12.5, -3],
              "size": [1, 3, 3],
              "uv": [26, 22]
            }, {
              "origin": [3.51, 13, -2.5],
              "size": [0, 2, 2],
              "uv": [34, 26]
            }
          ],
          "name": "eye_left",
          "parent": "head",
          "pivot": [3, 14, -1.5]
        }, {
          "cubes": [
            {
              "origin": [-0.5, 13, -5.5],
              "size": [1, 0, 2],
              "uv": [8, 34]
            }
          ],
          "name": "nose",
          "parent": "head",
          "pivot": [0, 13, -3.5],
          "rotation": [30, 0, 0]
        }, {
          "cubes": [
            {
              "origin": [-0.5, 13, -7.5],
              "size": [1, 0, 2],
              "uv": [14, 34]
            }
          ],
          "name": "nose2",
          "parent": "nose",
          "pivot": [0, 13, -5.5],
          "rotation": [15, 0, 0]
        }, {
          "cubes": [
            {
              "origin": [-0.5, 13, -9.5],
              "size": [1, 0, 2],
              "uv": [20, 34]
            }
          ],
          "name": "nose3",
          "parent": "nose2",
          "pivot": [0, 13, -7.5],
          "rotation": [15, 0, 0]
        }, {
          "cubes": [
            {
              "origin": [-0.5, 13, -11.5],
              "size": [1, 0, 2],
              "uv": [34, 22]
            }
          ],
          "name": "nose4",
          "parent": "nose3",
          "pivot": [0, 13, -9.5],
          "rotation": [15, 0, 0]
        }, {
          "cubes": [
            {
              "origin": [-0.5, 13, -13.5],
              "size": [1, 0, 2],
              "uv": [34, 24]
            }
          ],
          "name": "nose5",
          "parent": "nose4",
          "pivot": [0, 13, -11.5],
          "rotation": [15, 0, 0]
        }, {
          "cubes": [
            {
              "origin": [-0.5, 13, -15.5],
              "size": [1, 0, 2],
              "uv": [26, 34]
            }
          ],
          "name": "nose6",
          "parent": "nose5",
          "pivot": [0, 13, -13.5],
          "rotation": [65, 0, 0]
        }, {
          "cubes": [
            {
              "origin": [-0.5, 13, -17.5],
              "size": [1, 0, 2],
              "uv": [32, 34]
            }
          ],
          "name": "nose7",
          "parent": "nose6",
          "pivot": [0, 13, -15.5],
          "rotation": [60, 0, 0]
        }, {
          "cubes": [
            {
              "origin": [-0.5, 13, -19.5],
              "size": [1, 0, 2],
              "uv": [8, 36]
            }
          ],
          "name": "nose8",
          "parent": "nose7",
          "pivot": [0, 13, -17.5],
          "rotation": [60, 0, 0]
        }, {
          "cubes": [
            {
              "origin": [-0.5, 13, -20.5],
              "size": [1, 0, 1],
              "uv": [28, 36]
            }
          ],
          "name": "nose9",
          "parent": "nose8",
          "pivot": [0, 13, -19.5],
          "rotation": [77.5, 0, 0]
        }, {
          "cubes": [
            {
              "origin": [-2, 17, -0.5],
              "size": [1, 4, 0],
              "uv": [24, 30]
            }
          ],
          "name": "antena4",
          "parent": "head",
          "pivot": [-1.5, 17, -0.5],
          "rotation": [-5, 0, -5]
        }, {
          "cubes": [
            {
              "origin": [-2, 21, -0.5],
              "size": [1, 3, 0],
              "uv": [24, 36]
            }
          ],
          "name": "antena5",
          "parent": "antena4",
          "pivot": [-1.5, 21, -0.5],
          "rotation": [-10, 0, 0]
        }, {
          "cubes": [
            {
              "origin": [-2.5, 24, -0.5],
              "size": [2, 3, 0],
              "uv": [14, 36]
            }
          ],
          "name": "antena6",
          "parent": "antena5",
          "pivot": [-2, 24, -0.5]
        }, {
          "cubes": [
            {
              "origin": [1, 17, -0.5],
              "size": [1, 4, 0],
              "uv": [22, 36]
            }
          ],
          "name": "antena",
          "parent": "head",
          "pivot": [1.5, 17, -0.5],
          "rotation": [-5, 0, 5]
        }, {
          "cubes": [
            {
              "origin": [1, 21, -0.5],
              "size": [1, 3, 0],
              "uv": [26, 36]
            }
          ],
          "name": "antena2",
          "parent": "antena",
          "pivot": [1.5, 21, -0.5],
          "rotation": [-10, 0, 0]
        }, {
          "cubes": [
            {
              "origin": [0.5, 24, -0.5],
              "size": [2, 3, 0],
              "uv": [18, 36]
            }
          ],
          "name": "antena3",
          "parent": "antena2",
          "pivot": [2, 24, -0.5]
        }
      ],
      "description": {
        "identifier": "geometry.beautifly",
        "texture_height": 64,
        "texture_width": 64,
        "visible_bounds_height": 4,
        "visible_bounds_offset": [0, 1, 0],
        "visible_bounds_width": 4
      }
    }
  ]
}