{
  "animations": {
    "animation.cobalion.battle_idle": {
      "bones": {
        "bone": {
          "rotation": [0, 0, 0]
        },
        "head": {
          "position": [0, "-math.cos(q.anim_time*90*2-90)*0.05", 0],
          "rotation": ["-math.sin(q.anim_time*90*2-90)*+9", 0, 0]
        },
        "left_leg": {
          "position": [0, "math.sin(q.anim_time*90*1-90)*0.08", 0],
          "rotation": [0.98448, 7.43547, 7.56397]
        },
        "left_leg2": {
          "position": [0, "-math.sin(q.anim_time*90*1-90)*0.08", 0]
        },
        "left_leg3": {
          "rotation": [0, 0, -7.5]
        },
        "left_leg5": {
          "position": [0, "-math.sin(q.anim_time*90*1-90)*0.08", 0]
        },
        "left_leg6": {
          "rotation": [0, 0, 5]
        },
        "left_leg_back": {
          "position": [0, "math.sin(q.anim_time*90*1-90)*0.08", 0],
          "rotation": [0.43688, -4.98093, -5.019]
        },
        "neck": {
          "rotation": ["-math.sin(q.anim_time*90*2-90)*0.6", 0, "-math.cos(q.anim_time*90*1-90)*0.5"]
        },
        "right_leg": {
          "position": [0, "math.sin(q.anim_time*90*1-90)*0.08", 0],
          "rotation": [0.98448, -7.43547, -7.56397]
        },
        "right_leg2": {
          "position": [0, "-math.sin(q.anim_time*90*1-90)*0.08", 0]
        },
        "right_leg3": {
          "rotation": [0, 0, 7.5]
        },
        "right_leg5": {
          "position": [0, "-math.sin(q.anim_time*90*1-90)*0.08", 0]
        },
        "right_leg6": {
          "rotation": [0, 0, -5]
        },
        "right_leg_back": {
          "position": [0, "math.sin(q.anim_time*90*1-90)*0.08", 0],
          "rotation": [0.43688, 4.98093, 5.019]
        },
        "torso": {
          "position": [0, "math.sin(q.anim_time*90*1-90)*0.05", 0],
          "rotation": ["5+math.cos(q.anim_time*90*2-90)*0.4", 0, "math.cos(q.anim_time*90*2)*0.6"]
        }
      },
      "loop": true
    },
    "animation.cobalion.blink": {
      "animation_length": 0.1667,
      "bones": {
        "eye_close": {
          "position": {
            "0.0": [0.05, 0, -0.05],
            "0.125": [0.05, 0, -0.05],
            "0.1667": {
              "post": [0, 0, 0],
              "pre": [0.05, 0, -0.05]
            }
          }
        },
        "eye_close2": {
          "position": {
            "0.0": [-0.05, 0, -0.05],
            "0.125": [-0.05, 0, -0.05],
            "0.1667": {
              "post": [0, 0, 0],
              "pre": [-0.05, 0, -0.05]
            }
          }
        }
      }
    },
    "animation.cobalion.cry": {
      "animation_length": 1.375,
      "bones": {
        "head": {
          "rotation": {
            "0.0": [0, 0, 0],
            "0.1667": {
              "lerp_mode": "catmullrom",
              "post": [4.8806, 0, 0],
              "pre": [4.8806, 0, 0]
            },
            "0.5417": {
              "lerp_mode": "catmullrom",
              "post": [4.89914, 0, 0]
            },
            "0.7917": {
              "lerp_mode": "catmullrom",
              "post": [-24.01438, 0, 0]
            },
            "1.375": [0, 0, 0]
          }
        },
        "mouth": {
          "rotation": {
            "0.0": [0, 0, 0],
            "0.0833": {
              "lerp_mode": "catmullrom",
              "post": [19, 0, 0],
              "pre": [19, 0, 0]
            },
            "0.4583": {
              "lerp_mode": "catmullrom",
              "post": [10, 0, 0]
            },
            "0.7083": {
              "lerp_mode": "catmullrom",
              "post": [39, 0, 0]
            },
            "1.125": [0, 0, 0]
          }
        },
        "neck_2": {
          "rotation": {
            "0.0": [0, 0, 0],
            "0.1667": {
              "lerp_mode": "catmullrom",
              "post": [3.03497, 0, 0],
              "pre": [3.03497, 0, 0]
            },
            "0.5417": {
              "lerp_mode": "catmullrom",
              "post": [10.03497, 0, 0]
            },
            "0.7917": {
              "lerp_mode": "catmullrom",
              "post": [-3, 0, 0]
            },
            "1.375": [0, 0, 0]
          }
        }
      }
    },
    "animation.cobalion.ground_idle": {
      "bones": {
        "head": {
          "position": [0, "-math.cos(q.anim_time*90*2-90)*0.05", 0],
          "rotation": ["-math.sin(q.anim_time*90*2-90)*-1", 0, 0]
        },
        "left_leg": {
          "position": [0, "math.sin(q.anim_time*90*1-90)*0.08", 0],
          "rotation": [0, 7.5, 0]
        },
        "left_leg2": {
          "position": [0, "-math.sin(q.anim_time*90*1-90)*0.08", 0]
        },
        "left_leg5": {
          "position": [0, "-math.sin(q.anim_time*90*1-90)*0.08", 0]
        },
        "left_leg_back": {
          "position": [0, "math.sin(q.anim_time*90*1-90)*0.08", 0],
          "rotation": [0, -5, 0]
        },
        "neck": {
          "rotation": ["-math.sin(q.anim_time*90*2-90)*0.6", 0, "-math.cos(q.anim_time*90*1-90)*0.5"]
        },
        "right_leg": {
          "position": [0, "math.sin(q.anim_time*90*1-90)*0.08", 0],
          "rotation": [0, -7.5, 0]
        },
        "right_leg2": {
          "position": [0, "-math.sin(q.anim_time*90*1-90)*0.08", 0]
        },
        "right_leg5": {
          "position": [0, "-math.sin(q.anim_time*90*1-90)*0.08", 0]
        },
        "right_leg_back": {
          "position": [0, "math.sin(q.anim_time*90*1-90)*0.08", 0],
          "rotation": [0, 5, 0]
        },
        "torso": {
          "position": [0, "math.sin(q.anim_time*90*1-90)*0.05", 0],
          "rotation": ["math.cos(q.anim_time*90*2-90)*0.4", 0, "0+math.cos(q.anim_time*90*2)*0.6"]
        }
      },
      "loop": true
    },
    "animation.cobalion.ground_walk": {
      "animation_length": 2,
      "bones": {
        "bone": {
          "rotation": ["0+math.sin(q.anim_time*90*4-90)*2", 0, 0]
        },
        "head": {
          "rotation": ["math.sin(q.anim_time*90*4-90)*-2", 0, 0]
        },
        "left_leg": {
          "position": {
            "0.0": {
              "lerp_mode": "catmullrom",
              "post": [-0.5, -1.86, -0.42]
            },
            "0.1667": {
              "lerp_mode": "catmullrom",
              "post": [-0.5, -1.49, -0.34]
            },
            "0.2917": {
              "lerp_mode": "catmullrom",
              "post": [-0.5, -0.52, -0.17]
            },
            "0.5": {
              "lerp_mode": "catmullrom",
              "post": [-0.5, -0.33, 0.2]
            },
            "0.6667": {
              "lerp_mode": "catmullrom",
              "post": [-0.5, -0.9, 0.35]
            },
            "1.0417": {
              "lerp_mode": "catmullrom",
              "post": [-0.5, -0.25, 0.5]
            },
            "1.5833": {
              "lerp_mode": "catmullrom",
              "post": [-0.5, 0, -0.5]
            },
            "1.8333": {
              "lerp_mode": "catmullrom",
              "post": [-0.5, -2.25, -0.5]
            },
            "1.875": {
              "lerp_mode": "catmullrom",
              "post": [-0.5, -2.05, -0.46]
            },
            "2.0": {
              "lerp_mode": "catmullrom",
              "post": [-0.5, -1.86, -0.42]
            }
          },
          "rotation": {
            "0.0": {
              "lerp_mode": "catmullrom",
              "post": [-16.18, 0, 0]
            },
            "0.6667": {
              "lerp_mode": "catmullrom",
              "post": [20.43, 0, 0]
            },
            "1.0417": {
              "lerp_mode": "catmullrom",
              "post": [7.5, 0, 0]
            },
            "1.5833": {
              "lerp_mode": "catmullrom",
              "post": [-37.5, 0, 0]
            },
            "1.8333": {
              "lerp_mode": "catmullrom",
              "post": [-24, 0, 0]
            },
            "2.0": {
              "lerp_mode": "catmullrom",
              "post": [-16.18, 0, 0]
            }
          }
        },
        "left_leg2": {
          "rotation": {
            "0.0": {
              "lerp_mode": "catmullrom",
              "post": [2.94, 0, 0]
            },
            "0.5": {
              "lerp_mode": "catmullrom",
              "post": [0.04, 0, 0]
            },
            "1.0417": {
              "lerp_mode": "catmullrom",
              "post": [25, 0, 0]
            },
            "1.5833": {
              "lerp_mode": "catmullrom",
              "post": [42.5, 0, 0]
            },
            "1.8333": {
              "lerp_mode": "catmullrom",
              "post": [7.5, 0, 0]
            },
            "2.0": {
              "lerp_mode": "catmullrom",
              "post": [2.94, 0, 0]
            }
          }
        },
        "left_leg3": {
          "rotation": {
            "0.0": {
              "lerp_mode": "catmullrom",
              "post": [7.36, 0, 0]
            },
            "0.5": {
              "lerp_mode": "catmullrom",
              "post": [-9.48, 0, 0]
            },
            "0.625": {
              "lerp_mode": "catmullrom",
              "post": [-3.75, 0, 0]
            },
            "1.0417": {
              "lerp_mode": "catmullrom",
              "post": [15, 0, 0]
            },
            "1.2917": {
              "lerp_mode": "catmullrom",
              "post": [12.5, 0, 0]
            },
            "1.625": {
              "lerp_mode": "catmullrom",
              "post": [4.64, 0, 0]
            },
            "1.75": {
              "lerp_mode": "catmullrom",
              "post": [13.79, 0, 0]
            },
            "2.0": {
              "lerp_mode": "catmullrom",
              "post": [7.36, 0, 0]
            }
          }
        },
        "left_leg5": {
          "position": {
            "0.0": {
              "lerp_mode": "catmullrom",
              "post": [0, 1.75, 0]
            },
            "0.3333": {
              "lerp_mode": "catmullrom",
              "post": [0, 0.38, 0]
            },
            "0.8333": {
              "lerp_mode": "catmullrom",
              "post": [0, 1.41, 0]
            },
            "1.0833": [0, 0.47, 0],
            "1.125": [0, 0.2, 0],
            "1.5": {
              "lerp_mode": "catmullrom",
              "post": [0, 1.78, 0],
              "pre": [0, 1.78, 0]
            },
            "1.75": {
              "lerp_mode": "catmullrom",
              "post": [0, 2, 0]
            },
            "2.0": {
              "lerp_mode": "catmullrom",
              "post": [0, 1.75, 0]
            }
          },
          "rotation": {
            "0.0": {
              "lerp_mode": "catmullrom",
              "post": [10, 0, 0]
            },
            "0.2083": {
              "lerp_mode": "catmullrom",
              "post": [2.3, 0, 0]
            },
            "0.375": {
              "lerp_mode": "catmullrom",
              "post": [8.88, 0, 0]
            },
            "0.8333": {
              "lerp_mode": "catmullrom",
              "post": [4.2, 0, 0]
            },
            "1.3333": {
              "lerp_mode": "catmullrom",
              "post": [-2.02, 0, 0]
            },
            "1.75": {
              "lerp_mode": "catmullrom",
              "post": [0, 0, 0]
            },
            "2.0": {
              "lerp_mode": "catmullrom",
              "post": [10, 0, 0]
            }
          }
        },
        "left_leg6": {
          "rotation": {
            "0.0": {
              "lerp_mode": "catmullrom",
              "post": [12.5, 0, 0]
            },
            "0.2083": {
              "lerp_mode": "catmullrom",
              "post": [7.16, 0, 0]
            },
            "0.3333": {
              "lerp_mode": "catmullrom",
              "post": [17.9, 0, 0]
            },
            "0.7083": {
              "lerp_mode": "catmullrom",
              "post": [8.53, 0, 0]
            },
            "0.8333": {
              "lerp_mode": "catmullrom",
              "post": [3.37, 0, 0]
            },
            "1.0833": {
              "lerp_mode": "catmullrom",
              "post": [-4.4, 0, 0]
            },
            "1.5": {
              "lerp_mode": "catmullrom",
              "post": [12.68, 0, 0]
            },
            "1.75": {
              "lerp_mode": "catmullrom",
              "post": [15, 0, 0]
            },
            "2.0": {
              "lerp_mode": "catmullrom",
              "post": [12.5, 0, 0]
            }
          }
        },
        "left_leg_back": {
          "position": {
            "0.0": {
              "lerp_mode": "catmullrom",
              "post": [0, -0.25, -0.25]
            },
            "0.2917": {
              "lerp_mode": "catmullrom",
              "post": [0, -1.29, -0.75]
            },
            "0.4167": {
              "lerp_mode": "catmullrom",
              "post": [0, -2.09, -1.68]
            },
            "0.625": {
              "lerp_mode": "catmullrom",
              "post": [0, -1.22, -0.25]
            },
            "0.8333": {
              "lerp_mode": "catmullrom",
              "post": [0, -1.38, 0.5]
            },
            "1.0833": {
              "lerp_mode": "catmullrom",
              "post": [0, -0.61, 0.5]
            },
            "1.375": {
              "lerp_mode": "catmullrom",
              "post": [0, -0.53, 1.08]
            },
            "1.75": {
              "lerp_mode": "catmullrom",
              "post": [0, -0.5, 0.5]
            },
            "2.0": {
              "lerp_mode": "catmullrom",
              "post": [0, -0.25, -0.25]
            }
          },
          "rotation": {
            "0.0": {
              "lerp_mode": "catmullrom",
              "post": [-28, 0, 0]
            },
            "0.3333": {
              "lerp_mode": "catmullrom",
              "post": [-34.31, 0, 0]
            },
            "0.8333": [-8.63, 0, 0],
            "1.2083": {
              "lerp_mode": "catmullrom",
              "post": [11.67, 0, 0],
              "pre": [11.67, 0, 0]
            },
            "1.5": {
              "lerp_mode": "catmullrom",
              "post": [15.29, 0, 0]
            },
            "1.75": [-5, 0, 0],
            "2.0": [-28, 0, 0]
          }
        },
        "neck": {
          "rotation": ["0+math.sin(q.anim_time*90*4-30)*1", 0, "math.sin(q.anim_time*90*2-30)*2"]
        },
        "neck_2": {
          "rotation": ["5+math.sin(q.anim_time*90*4-60)*2", 0, 0]
        },
        "right_leg": {
          "position": {
            "0.0": {
              "lerp_mode": "catmullrom",
              "post": [0.5, -0.25, 0.5]
            },
            "0.5417": {
              "lerp_mode": "catmullrom",
              "post": [0.5, 0, -0.5]
            },
            "0.7917": {
              "lerp_mode": "catmullrom",
              "post": [0.5, -2.25, -0.5]
            },
            "0.8333": {
              "lerp_mode": "catmullrom",
              "post": [0.5, -2.05, -0.46]
            },
            "1.125": {
              "lerp_mode": "catmullrom",
              "post": [0.5, -1.49, -0.34]
            },
            "1.25": {
              "lerp_mode": "catmullrom",
              "post": [0.5, -0.52, -0.17]
            },
            "1.4583": {
              "lerp_mode": "catmullrom",
              "post": [0.5, -0.33, 0.2]
            },
            "1.625": {
              "lerp_mode": "catmullrom",
              "post": [0.5, -0.9, 0.35]
            },
            "2.0": {
              "lerp_mode": "catmullrom",
              "post": [0.5, -0.25, 0.5]
            }
          },
          "rotation": {
            "0.0": {
              "lerp_mode": "catmullrom",
              "post": [7.5, 0, 0]
            },
            "0.5417": {
              "lerp_mode": "catmullrom",
              "post": [-37.5, 0, 0]
            },
            "0.7917": {
              "lerp_mode": "catmullrom",
              "post": [-24, 0, 0]
            },
            "1.625": {
              "lerp_mode": "catmullrom",
              "post": [20.43, 0, 0]
            },
            "2.0": {
              "lerp_mode": "catmullrom",
              "post": [7.5, 0, 0]
            }
          }
        },
        "right_leg2": {
          "rotation": {
            "0.0": {
              "lerp_mode": "catmullrom",
              "post": [25, 0, 0]
            },
            "0.5417": {
              "lerp_mode": "catmullrom",
              "post": [42.5, 0, 0]
            },
            "0.7917": {
              "lerp_mode": "catmullrom",
              "post": [7.5, 0, 0]
            },
            "1.4583": {
              "lerp_mode": "catmullrom",
              "post": [0.04, 0, 0]
            },
            "2.0": {
              "lerp_mode": "catmullrom",
              "post": [25, 0, 0]
            }
          }
        },
        "right_leg3": {
          "rotation": {
            "0.0": {
              "lerp_mode": "catmullrom",
              "post": [15, 0, 0]
            },
            "0.25": {
              "lerp_mode": "catmullrom",
              "post": [12.5, 0, 0]
            },
            "0.5833": {
              "lerp_mode": "catmullrom",
              "post": [4.64, 0, 0]
            },
            "0.7083": {
              "lerp_mode": "catmullrom",
              "post": [13.79, 0, 0]
            },
            "1.4583": {
              "lerp_mode": "catmullrom",
              "post": [-9.48, 0, 0]
            },
            "1.5833": {
              "lerp_mode": "catmullrom",
              "post": [-3.75, 0, 0]
            },
            "2.0": {
              "lerp_mode": "catmullrom",
              "post": [15, 0, 0]
            }
          }
        },
        "right_leg5": {
          "position": {
            "0.0": [0, 1.22, 0],
            "0.1667": [0, 0.47, 0],
            "0.2083": [0, 0.2, 0],
            "0.5833": {
              "lerp_mode": "catmullrom",
              "post": [0, 1.68, 0],
              "pre": [0, 1.68, 0]
            },
            "0.8333": {
              "lerp_mode": "catmullrom",
              "post": [0, 2, 0]
            },
            "1.0833": {
              "lerp_mode": "catmullrom",
              "post": [0, 1.75, 0]
            },
            "1.4167": {
              "lerp_mode": "catmullrom",
              "post": [0, 0.38, 0]
            },
            "1.9167": {
              "lerp_mode": "catmullrom",
              "post": [0, 1.41, 0]
            },
            "2.0": [0, 1.22, 0]
          },
          "rotation": {
            "0.0": [3.16, 0, 0],
            "0.4167": {
              "lerp_mode": "catmullrom",
              "post": [-2.02, 0, 0],
              "pre": [-2.02, 0, 0]
            },
            "0.8333": {
              "lerp_mode": "catmullrom",
              "post": [0, 0, 0]
            },
            "1.0833": {
              "lerp_mode": "catmullrom",
              "post": [10, 0, 0]
            },
            "1.2917": {
              "lerp_mode": "catmullrom",
              "post": [2.3, 0, 0]
            },
            "1.4583": {
              "lerp_mode": "catmullrom",
              "post": [8.88, 0, 0]
            },
            "1.9167": {
              "lerp_mode": "catmullrom",
              "post": [4.2, 0, 0]
            },
            "2.0": [3.16, 0, 0]
          }
        },
        "right_leg6": {
          "rotation": {
            "0.0": [0.05, 0, 0],
            "0.1667": {
              "lerp_mode": "catmullrom",
              "post": [-4.4, 0, 0],
              "pre": [-4.4, 0, 0]
            },
            "0.5833": {
              "lerp_mode": "catmullrom",
              "post": [12.68, 0, 0]
            },
            "0.8333": {
              "lerp_mode": "catmullrom",
              "post": [15, 0, 0]
            },
            "1.0833": {
              "lerp_mode": "catmullrom",
              "post": [12.5, 0, 0]
            },
            "1.2917": {
              "lerp_mode": "catmullrom",
              "post": [7.16, 0, 0]
            },
            "1.4167": {
              "lerp_mode": "catmullrom",
              "post": [17.9, 0, 0]
            },
            "1.7917": [8.53, 0, 0],
            "1.9167": [3.37, 0, 0],
            "2.0": [0.05, 0, 0]
          }
        },
        "right_leg_back": {
          "position": {
            "0.0": [0, -1.17, 0.53],
            "0.1667": {
              "lerp_mode": "catmullrom",
              "post": [0, -0.61, 0.5],
              "pre": [0, -0.61, 0.5]
            },
            "0.4583": {
              "lerp_mode": "catmullrom",
              "post": [0, -0.53, 1.08]
            },
            "0.8333": {
              "lerp_mode": "catmullrom",
              "post": [0, -0.5, 0.5]
            },
            "1.0833": {
              "lerp_mode": "catmullrom",
              "post": [0, -0.25, -0.25]
            },
            "1.4167": {
              "lerp_mode": "catmullrom",
              "post": [0, -1.29, -0.75]
            },
            "1.5417": {
              "lerp_mode": "catmullrom",
              "post": [0, -2.09, -1.68]
            },
            "1.7083": {
              "lerp_mode": "catmullrom",
              "post": [0, -1.22, -0.25]
            },
            "1.9167": {
              "lerp_mode": "catmullrom",
              "post": [0, -1.38, 0.5]
            },
            "2.0": [0, -1.17, 0.53]
          },
          "rotation": {
            "0.0": [-4.12, 0, 0],
            "0.2917": [11.67, 0, 0],
            "0.5833": {
              "lerp_mode": "catmullrom",
              "post": [15.29, 0, 0],
              "pre": [15.29, 0, 0]
            },
            "1.0833": {
              "lerp_mode": "catmullrom",
              "post": [-28, 0, 0]
            },
            "1.4583": [-34.31, 0, 0],
            "1.9167": [-8.63, 0, 0],
            "2.0": [-4.12, 0, 0]
          }
        },
        "torso": {
          "position": {
            "0.0417": [0, -0.5, 0],
            "0.0833": [0, -0.5, 0],
            "0.1667": [0, -0.25, 0],
            "0.2917": [0, -0.5, 0],
            "0.4583": [0, -0.5, 0],
            "0.5": [0, -0.5, 0],
            "0.5833": [0, -0.25, 0],
            "0.7083": [0, -0.5, 0],
            "1.0": [0, -0.5, 0],
            "1.0417": [0, -0.5, 0],
            "1.125": [0, -0.25, 0],
            "1.25": [0, -0.5, 0],
            "1.625": [0, -0.5, 0],
            "1.6667": [0, -0.5, 0],
            "1.75": [0, -0.25, 0],
            "1.875": [0, -0.5, 0]
          },
          "rotation": ["math.sin(q.anim_time*90*4)*2", 0, "math.sin(q.anim_time*90*2-30)*-2"]
        }
      },
      "loop": true
    },
    "animation.cobalion.ground_walk_alt": {
      "bones": {
        "body": {
          "position": [0, "-1.5+math.clamp(math.sin(q.anim_time*90*4)*1.5,0.5,2)+math.clamp(math.sin(q.anim_time*90*4+180)*1.3,0.5,2)", 0],
          "rotation": [0, 0, "math.clamp(math.sin(q.anim_time*90*4-90)*1,-0.5,0.5)+math.sin(q.anim_time*90*4-180)*1"]
        },
        "bone": {
          "rotation": ["math.sin(q.anim_time*90*8)*-4-15", 0, 0]
        },
        "head": {
          "position": [0, "math.sin(-q.anim_time*90*4*2-45)*0.1", 0],
          "rotation": ["math.sin(q.anim_time*90*8-30)*2-5", 0, 0]
        },
        "left_leg": {
          "position": [0, "(math.clamp(math.sin(q.anim_time*90*4-10)*-0.1,-0.5,1)+0.2)+(math.clamp(math.sin(q.anim_time*90*4-150)*0.8,0,1)-0)", 0],
          "rotation": ["20-math.clamp(20*(math.sin(q.anim_time*90*4-90+33+180)*1+1),-0,60)", 0, "math.clamp(math.sin(q.anim_time*90*4-90+180)*1,-0.8,0.8)+math.sin(q.anim_time*90*4-180*0)*1"]
        },
        "left_leg2": {
          "rotation": ["math.clamp(math.sin(q.anim_time*90*4-120*1+33)*40,0,40)+(math.clamp(math.sin(q.anim_time*90*2-90*3)*1,0.5,0.7)*1-0.6)*30+(math.clamp(math.sin(q.anim_time*90*2-90*1)*1,0.5,0.7)*1-0.5)*30", 0, 0]
        },
        "left_leg3": {
          "position": [0, "math.clamp(math.sin(q.anim_time*90*4-120)*1.1,0.9,1)-0.9+math.clamp(math.sin(q.anim_time*90*2-130+90)*1.3,0.9,1)-0.9", 0],
          "rotation": ["20-math.clamp(10*(math.sin(q.anim_time*90*4-90-180*0)*1+1),-0,60)-math.clamp(math.sin(q.anim_time*90*4-180*0+10)*30,-5,30)", 0, 0]
        },
        "left_leg5": {
          "position": [0, "math.clamp(math.sin(q.anim_time*90*4-180)*1.3,0.7,2)-math.clamp(math.sin(q.anim_time*90*4-80)*1,0.75,1)+0.25", 0],
          "rotation": ["math.clamp(math.sin(q.anim_time*90*4)*10,0,10)-math.clamp(math.sin(q.anim_time*90*4-95)*15,0,45)-math.clamp(math.sin(q.anim_time*90*4+180)*15,0,45)", 0, 0]
        },
        "left_leg6": {
          "position": [0, "(math.clamp(math.sin(q.anim_time*90*4-110+180)*1,0.5,1)-0.5)*0.7", 0],
          "rotation": ["-math.clamp(math.sin(q.anim_time*90*4+180*0)*10,0,10)+math.clamp(math.sin(q.anim_time*90*4+65+180*1)*35,0,45)-(-20+math.clamp(11*(math.sin(q.anim_time*90*4-90+180*0)*1+1),-0,60))+math.clamp(math.sin(q.anim_time*90*4-130+180*0)*00,50,100)-50", 0, 0]
        },
        "left_leg_back": {
          "position": [0, "-0.5+math.clamp(-math.sin(q.anim_time*90*4+90+180*0)*0.01,0,0.01)+math.clamp(-math.sin(q.anim_time*90*4+50+180*0)*1.5,0.4,2)-0.4+math.clamp(math.sin(q.anim_time*90*4-100+180*0)*1.5,0.4,1)-0.3+(math.clamp(-math.sin(q.anim_time*90*2+70+180*0)*1,0.5,1)-0.5)*0.5+(math.clamp(-math.sin(q.anim_time*90*2+70+180*1)*1,0.5,1)+0)*0.5", 0],
          "rotation": ["-20+math.clamp(20*(math.sin(q.anim_time*90*4-90+10)*1+1),-0,60)", 0, 0]
        },
        "neck_2": {
          "rotation": ["math.sin(q.anim_time*90*8-90)*1+1", 0, 0]
        },
        "right_leg": {
          "position": [0, "(math.clamp(math.sin(q.anim_time*90*4-10)*-0.1,-0.5,1)+0.2)+(math.clamp(math.sin(q.anim_time*90*4-150+180)*0.8,0,1)-0)", 0],
          "rotation": ["20-math.clamp(20*(math.sin(q.anim_time*90*4-90+33)*1+1),-0,60)", 0, "math.clamp(math.sin(q.anim_time*90*4-90+180)*1,-0.8,0.8)+math.sin(q.anim_time*90*4-180*0)*1"]
        },
        "right_leg2": {
          "rotation": ["math.clamp(math.sin(q.anim_time*90*4*1+93)*40,0,40)+(math.clamp(math.sin(q.anim_time*90*2-90*3)*1,0.5,0.7)*1-0.6)*30+(math.clamp(math.sin(q.anim_time*90*2-90*1)*1,0.5,0.7)*1-0.5)*30", 0, 0]
        },
        "right_leg3": {
          "position": [0, "math.clamp(math.sin(q.anim_time*90*4-120)*1.1,0.9,1)-0.9+math.clamp(math.sin(q.anim_time*90*2-130)*1.3,0.9,1)-0.9", 0],
          "rotation": ["-20+math.clamp(10*(math.sin(q.anim_time*90*4-90-180*0)*1+1),-0,60)+math.clamp(math.sin(q.anim_time*90*4-180*0+10)*30,-5,30)", 0, 0]
        },
        "right_leg5": {
          "position": [0, "math.clamp(math.sin(q.anim_time*90*4-140+180)*1.3,0.7,2)-math.clamp(math.sin(q.anim_time*90*4-40+180)*1,0.75,2)+0.25", 0],
          "rotation": ["math.clamp(math.sin(q.anim_time*90*4+180)*10,0,10)-math.clamp(math.sin(q.anim_time*90*4-95+180)*20,0,45)-math.clamp(math.sin(q.anim_time*90*4+180*0)*15,0,45)", 0, 0]
        },
        "right_leg6": {
          "position": [0, "(math.clamp(math.sin(q.anim_time*90*4-110+180*0)*1,0.5,1)-0.5)*0.7", 0],
          "rotation": ["-math.clamp(math.sin(q.anim_time*90*4+180*1)*10,0,10)+math.clamp(math.sin(q.anim_time*90*4+65)*35,0,45)-(-20+math.clamp(11*(math.sin(q.anim_time*90*4-90+180*1)*1+1),-0,60))+math.clamp(math.sin(q.anim_time*90*4-130+180*1)*00,50,100)-50", 0, 0]
        },
        "right_leg_back": {
          "position": [0, "-0.5+math.clamp(-math.sin(q.anim_time*90*4+90+180*0)*0.01,0,0.01)+math.clamp(-math.sin(q.anim_time*90*4+20+180*1)*1.5,0.4,2)-0.4+math.clamp(math.sin(q.anim_time*90*4-100+180*1)*1.5,0.4,1)-0.3+(math.clamp(-math.sin(q.anim_time*90*2+70+180*0)*1,0.5,1)-0.5)*0.5+(math.clamp(-math.sin(q.anim_time*90*2+70+180*1)*1,0.5,1)+0)*0.5", 0],
          "rotation": ["-20+math.clamp(20*(math.sin(q.anim_time*90*4-90+190)*1+1),-0,60)", 0, 0]
        },
        "torso": {
          "rotation": ["math.sin(q.anim_time*90*8-90)*1+0.5", 0, 0]
        }
      },
      "loop": true
    },
    "animation.cobalion.recoil": {
      "animation_length": 1.5,
      "bones": {
        "eye_close": {
          "position": {
            "0.0": [0.05, 0, -0.05],
            "0.2917": [0.05, 0, -0.05],
            "0.3333": {
              "post": [0, 0, 0],
              "pre": [0.05, 0, -0.05]
            }
          }
        },
        "eye_close2": {
          "position": {
            "0.0": [-0.05, 0, -0.05],
            "0.2917": [-0.05, 0, -0.05],
            "0.3333": {
              "post": [0, 0, 0],
              "pre": [-0.05, 0, -0.05]
            }
          }
        },
        "head": {
          "rotation": {
            "0.0": [0, 0, 0],
            "0.0833": {
              "lerp_mode": "catmullrom",
              "post": [10, 0, 0],
              "pre": [10, 0, 0]
            },
            "0.25": {
              "lerp_mode": "catmullrom",
              "post": [-5, 0, 0]
            },
            "0.5417": {
              "lerp_mode": "catmullrom",
              "post": [-12.5, 0, 0]
            },
            "0.9583": {
              "lerp_mode": "catmullrom",
              "post": [2.5, 0, 0]
            },
            "1.5": [0, 0, 0]
          }
        },
        "mouth": {
          "rotation": {
            "0.0": [0, 0, 0],
            "0.1667": {
              "lerp_mode": "catmullrom",
              "post": [27.5, 0, 0],
              "pre": [27.5, 0, 0]
            },
            "0.375": {
              "lerp_mode": "catmullrom",
              "post": [35, 0, 0]
            },
            "0.7083": {
              "lerp_mode": "catmullrom",
              "post": [0, 0, 0]
            },
            "1.125": [0, 0, 0]
          }
        },
        "neck": {
          "rotation": {
            "0.0": {
              "lerp_mode": "catmullrom",
              "post": [0, 0, 0]
            },
            "0.125": {
              "lerp_mode": "catmullrom",
              "post": [-3, 0, 0]
            },
            "0.3333": {
              "lerp_mode": "catmullrom",
              "post": [-2, 0, 0]
            },
            "0.75": {
              "lerp_mode": "catmullrom",
              "post": [1, 0, 0]
            },
            "1.2083": {
              "lerp_mode": "catmullrom",
              "post": [0, 0, 0]
            }
          }
        },
        "neck_2": {
          "rotation": {
            "0.0": {
              "lerp_mode": "catmullrom",
              "post": [0, 0, 0]
            },
            "0.0833": {
              "lerp_mode": "catmullrom",
              "post": [5, 0, 0]
            },
            "0.25": {
              "lerp_mode": "catmullrom",
              "post": [6, 0, 0]
            },
            "0.8333": {
              "lerp_mode": "catmullrom",
              "post": [-1, 0, 0]
            },
            "1.2917": {
              "lerp_mode": "catmullrom",
              "post": [0, 0, 0]
            }
          }
        }
      }
    },
    "animation.cobalion.sleep": {
      "bones": {
        "bone": {
          "rotation": [0, 0, 0]
        },
        "eye_close": {
          "position": [0.05, 0, -0.05]
        },
        "eye_close2": {
          "position": [-0.05, 0, -0.05]
        },
        "head": {
          "position": [0, "-math.cos(q.anim_time*90*2-90)*0.05", 0],
          "rotation": ["-math.sin(q.anim_time*90*2-90)*+24", 0, 0]
        },
        "left_leg": {
          "position": [0, "math.sin(q.anim_time*90*1-90)*0.08", 0],
          "rotation": [0.98448, 7.43547, 7.56397]
        },
        "left_leg2": {
          "position": [0, "-math.sin(q.anim_time*90*1-90)*0.08", 0]
        },
        "left_leg3": {
          "rotation": [0, 0, -7.5]
        },
        "left_leg5": {
          "position": [0, "-math.sin(q.anim_time*90*1-90)*0.08", 0]
        },
        "left_leg6": {
          "rotation": [0, 0, 5]
        },
        "left_leg_back": {
          "position": [0, "math.sin(q.anim_time*90*1-90)*0.08", 0],
          "rotation": [0.43688, -4.98093, -5.019]
        },
        "neck": {
          "rotation": ["-math.sin(q.anim_time*90*2-90)*0.6", 0, "-math.cos(q.anim_time*90*1-90)*0.5"]
        },
        "right_leg": {
          "position": [0, "math.sin(q.anim_time*90*1-90)*0.08", 0],
          "rotation": [0.98448, -7.43547, -7.56397]
        },
        "right_leg2": {
          "position": [0, "-math.sin(q.anim_time*90*1-90)*0.08", 0]
        },
        "right_leg3": {
          "rotation": [0, 0, 7.5]
        },
        "right_leg5": {
          "position": [0, "-math.sin(q.anim_time*90*1-90)*0.08", 0]
        },
        "right_leg6": {
          "rotation": [0, 0, -5]
        },
        "right_leg_back": {
          "position": [0, "math.sin(q.anim_time*90*1-90)*0.08", 0],
          "rotation": [0.43688, 4.98093, 5.019]
        },
        "torso": {
          "position": [0, "math.sin(q.anim_time*90*1-90)*0.05", 0],
          "rotation": ["5+math.cos(q.anim_time*90*2-90)*0.4", 0, "math.cos(q.anim_time*90*2)*0.6"]
        }
      },
      "loop": true
    }
  },
  "format_version": "1.8.0"
}