{
  "animations": {
    "animation.gengar_gmax.beep": {
      "loop": true
    },
    "animation.gengar_gmax.blink": {
      "animation_length": 2.4167,
      "bones": {
        "bone41": {
          "position": {
            "0.0": [0, 0, 2],
            "2.4167": {
              "post": [0, 0, 0],
              "pre": [0, 0, 2]
            }
          }
        },
        "bone59": {
          "position": {
            "0.0": [0, 0, 1],
            "2.4167": {
              "post": [0, 0, 0],
              "pre": [0, 0, 1]
            }
          }
        },
        "eye_left_closed": {
          "position": {
            "0.0": [0, 0, -1],
            "2.4167": {
              "post": [0, 0, 0],
              "pre": [0, 0, -1]
            }
          }
        },
        "eye_right_closed": {
          "position": {
            "0.0": [0, 0, -1],
            "2.4167": {
              "post": [0, 0, 0],
              "pre": [0, 0, -1]
            }
          }
        }
      }
    },
    "animation.gengar_gmax.ground_idle": {
      "bones": {
        "bone10": {
          "rotation": ["math.sin(q.anim_time*90*2-60)*1", 0, 0]
        },
        "bone2": {
          "position": [0, "-1.675+math.sin(q.anim_time*90*2-90)*0.3", 0],
          "rotation": ["math.sin(q.anim_time*90*2-90)*0.3", 0, 0]
        },
        "bone3": {
          "rotation": ["math.sin(q.anim_time*90*2-90)*1", 0, 0]
        },
        "bone39": {
          "rotation": ["math.sin(q.anim_time*90*2)*1", 0, 0]
        },
        "bone4": {
          "rotation": ["math.sin(q.anim_time*90*2-90)*0.3", 0, 0]
        },
        "bone42": {
          "rotation": ["12.5+math.sin(q.anim_time*90*2)*1", 0, 0]
        },
        "bone43": {
          "rotation": ["15+math.sin(q.anim_time*90*2-90)*1", 0, 0]
        },
        "bone44": {
          "rotation": ["10+math.sin(q.anim_time*90*2-90)*1", 0, 0]
        },
        "bone45": {
          "rotation": ["0+math.sin(q.anim_time*90*2-90)*1", 0, 0]
        },
        "bone46": {
          "rotation": ["27.5+math.sin(q.anim_time*90*2-90)*1", 0, 0]
        },
        "bone47": {
          "rotation": ["17.5+math.sin(q.anim_time*90*2-90)*1", 0, 0]
        },
        "bone48": {
          "rotation": ["12.5+math.sin(q.anim_time*90*2)*1", 0, 0]
        },
        "bone49": {
          "rotation": ["15+math.sin(q.anim_time*90*2-90)*1", 0, 0]
        },
        "bone50": {
          "rotation": ["10+math.sin(q.anim_time*90*2-90)*1", 0, 0]
        },
        "bone51": {
          "rotation": ["0+math.sin(q.anim_time*90*2-90)*1", 0, 0]
        },
        "bone52": {
          "rotation": ["27.5+math.sin(q.anim_time*90*2-90)*1", 0, 0]
        },
        "bone53": {
          "rotation": ["17.5+math.sin(q.anim_time*90*2-90)*1", 0, 0]
        },
        "bone54": {
          "position": [0, -2, 0]
        },
        "bone56": {
          "position": [0, "-2-math.sin(q.anim_time*90*2-90)*-0.15", 0],
          "rotation": ["1.75+math.sin(q.anim_time*90*2)*1", 0, 0],
          "scale": ["1-math.sin(q.anim_time*90*2-90)*0.015", 1, 1]
        },
        "bone6": {
          "rotation": ["0+math.sin(q.anim_time*90*2)*1", 0, 0]
        },
        "bone7": {
          "rotation": ["3+math.sin(q.anim_time*90*2-60)*1", 0, 0]
        },
        "bone8": {
          "rotation": ["5+math.sin(q.anim_time*90*2-60)*1", 0, 0]
        },
        "bone9": {
          "rotation": ["7.5+math.sin(q.anim_time*90*2-60)*1", 0, 0]
        },
        "pupil_left": {
          "position": [0, -2, 0]
        },
        "pupil_right": {
          "position": [0, -2, 0]
        },
        "swirlies": {
          "rotation": [0, "q.anim_time*90*0.5", 0]
        },
        "top": {
          "rotation": [0, 0, 0]
        },
        "torso": {
          "scale": ["1-math.sin(q.anim_time*90*2-90)*0.005", 1, 1]
        }
      },
      "loop": true
    },
    "animation.gengar_gmax.pose": {
      "bones": {
        "bone10": {
          "rotation": [-10, 0, 0]
        },
        "bone2": {
          "rotation": [0, 0, 0]
        },
        "bone42": {
          "rotation": [12.5, 0, 0]
        },
        "bone43": {
          "rotation": [15, 0, 0]
        },
        "bone44": {
          "rotation": [10, 0, 0]
        },
        "bone46": {
          "rotation": [27.5, 0, 0]
        },
        "bone47": {
          "rotation": [17.5, 0, 0]
        },
        "bone48": {
          "rotation": [12.5, 0, 0]
        },
        "bone49": {
          "rotation": [15, 0, 0]
        },
        "bone50": {
          "rotation": [10, 0, 0]
        },
        "bone52": {
          "rotation": [27.5, 0, 0]
        },
        "bone53": {
          "rotation": [17.5, 0, 0]
        },
        "bone54": {
          "position": [0, -2, 0]
        },
        "bone7": {
          "rotation": [3, 0, 0]
        },
        "bone8": {
          "rotation": [10, 0, 0]
        },
        "bone9": {
          "rotation": [7.5, 0, 0]
        },
        "pupil_right": {
          "position": [0, -2, 0]
        },
        "swirlies": {
          "rotation": [0, "q.anim_time*90*0.5", 0]
        },
        "top": {
          "rotation": [0, 0, 0]
        }
      },
      "loop": true
    }
  },
  "format_version": "1.8.0"
}