{
  "format_version": "1.12.0",
  "minecraft:geometry": [
    {
      "bones": [
        {
          "name": "charizard",
          "pivot": [0, 0, 0]
        },
        {
          "locators": {
            "root": [0, 0, -1]
          },
          "name": "locator_root",
          "parent": "charizard",
          "pivot": [0, 0, -1]
        },
        {
          "name": "body",
          "parent": "charizard",
          "pivot": [0, 11.5, 0]
        },
        {
          "locators": {
            "target": [0, 20, -10]
          },
          "name": "locator_target",
          "parent": "body",
          "pivot": [0, 20, -10]
        },
        {
          "locators": {
            "body": [0, 20, -0.5]
          },
          "name": "locator_body",
          "parent": "body",
          "pivot": [0, 20, -0.5]
        }, {
          "cubes": [
            {
              "origin": [-8, 4, -8],
              "size": [16, 15, 16],
              "uv": [0, 0]
            }
          ],
          "name": "torso",
          "parent": "body",
          "pivot": [0, 11.5, 0]
        }, {
          "cubes": [
            {
              "origin": [-6, 18, -7],
              "size": [12, 7, 13],
              "uv": [48, 31]
            }
          ],
          "name": "torso2",
          "parent": "torso",
          "pivot": [0, 19, 0.5]
        }, {
          "cubes": [
            {
              "inflate": 0.02,
              "origin": [-3.5, 23, -4.5],
              "size": [7, 7, 8],
              "uv": [22, 89]
            }
          ],
          "name": "neck",
          "parent": "torso2",
          "pivot": [0, 25, -0.5]
        }, {
          "cubes": [
            {
              "origin": [-3, 28, -4],
              "size": [6, 7, 7],
              "uv": [102, 0]
            }, {
              "inflate": 0.01,
              "origin": [-0.5, 30, 1],
              "pivot": [0, 32, 3],
              "rotation": [45, 0, 0],
              "size": [1, 4, 4],
              "uv": [20, 125]
            }
          ],
          "name": "neck2",
          "parent": "neck",
          "pivot": [0, 29, -0.5]
        }, {
          "cubes": [
            {
              "inflate": 0.01,
              "origin": [-2.5, 33, -3.5],
              "size": [5, 6, 6],
              "uv": [84, 112]
            }, {
              "inflate": 0.01,
              "origin": [-0.5, 35, 1],
              "pivot": [0, 36.5, 2.5],
              "rotation": [45, 0, 0],
              "size": [1, 3, 3],
              "uv": [130, 72]
            }
          ],
          "name": "neck3",
          "parent": "neck2",
          "pivot": [0, 34, -0.5]
        }, {
          "cubes": [
            {
              "origin": [-2.5, 38.5, -3.5],
              "size": [5, 5, 6],
              "uv": [114, 33]
            }
          ],
          "name": "neck4",
          "parent": "neck3",
          "pivot": [0, 38.5, 1]
        }, {
          "name": "head",
          "parent": "neck4",
          "pivot": [0, 43.5, -0.5]
        },
        {
          "name": "head_correction",
          "parent": "head",
          "pivot": [0, 43.5, -0.5]
        },
        {
          "name": "head_ai",
          "parent": "head_correction",
          "pivot": [0, 43.5, -0.5]
        }, {
          "cubes": [
            {
              "origin": [-3.5, 41.5, -2],
              "size": [7, 7, 5],
              "uv": [16, 104]
            },
            {
              "origin": [-3.5, 41.5, -4],
              "size": [7, 4, 2],
              "uv": [52, 89]
            },
            {
              "inflate": 0.02,
              "origin": [-2.5, 48, -2],
              "size": [5, 5, 2],
              "uv": [120, 111]
            }, {
              "inflate": 0.01,
              "origin": [-2, 51.48744, -3.03033],
              "pivot": [-2, 52.51777, -2],
              "rotation": [45, 0, 7.5],
              "size": [0, 1, 1],
              "uv": [86, 29]
            }, {
              "inflate": 0.01,
              "origin": [2, 51.48744, -3.03033],
              "pivot": [2, 52.51777, -2],
              "rotation": [45, 0, -7.5],
              "size": [0, 1, 1],
              "uv": [70, 89]
            }
          ],
          "name": "head_angle",
          "parent": "head_ai",
          "pivot": [0, 43.5, -0.5]
        }, {
          "locators": {
            "head": [0, 46.5, 3]
          },
          "name": "locator_head",
          "parent": "head_angle",
          "pivot": [0, 46.5, 3],
          "rotation": [-90, 0, 0]
        }, {
          "locators": {
            "mouth": [0, 48.75, -3],
            "special": [0, 48.75, -3]
          },
          "name": "locator_mouth",
          "parent": "head_angle",
          "pivot": [0, 48.75, -3],
          "rotation": [-90, 0, 0]
        }, {
          "locators": {
            "jaw1": [0, 51.75, -2.25]
          },
          "name": "locator_jaw_upper",
          "parent": "head_angle",
          "pivot": [0, 51.75, -2.25],
          "rotation": [-90, 0, 0]
        }, {
          "cubes": [
            {
              "origin": [-3.5, 43.5, -3],
              "size": [1, 4, 2],
              "uv": [134, 57]
            }
          ],
          "name": "flame_mouth_right",
          "parent": "head_angle",
          "pivot": [-3.5, 47.5, -2],
          "rotation": [-7.5, 0, 22.5]
        }, {
          "cubes": [
            {
              "origin": [-4, 39.5, -3.5],
              "size": [2, 4, 3],
              "uv": [128, 12]
            },
            {
              "origin": [-3.5, 31.5, -2.5],
              "size": [1, 4, 3],
              "uv": [80, 128]
            },
            {
              "origin": [-3, 26.5, -5],
              "size": [0, 17, 8],
              "uv": [98, 20]
            }
          ],
          "name": "flame_mouth_right2",
          "parent": "flame_mouth_right",
          "pivot": [-3, 43.5, -2],
          "rotation": [22.5, 0, 0]
        }, {
          "cubes": [
            {
              "origin": [2.5, 43.5, -3],
              "size": [1, 4, 2],
              "uv": [134, 100]
            }
          ],
          "name": "flame_mouth_left",
          "parent": "head_angle",
          "pivot": [3.5, 47.5, -2],
          "rotation": [-7.5, 0, -22.5]
        }, {
          "cubes": [
            {
              "origin": [2, 39.5, -3.5],
              "size": [2, 4, 3],
              "uv": [128, 19]
            },
            {
              "origin": [2.5, 31.5, -2.5],
              "size": [1, 4, 3],
              "uv": [88, 128]
            },
            {
              "origin": [3, 26.5, -5],
              "size": [0, 17, 8],
              "uv": [0, 100]
            }
          ],
          "name": "flame_mouth_left2",
          "parent": "flame_mouth_left",
          "pivot": [3, 43.5, -2],
          "rotation": [22.5, 0, 0]
        }, {
          "cubes": [
            {
              "origin": [-2.5, 48.55, 1],
              "size": [5, 0, 1],
              "uv": [22, 88]
            },
            {
              "inflate": 0.04,
              "origin": [-3.5, 47.5, 1.53],
              "size": [7, 1, 1],
              "uv": [64, 29]
            }
          ],
          "name": "brow",
          "parent": "head_angle",
          "pivot": [0, 48.275, 1.765]
        }, {
          "name": "eye",
          "parent": "head_angle",
          "pivot": [0, -3.5, 1.5]
        }, {
          "locators": {
            "face": [0, 53.75, -0.25]
          },
          "name": "locator_face",
          "parent": "eye",
          "pivot": [0, 53.75, -0.25],
          "rotation": [-90, 0, 0]
        }, {
          "cubes": [
            {
              "inflate": 0.01,
              "origin": [-3.5, 47.5, 0],
              "size": [2, 1, 2],
              "uv": [134, 63]
            },
            {
              "inflate": 0.01,
              "origin": [-3.5, 46.5, 0.5],
              "size": [0, 1, 1],
              "uv": [70, 93]
            },
            {
              "origin": [-3, 48.52, 0],
              "size": [1, 0, 2],
              "uv": [136, 34]
            }
          ],
          "name": "eye_right",
          "parent": "eye",
          "pivot": [-2.75, 47.75, 0.875]
        }, {
          "locators": {
            "eye1": [-2.5, 48.5, 0.5]
          },
          "name": "locator_eye_right",
          "parent": "eye_right",
          "pivot": [-2.5, 48.5, 0.5],
          "rotation": [-90, 0, 0]
        }, {
          "cubes": [
            {
              "inflate": 0.03,
              "origin": [-3.4, 46.4, 0],
              "size": [2, 2, 2],
              "uv": [132, 128]
            },
            {
              "inflate": 0.03,
              "origin": [-3.41, 46.4, 0.5],
              "size": [1, 1, 1],
              "uv": [26, 135]
            }
          ],
          "name": "eyelid_right",
          "parent": "eye_right",
          "pivot": [-2.655, 47.15, 1]
        }, {
          "cubes": [
            {
              "inflate": 0.01,
              "origin": [1.5, 47.5, 0],
              "size": [2, 1, 2],
              "uv": [128, 30]
            },
            {
              "inflate": 0.01,
              "origin": [3.5, 46.5, 0.5],
              "size": [0, 1, 1],
              "uv": [70, 91]
            },
            {
              "origin": [2, 48.52, 0],
              "size": [1, 0, 2],
              "uv": [136, 36]
            }
          ],
          "name": "eye_left",
          "parent": "eye",
          "pivot": [2.75, 47.75, 0.875]
        }, {
          "locators": {
            "eye2": {
              "offset": [2.5, 48.5, 0.5],
              "rotation": [0, 0, 90]
            }
          },
          "name": "locator_eye_left",
          "parent": "eye_left",
          "pivot": [2.5, 48.5, 0.5],
          "rotation": [-90, 0, 0]
        }, {
          "cubes": [
            {
              "inflate": 0.03,
              "origin": [1.4, 46.4, 0],
              "size": [2, 2, 2],
              "uv": [132, 132]
            },
            {
              "inflate": 0.03,
              "origin": [2.41, 46.4, 0.5],
              "size": [1, 1, 1],
              "uv": [102, 135]
            }
          ],
          "name": "eyelid_left",
          "parent": "eye_left",
          "pivot": [2.195, 47.15, 1]
        }, {
          "cubes": [
            {
              "origin": [-3.5, 40.5, 1],
              "size": [2, 4, 2],
              "uv": [40, 130]
            },
            {
              "inflate": 0.25,
              "origin": [-3, 39.25, 1.5],
              "size": [1, 1, 1],
              "uv": [44, 66]
            },
            {
              "inflate": 0.25,
              "origin": [-3, 37.75, 1.5],
              "size": [1, 1, 1],
              "uv": [44, 70]
            }, {
              "origin": [-2.5, 35.5, 1.5],
              "pivot": [-2.5, 37.5, 1.5],
              "rotation": [17.5, 0, 0],
              "size": [0, 4, 2],
              "uv": [90, 66]
            }
          ],
          "name": "horn_right",
          "parent": "head_angle",
          "pivot": [-1.5, 44.5, 3],
          "rotation": [30, -7.5, 12.5]
        }, {
          "locators": {
            "horn1": [-2.5, 39, 2]
          },
          "name": "locator_horn_right",
          "parent": "horn_right",
          "pivot": [-2.5, 39, 2],
          "rotation": [90, 0, 0]
        }, {
          "cubes": [
            {
              "origin": [1.5, 40.5, 1],
              "size": [2, 4, 2],
              "uv": [130, 66]
            },
            {
              "inflate": 0.25,
              "origin": [2, 39.25, 1.5],
              "size": [1, 1, 1],
              "uv": [90, 110]
            },
            {
              "inflate": 0.25,
              "origin": [2, 37.75, 1.5],
              "size": [1, 1, 1],
              "uv": [76, 132]
            }, {
              "origin": [2.5, 35.5, 1.5],
              "pivot": [2.5, 37.5, 1.5],
              "rotation": [17.5, 0, 0],
              "size": [0, 4, 2],
              "uv": [116, 44]
            }
          ],
          "name": "horn_left",
          "parent": "head_angle",
          "pivot": [1.5, 44.5, 3],
          "rotation": [30, 7.5, -12.5]
        }, {
          "locators": {
            "horn2": [2.5, 39, 2]
          },
          "name": "locator_horn_left",
          "parent": "horn_left",
          "pivot": [2.5, 39, 2],
          "rotation": [90, 0, 0]
        }, {
          "cubes": [
            {
              "inflate": 0.03,
              "origin": [-2.5, 51.36698, -1.67861],
              "size": [5, 2, 2],
              "uv": [0, 125]
            },
            {
              "origin": [-2, 53.40698, -1.17861],
              "size": [4, 0, 1],
              "uv": [38, 69]
            }
          ],
          "name": "nose",
          "parent": "head_angle",
          "pivot": [0, 53, 0],
          "rotation": [-40, 0, 0]
        }, {
          "cubes": [
            {
              "inflate": 0.01,
              "origin": [-3.5, 45.5, -4],
              "size": [7, 3, 2],
              "uv": [116, 106]
            }
          ],
          "name": "jaw",
          "parent": "head_angle",
          "pivot": [0, 45.5, -2]
        }, {
          "cubes": [
            {
              "origin": [-2, 48.49, -4],
              "size": [4, 4, 2],
              "uv": [102, 14]
            },
            {
              "origin": [-1.5, 48.5, -2],
              "size": [3, 4, 0],
              "uv": [16, 100]
            }, {
              "origin": [1.5, 51.49749, -3.03033],
              "pivot": [1.5, 52.52782, -2],
              "rotation": [45, 0, -7.5],
              "size": [0, 1, 1],
              "uv": [70, 95]
            }, {
              "origin": [-1.5, 51.49749, -3.03033],
              "pivot": [-1.5, 52.52782, -2],
              "rotation": [45, 0, 7.5],
              "size": [0, 1, 1],
              "uv": [38, 132]
            }
          ],
          "name": "jaw2",
          "parent": "jaw",
          "pivot": [0, 48.5, -4],
          "rotation": [-7.5, 0, 0]
        }, {
          "locators": {
            "jaw2": {
              "offset": [0, 51.75, -1.75],
              "rotation": [-90, 0, 0]
            }
          },
          "name": "locator_jaw_lower",
          "parent": "jaw2",
          "pivot": [0, 51.75, -1.75]
        }, {
          "cubes": [
            {
              "origin": [-1.5, 45.5, -2],
              "size": [3, 3, 0],
              "uv": [82, 135]
            }
          ],
          "name": "tongue",
          "parent": "jaw",
          "pivot": [0, 45.5, -2]
        }, {
          "cubes": [
            {
              "inflate": 0.01,
              "origin": [-1, 48.5, -2],
              "size": [2, 2, 0],
              "uv": [26, 133]
            }
          ],
          "name": "tongue2",
          "parent": "tongue",
          "pivot": [0, 48.5, -2]
        }, {
          "cubes": [
            {
              "origin": [-1, 50.5, -2],
              "size": [2, 1, 0],
              "uv": [38, 136]
            },
            {
              "origin": [-0.5, 51.5, -2],
              "size": [1, 1, 0],
              "uv": [96, 30]
            }
          ],
          "name": "tongue3",
          "parent": "tongue2",
          "pivot": [0, 50.5, -2]
        }, {
          "name": "wings",
          "parent": "torso2",
          "pivot": [0, 21, 6]
        }, {
          "cubes": [
            {
              "inflate": 0.01,
              "origin": [-5, 23, 4.25],
              "pivot": [-3, 19, 6.25],
              "rotation": [0, 0, -25],
              "size": [2, 3, 2],
              "uv": [130, 78]
            }, {
              "origin": [-6.5, 21.75, 4.25],
              "size": [4, 2, 2],
              "uv": [128, 26]
            }
          ],
          "name": "wing_right_base",
          "parent": "wings",
          "pivot": [-2.5, 22.75, 5.25],
          "rotation": [0, 42.5, 0]
        }, {
          "cubes": [
            {
              "inflate": 0.01,
              "origin": [-8.5, 17, 5.25],
              "size": [5, 7, 0],
              "uv": [30, 125]
            }
          ],
          "name": "wing_right_base_membrane",
          "parent": "wing_right_base",
          "pivot": [-5, 23.75, 5.25]
        }, {
          "cubes": [
            {
              "origin": [-7.96349, 25.36744, 4.25],
              "pivot": [-5.96349, 25.36744, 5.25],
              "rotation": [0, 0, -67.5],
              "size": [2, 9, 2],
              "uv": [88, 20]
            }
          ],
          "name": "wing_right_bend",
          "parent": "wing_right_base",
          "pivot": [-6, 25, 5.25]
        }, {
          "cubes": [
            {
              "origin": [-17, 14, 5.25],
              "size": [8, 13, 0],
              "uv": [22, 75]
            }
          ],
          "name": "wing_right_bend_membrane",
          "parent": "wing_right_bend",
          "pivot": [-8, 25, 5.25]
        }, {
          "cubes": [
            {
              "inflate": 0.02,
              "origin": [-15.04684, 26.96842, 4.75],
              "pivot": [-15.04684, 26.96842, 4.75],
              "rotation": [0, 0, -10],
              "size": [2, 13, 1],
              "uv": [38, 55]
            }, {
              "origin": [-24.04684, 34.96842, 4.75],
              "pivot": [-15.04684, 26.96842, 4.75],
              "rotation": [0, 0, 37.5],
              "size": [2, 5, 1],
              "uv": [114, 131]
            }, {
              "origin": [-26.04684, 34.96842, 5.25],
              "pivot": [-15.04684, 26.96842, 4.75],
              "rotation": [0, 0, 37.5],
              "size": [7, 9, 0],
              "uv": [80, 97]
            }
          ],
          "name": "wing_right_mid",
          "parent": "wing_right_bend",
          "pivot": [-14, 27.5, 5.25]
        }, {
          "cubes": [
            {
              "inflate": 0.01,
              "origin": [-22.5, 15.5, 5.25],
              "size": [11, 23, 0],
              "uv": [94, 66]
            }
          ],
          "name": "wing_right_mid_membrane",
          "parent": "wing_right_mid",
          "pivot": [-17.75, 38.5, 5.25],
          "rotation": [0, 0, 20]
        }, {
          "cubes": [
            {
              "inflate": 0.01,
              "origin": [-19.32585, 39.78904, 4.75],
              "pivot": [-17.32585, 39.78904, 5.25],
              "rotation": [0, 0, -100],
              "size": [2, 6, 1],
              "uv": [48, 130]
            }
          ],
          "name": "wing_right_elbow",
          "parent": "wing_right_mid",
          "pivot": [-17, 38, 5.25],
          "rotation": [0, 0, 45]
        }, {
          "locators": {
            "wing1": [-20, 38.25, 5.25]
          },
          "name": "locator_wing_right",
          "parent": "wing_right_elbow",
          "pivot": [-20, 38.25, 5.25],
          "rotation": [0, 90, -22.5]
        }, {
          "cubes": [
            {
              "inflate": 0.02,
              "origin": [-28, 13, 5.25],
              "size": [11, 25, 0],
              "uv": [72, 72]
            }
          ],
          "name": "wing_right_membrane",
          "parent": "wing_right_elbow",
          "pivot": [-17, 38, 5.25],
          "rotation": [0, 0, -5]
        }, {
          "cubes": [
            {
              "inflate": 0.02,
              "origin": [-25.2347, 38.74715, 4.75],
              "pivot": [-23.2347, 38.74715, 5.25],
              "rotation": [0, 0, -135],
              "size": [2, 11, 1],
              "uv": [96, 124]
            }
          ],
          "name": "wing_right_end",
          "parent": "wing_right_elbow",
          "pivot": [-22, 38, 5.25]
        }, {
          "cubes": [
            {
              "inflate": 0.03,
              "origin": [-37.54559, 21.2176, 5.25],
              "pivot": [-36.09559, 21.2176, 5.25],
              "rotation": [0, 0, -172.5],
              "size": [1, 10, 0],
              "uv": [96, 20]
            }, {
              "inflate": 0.05,
              "origin": [-33.01287, 30.96897, 5.25],
              "pivot": [-31.01287, 30.96897, 5.25],
              "rotation": [0, 0, -152.5],
              "size": [2, 11, 0],
              "uv": [44, 55]
            }
          ],
          "name": "wing_right_tip",
          "parent": "wing_right_end",
          "pivot": [-30, 30.5, 5.25]
        }, {
          "cubes": [
            {
              "origin": [-33, 15.5, 5.25],
              "size": [7, 17, 0],
              "uv": [116, 66]
            }
          ],
          "name": "wing_right_tip_membrane",
          "parent": "wing_right_tip",
          "pivot": [-29, 31.5, 5.25]
        }, {
          "cubes": [
            {
              "inflate": 0.01,
              "origin": [3, 23, 4.25],
              "pivot": [3, 19, 6.25],
              "rotation": [0, 0, 25],
              "size": [2, 3, 2],
              "uv": [130, 83]
            }, {
              "origin": [2.5, 21.75, 4.25],
              "size": [4, 2, 2],
              "uv": [68, 128]
            }
          ],
          "name": "wing_left_base",
          "parent": "wings",
          "pivot": [2.5, 22.75, 5.25],
          "rotation": [0, -42.5, 0]
        }, {
          "cubes": [
            {
              "inflate": 0.01,
              "origin": [3.5, 17, 5.25],
              "size": [5, 7, 0],
              "uv": [128, 5]
            }
          ],
          "name": "wing_left_base_membrane",
          "parent": "wing_left_base",
          "pivot": [5, 23.75, 5.25]
        }, {
          "cubes": [
            {
              "origin": [5.96349, 25.36744, 4.25],
              "pivot": [5.96349, 25.36744, 5.25],
              "rotation": [0, 0, 67.5],
              "size": [2, 9, 2],
              "uv": [60, 124]
            }
          ],
          "name": "wing_left_bend",
          "parent": "wing_left_base",
          "pivot": [6, 25, 5.25]
        }, {
          "cubes": [
            {
              "origin": [9, 14, 5.25],
              "size": [8, 13, 0],
              "uv": [120, 44]
            }
          ],
          "name": "wing_left_bend_membrane",
          "parent": "wing_left_bend",
          "pivot": [7, 25, 5.25]
        }, {
          "cubes": [
            {
              "inflate": 0.02,
              "origin": [13.04684, 26.96842, 4.75],
              "pivot": [15.04684, 26.96842, 4.75],
              "rotation": [0, 0, 10],
              "size": [2, 13, 1],
              "uv": [54, 124]
            }, {
              "origin": [22.04684, 34.96842, 4.75],
              "pivot": [15.04684, 26.96842, 4.75],
              "rotation": [0, 0, -37.5],
              "size": [2, 5, 1],
              "uv": [20, 133]
            }, {
              "origin": [19.04684, 34.96842, 5.25],
              "pivot": [15.04684, 26.96842, 4.75],
              "rotation": [0, 0, -37.5],
              "size": [7, 9, 0],
              "uv": [120, 57]
            }
          ],
          "name": "wing_left_mid",
          "parent": "wing_left_bend",
          "pivot": [14, 27.5, 5.25]
        }, {
          "cubes": [
            {
              "inflate": 0.01,
              "origin": [11.5, 15.5, 5.25],
              "size": [11, 23, 0],
              "uv": [94, 89]
            }
          ],
          "name": "wing_left_mid_membrane",
          "parent": "wing_left_mid",
          "pivot": [17.75, 38.5, 5.25],
          "rotation": [0, 0, -20]
        }, {
          "cubes": [
            {
              "inflate": 0.01,
              "origin": [17.32585, 39.78904, 4.75],
              "pivot": [17.32585, 39.78904, 5.25],
              "rotation": [0, 0, 100],
              "size": [2, 6, 1],
              "uv": [130, 88]
            }
          ],
          "name": "wing_left_elbow",
          "parent": "wing_left_mid",
          "pivot": [17, 38, 5.25],
          "rotation": [0, 0, -45]
        }, {
          "locators": {
            "wing2": [20, 38.25, 5.25]
          },
          "name": "locator_wing_left",
          "parent": "wing_left_elbow",
          "pivot": [20, 38.25, 5.25],
          "rotation": [0, -90, 22.5]
        }, {
          "cubes": [
            {
              "inflate": 0.02,
              "origin": [17, 13, 5.25],
              "size": [11, 25, 0],
              "uv": [0, 75]
            }
          ],
          "name": "wing_left_membrane",
          "parent": "wing_left_elbow",
          "pivot": [17, 38, 5.25],
          "rotation": [0, 0, 5]
        }, {
          "cubes": [
            {
              "inflate": 0.02,
              "origin": [23.2347, 38.74715, 4.75],
              "pivot": [23.2347, 38.74715, 5.25],
              "rotation": [0, 0, 135],
              "size": [2, 11, 1],
              "uv": [14, 125]
            }
          ],
          "name": "wing_left_end",
          "parent": "wing_left_elbow",
          "pivot": [22, 38, 5.25]
        }, {
          "cubes": [
            {
              "inflate": 0.03,
              "origin": [36.54559, 21.2176, 5.25],
              "pivot": [36.09559, 21.2176, 5.25],
              "rotation": [0, 0, 172.5],
              "size": [1, 10, 0],
              "uv": [12, 129]
            }, {
              "inflate": 0.05,
              "origin": [31.01287, 30.96897, 5.25],
              "pivot": [31.01287, 30.96897, 5.25],
              "rotation": [0, 0, 152.5],
              "size": [2, 11, 0],
              "uv": [102, 124]
            }
          ],
          "name": "wing_left_tip",
          "parent": "wing_left_end",
          "pivot": [30, 30.5, 5.25]
        }, {
          "cubes": [
            {
              "origin": [26, 15.5, 5.25],
              "size": [7, 17, 0],
              "uv": [116, 83]
            }
          ],
          "name": "wing_left_tip_membrane",
          "parent": "wing_left_tip",
          "pivot": [29, 32, 5.25]
        }, {
          "name": "arms",
          "parent": "torso2",
          "pivot": [6, 23, 0]
        }, {
          "cubes": [
            {
              "origin": [-9, 21.5, -1.5],
              "size": [4, 3, 3],
              "uv": [120, 118]
            }, {
              "origin": [-8.5, 21.5, -3.5],
              "pivot": [-7.5, 21.5, -1.5],
              "rotation": [-7.5, 0, 0],
              "size": [2, 3, 2],
              "uv": [130, 95]
            }, {
              "origin": [-7.5, 22, -5],
              "pivot": [-7.5, 21.5, -1.5],
              "rotation": [-7.5, 0, 0],
              "size": [0, 6, 3],
              "uv": [120, 128]
            }, {
              "origin": [-8.5, 21.5, 1.5],
              "pivot": [-7.5, 21.5, 1.5],
              "rotation": [7.5, 0, 0],
              "size": [2, 3, 2],
              "uv": [106, 131]
            }, {
              "origin": [-7.5, 22, 2],
              "pivot": [-7.5, 21.5, 1.5],
              "rotation": [7.5, 0, 0],
              "size": [0, 6, 3],
              "uv": [126, 128]
            }
          ],
          "name": "shoulder_right",
          "parent": "arms",
          "pivot": [-6, 23, 0]
        }, {
          "cubes": [
            {
              "origin": [-13.5, 22, -1],
              "size": [5, 2, 2],
              "uv": [80, 106]
            }
          ],
          "name": "arm_right",
          "parent": "shoulder_right",
          "pivot": [-8.5, 23, 0.5]
        }, {
          "cubes": [
            {
              "inflate": 0.01,
              "origin": [-18.5, 22, -1],
              "size": [5, 2, 2],
              "uv": [68, 124]
            }
          ],
          "name": "forearm_right",
          "parent": "arm_right",
          "pivot": [-13.5, 22, 1]
        }, {
          "cubes": [
            {
              "inflate": 0.1,
              "origin": [-21.5, 22, -1.5],
              "size": [3, 2, 3],
              "uv": [40, 104]
            }
          ],
          "name": "hand_right",
          "parent": "forearm_right",
          "pivot": [-18.5, 23, 0]
        }, {
          "locators": {
            "hand_primary": [-21.5, 23, 0],
            "physical": [-21.5, 23, 0]
          },
          "name": "locator_hand_primary",
          "parent": "hand_right",
          "pivot": [-21.5, 23, 0],
          "rotation": [0, 90, 0]
        }, {
          "name": "fingers_right",
          "parent": "hand_right",
          "pivot": [-21.5, 23.75, 0]
        }, {
          "cubes": [
            {
              "inflate": 0.01,
              "origin": [-23, 22.75, -1.75],
              "size": [2, 1, 1],
              "uv": [38, 70]
            }
          ],
          "name": "finger_right_in",
          "parent": "fingers_right",
          "pivot": [-21, 23.75, -1.25],
          "rotation": [0, -25, 0]
        }, {
          "cubes": [
            {
              "origin": [-26, 23.25, -1.75],
              "pivot": [-25, 23.25, -1.25],
              "rotation": [-70, 0, 0],
              "size": [1, 0, 1],
              "uv": [44, 68]
            }, {
              "origin": [-25, 22.75, -1.75],
              "size": [2, 1, 1],
              "uv": [40, 109]
            }
          ],
          "name": "finger_right_in2",
          "parent": "finger_right_in",
          "pivot": [-23, 23.75, -1.25]
        }, {
          "cubes": [
            {
              "inflate": 0.01,
              "origin": [-23.5, 22.75, -0.5],
              "size": [2, 1, 1],
              "uv": [52, 95]
            }
          ],
          "name": "finger_right_middle",
          "parent": "fingers_right",
          "pivot": [-21.5, 23.75, 0]
        }, {
          "cubes": [
            {
              "origin": [-26.5, 23.25, -0.5],
              "pivot": [-25.5, 23.25, 0],
              "rotation": [-90, 0, 0],
              "size": [1, 0, 1],
              "uv": [80, 110]
            }, {
              "origin": [-25.5, 22.75, -0.5],
              "size": [2, 1, 1],
              "uv": [64, 95]
            }
          ],
          "name": "finger_right_middle2",
          "parent": "finger_right_middle",
          "pivot": [-23.5, 23.75, 0]
        }, {
          "cubes": [
            {
              "inflate": 0.01,
              "origin": [-23, 22.75, 0.75],
              "size": [2, 1, 1],
              "uv": [80, 29]
            }
          ],
          "name": "finger_right_out",
          "parent": "fingers_right",
          "pivot": [-21, 23.75, 1.25],
          "rotation": [0, 25, 0]
        }, {
          "cubes": [
            {
              "origin": [-26, 23.25, 0.75],
              "pivot": [-25, 23.25, 1.25],
              "rotation": [-120, 0, 0],
              "size": [1, 0, 1],
              "uv": [34, 88]
            }, {
              "origin": [-25, 22.75, 0.75],
              "size": [2, 1, 1],
              "uv": [58, 95]
            }
          ],
          "name": "finger_right_out2",
          "parent": "finger_right_out",
          "pivot": [-23, 23.75, 1.25]
        }, {
          "cubes": [
            {
              "origin": [5, 21.5, -1.5],
              "size": [4, 3, 3],
              "uv": [40, 124]
            }, {
              "origin": [7.5, 22, 2],
              "pivot": [7.5, 21.5, 1.5],
              "rotation": [7.5, 0, 0],
              "size": [0, 6, 3],
              "uv": [6, 129]
            }, {
              "origin": [6.5, 21.5, 1.5],
              "pivot": [7.5, 21.5, 1.5],
              "rotation": [7.5, 0, 0],
              "size": [2, 3, 2],
              "uv": [68, 132]
            }, {
              "origin": [6.5, 21.5, -3.5],
              "pivot": [7.5, 21.5, -1.5],
              "rotation": [-7.5, 0, 0],
              "size": [2, 3, 2],
              "uv": [30, 132]
            }, {
              "origin": [7.5, 22, -5],
              "pivot": [7.5, 21.5, -1.5],
              "rotation": [-7.5, 0, 0],
              "size": [0, 6, 3],
              "uv": [0, 129]
            }
          ],
          "name": "shoulder_left",
          "parent": "arms",
          "pivot": [6, 23, 0]
        }, {
          "cubes": [
            {
              "origin": [8.5, 22, -1],
              "size": [5, 2, 2],
              "uv": [82, 124]
            }
          ],
          "name": "arm_left",
          "parent": "shoulder_left",
          "pivot": [8.5, 23, 0.5]
        }, {
          "cubes": [
            {
              "inflate": 0.01,
              "origin": [13.5, 22, -1],
              "size": [5, 2, 2],
              "uv": [120, 124]
            }
          ],
          "name": "forearm_left",
          "parent": "arm_left",
          "pivot": [13.5, 22, 1]
        }, {
          "cubes": [
            {
              "inflate": 0.1,
              "origin": [18.5, 22, -1.5],
              "size": [3, 2, 3],
              "uv": [128, 0]
            }
          ],
          "name": "hand_left",
          "parent": "forearm_left",
          "pivot": [18.5, 23, 0]
        }, {
          "locators": {
            "hand_secondary": [21.5, 23, 0]
          },
          "name": "locator_hand_secondary",
          "parent": "hand_left",
          "pivot": [21.5, 23, 0],
          "rotation": [0, -90, 0]
        }, {
          "name": "fingers_left",
          "parent": "hand_left",
          "pivot": [21.5, 23.75, 0]
        }, {
          "cubes": [
            {
              "inflate": 0.01,
              "origin": [21, 22.75, -1.75],
              "size": [2, 1, 1],
              "uv": [46, 109]
            }
          ],
          "name": "finger_left_in",
          "parent": "fingers_left",
          "pivot": [21, 23.75, -1.25],
          "rotation": [0, 25, 0]
        }, {
          "cubes": [
            {
              "origin": [25, 23.25, -1.75],
              "pivot": [25, 23.25, -1.25],
              "rotation": [-70, 0, 0],
              "size": [1, 0, 1],
              "uv": [116, 50]
            }, {
              "origin": [23, 22.75, -1.75],
              "size": [2, 1, 1],
              "uv": [84, 110]
            }
          ],
          "name": "finger_left_in2",
          "parent": "finger_left_in",
          "pivot": [23, 23.75, -1.25]
        }, {
          "cubes": [
            {
              "inflate": 0.01,
              "origin": [21.5, 22.75, -0.5],
              "size": [2, 1, 1],
              "uv": [134, 126]
            }
          ],
          "name": "finger_left_middle",
          "parent": "fingers_left",
          "pivot": [21.5, 23.75, 0]
        }, {
          "cubes": [
            {
              "origin": [25.5, 23.25, -0.5],
              "pivot": [25.5, 23.25, 0],
              "rotation": [-90, 0, 0],
              "size": [1, 0, 1],
              "uv": [116, 111]
            }, {
              "origin": [23.5, 22.75, -0.5],
              "size": [2, 1, 1],
              "uv": [88, 135]
            }
          ],
          "name": "finger_left_middle2",
          "parent": "finger_left_middle",
          "pivot": [23.5, 23.75, 0]
        }, {
          "cubes": [
            {
              "inflate": 0.01,
              "origin": [21, 22.75, 0.75],
              "size": [2, 1, 1],
              "uv": [136, 30]
            }
          ],
          "name": "finger_left_out",
          "parent": "fingers_left",
          "pivot": [21, 23.75, 1.25],
          "rotation": [0, -25, 0]
        }, {
          "cubes": [
            {
              "origin": [25, 23.25, 0.75],
              "pivot": [25, 23.25, 1.25],
              "rotation": [-120, 0, 0],
              "size": [1, 0, 1],
              "uv": [76, 134]
            }, {
              "origin": [23, 22.75, 0.75],
              "size": [2, 1, 1],
              "uv": [136, 32]
            }
          ],
          "name": "finger_left_out2",
          "parent": "finger_left_out",
          "pivot": [23, 23.75, 1.25]
        }, {
          "locators": {
            "seat_1": [0, 25, 5.5]
          },
          "name": "locator_seat_1",
          "parent": "torso2",
          "pivot": [0, 25, 5.5]
        }, {
          "cubes": [
            {
              "origin": [-5, 4.5, 6],
              "size": [10, 10, 14],
              "uv": [0, 31]
            }
          ],
          "name": "tail",
          "parent": "torso",
          "pivot": [0, 9.5, 6]
        }, {
          "cubes": [
            {
              "origin": [-4, 5.5, 19],
              "size": [8, 8, 13],
              "uv": [48, 51]
            }
          ],
          "name": "tail2",
          "parent": "tail",
          "pivot": [0, 9, 20]
        }, {
          "cubes": [
            {
              "origin": [-3, 6.5, 31],
              "size": [6, 6, 11],
              "uv": [38, 72]
            }
          ],
          "name": "tail3",
          "parent": "tail2",
          "pivot": [0, 9.5, 32]
        }, {
          "cubes": [
            {
              "origin": [-2, 7.5, 41],
              "size": [4, 4, 11],
              "uv": [90, 51]
            }
          ],
          "name": "tail4",
          "parent": "tail3",
          "pivot": [0, 9.5, 42]
        }, {
          "locators": {
            "tail": [0, 9.5, 47]
          },
          "name": "locator_tail",
          "parent": "tail4",
          "pivot": [0, 9.5, 47],
          "rotation": [-180, 0, 180]
        }, {
          "cubes": [
            {
              "origin": [-1.5, 8, 51],
              "size": [3, 3, 11],
              "uv": [52, 97]
            }
          ],
          "name": "tail5",
          "parent": "tail4",
          "pivot": [0, 9.5, 52]
        }, {
          "locators": {
            "tail_tip": [0, 9.5, 62]
          },
          "name": "locator_tail_tip",
          "parent": "tail5",
          "pivot": [0, 9.5, 62],
          "rotation": [-180, 0, 180]
        }, {
          "name": "fire",
          "parent": "tail5",
          "pivot": [0, 9.45, 62]
        }, {
          "cubes": [
            {
              "origin": [0, 9.5, 58.5],
              "size": [0, 12, 7],
              "uv": [106, 112]
            }, {
              "origin": [0, 9.5, 58.5],
              "pivot": [0, 14.45, 62],
              "rotation": [0, 90, 0],
              "size": [0, 12, 7],
              "uv": [114, 14]
            }
          ],
          "name": "fire2",
          "parent": "fire",
          "pivot": [0, 9.45, 62]
        }, {
          "name": "legs",
          "parent": "body",
          "pivot": [0, 0, 0]
        }, {
          "cubes": [
            {
              "origin": [-12.5, 6.5, -7],
              "size": [7, 8, 12],
              "uv": [0, 55]
            }
          ],
          "name": "leg_right",
          "parent": "legs",
          "pivot": [-8, 10.5, 1]
        }, {
          "cubes": [
            {
              "origin": [-11.5, 1.5, -6],
              "size": [5, 7, 6],
              "uv": [40, 111]
            }
          ],
          "name": "knee_right",
          "parent": "leg_right",
          "pivot": [-9, 6.5, -5]
        }, {
          "cubes": [
            {
              "origin": [-12, 0, -5.5],
              "size": [6, 3, 6],
              "uv": [16, 116]
            }
          ],
          "name": "foot_right",
          "parent": "knee_right",
          "pivot": [-9, 1.5, -3.5]
        }, {
          "locators": {
            "foot_primary": [-9, 1.5, -7]
          },
          "name": "locator_foot_primary",
          "parent": "foot_right",
          "pivot": [-9, 1.5, -7]
        }, {
          "cubes": [
            {
              "inflate": 0.01,
              "origin": [-12, 0, -8.5],
              "size": [6, 3, 3],
              "uv": [116, 100]
            }
          ],
          "name": "foot_right2",
          "parent": "foot_right",
          "pivot": [-9, 0, -5.5]
        }, {
          "cubes": [
            {
              "origin": [-10.75, 0, -11.25],
              "size": [0, 2, 3],
              "uv": [134, 121]
            }
          ],
          "name": "claw_right_outer",
          "parent": "foot_right2",
          "pivot": [-10.75, 2, -8.5]
        }, {
          "cubes": [
            {
              "origin": [-9, 0, -11.5],
              "size": [0, 2, 3],
              "uv": [60, 135]
            }
          ],
          "name": "claw_right_center",
          "parent": "foot_right2",
          "pivot": [-9, 2, -8.5]
        }, {
          "cubes": [
            {
              "origin": [-7.25, 0, -11.25],
              "size": [0, 2, 3],
              "uv": [76, 135]
            }
          ],
          "name": "claw_right_inner",
          "parent": "foot_right2",
          "pivot": [-7.25, 2, -8.5]
        }, {
          "cubes": [
            {
              "origin": [5.5, 6.5, -7],
              "size": [7, 8, 12],
              "uv": [64, 0]
            }
          ],
          "name": "leg_left",
          "parent": "legs",
          "pivot": [8, 10.5, 1]
        }, {
          "cubes": [
            {
              "origin": [6.5, 1.5, -6],
              "size": [5, 7, 6],
              "uv": [62, 111]
            }
          ],
          "name": "knee_left",
          "parent": "leg_left",
          "pivot": [9, 6.5, -5]
        }, {
          "cubes": [
            {
              "origin": [6, 0, -5.5],
              "size": [6, 3, 6],
              "uv": [64, 20]
            }
          ],
          "name": "foot_left",
          "parent": "knee_left",
          "pivot": [9, 1.5, -3.5]
        }, {
          "locators": {
            "foot_secondary": [9, 1.5, -7]
          },
          "name": "locator_foot_secondary",
          "parent": "foot_left",
          "pivot": [9, 1.5, -7]
        }, {
          "cubes": [
            {
              "inflate": 0.01,
              "origin": [6, 0, -8.5],
              "size": [6, 3, 3],
              "uv": [98, 45]
            }
          ],
          "name": "foot_left2",
          "parent": "foot_left",
          "pivot": [9, 0, -5.5]
        }, {
          "cubes": [
            {
              "origin": [10.75, 0, -11.25],
              "size": [0, 2, 3],
              "uv": [134, 106]
            }
          ],
          "name": "claw_left_outer",
          "parent": "foot_left2",
          "pivot": [10.75, 2, -8.5]
        }, {
          "cubes": [
            {
              "origin": [9, 0, -11.5],
              "size": [0, 2, 3],
              "uv": [134, 111]
            }
          ],
          "name": "claw_left_center",
          "parent": "foot_left2",
          "pivot": [9, 2, -8.5]
        }, {
          "cubes": [
            {
              "origin": [7.25, 0, -11.25],
              "size": [0, 2, 3],
              "uv": [134, 116]
            }
          ],
          "name": "claw_left_inner",
          "parent": "foot_left2",
          "pivot": [7.25, 2, -8.5]
        }, {
          "locators": {
            "top": [0, 41, -1]
          },
          "name": "locator_top",
          "parent": "charizard",
          "pivot": [0, 41, -1]
        }
      ],
      "description": {
        "identifier": "geometry.charizard",
        "texture_height": 256,
        "texture_width": 256,
        "visible_bounds_height": 5,
        "visible_bounds_offset": [0, 1.5, 0],
        "visible_bounds_width": 10
      }
    }
  ]
}