{
  "format_version": "1.12.0",
  "minecraft:geometry": [
    {
      "bones": [
        {
          "name": "charizard_gigantamax",
          "pivot": [0, 0, 0]
        }, {
          "name": "body",
          "parent": "charizard_gigantamax",
          "pivot": [0, 0, 0]
        }, {
          "cubes": [
            {
              "origin": [-11, 8, -13],
              "size": [22, 21, 24],
              "uv": [0, 0]
            }
          ],
          "name": "torso",
          "parent": "body",
          "pivot": [0, 18, 0]
        }, {
          "cubes": [
            {
              "origin": [-8, 28, -12],
              "size": [16, 9, 17],
              "uv": [84, 45]
            }, {
              "inflate": 0.25,
              "origin": [-8, 28, -12],
              "size": [16, 9, 17],
              "uv": [84, 71]
            }
          ],
          "name": "chest",
          "parent": "torso",
          "pivot": [0, 28, 0]
        }, {
          "cubes": [
            {
              "inflate": -0.01,
              "origin": [-5, 31, 3],
              "size": [10, 6, 4],
              "uv": [180, 58]
            }
          ],
          "name": "bone4",
          "parent": "chest",
          "pivot": [-1, 28, -10]
        }, {
          "cubes": [
            {
              "origin": [3, 30, 5.5],
              "size": [9, 6, 1],
              "uv": [84, 187]
            }
          ],
          "name": "bone74",
          "parent": "bone4",
          "pivot": [3.25, 33, 5.75]
        }, {
          "cubes": [
            {
              "origin": [11, 28.75, 5],
              "size": [8, 8, 2],
              "uv": [186, 0]
            }, {
              "inflate": 0.01,
              "origin": [11, 26.75, 6],
              "size": [7, 12, 0],
              "uv": [0, 244]
            }
          ],
          "name": "bone75",
          "parent": "bone74",
          "pivot": [13, 30.75, 6]
        }, {
          "cubes": [
            {
              "origin": [18, 28.25, 4.5],
              "size": [14, 9, 3],
              "uv": [150, 78]
            }, {
              "origin": [17, 26.75, 6],
              "size": [15, 18, 0],
              "uv": [226, 238]
            }
          ],
          "name": "bone76",
          "parent": "bone75",
          "pivot": [18, 37.75, 5.5]
        }, {
          "cubes": [
            {
              "origin": [31, 28.75, 5],
              "size": [9, 8, 2],
              "uv": [152, 185]
            }, {
              "inflate": 0.01,
              "origin": [31, 25.75, 6],
              "size": [22, 18, 0],
              "uv": [101, 238]
            }
          ],
          "name": "bone77",
          "parent": "bone76",
          "pivot": [32, 42.75, 6]
        }, {
          "cubes": [
            {
              "mirror": true,
              "origin": [-12, 30, 5.5],
              "size": [9, 6, 1],
              "uv": [84, 187]
            }
          ],
          "name": "bone78",
          "parent": "bone4",
          "pivot": [-3.25, 33, 5.75]
        }, {
          "cubes": [
            {
              "mirror": true,
              "origin": [-19, 28.75, 5],
              "size": [8, 8, 2],
              "uv": [186, 0]
            }, {
              "inflate": 0.01,
              "mirror": true,
              "origin": [-18, 26.75, 6],
              "size": [7, 12, 0],
              "uv": [0, 244]
            }
          ],
          "name": "bone79",
          "parent": "bone78",
          "pivot": [-13, 30.75, 6]
        }, {
          "cubes": [
            {
              "mirror": true,
              "origin": [-32, 28.25, 4.5],
              "size": [14, 9, 3],
              "uv": [150, 78]
            }, {
              "mirror": true,
              "origin": [-32, 26.75, 6],
              "size": [15, 18, 0],
              "uv": [226, 238]
            }
          ],
          "name": "bone80",
          "parent": "bone79",
          "pivot": [-18, 37.75, 5.5]
        }, {
          "cubes": [
            {
              "mirror": true,
              "origin": [-40, 28.75, 5],
              "size": [9, 8, 2],
              "uv": [152, 185]
            }, {
              "inflate": 0.01,
              "mirror": true,
              "origin": [-53, 25.75, 6],
              "size": [22, 18, 0],
              "uv": [101, 238]
            }
          ],
          "name": "bone81",
          "parent": "bone80",
          "pivot": [-32, 42.75, 6]
        }, {
          "cubes": [
            {
              "origin": [6.75, 37, -11],
              "size": [0, 10, 13],
              "uv": [108, 149]
            }
          ],
          "name": "bone68",
          "parent": "chest",
          "pivot": [6.75, 37, -4.5]
        }, {
          "cubes": [
            {
              "origin": [6.75, 36, -14],
              "size": [0, 9, 3],
              "uv": [52, 244]
            }
          ],
          "name": "bone70",
          "parent": "bone68",
          "pivot": [6.75, 40, -11],
          "rotation": [0, 55, 0]
        }, {
          "cubes": [
            {
              "origin": [6.75, 37, 2],
              "size": [0, 10, 5],
              "uv": [140, 189]
            }
          ],
          "name": "bone69",
          "parent": "bone68",
          "pivot": [6.75, 40, 2],
          "rotation": [0, -35, 0]
        }, {
          "cubes": [
            {
              "origin": [-6.75, 37, -11],
              "size": [0, 10, 13],
              "uv": [134, 149]
            }
          ],
          "name": "bone71",
          "parent": "chest",
          "pivot": [-6.75, 37, -4.5]
        }, {
          "cubes": [
            {
              "origin": [-6.75, 36, -14],
              "size": [0, 10, 3],
              "uv": [52, 243]
            }
          ],
          "name": "bone72",
          "parent": "bone71",
          "pivot": [-6.75, 40, -11],
          "rotation": [0, -55, 0]
        }, {
          "cubes": [
            {
              "origin": [-6.75, 37, 2],
              "size": [0, 10, 5],
              "uv": [22, 192]
            }
          ],
          "name": "bone73",
          "parent": "bone71",
          "pivot": [-6.75, 40, 2],
          "rotation": [0, 35, 0]
        }, {
          "cubes": [
            {
              "origin": [-4, 36, -10.25],
              "size": [8, 6, 9],
              "uv": [74, 149]
            }
          ],
          "name": "neck",
          "parent": "chest",
          "pivot": [0, 37, -6.25],
          "rotation": [10, 0, 0]
        }, {
          "cubes": [
            {
              "origin": [-3.5, 40, -10],
              "size": [7, 8, 7],
              "uv": [166, 122]
            }
          ],
          "name": "bone7",
          "parent": "neck",
          "pivot": [0, 41, -5.5],
          "rotation": [17.5, 0, 0]
        }, {
          "cubes": [
            {
              "origin": [-3, 47.25, -9.5],
              "size": [6, 7, 6],
              "uv": [182, 175]
            }
          ],
          "name": "bone8",
          "parent": "bone7",
          "pivot": [0, 47.25, -5],
          "rotation": [22.5, 0, 0]
        }, {
          "cubes": [
            {
              "origin": [-2.5, 53.25, -9],
              "size": [5, 5, 5],
              "uv": [84, 177]
            }
          ],
          "name": "bone9",
          "parent": "bone8",
          "pivot": [0.5, 53.25, -6.5],
          "rotation": [12.5, 0, 0]
        }, {
          "name": "head_turn",
          "parent": "bone9",
          "pivot": [0, 56.83333, -6],
          "rotation": [-75, 0, 0]
        }, {
          "cubes": [
            {
              "origin": [-3.5, 55.65109, -12.99341],
              "size": [7, 5, 8],
              "uv": [74, 164]
            }, {
              "origin": [-3.5, 53.65109, -8.99341],
              "size": [7, 2, 4],
              "uv": [174, 114]
            }, {
              "origin": [-2.5, 55.65109, -17.99341],
              "size": [5, 2, 5],
              "uv": [186, 86]
            }
          ],
          "name": "head",
          "parent": "head_turn",
          "pivot": [0, 56.48443, -5.74341],
          "rotation": [22.5, 0, 0]
        }, {
          "cubes": [
            {
              "origin": [3.5, 53.15109, -9.99341],
              "size": [0, 5, 12],
              "uv": [128, 172]
            }, {
              "origin": [3.5, 53.15109, -9.99341],
              "pivot": [3.5, 55.65109, -3.99341],
              "rotation": [0, 0, 90],
              "size": [0, 5, 12],
              "uv": [128, 172]
            }
          ],
          "name": "bone101",
          "parent": "head",
          "pivot": [3.5, 55.90109, -9.99341],
          "rotation": [27.5, 22.5, 0]
        }, {
          "cubes": [
            {
              "origin": [3.5, 53.15109, 2.00659],
              "size": [0, 5, 12],
              "uv": [174, 97]
            }, {
              "origin": [3.5, 53.15109, 2.00659],
              "pivot": [3.5, 55.65109, 8.00659],
              "rotation": [0, 0, 90],
              "size": [0, 5, 12],
              "uv": [174, 97]
            }
          ],
          "name": "bone102",
          "parent": "bone101",
          "pivot": [3.5, 55.90109, 2.00659]
        }, {
          "cubes": [
            {
              "inflate": 0.02,
              "origin": [-3.5, 58.92609, -13.04341],
              "size": [7, 1, 1],
              "uv": [62, 120]
            }
          ],
          "name": "bone93",
          "parent": "head",
          "pivot": [0.5, 54.65109, -8.99341]
        }, {
          "cubes": [
            {
              "inflate": 0.02,
              "origin": [-2.525, 58.17609, -13.06841],
              "size": [5, 1, 0],
              "uv": [92, 44]
            }
          ],
          "name": "bone94",
          "parent": "head",
          "pivot": [0.5, 53.65109, -9.01841]
        }, {
          "cubes": [
            {
              "inflate": 0.001,
              "origin": [1.5, 57.70109, -13.01841],
              "size": [2, 2, 1],
              "uv": [36, 144]
            }, {
              "inflate": 0.01,
              "origin": [1.5, 58.20109, -12.01841],
              "size": [2, 1, 1],
              "uv": [62, 122]
            }
          ],
          "name": "eye_left",
          "parent": "head",
          "pivot": [0.5, 54.65109, -8.99341]
        }, {
          "cubes": [
            {
              "inflate": 0.015,
              "origin": [0.525, 57.67609, -12.04341],
              "size": [2, 2, 2],
              "uv": [204, 43]
            }
          ],
          "name": "bone92",
          "parent": "eye_left",
          "pivot": [2.5, 57.67609, -12.04341]
        }, {
          "cubes": [
            {
              "origin": [2, 57.70109, -13.04341],
              "size": [1, 2, 0],
              "uv": [82, 147]
            }
          ],
          "name": "eyes_left",
          "parent": "eye_left",
          "pivot": [3, 57.70109, -11.04341]
        }, {
          "cubes": [
            {
              "inflate": 0.001,
              "origin": [-3.5, 57.70109, -13.01841],
              "size": [2, 2, 1],
              "uv": [42, 144]
            }, {
              "inflate": 0.01,
              "origin": [-3.5, 58.20109, -12.01841],
              "size": [2, 1, 1],
              "uv": [68, 122]
            }
          ],
          "name": "eye_right",
          "parent": "head",
          "pivot": [-0.5, 54.65109, -8.99341]
        }, {
          "cubes": [
            {
              "inflate": 0.015,
              "origin": [-2.525, 57.67609, -12.04341],
              "size": [2, 2, 2],
              "uv": [204, 47]
            }
          ],
          "name": "bone95",
          "parent": "eye_right",
          "pivot": [-2.5, 57.67609, -12.04341]
        }, {
          "cubes": [
            {
              "origin": [-3, 57.70109, -13.04341],
              "size": [1, 2, 0],
              "uv": [84, 147]
            }
          ],
          "name": "eyes_right",
          "parent": "eye_right",
          "pivot": [-3, 57.70109, -11.04341]
        }, {
          "cubes": [
            {
              "origin": [1.5, 58.65109, -10.99341],
              "size": [2, 2, 5],
              "uv": [60, 169]
            }, {
              "inflate": 0.25,
              "origin": [2, 59.15109, -5.99341],
              "size": [1, 1, 4],
              "uv": [166, 144]
            }
          ],
          "name": "bone82",
          "parent": "head",
          "pivot": [2.5, 60.65109, -9.99341],
          "rotation": [20.24529, 5.52235, 5.08269]
        }, {
          "cubes": [
            {
              "origin": [2.5, 58.15109, -2.99341],
              "size": [0, 3, 5],
              "uv": [190, 197]
            }
          ],
          "name": "bone83",
          "parent": "bone82",
          "pivot": [2.5, 59.65109, -2.49341]
        }, {
          "cubes": [
            {
              "origin": [2.5, 58.65109, 2.00659],
              "size": [0, 2, 7],
              "uv": [194, 144]
            }
          ],
          "name": "bone84",
          "parent": "bone83",
          "pivot": [2.5, 59.65109, 2.00659]
        }, {
          "cubes": [
            {
              "origin": [2.5, 58.15109, -2.99341],
              "size": [0, 3, 5],
              "uv": [190, 197]
            }
          ],
          "name": "bone85",
          "parent": "bone82",
          "pivot": [2.5, 59.65109, -2.49341],
          "rotation": [0, 0, 90]
        }, {
          "cubes": [
            {
              "origin": [2.5, 58.65109, 2.00659],
              "size": [0, 2, 7],
              "uv": [194, 144]
            }
          ],
          "name": "bone86",
          "parent": "bone85",
          "pivot": [2.5, 59.65109, 2.00659]
        }, {
          "cubes": [
            {
              "origin": [-3.5, 58.65109, -10.99341],
              "size": [2, 2, 5],
              "uv": [194, 129]
            }, {
              "inflate": 0.25,
              "origin": [-3, 59.15109, -5.99341],
              "size": [1, 1, 4],
              "uv": [176, 144]
            }
          ],
          "name": "bone87",
          "parent": "head",
          "pivot": [-2.5, 60.65109, -9.99341],
          "rotation": [20.24529, -5.52235, -5.08269]
        }, {
          "cubes": [
            {
              "origin": [-2.5, 58.15109, -2.99341],
              "size": [0, 3, 5],
              "uv": [44, 198]
            }
          ],
          "name": "bone88",
          "parent": "bone87",
          "pivot": [-2.5, 59.65109, -2.49341]
        }, {
          "cubes": [
            {
              "origin": [-2.5, 58.65109, 2.00659],
              "size": [0, 2, 7],
              "uv": [194, 188]
            }
          ],
          "name": "bone89",
          "parent": "bone88",
          "pivot": [-2.5, 59.65109, 2.00659]
        }, {
          "cubes": [
            {
              "origin": [-2.5, 58.15109, -2.99341],
              "size": [0, 3, 5],
              "uv": [44, 198]
            }
          ],
          "name": "bone90",
          "parent": "bone87",
          "pivot": [-2.5, 59.65109, -2.49341],
          "rotation": [0, 0, -90]
        }, {
          "cubes": [
            {
              "origin": [-2.5, 58.65109, 2.00659],
              "size": [0, 2, 7],
              "uv": [194, 188]
            }
          ],
          "name": "bone91",
          "parent": "bone90",
          "pivot": [-2.5, 59.65109, 2.00659]
        }, {
          "cubes": [
            {
              "inflate": -0.01,
              "origin": [-3.5, 53.65109, -12.99341],
              "size": [7, 2, 4],
              "uv": [22, 186]
            }
          ],
          "name": "jaw",
          "parent": "head",
          "pivot": [0.5, 55.65109, -8.99341]
        }, {
          "cubes": [
            {
              "origin": [-2, 53.65109, -16.99341],
              "size": [4, 2, 4],
              "uv": [148, 22]
            }
          ],
          "name": "bone2",
          "parent": "jaw",
          "pivot": [0, 53.65109, -12.99341],
          "rotation": [-7.5, 0, 0]
        }, {
          "name": "bone107",
          "parent": "bone2",
          "pivot": [1.95, 55.67609, -14.49341]
        }, {
          "cubes": [
            {
              "origin": [1.95, 55.17609, -14.99341],
              "size": [0, 1, 1],
              "uv": [154, 122]
            }
          ],
          "name": "bone",
          "parent": "bone107",
          "pivot": [1.95, 55.67609, -14.49341],
          "rotation": [-45, 0, 0]
        }, {
          "name": "bone110",
          "parent": "bone2",
          "pivot": [1.45, 55.67609, -16.49341],
          "rotation": [0, 45, 0]
        }, {
          "cubes": [
            {
              "origin": [1.45, 55.17609, -16.99341],
              "size": [0, 1, 1],
              "uv": [158, 122]
            }
          ],
          "name": "bone111",
          "parent": "bone110",
          "pivot": [1.45, 55.67609, -16.49341],
          "rotation": [-45, 0, 0]
        }, {
          "name": "bone112",
          "parent": "bone2",
          "pivot": [-1.45, 55.67609, -16.49341],
          "rotation": [0, -45, 0]
        }, {
          "cubes": [
            {
              "origin": [-1.45, 55.17609, -16.99341],
              "size": [0, 1, 1],
              "uv": [160, 122]
            }
          ],
          "name": "bone113",
          "parent": "bone112",
          "pivot": [-1.45, 55.67609, -16.49341],
          "rotation": [-45, 0, 0]
        }, {
          "name": "bone108",
          "parent": "bone2",
          "pivot": [-1.95, 55.67609, -14.49341]
        }, {
          "cubes": [
            {
              "origin": [-1.95, 55.17609, -14.99341],
              "size": [0, 1, 1],
              "uv": [156, 122]
            }
          ],
          "name": "bone109",
          "parent": "bone108",
          "pivot": [-1.95, 55.67609, -14.49341],
          "rotation": [-45, 0, 0]
        }, {
          "cubes": [
            {
              "origin": [2.4, 55.35109, -14.09341],
              "size": [0, 1, 1],
              "uv": [86, 147]
            }
          ],
          "name": "bone97",
          "parent": "head",
          "pivot": [2.4, 55.85109, -13.59341],
          "rotation": [-45, 0, 0]
        }, {
          "cubes": [
            {
              "origin": [-2.4, 55.35109, -14.09341],
              "size": [0, 1, 1],
              "uv": [92, 147]
            }
          ],
          "name": "bone100",
          "parent": "head",
          "pivot": [-2.4, 55.85109, -13.59341],
          "rotation": [-45, 0, 0]
        }, {
          "cubes": [
            {
              "origin": [2.4, 55.35109, -15.34341],
              "size": [0, 1, 1],
              "uv": [88, 147]
            }
          ],
          "name": "bone98",
          "parent": "head",
          "pivot": [2.4, 55.85109, -14.84341],
          "rotation": [-45, 0, 0]
        }, {
          "name": "bone104",
          "parent": "head",
          "pivot": [2, 55.85109, -17.64341],
          "rotation": [0, 45, 0]
        }, {
          "cubes": [
            {
              "origin": [2, 55.25109, -18.14341],
              "size": [0, 1, 1],
              "uv": [150, 122]
            }
          ],
          "name": "bone103",
          "parent": "bone104",
          "pivot": [2, 55.75109, -17.64341],
          "rotation": [-45, 0, 0]
        }, {
          "name": "bone105",
          "parent": "head",
          "pivot": [-2, 55.75109, -17.64341],
          "rotation": [0, -45, 0]
        }, {
          "cubes": [
            {
              "origin": [-2, 55.25109, -18.14341],
              "size": [0, 1, 1],
              "uv": [152, 122]
            }
          ],
          "name": "bone106",
          "parent": "bone105",
          "pivot": [-2, 55.75109, -17.64341],
          "rotation": [-45, 0, 0]
        }, {
          "cubes": [
            {
              "origin": [-2.4, 55.35109, -15.34341],
              "size": [0, 1, 1],
              "uv": [90, 147]
            }
          ],
          "name": "bone99",
          "parent": "head",
          "pivot": [-2.4, 55.85109, -14.84341],
          "rotation": [-45, 0, 0]
        }, {
          "cubes": [
            {
              "inflate": 0.01,
              "origin": [-2.5, 56.00109, -18.99341],
              "size": [5, 2, 2],
              "uv": [48, 120]
            }
          ],
          "name": "bone3",
          "parent": "head",
          "pivot": [0, 57.00109, -17.99341],
          "rotation": [-45, 0, 0]
        }, {
          "cubes": [
            {
              "origin": [-2, 56.50109, -19.01841],
              "size": [4, 1, 0],
              "uv": [2, 18]
            }
          ],
          "name": "bone114",
          "parent": "bone3",
          "pivot": [-0.5, 56.00109, -17.99341]
        }, {
          "cubes": [
            {
              "origin": [6.5, 33.5, -5],
              "size": [4, 4, 4],
              "uv": [58, 192]
            }
          ],
          "name": "arm_left",
          "parent": "chest",
          "pivot": [6.5, 35.5, -3],
          "rotation": [-4.66601, -12.40848, 43.46022]
        }, {
          "cubes": [
            {
              "origin": [10.5, 34, -4.5],
              "size": [6, 3, 3],
              "uv": [194, 20]
            }
          ],
          "name": "bone34",
          "parent": "arm_left",
          "pivot": [10.5, 35.5, -3]
        }, {
          "cubes": [
            {
              "origin": [16.5, 33.5, -5],
              "size": [5, 4, 4],
              "uv": [104, 189]
            }, {
              "origin": [21.5, 34, -4.5],
              "size": [3, 3, 3],
              "uv": [196, 114]
            }
          ],
          "name": "bone35",
          "parent": "bone34",
          "pivot": [16.5, 35, -1.5],
          "rotation": [0, 37.5, 0]
        }, {
          "cubes": [
            {
              "inflate": 0.02,
              "origin": [24.5, 34.5, -5],
              "size": [3, 2, 4],
              "uv": [194, 153]
            }
          ],
          "name": "bone36",
          "parent": "bone35",
          "pivot": [24.5, 36.5, -3]
        }, {
          "cubes": [
            {
              "inflate": 0.01,
              "origin": [27.5, 34.5, -4],
              "size": [3, 2, 2],
              "uv": [186, 93]
            }
          ],
          "name": "bone39",
          "parent": "bone36",
          "pivot": [27.5, 36.5, -3],
          "rotation": [0, 0, 10]
        }, {
          "cubes": [
            {
              "origin": [30.5, 34.5, -4],
              "size": [2, 2, 2],
              "uv": [200, 197]
            }
          ],
          "name": "bone40",
          "parent": "bone39",
          "pivot": [30.5, 36.5, -3],
          "rotation": [0, 0, 27.5]
        }, {
          "cubes": [
            {
              "inflate": -0.01,
              "origin": [32.5, 34.5, -4],
              "size": [2, 2, 2],
              "uv": [90, 201]
            }
          ],
          "name": "bone41",
          "parent": "bone40",
          "pivot": [32.5, 36.5, -3],
          "rotation": [0, 0, 37.5]
        }, {
          "cubes": [
            {
              "origin": [34.5, 34.5, -3],
              "pivot": [34.5, 36.5, -3],
              "rotation": [0, 0, 15],
              "size": [2, 2, 0],
              "uv": [74, 122]
            }
          ],
          "name": "bone42",
          "parent": "bone41",
          "pivot": [35.5, 34, -3]
        }, {
          "cubes": [
            {
              "inflate": 0.01,
              "origin": [26.5, 34.5, -5],
              "size": [3, 2, 2],
              "uv": [198, 101]
            }
          ],
          "name": "bone43",
          "parent": "bone36",
          "pivot": [26.5, 36.5, -4],
          "rotation": [0, 50, 0]
        }, {
          "cubes": [
            {
              "origin": [29.5, 34.5, -5],
              "size": [2, 2, 2],
              "uv": [164, 201]
            }
          ],
          "name": "bone44",
          "parent": "bone43",
          "pivot": [29.5, 36.5, -4],
          "rotation": [0, 0, 42.5]
        }, {
          "cubes": [
            {
              "inflate": -0.01,
              "origin": [31.5, 34.5, -5],
              "size": [2, 2, 2],
              "uv": [200, 201]
            }
          ],
          "name": "bone45",
          "parent": "bone44",
          "pivot": [31.5, 36.5, -4],
          "rotation": [0, 0, 37.5]
        }, {
          "cubes": [
            {
              "origin": [33.5, 34.5, -4],
              "pivot": [33.5, 36.5, -4],
              "rotation": [0, 0, 15],
              "size": [2, 2, 0],
              "uv": [138, 122]
            }
          ],
          "name": "bone46",
          "parent": "bone45",
          "pivot": [34.5, 34, -4]
        }, {
          "cubes": [
            {
              "inflate": 0.01,
              "origin": [26.5, 34.5, -3],
              "size": [3, 2, 2],
              "uv": [198, 105]
            }
          ],
          "name": "bone47",
          "parent": "bone36",
          "pivot": [26.5, 36.5, -2],
          "rotation": [0, -37.5, 0]
        }, {
          "cubes": [
            {
              "origin": [29.5, 34.5, -3],
              "size": [2, 2, 2],
              "uv": [202, 136]
            }
          ],
          "name": "bone48",
          "parent": "bone47",
          "pivot": [29.5, 36.5, -2],
          "rotation": [0, 0, 42.5]
        }, {
          "cubes": [
            {
              "inflate": -0.01,
              "origin": [31.5, 34.5, -3],
              "size": [2, 2, 2],
              "uv": [202, 140]
            }
          ],
          "name": "bone49",
          "parent": "bone48",
          "pivot": [31.5, 36.5, -2],
          "rotation": [0, 0, 37.5]
        }, {
          "cubes": [
            {
              "origin": [33.5, 34.5, -2],
              "pivot": [33.5, 36.5, -2],
              "rotation": [0, 0, 15],
              "size": [2, 2, 0],
              "uv": [142, 122]
            }
          ],
          "name": "bone50",
          "parent": "bone49",
          "pivot": [34.5, 34, -2]
        }, {
          "cubes": [
            {
              "mirror": true,
              "origin": [-10.5, 33.5, -5],
              "size": [4, 4, 4],
              "uv": [58, 192]
            }
          ],
          "name": "arm_right",
          "parent": "chest",
          "pivot": [-6.5, 35.5, -3],
          "rotation": [-4.66601, 12.40848, -43.46022]
        }, {
          "cubes": [
            {
              "mirror": true,
              "origin": [-16.5, 34, -4.5],
              "size": [6, 3, 3],
              "uv": [194, 20]
            }
          ],
          "name": "bone33",
          "parent": "arm_right",
          "pivot": [-10.5, 35.5, -3]
        }, {
          "cubes": [
            {
              "mirror": true,
              "origin": [-21.5, 33.5, -5],
              "size": [5, 4, 4],
              "uv": [104, 189]
            }, {
              "mirror": true,
              "origin": [-24.5, 34, -4.5],
              "size": [3, 3, 3],
              "uv": [196, 114]
            }
          ],
          "name": "bone51",
          "parent": "bone33",
          "pivot": [-16.5, 35, -1.5],
          "rotation": [0, -37.5, 0]
        }, {
          "cubes": [
            {
              "inflate": 0.02,
              "mirror": true,
              "origin": [-27.5, 34.5, -5],
              "size": [3, 2, 4],
              "uv": [194, 153]
            }
          ],
          "name": "bone52",
          "parent": "bone51",
          "pivot": [-24.5, 36.5, -3]
        }, {
          "cubes": [
            {
              "inflate": 0.01,
              "mirror": true,
              "origin": [-30.5, 34.5, -4],
              "size": [3, 2, 2],
              "uv": [186, 93]
            }
          ],
          "name": "bone53",
          "parent": "bone52",
          "pivot": [-27.5, 36.5, -3],
          "rotation": [0, 0, -10]
        }, {
          "cubes": [
            {
              "mirror": true,
              "origin": [-32.5, 34.5, -4],
              "size": [2, 2, 2],
              "uv": [200, 197]
            }
          ],
          "name": "bone54",
          "parent": "bone53",
          "pivot": [-30.5, 36.5, -3],
          "rotation": [0, 0, -27.5]
        }, {
          "cubes": [
            {
              "inflate": -0.01,
              "mirror": true,
              "origin": [-34.5, 34.5, -4],
              "size": [2, 2, 2],
              "uv": [90, 201]
            }
          ],
          "name": "bone55",
          "parent": "bone54",
          "pivot": [-32.5, 36.5, -3],
          "rotation": [0, 0, -37.5]
        }, {
          "cubes": [
            {
              "mirror": true,
              "origin": [-36.5, 34.5, -3],
              "pivot": [-34.5, 36.5, -3],
              "rotation": [0, 0, -15],
              "size": [2, 2, 0],
              "uv": [74, 122]
            }
          ],
          "name": "bone56",
          "parent": "bone55",
          "pivot": [-35.5, 34, -3]
        }, {
          "cubes": [
            {
              "inflate": 0.01,
              "mirror": true,
              "origin": [-29.5, 34.5, -5],
              "size": [3, 2, 2],
              "uv": [198, 101]
            }
          ],
          "name": "bone57",
          "parent": "bone52",
          "pivot": [-26.5, 36.5, -4],
          "rotation": [0, -50, 0]
        }, {
          "cubes": [
            {
              "mirror": true,
              "origin": [-31.5, 34.5, -5],
              "size": [2, 2, 2],
              "uv": [164, 201]
            }
          ],
          "name": "bone58",
          "parent": "bone57",
          "pivot": [-29.5, 36.5, -4],
          "rotation": [0, 0, -42.5]
        }, {
          "cubes": [
            {
              "inflate": -0.01,
              "mirror": true,
              "origin": [-33.5, 34.5, -5],
              "size": [2, 2, 2],
              "uv": [200, 201]
            }
          ],
          "name": "bone59",
          "parent": "bone58",
          "pivot": [-31.5, 36.5, -4],
          "rotation": [0, 0, -37.5]
        }, {
          "cubes": [
            {
              "mirror": true,
              "origin": [-35.5, 34.5, -4],
              "pivot": [-33.5, 36.5, -4],
              "rotation": [0, 0, -15],
              "size": [2, 2, 0],
              "uv": [138, 122]
            }
          ],
          "name": "bone60",
          "parent": "bone59",
          "pivot": [-34.5, 34, -4]
        }, {
          "cubes": [
            {
              "inflate": 0.01,
              "mirror": true,
              "origin": [-29.5, 34.5, -3],
              "size": [3, 2, 2],
              "uv": [198, 105]
            }
          ],
          "name": "bone61",
          "parent": "bone52",
          "pivot": [-26.5, 36.5, -2],
          "rotation": [0, 37.5, 0]
        }, {
          "cubes": [
            {
              "mirror": true,
              "origin": [-31.5, 34.5, -3],
              "size": [2, 2, 2],
              "uv": [202, 136]
            }
          ],
          "name": "bone62",
          "parent": "bone61",
          "pivot": [-29.5, 36.5, -2],
          "rotation": [0, 0, -42.5]
        }, {
          "cubes": [
            {
              "inflate": -0.01,
              "mirror": true,
              "origin": [-33.5, 34.5, -3],
              "size": [2, 2, 2],
              "uv": [202, 140]
            }
          ],
          "name": "bone63",
          "parent": "bone62",
          "pivot": [-31.5, 36.5, -2],
          "rotation": [0, 0, -37.5]
        }, {
          "cubes": [
            {
              "mirror": true,
              "origin": [-35.5, 34.5, -2],
              "pivot": [-33.5, 36.5, -2],
              "rotation": [0, 0, -15],
              "size": [2, 2, 0],
              "uv": [142, 122]
            }
          ],
          "name": "bone64",
          "parent": "bone63",
          "pivot": [-34.5, 34, -2]
        }, {
          "locators": {
            "seat_1": [0, 37, 2.5]
          },
          "name": "locator_seat_1",
          "parent": "chest",
          "pivot": [0, 37, 2.5]
        }, {
          "cubes": [
            {
              "origin": [-6, 8.25, 9],
              "size": [12, 12, 16],
              "uv": [92, 0]
            }
          ],
          "name": "tail",
          "parent": "torso",
          "pivot": [0, 13.5, 9]
        }, {
          "cubes": [
            {
              "origin": [-5, 9.25, 23],
              "size": [10, 10, 17],
              "uv": [84, 97]
            }
          ],
          "name": "tail2",
          "parent": "tail",
          "pivot": [0, 14.25, 23]
        }, {
          "cubes": [
            {
              "origin": [-4, 10.25, 39],
              "size": [8, 8, 15],
              "uv": [48, 124]
            }
          ],
          "name": "tail3",
          "parent": "tail2",
          "pivot": [0, 14.25, 39]
        }, {
          "cubes": [
            {
              "origin": [-3, 11.25, 52],
              "size": [6, 6, 18],
              "uv": [0, 120]
            }, {
              "inflate": 0.25,
              "origin": [-3, 11.25, 52],
              "size": [6, 6, 18],
              "uv": [164, 232]
            }
          ],
          "name": "tail4",
          "parent": "tail3",
          "pivot": [0, 14.25, 52]
        }, {
          "name": "bone23",
          "parent": "tail4",
          "pivot": [0, 13.25, 69.5]
        }, {
          "cubes": [
            {
              "inflate": 0.01,
              "origin": [-9, 37.25, 91],
              "size": [18, 7, 0],
              "uv": [150, 90]
            }, {
              "inflate": 0.01,
              "origin": [-9, 37.25, 47.5],
              "size": [18, 7, 0],
              "uv": [0, 169]
            }, {
              "inflate": 0.01,
              "origin": [21.8, 37.25, 60.225],
              "size": [0, 7, 18],
              "uv": [166, 119]
            }, {
              "inflate": 0.01,
              "origin": [-21.8, 37.25, 60.225],
              "size": [0, 7, 18],
              "uv": [130, 124]
            }, {
              "inflate": 0.01,
              "origin": [-21.8, 37.25, 42.225],
              "pivot": [-21.8, 40.75, 60.225],
              "rotation": [0, -45, 0],
              "size": [0, 7, 18],
              "uv": [94, 124]
            }, {
              "inflate": 0.01,
              "origin": [21.8, 37.25, 42.225],
              "pivot": [21.8, 40.75, 60.225],
              "rotation": [0, 45, 0],
              "size": [0, 7, 18],
              "uv": [0, 144]
            }, {
              "inflate": 0.01,
              "origin": [-24.35, 37.25, 84.6],
              "pivot": [-15.35, 40.75, 84.6],
              "rotation": [0, -45, 0],
              "size": [18, 7, 0],
              "uv": [138, 115]
            }, {
              "inflate": 0.01,
              "origin": [6.4, 37.25, 84.6],
              "pivot": [15.4, 40.75, 84.6],
              "rotation": [0, 45, 0],
              "size": [18, 7, 0],
              "uv": [164, 36]
            }
          ],
          "name": "bone96",
          "parent": "bone23",
          "pivot": [0.00625, 40.75, 69.23401]
        }, {
          "cubes": [
            {
              "origin": [0, 13.25, 59],
              "size": [0, 54, 21],
              "uv": [0, 45]
            }
          ],
          "name": "flames",
          "parent": "bone23",
          "pivot": [0, 13.25, 69.5]
        }, {
          "cubes": [
            {
              "mirror": true,
              "origin": [0, 13.25, 59],
              "size": [0, 54, 21],
              "uv": [0, 45]
            }
          ],
          "name": "bone38",
          "parent": "flames",
          "pivot": [0, 40.25, 69.5],
          "rotation": [0, -90, 0]
        }, {
          "cubes": [
            {
              "origin": [5.63496, 7.45678, -3.58409],
              "size": [10, 13, 9],
              "uv": [36, 147]
            }, {
              "origin": [6.13496, 4.45678, -2.58409],
              "size": [8, 3, 7],
              "uv": [152, 175]
            }
          ],
          "name": "bone5",
          "parent": "body",
          "pivot": [9.2, 18.5, -0.5],
          "rotation": [-30.3753, -2.37003, -27.08596]
        }, {
          "cubes": [
            {
              "origin": [7.13496, -4.0838, 1.66294],
              "size": [6, 9, 6],
              "uv": [60, 177]
            }
          ],
          "name": "bone10",
          "parent": "bone5",
          "pivot": [10.63496, 4.85678, 1.69091],
          "rotation": [92.5, 0, 0]
        }, {
          "cubes": [
            {
              "inflate": 0.01,
              "origin": [7.13496, -4.89427, -1.64458],
              "size": [6, 5, 9],
              "uv": [160, 161]
            }
          ],
          "name": "bone11",
          "parent": "bone10",
          "pivot": [10.38496, -3.4838, 7.36294],
          "rotation": [17.5, 0, 0]
        }, {
          "cubes": [
            {
              "inflate": 0.01,
              "origin": [5.63496, -3.89427, -3.64458],
              "size": [9, 6, 3],
              "uv": [180, 68]
            }
          ],
          "name": "bone12",
          "parent": "bone11",
          "pivot": [10.13496, 0.10573, -0.64458],
          "rotation": [10, 0, 0]
        }, {
          "cubes": [
            {
              "origin": [11.88496, 1.10573, -3.64458],
              "size": [3, 4, 3],
              "uv": [32, 192]
            }
          ],
          "name": "bone13",
          "parent": "bone12",
          "pivot": [13.88496, 2.10573, -2.64458]
        }, {
          "cubes": [
            {
              "inflate": -0.01,
              "origin": [12.38496, 4.60573, -3.64458],
              "size": [2, 3, 2],
              "uv": [186, 144]
            }, {
              "origin": [12.88496, 7.60573, -3.64458],
              "size": [1, 2, 2],
              "uv": [78, 120]
            }
          ],
          "name": "bone14",
          "parent": "bone13",
          "pivot": [13.88496, 2.60573, -2.64458]
        }, {
          "cubes": [
            {
              "origin": [8.63496, 1.10573, -3.64458],
              "size": [3, 4, 3],
              "uv": [92, 194]
            }
          ],
          "name": "bone15",
          "parent": "bone12",
          "pivot": [10.63496, 2.10573, -2.64458]
        }, {
          "cubes": [
            {
              "inflate": -0.01,
              "origin": [9.13496, 4.60573, -3.64458],
              "size": [2, 3, 2],
              "uv": [200, 38]
            }, {
              "origin": [9.63496, 7.60573, -3.64458],
              "size": [1, 2, 2],
              "uv": [98, 201]
            }
          ],
          "name": "bone16",
          "parent": "bone15",
          "pivot": [10.63496, 2.60573, -2.64458]
        }, {
          "cubes": [
            {
              "origin": [5.38496, 1.10573, -3.64458],
              "size": [3, 4, 3],
              "uv": [178, 195]
            }
          ],
          "name": "bone17",
          "parent": "bone12",
          "pivot": [7.38496, 2.10573, -2.64458]
        }, {
          "cubes": [
            {
              "inflate": -0.01,
              "origin": [5.88496, 4.60573, -3.64458],
              "size": [2, 3, 2],
              "uv": [58, 200]
            }, {
              "origin": [6.38496, 7.60573, -3.64458],
              "size": [1, 2, 2],
              "uv": [16, 204]
            }
          ],
          "name": "bone18",
          "parent": "bone17",
          "pivot": [7.38496, 2.60573, -2.64458]
        }, {
          "cubes": [
            {
              "mirror": true,
              "origin": [-15.63496, 7.45678, -3.58409],
              "size": [10, 13, 9],
              "uv": [36, 147]
            }, {
              "mirror": true,
              "origin": [-14.13496, 4.45678, -2.58409],
              "size": [8, 3, 7],
              "uv": [152, 175]
            }
          ],
          "name": "bone24",
          "parent": "body",
          "pivot": [-9.2, 18.5, -0.5],
          "rotation": [-30.3753, 2.37003, 27.08596]
        }, {
          "cubes": [
            {
              "mirror": true,
              "origin": [-13.13496, -4.0838, 1.66294],
              "size": [6, 9, 6],
              "uv": [60, 177]
            }
          ],
          "name": "bone25",
          "parent": "bone24",
          "pivot": [-10.63496, 4.85678, 1.69091],
          "rotation": [92.5, 0, 0]
        }, {
          "cubes": [
            {
              "inflate": 0.01,
              "mirror": true,
              "origin": [-13.13496, -4.89427, -1.64458],
              "size": [6, 5, 9],
              "uv": [160, 161]
            }
          ],
          "name": "bone26",
          "parent": "bone25",
          "pivot": [-10.38496, -3.4838, 7.36294],
          "rotation": [17.5, 0, 0]
        }, {
          "cubes": [
            {
              "inflate": 0.01,
              "mirror": true,
              "origin": [-14.63496, -3.89427, -3.64458],
              "size": [9, 6, 3],
              "uv": [180, 68]
            }
          ],
          "name": "bone27",
          "parent": "bone26",
          "pivot": [-10.13496, 0.10573, -0.64458],
          "rotation": [10, 0, 0]
        }, {
          "cubes": [
            {
              "mirror": true,
              "origin": [-14.88496, 1.10573, -3.64458],
              "size": [3, 4, 3],
              "uv": [32, 192]
            }
          ],
          "name": "bone28",
          "parent": "bone27",
          "pivot": [-13.88496, 2.10573, -2.64458]
        }, {
          "cubes": [
            {
              "inflate": -0.01,
              "mirror": true,
              "origin": [-14.38496, 4.60573, -3.64458],
              "size": [2, 3, 2],
              "uv": [186, 144]
            }, {
              "mirror": true,
              "origin": [-13.88496, 7.60573, -3.64458],
              "size": [1, 2, 2],
              "uv": [78, 120]
            }
          ],
          "name": "bone29",
          "parent": "bone28",
          "pivot": [-13.88496, 2.60573, -2.64458]
        }, {
          "cubes": [
            {
              "mirror": true,
              "origin": [-11.63496, 1.10573, -3.64458],
              "size": [3, 4, 3],
              "uv": [92, 194]
            }
          ],
          "name": "bone30",
          "parent": "bone27",
          "pivot": [-10.63496, 2.10573, -2.64458]
        }, {
          "cubes": [
            {
              "inflate": -0.01,
              "mirror": true,
              "origin": [-11.13496, 4.60573, -3.64458],
              "size": [2, 3, 2],
              "uv": [200, 38]
            }, {
              "mirror": true,
              "origin": [-10.63496, 7.60573, -3.64458],
              "size": [1, 2, 2],
              "uv": [98, 201]
            }
          ],
          "name": "bone31",
          "parent": "bone30",
          "pivot": [-10.63496, 2.60573, -2.64458]
        }, {
          "cubes": [
            {
              "mirror": true,
              "origin": [-8.38496, 1.10573, -3.64458],
              "size": [3, 4, 3],
              "uv": [178, 195]
            }
          ],
          "name": "bone32",
          "parent": "bone27",
          "pivot": [-7.38496, 2.10573, -2.64458]
        }, {
          "cubes": [
            {
              "inflate": -0.01,
              "mirror": true,
              "origin": [-7.88496, 4.60573, -3.64458],
              "size": [2, 3, 2],
              "uv": [58, 200]
            }, {
              "mirror": true,
              "origin": [-7.38496, 7.60573, -3.64458],
              "size": [1, 2, 2],
              "uv": [16, 204]
            }
          ],
          "name": "bone67",
          "parent": "bone32",
          "pivot": [-7.38496, 2.60573, -2.64458]
        }
      ],
      "description": {
        "identifier": "geometry.charizard_gigantamax",
        "texture_height": 256,
        "texture_width": 256,
        "visible_bounds_height": 5.5,
        "visible_bounds_offset": [0, 2.25, 0],
        "visible_bounds_width": 13
      }
    }
  ]
}