{
  "animations": {
    "animation.abomasnow.battle_idle": {
      "animation_length": 2,
      "bones": {
        "left_arm": {
          "position": [-2.5, 3, 2],
          "rotation": [-47.80613, 13.42759, "5.947+math.sin(query.anim_time*90*2+60)*6"]
        },
        "left_arm_hand": {
          "position": [-1.5, 0, 0],
          "rotation": [0, 0, "22.5+math.sin(query.anim_time*90*2-40)*6"]
        },
        "right_arm": {
          "position": [1.5, 4, 0],
          "rotation": [-65.85133, -20.70481, "-24.0072-math.sin(query.anim_time*90*2+60)*6"]
        },
        "right_arm_hand": {
          "position": [1.5, 0, 0],
          "rotation": [0, 0, "-22.5-math.sin(query.anim_time*90*2-40)*6"]
        },
        "tail": {
          "rotation": [-10, 0, 0]
        },
        "torso": {
          "position": [0, "math.sin(query.anim_time*90*2)*0.1", 0],
          "rotation": [10, 0, "math.sin(query.anim_time*90*2+60)*2"]
        }
      },
      "loop": true
    },
    "animation.abomasnow.blank": {
      "animation_length": 2,
      "bones": {
        "left_arm": {
          "position": [-2.5, 4, 0],
          "rotation": [0, 0, 37.5]
        },
        "left_arm_hand": {
          "position": [-1.5, 0, 0],
          "rotation": [0, 0, 22.5]
        },
        "right_arm": {
          "position": [2.5, 4, 0],
          "rotation": [0, 0, -37.5]
        },
        "right_arm_hand": {
          "position": [1.5, 0, 0],
          "rotation": [0, 0, -22.5]
        }
      },
      "loop": true
    },
    "animation.abomasnow.cry": {
      "animation_length": 2,
      "bones": {
        "head": {
          "position": {
            "0.0": {
              "lerp_mode": "catmullrom",
              "post": [0, 0, 0]
            },
            "0.5": {
              "lerp_mode": "catmullrom",
              "post": [0, -0.5, -0.3]
            },
            "0.75": {
              "lerp_mode": "catmullrom",
              "post": [0, -0.5, -0.3]
            },
            "1.0": {
              "lerp_mode": "catmullrom",
              "post": [0, 0, 0]
            }
          },
          "rotation": {
            "0.0": {
              "lerp_mode": "catmullrom",
              "post": [0, 0, 0]
            },
            "0.25": {
              "lerp_mode": "catmullrom",
              "post": [5, 0, 0]
            },
            "0.5": {
              "lerp_mode": "catmullrom",
              "post": [-17.5, 0, 0]
            },
            "0.5833": {
              "lerp_mode": "catmullrom",
              "post": [-15, 0, 0]
            },
            "0.625": {
              "lerp_mode": "catmullrom",
              "post": [-17.5, 0, 0]
            },
            "0.6667": {
              "lerp_mode": "catmullrom",
              "post": [-15, 0, 0]
            },
            "0.7083": {
              "lerp_mode": "catmullrom",
              "post": [-17.5, 0, 0]
            },
            "0.75": {
              "lerp_mode": "catmullrom",
              "post": [-17.5, 0, 0]
            },
            "1.0": {
              "lerp_mode": "catmullrom",
              "post": [0, 0, 0]
            }
          }
        },
        "head_fur": {
          "position": {
            "0.0": {
              "lerp_mode": "catmullrom",
              "post": [0, 0, 0]
            },
            "0.5": {
              "lerp_mode": "catmullrom",
              "post": [0, 0, 0]
            },
            "0.625": {
              "lerp_mode": "catmullrom",
              "post": [0, 0.5, 0]
            },
            "1.0": {
              "lerp_mode": "catmullrom",
              "post": [0, 0, 0]
            }
          },
          "rotation": {
            "0.0": {
              "lerp_mode": "catmullrom",
              "post": [0, 0, 0]
            },
            "0.5": {
              "lerp_mode": "catmullrom",
              "post": [0, 0, 0]
            },
            "0.625": {
              "lerp_mode": "catmullrom",
              "post": [-67.5, 0, 0]
            },
            "0.6667": {
              "lerp_mode": "catmullrom",
              "post": [-55.56, 0, 0]
            },
            "0.7083": {
              "lerp_mode": "catmullrom",
              "post": [-67.5, 0, 0]
            },
            "1.0": {
              "lerp_mode": "catmullrom",
              "post": [0, 0, 0]
            }
          }
        },
        "left_arm": {
          "rotation": {
            "0.0": {
              "lerp_mode": "catmullrom",
              "post": [0, 0, 0]
            },
            "0.25": {
              "lerp_mode": "catmullrom",
              "post": [0, 0, 12.5]
            },
            "0.5": {
              "lerp_mode": "catmullrom",
              "post": [0, 0, -10]
            },
            "1.0": {
              "lerp_mode": "catmullrom",
              "post": [0, 0, 0]
            }
          }
        },
        "right_arm": {
          "rotation": {
            "0.0": {
              "lerp_mode": "catmullrom",
              "post": [0, 0, 0]
            },
            "0.25": {
              "lerp_mode": "catmullrom",
              "post": [0, 0, -12.5]
            },
            "0.5": {
              "lerp_mode": "catmullrom",
              "post": [0, 0, 10]
            },
            "1.0": {
              "lerp_mode": "catmullrom",
              "post": [0, 0, 0]
            }
          }
        }
      }
    },
    "animation.abomasnow.faint": {
      "animation_length": 4,
      "bones": {
        "abomasnow": {
          "position": {
            "0.0": {
              "lerp_mode": "catmullrom",
              "post": [0, 0, 0]
            },
            "1.0": {
              "lerp_mode": "catmullrom",
              "post": [0, 0, 0]
            },
            "1.25": {
              "lerp_mode": "catmullrom",
              "post": [0, 0, 0]
            },
            "1.5": {
              "lerp_mode": "catmullrom",
              "post": [0, -6, 0]
            },
            "1.5417": {
              "lerp_mode": "catmullrom",
              "post": [0, -5.8, 0]
            },
            "1.5833": {
              "lerp_mode": "catmullrom",
              "post": [0, -6, 0]
            },
            "1.625": {
              "lerp_mode": "catmullrom",
              "post": [0, -5.8, 0]
            },
            "1.6667": {
              "lerp_mode": "catmullrom",
              "post": [0, -6, 0]
            },
            "1.7083": {
              "lerp_mode": "catmullrom",
              "post": [0, -5.8, 0]
            },
            "1.75": {
              "lerp_mode": "catmullrom",
              "post": [0, -6, 0]
            }
          },
          "rotation": {
            "0.0": {
              "lerp_mode": "catmullrom",
              "post": [0, 0, 0]
            },
            "0.25": {
              "lerp_mode": "catmullrom",
              "post": [0, -22.5, 0]
            },
            "0.5": {
              "lerp_mode": "catmullrom",
              "post": [0, -22.5, 0]
            },
            "0.75": {
              "lerp_mode": "catmullrom",
              "post": [0, 0, 0]
            }
          }
        },
        "head": {
          "position": {
            "0.0": {
              "lerp_mode": "catmullrom",
              "post": [0, 0, 0]
            },
            "0.25": {
              "lerp_mode": "catmullrom",
              "post": [0, -1.2, -1]
            },
            "0.5": {
              "lerp_mode": "catmullrom",
              "post": [0, -2, 0]
            },
            "0.75": {
              "lerp_mode": "catmullrom",
              "post": [0, 0, 0]
            },
            "1.0": {
              "lerp_mode": "catmullrom",
              "post": [0, -3, -2]
            },
            "1.25": {
              "lerp_mode": "catmullrom",
              "post": [0, -3, -2]
            },
            "1.5": {
              "lerp_mode": "catmullrom",
              "post": [0, -1, -0.5]
            }
          },
          "rotation": {
            "0.0": {
              "lerp_mode": "catmullrom",
              "post": [0, 0, 0]
            },
            "0.25": {
              "lerp_mode": "catmullrom",
              "post": [15, -15, 0]
            },
            "0.5": {
              "lerp_mode": "catmullrom",
              "post": [15, -15, 0]
            },
            "0.75": {
              "lerp_mode": "catmullrom",
              "post": [10, 0, 0]
            },
            "1.0": {
              "lerp_mode": "catmullrom",
              "post": [32.5, 0, 0]
            },
            "1.25": {
              "lerp_mode": "catmullrom",
              "post": [32.5, 0, 0]
            },
            "1.5": {
              "lerp_mode": "catmullrom",
              "post": [10, 0, 0]
            }
          }
        },
        "left_arm": {
          "rotation": {
            "0.0": {
              "lerp_mode": "catmullrom",
              "post": [0, 0, 0]
            },
            "0.25": {
              "lerp_mode": "catmullrom",
              "post": [-137.26579, 58.60029, -132.73421]
            },
            "0.5": {
              "lerp_mode": "catmullrom",
              "post": [-137.26579, 58.60029, -132.73421]
            },
            "0.75": {
              "lerp_mode": "catmullrom",
              "post": [27.46465, 39.95112, 27.46465]
            },
            "1.5": {
              "lerp_mode": "catmullrom",
              "post": [45.98762, 11.77432, 67.32345]
            }
          }
        },
        "left_arm_hand": {
          "position": {
            "0.0": {
              "lerp_mode": "catmullrom",
              "post": [0, 0, 0]
            },
            "0.75": {
              "lerp_mode": "catmullrom",
              "post": [-2, 0, 0]
            }
          },
          "rotation": {
            "0.0": {
              "lerp_mode": "catmullrom",
              "post": [0, 0, 0]
            },
            "0.25": {
              "lerp_mode": "catmullrom",
              "post": [0, 45, 0]
            },
            "0.5": {
              "lerp_mode": "catmullrom",
              "post": [0, 45, 0]
            },
            "0.75": {
              "lerp_mode": "catmullrom",
              "post": [0, 22.5, 0]
            }
          }
        },
        "left_leg": {
          "position": {
            "0.0": {
              "lerp_mode": "catmullrom",
              "post": [0, 0, 0]
            },
            "0.75": {
              "lerp_mode": "catmullrom",
              "post": [0, 0, -3]
            },
            "1.0": {
              "lerp_mode": "catmullrom",
              "post": [0, 0, 0]
            },
            "1.25": {
              "lerp_mode": "catmullrom",
              "post": [0, 0, 0]
            },
            "1.5": {
              "lerp_mode": "catmullrom",
              "post": [0, -1, 0]
            }
          },
          "rotation": {
            "0.0": {
              "lerp_mode": "catmullrom",
              "post": [0, 0, 0]
            },
            "1.0": {
              "lerp_mode": "catmullrom",
              "post": [0, 0, 0]
            },
            "1.25": {
              "lerp_mode": "catmullrom",
              "post": [0, 0, 0]
            },
            "1.5": {
              "lerp_mode": "catmullrom",
              "post": [90, 0, 0]
            }
          }
        },
        "right_arm": {
          "position": {
            "0.0": {
              "lerp_mode": "catmullrom",
              "post": [0, 0, 0]
            },
            "0.25": {
              "lerp_mode": "catmullrom",
              "post": [0, 0, 1]
            },
            "0.5": {
              "lerp_mode": "catmullrom",
              "post": [0, 0, 1]
            },
            "0.75": {
              "lerp_mode": "catmullrom",
              "post": [0, 0, 0]
            }
          },
          "rotation": {
            "0.0": {
              "lerp_mode": "catmullrom",
              "post": [0, 0, 0]
            },
            "0.25": {
              "lerp_mode": "catmullrom",
              "post": [0, -67.5, 0]
            },
            "0.5": {
              "lerp_mode": "catmullrom",
              "post": [0, -67.5, 0]
            },
            "0.75": {
              "lerp_mode": "catmullrom",
              "post": [27.46465, -39.95112, -27.46465]
            },
            "1.5": {
              "lerp_mode": "catmullrom",
              "post": [45.98762, -11.77432, -67.32345]
            }
          }
        },
        "right_arm_hand": {
          "position": {
            "0.0": {
              "lerp_mode": "catmullrom",
              "post": [0, 0, 0]
            },
            "0.25": {
              "lerp_mode": "catmullrom",
              "post": [3, 0, 1]
            },
            "0.5": {
              "lerp_mode": "catmullrom",
              "post": [3, 0, 1]
            },
            "0.75": {
              "lerp_mode": "catmullrom",
              "post": [2, 0, 0]
            }
          },
          "rotation": {
            "0.0": {
              "lerp_mode": "catmullrom",
              "post": [0, 0, 0]
            },
            "0.25": {
              "lerp_mode": "catmullrom",
              "post": [0, -45, 0]
            },
            "0.5": {
              "lerp_mode": "catmullrom",
              "post": [0, -45, 0]
            },
            "0.75": {
              "lerp_mode": "catmullrom",
              "post": [0, -22.5, 0]
            }
          }
        },
        "right_leg": {
          "position": {
            "0.0": {
              "lerp_mode": "catmullrom",
              "post": [0, 0, 0]
            },
            "1.0": {
              "lerp_mode": "catmullrom",
              "post": [0, 0, 0]
            },
            "1.25": {
              "lerp_mode": "catmullrom",
              "post": [0, 0, 0]
            },
            "1.5": {
              "lerp_mode": "catmullrom",
              "post": [0, -1, 0]
            }
          },
          "rotation": {
            "0.0": {
              "lerp_mode": "catmullrom",
              "post": [0, 0, 0]
            },
            "1.0": {
              "lerp_mode": "catmullrom",
              "post": [0, 0, 0]
            },
            "1.25": {
              "lerp_mode": "catmullrom",
              "post": [0, 0, 0]
            },
            "1.5": {
              "lerp_mode": "catmullrom",
              "post": [90, 0, 0]
            }
          }
        },
        "tail": {
          "position": {
            "0.0": {
              "lerp_mode": "catmullrom",
              "post": [0, 0, 0]
            },
            "1.5": {
              "lerp_mode": "catmullrom",
              "post": [0, 0, -3]
            }
          },
          "rotation": {
            "0.0": {
              "lerp_mode": "catmullrom",
              "post": [0, 0, 0]
            },
            "0.5": {
              "lerp_mode": "catmullrom",
              "post": [0, 0, 0]
            },
            "0.75": {
              "lerp_mode": "catmullrom",
              "post": [-45, 0, 0]
            },
            "1.5": {
              "lerp_mode": "catmullrom",
              "post": [-90, 0, 0]
            }
          }
        },
        "torso": {
          "rotation": {
            "0.0": {
              "lerp_mode": "catmullrom",
              "post": [0, 0, 0]
            },
            "0.25": {
              "lerp_mode": "catmullrom",
              "post": [0, 0, 0]
            },
            "0.5": {
              "lerp_mode": "catmullrom",
              "post": [0, 0, 0]
            },
            "0.75": {
              "lerp_mode": "catmullrom",
              "post": [12.5, 0, 0]
            },
            "1.0": {
              "lerp_mode": "catmullrom",
              "post": [50, 0, 0]
            },
            "1.25": {
              "lerp_mode": "catmullrom",
              "post": [50, 0, 0]
            },
            "1.5": {
              "lerp_mode": "catmullrom",
              "post": [95, 0, 0]
            }
          }
        }
      }
    },
    "animation.abomasnow.ground_idle": {
      "animation_length": 2,
      "bones": {
        "left_arm": {
          "position": [-2.5, 4, 0],
          "rotation": [0, 0, "37.5+math.sin(query.anim_time*90*2+60)*6"]
        },
        "left_arm_hand": {
          "position": [-1.5, 0, 0],
          "rotation": [0, 0, "22.5+math.sin(query.anim_time*90*2-40)*6"]
        },
        "right_arm": {
          "position": [2.5, 4, 0],
          "rotation": [0, 0, "-37.5-math.sin(query.anim_time*90*2+60)*6"]
        },
        "right_arm_hand": {
          "position": [1.5, 0, 0],
          "rotation": [0, 0, "-22.5-math.sin(query.anim_time*90*2-40)*6"]
        },
        "torso": {
          "position": [0, "math.sin(query.anim_time*90*2)*0.1", 0],
          "rotation": [0, 0, "math.sin(query.anim_time*90*2+60)*2"]
        }
      },
      "loop": true
    },
    "animation.abomasnow.ground_walk": {
      "animation_length": 2,
      "bones": {
        "abomasnow": {
          "position": {
            "0.0": {
              "lerp_mode": "catmullrom",
              "post": [0, 0, 0]
            },
            "0.25": {
              "lerp_mode": "catmullrom",
              "post": [0, 0, 0]
            },
            "0.2917": {
              "lerp_mode": "catmullrom",
              "post": [0, 0.2, 0]
            },
            "0.3333": {
              "lerp_mode": "catmullrom",
              "post": [0, 0, 0]
            },
            "0.375": {
              "lerp_mode": "catmullrom",
              "post": [0, 0.2, 0]
            },
            "0.5": {
              "lerp_mode": "catmullrom",
              "post": [0, 0, 0]
            },
            "0.75": {
              "lerp_mode": "catmullrom",
              "post": [0, 0, 0]
            },
            "0.7917": {
              "lerp_mode": "catmullrom",
              "post": [0, 0.2, 0]
            },
            "0.8333": {
              "lerp_mode": "catmullrom",
              "post": [0, 0, 0]
            },
            "0.875": {
              "lerp_mode": "catmullrom",
              "post": [0, 0.2, 0]
            },
            "1.0": {
              "lerp_mode": "catmullrom",
              "post": [0, 0, 0]
            },
            "1.25": {
              "lerp_mode": "catmullrom",
              "post": [0, 0, 0]
            },
            "1.2917": {
              "lerp_mode": "catmullrom",
              "post": [0, 0.2, 0]
            },
            "1.3333": {
              "lerp_mode": "catmullrom",
              "post": [0, 0, 0]
            },
            "1.375": {
              "lerp_mode": "catmullrom",
              "post": [0, 0.2, 0]
            },
            "1.5": {
              "lerp_mode": "catmullrom",
              "post": [0, 0, 0]
            },
            "1.75": {
              "lerp_mode": "catmullrom",
              "post": [0, 0, 0]
            },
            "1.7917": {
              "lerp_mode": "catmullrom",
              "post": [0, 0.2, 0]
            },
            "1.8333": {
              "lerp_mode": "catmullrom",
              "post": [0, 0, 0]
            },
            "1.875": {
              "lerp_mode": "catmullrom",
              "post": [0, 0.2, 0]
            },
            "2.0": {
              "lerp_mode": "catmullrom",
              "post": [0, 0, 0]
            }
          }
        },
        "head": {
          "rotation": ["math.sin(query.anim_time*90*4-60)*4", 0, 0]
        },
        "left_arm": {
          "position": [-2.5, 4, 0],
          "rotation": [0, "math.sin(query.anim_time*90*4)*8", 37.5]
        },
        "left_arm_hand": {
          "position": [-1.5, 0, 0],
          "rotation": [0, "math.sin(query.anim_time*90*4-40)*8", 22.5]
        },
        "left_foot": {
          "position": {
            "0.0": {
              "lerp_mode": "catmullrom",
              "post": [0, 0, 0]
            },
            "0.25": {
              "lerp_mode": "catmullrom",
              "post": [0, -0.19, -0.12]
            },
            "0.4583": {
              "lerp_mode": "catmullrom",
              "post": [0, -0.39, -0.2]
            },
            "0.5": {
              "lerp_mode": "catmullrom",
              "post": [0, -0.4, 0]
            },
            "0.75": {
              "lerp_mode": "catmullrom",
              "post": [0, -0.18, 0.03]
            },
            "1.0": {
              "lerp_mode": "catmullrom",
              "post": [0, 0, 0]
            },
            "1.25": {
              "lerp_mode": "catmullrom",
              "post": [0, -0.21, -0.13]
            },
            "1.4583": {
              "lerp_mode": "catmullrom",
              "post": [0, -0.39, -0.2]
            },
            "1.5": {
              "lerp_mode": "catmullrom",
              "post": [0, -0.4, 0]
            },
            "1.75": {
              "lerp_mode": "catmullrom",
              "post": [0, -0.19, 0.02]
            },
            "2.0": {
              "lerp_mode": "catmullrom",
              "post": [0, 0, 0]
            }
          },
          "rotation": {
            "0.0": {
              "lerp_mode": "catmullrom",
              "post": [12.5, 0, 0]
            },
            "0.25": {
              "lerp_mode": "catmullrom",
              "post": [0, 0, 0]
            },
            "0.5": {
              "lerp_mode": "catmullrom",
              "post": [11, 0, 0]
            },
            "0.75": {
              "lerp_mode": "catmullrom",
              "post": [22.5, 0, 0]
            },
            "1.0": {
              "lerp_mode": "catmullrom",
              "post": [12.5, 0, 0]
            },
            "1.25": {
              "lerp_mode": "catmullrom",
              "post": [0, 0, 0]
            },
            "1.5": {
              "lerp_mode": "catmullrom",
              "post": [11, 0, 0]
            },
            "1.75": {
              "lerp_mode": "catmullrom",
              "post": [22.5, 0, 0]
            },
            "2.0": {
              "lerp_mode": "catmullrom",
              "post": [12.5, 0, 0]
            }
          }
        },
        "left_leg": {
          "position": {
            "0.0": {
              "lerp_mode": "catmullrom",
              "post": [0, 0, -1]
            },
            "0.25": {
              "lerp_mode": "catmullrom",
              "post": [0, 0, -2]
            },
            "0.5": {
              "lerp_mode": "catmullrom",
              "post": [0, 0, -0.2]
            },
            "0.5417": {
              "lerp_mode": "catmullrom",
              "post": [0, 0.12, 0.32]
            },
            "0.5833": {
              "lerp_mode": "catmullrom",
              "post": [0, 0.33, 0.76]
            },
            "0.75": {
              "lerp_mode": "catmullrom",
              "post": [0, 1, 0]
            },
            "1.0": {
              "lerp_mode": "catmullrom",
              "post": [0, 0, -1]
            },
            "1.25": {
              "lerp_mode": "catmullrom",
              "post": [0, 0, -2]
            },
            "1.5": {
              "lerp_mode": "catmullrom",
              "post": [0, 0, -0.2]
            },
            "1.5417": {
              "lerp_mode": "catmullrom",
              "post": [0, 0.12, 0.32]
            },
            "1.5833": {
              "lerp_mode": "catmullrom",
              "post": [0, 0.33, 0.76]
            },
            "1.75": {
              "lerp_mode": "catmullrom",
              "post": [0, 1, 0]
            },
            "2.0": {
              "lerp_mode": "catmullrom",
              "post": [0, 0, -1]
            }
          },
          "rotation": {
            "0.0": {
              "lerp_mode": "catmullrom",
              "post": [-22.5, 0, 0]
            },
            "0.25": {
              "lerp_mode": "catmullrom",
              "post": [0, 0, 0]
            },
            "0.5": {
              "lerp_mode": "catmullrom",
              "post": [-9.84, 0, 0]
            },
            "0.75": {
              "lerp_mode": "catmullrom",
              "post": [-22.5, 0, 0]
            },
            "1.0": {
              "lerp_mode": "catmullrom",
              "post": [-22.5, 0, 0]
            },
            "1.25": {
              "lerp_mode": "catmullrom",
              "post": [0, 0, 0]
            },
            "1.5": {
              "lerp_mode": "catmullrom",
              "post": [-9.84, 0, 0]
            },
            "1.75": {
              "lerp_mode": "catmullrom",
              "post": [-22.5, 0, 0]
            },
            "2.0": {
              "lerp_mode": "catmullrom",
              "post": [-22.5, 0, 0]
            }
          }
        },
        "right_arm": {
          "position": [2.5, 4, 0],
          "rotation": [0, "math.sin(query.anim_time*90*4)*8", -37.5]
        },
        "right_arm_hand": {
          "position": [1.5, 0, 0],
          "rotation": [0, "math.sin(query.anim_time*90*4-40)*8", -22.5]
        },
        "right_foot": {
          "position": {
            "0.0": {
              "lerp_mode": "catmullrom",
              "post": [0, -0.4, 0]
            },
            "0.25": {
              "lerp_mode": "catmullrom",
              "post": [0, -0.18, 0.03]
            },
            "0.5": {
              "lerp_mode": "catmullrom",
              "post": [0, 0, 0]
            },
            "0.75": {
              "lerp_mode": "catmullrom",
              "post": [0, -0.19, -0.12]
            },
            "1.0": {
              "lerp_mode": "catmullrom",
              "post": [0, -0.4, 0]
            },
            "1.25": {
              "lerp_mode": "catmullrom",
              "post": [0, -0.18, 0.03]
            },
            "1.5": {
              "lerp_mode": "catmullrom",
              "post": [0, 0, 0]
            },
            "1.75": {
              "lerp_mode": "catmullrom",
              "post": [0, -0.19, -0.12]
            },
            "2.0": {
              "lerp_mode": "catmullrom",
              "post": [0, 0, 0]
            }
          },
          "rotation": {
            "0.0": {
              "lerp_mode": "catmullrom",
              "post": [11, 0, 0]
            },
            "0.25": {
              "lerp_mode": "catmullrom",
              "post": [22.5, 0, 0]
            },
            "0.5": {
              "lerp_mode": "catmullrom",
              "post": [12.5, 0, 0]
            },
            "0.75": {
              "lerp_mode": "catmullrom",
              "post": [0, 0, 0]
            },
            "1.0": {
              "lerp_mode": "catmullrom",
              "post": [11, 0, 0]
            },
            "1.25": {
              "lerp_mode": "catmullrom",
              "post": [22.5, 0, 0]
            },
            "1.5": {
              "lerp_mode": "catmullrom",
              "post": [12.5, 0, 0]
            },
            "1.75": {
              "lerp_mode": "catmullrom",
              "post": [0, 0, 0]
            },
            "2.0": {
              "lerp_mode": "catmullrom",
              "post": [12.5, 0, 0]
            }
          }
        },
        "right_leg": {
          "position": {
            "0.0": {
              "lerp_mode": "catmullrom",
              "post": [0, 0, -0.2]
            },
            "0.0417": {
              "lerp_mode": "catmullrom",
              "post": [0, 0.12, 0.32]
            },
            "0.0833": {
              "lerp_mode": "catmullrom",
              "post": [0, 0.33, 0.76]
            },
            "0.25": {
              "lerp_mode": "catmullrom",
              "post": [0, 1, 0]
            },
            "0.5": {
              "lerp_mode": "catmullrom",
              "post": [0, 0, -1]
            },
            "0.75": {
              "lerp_mode": "catmullrom",
              "post": [0, 0, -2]
            },
            "1.0": {
              "lerp_mode": "catmullrom",
              "post": [0, 0, -0.2]
            },
            "1.0417": {
              "lerp_mode": "catmullrom",
              "post": [0, 0.12, 0.32]
            },
            "1.0833": {
              "lerp_mode": "catmullrom",
              "post": [0, 0.33, 0.76]
            },
            "1.25": {
              "lerp_mode": "catmullrom",
              "post": [0, 1, 0]
            },
            "1.5": {
              "lerp_mode": "catmullrom",
              "post": [0, 0, -1]
            },
            "1.75": {
              "lerp_mode": "catmullrom",
              "post": [0, 0, -2]
            },
            "2.0": {
              "lerp_mode": "catmullrom",
              "post": [0, 0, -0.2]
            }
          },
          "rotation": {
            "0.0": {
              "lerp_mode": "catmullrom",
              "post": [-9.84, 0, 0]
            },
            "0.25": {
              "lerp_mode": "catmullrom",
              "post": [-22.5, 0, 0]
            },
            "0.5": {
              "lerp_mode": "catmullrom",
              "post": [-22.5, 0, 0]
            },
            "0.75": {
              "lerp_mode": "catmullrom",
              "post": [0, 0, 0]
            },
            "1.0": {
              "lerp_mode": "catmullrom",
              "post": [-9.84, 0, 0]
            },
            "1.25": {
              "lerp_mode": "catmullrom",
              "post": [-22.5, 0, 0]
            },
            "1.5": {
              "lerp_mode": "catmullrom",
              "post": [-22.5, 0, 0]
            },
            "1.75": {
              "lerp_mode": "catmullrom",
              "post": [0, 0, 0]
            },
            "2.0": {
              "lerp_mode": "catmullrom",
              "post": [-9.84, 0, 0]
            }
          }
        },
        "tail": {
          "rotation": [0, "math.sin(query.anim_time*90*4)*8", 0]
        },
        "tail_segment_1": {
          "rotation": [0, "math.sin(query.anim_time*90*4-60)*6", 0]
        },
        "torso": {
          "rotation": [0, 0, "math.sin(query.anim_time*90*4+60)*4"]
        }
      },
      "loop": true
    },
    "animation.abomasnow.physical_attack": {
      "animation_length": 1.5,
      "bones": {
        "abomasnow": {
          "position": {
            "0.0": {
              "lerp_mode": "catmullrom",
              "post": [0, 0, 0]
            },
            "0.75": {
              "lerp_mode": "catmullrom",
              "post": [0, 0, 0]
            },
            "0.7917": {
              "lerp_mode": "catmullrom",
              "post": [0, 0.2, 0]
            },
            "0.8333": {
              "lerp_mode": "catmullrom",
              "post": [0, 0, 0]
            },
            "0.875": {
              "lerp_mode": "catmullrom",
              "post": [0, 0.2, 0]
            },
            "1.0": {
              "lerp_mode": "catmullrom",
              "post": [0, 0, 0]
            },
            "1.5": {
              "lerp_mode": "catmullrom",
              "post": [0, 0, 0]
            }
          },
          "rotation": {
            "0.0": {
              "lerp_mode": "catmullrom",
              "post": [0, 0, 0]
            },
            "0.25": {
              "lerp_mode": "catmullrom",
              "post": [0, 22.5, 0]
            },
            "0.5": {
              "lerp_mode": "catmullrom",
              "post": [0, 22.5, 0]
            },
            "0.75": {
              "lerp_mode": "catmullrom",
              "post": [0, -22.5, 0]
            },
            "1.0": {
              "lerp_mode": "catmullrom",
              "post": [0, -22.5, 0]
            },
            "1.5": {
              "lerp_mode": "catmullrom",
              "post": [0, 0, 0]
            }
          }
        },
        "left_arm": {
          "rotation": {
            "0.0": {
              "lerp_mode": "catmullrom",
              "post": [0, 0, 0]
            },
            "0.25": {
              "lerp_mode": "catmullrom",
              "post": [0, 22.5, 0]
            },
            "0.5": {
              "lerp_mode": "catmullrom",
              "post": [0, 22.5, 0]
            },
            "0.75": {
              "lerp_mode": "catmullrom",
              "post": [0, -22.5, 0]
            },
            "1.0": {
              "lerp_mode": "catmullrom",
              "post": [0, -22.5, 0]
            },
            "1.5": {
              "lerp_mode": "catmullrom",
              "post": [0, 0, 0]
            }
          }
        },
        "left_arm_hand": {
          "position": {
            "0.0": {
              "lerp_mode": "catmullrom",
              "post": [0, 0, 0]
            },
            "0.75": {
              "lerp_mode": "catmullrom",
              "post": [-2, 0, 0]
            },
            "1.0": {
              "lerp_mode": "catmullrom",
              "post": [-2, 0, 0]
            },
            "1.5": {
              "lerp_mode": "catmullrom",
              "post": [0, 0, 0]
            }
          },
          "rotation": {
            "0.0": {
              "lerp_mode": "catmullrom",
              "post": [0, 0, 0]
            },
            "0.25": {
              "lerp_mode": "catmullrom",
              "post": [0, 22.5, 0]
            },
            "0.5": {
              "lerp_mode": "catmullrom",
              "post": [0, 22.5, 0]
            },
            "1.5": {
              "lerp_mode": "catmullrom",
              "post": [0, 0, 0]
            }
          }
        },
        "right_arm": {
          "position": {
            "0.0": {
              "lerp_mode": "catmullrom",
              "post": [0, 0, 0]
            },
            "0.75": {
              "lerp_mode": "catmullrom",
              "post": [2, 3, 0]
            },
            "1.0": {
              "lerp_mode": "catmullrom",
              "post": [2, 3, 0]
            },
            "1.5": {
              "lerp_mode": "catmullrom",
              "post": [0, 0, 0]
            }
          },
          "rotation": {
            "0.0": {
              "lerp_mode": "catmullrom",
              "post": [0, 0, 0]
            },
            "0.25": {
              "lerp_mode": "catmullrom",
              "post": [0, 22.5, 22.5]
            },
            "0.5": {
              "lerp_mode": "catmullrom",
              "post": [0, 22.5, 22.5]
            },
            "0.75": {
              "lerp_mode": "catmullrom",
              "post": [71.01552, -42.68932, -48.51552]
            },
            "1.0": {
              "lerp_mode": "catmullrom",
              "post": [71.01552, -42.68932, -48.51552]
            },
            "1.5": {
              "lerp_mode": "catmullrom",
              "post": [0, 0, 0]
            }
          }
        },
        "right_arm_hand": {
          "position": {
            "0.0": {
              "lerp_mode": "catmullrom",
              "post": [0, 0, 0]
            },
            "0.75": {
              "lerp_mode": "catmullrom",
              "post": [2, 0, 0]
            },
            "1.0": {
              "lerp_mode": "catmullrom",
              "post": [2, 0, 0]
            },
            "1.5": {
              "lerp_mode": "catmullrom",
              "post": [0, 0, 0]
            }
          },
          "rotation": {
            "0.0": {
              "lerp_mode": "catmullrom",
              "post": [0, 0, 0]
            },
            "0.25": {
              "lerp_mode": "catmullrom",
              "post": [0, -22.5, 0]
            },
            "0.5": {
              "lerp_mode": "catmullrom",
              "post": [0, -22.5, 0]
            },
            "1.5": {
              "lerp_mode": "catmullrom",
              "post": [0, 0, 0]
            }
          }
        },
        "torso": {
          "rotation": {
            "0.0": {
              "lerp_mode": "catmullrom",
              "post": [0, 0, 0]
            },
            "0.5": {
              "lerp_mode": "catmullrom",
              "post": [0, 0, 0]
            },
            "0.75": {
              "lerp_mode": "catmullrom",
              "post": [10, 0, 0]
            },
            "1.0": {
              "lerp_mode": "catmullrom",
              "post": [10, 0, 0]
            },
            "1.5": {
              "lerp_mode": "catmullrom",
              "post": [0, 0, 0]
            }
          }
        }
      }
    },
    "animation.abomasnow.pose": {
      "bones": {
        "head": {
          "position": [0, -0.6, -0.5],
          "rotation": [-10, 0, 0]
        },
        "left_arm": {
          "position": [0, 0, 0],
          "rotation": [0, -10, -22.5]
        },
        "left_arm_hand": {
          "position": [-3.3, -1, 0],
          "rotation": [0, 0, -45]
        },
        "right_arm": {
          "position": [0, 0, 0],
          "rotation": [0, 10, 22.5]
        },
        "right_arm_hand": {
          "position": [3.3, -1, 0],
          "rotation": [0, 0, 45]
        },
        "tail": {
          "rotation": [0, 22.5, 0]
        },
        "tail_segment_1": {
          "position": [-0.2, 0, -1.4],
          "rotation": [0, 22.5, 0]
        }
      },
      "loop": true
    },
    "animation.abomasnow.sleep": {
      "animation_length": 2,
      "bones": {
        "abomasnow": {
          "position": [0, -6, 0]
        },
        "eyelids": {
          "position": [0, 0, -1]
        },
        "head": {
          "position": [0, -2.5, -2.4],
          "rotation": [22.5, 0, 0]
        },
        "left_arm": {
          "position": [-2.5, 4, 0],
          "rotation": [0, 0, "37.5+math.sin(query.anim_time*90*2)*4"]
        },
        "left_arm_hand": {
          "position": [-1.5, 0, 0],
          "rotation": [0, 0, 22.5]
        },
        "left_leg": {
          "position": [0, -3, 0],
          "rotation": [-67.5, 0, 0]
        },
        "right_arm": {
          "position": [2.5, 4, 0],
          "rotation": [0, 0, "-37.5-math.sin(query.anim_time*90*2)*4"]
        },
        "right_arm_hand": {
          "position": [1.5, 0, 0],
          "rotation": [0, 0, -22.5]
        },
        "right_leg": {
          "position": [0, -3, 0],
          "rotation": [-67.5, 0, 0]
        },
        "tail": {
          "position": [0, 0, -1],
          "rotation": [-22.5, 0, 0]
        },
        "tail_segment_1": {
          "position": [0, -0.2, -1.4],
          "rotation": [22.5, 0, 0]
        }
      },
      "loop": true
    },
    "animation.abomasnow.special_attack": {
      "animation_length": 1.25,
      "bones": {
        "head": {
          "position": {
            "0.0": {
              "lerp_mode": "catmullrom",
              "post": [0, 0, 0]
            },
            "0.5": {
              "lerp_mode": "catmullrom",
              "post": [0, -1, -2]
            },
            "1.0": {
              "lerp_mode": "catmullrom",
              "post": [0, -1, -2]
            },
            "1.25": {
              "lerp_mode": "catmullrom",
              "post": [0, 0, 0]
            }
          },
          "rotation": {
            "0.0": {
              "lerp_mode": "catmullrom",
              "post": [0, 0, 0]
            },
            "0.25": {
              "lerp_mode": "catmullrom",
              "post": [-15, 0, 0]
            },
            "0.5": {
              "lerp_mode": "catmullrom",
              "post": [-25, 0, 0]
            },
            "1.0": {
              "lerp_mode": "catmullrom",
              "post": [-25, 0, 0]
            },
            "1.25": {
              "lerp_mode": "catmullrom",
              "post": [0, 0, 0]
            }
          }
        },
        "head_fur": {
          "rotation": {
            "0.0": {
              "lerp_mode": "catmullrom",
              "post": [0, 0, 0]
            },
            "0.5": {
              "lerp_mode": "catmullrom",
              "post": [0, 0, 0]
            },
            "0.625": {
              "lerp_mode": "catmullrom",
              "post": [-67.5, 0, 0]
            },
            "0.6667": {
              "lerp_mode": "catmullrom",
              "post": [-57.5, 0, 0]
            },
            "0.7083": {
              "lerp_mode": "catmullrom",
              "post": [-67.5, 0, 0]
            },
            "0.75": {
              "lerp_mode": "catmullrom",
              "post": [-57.5, 0, 0]
            },
            "0.7917": {
              "lerp_mode": "catmullrom",
              "post": [-67.5, 0, 0]
            },
            "0.8333": {
              "lerp_mode": "catmullrom",
              "post": [-57.5, 0, 0]
            },
            "0.875": {
              "lerp_mode": "catmullrom",
              "post": [-67.5, 0, 0]
            },
            "1.0": {
              "lerp_mode": "catmullrom",
              "post": [0, 0, 0]
            },
            "1.25": {
              "lerp_mode": "catmullrom",
              "post": [0, 0, 0]
            }
          }
        },
        "left_arm": {
          "rotation": {
            "0.0": {
              "lerp_mode": "catmullrom",
              "post": [0, 0, 0]
            },
            "0.25": {
              "lerp_mode": "catmullrom",
              "post": [0, 67.5, 0]
            },
            "0.5": {
              "lerp_mode": "catmullrom",
              "post": [0, -22.5, 0]
            },
            "1.0": {
              "lerp_mode": "catmullrom",
              "post": [0, -22.5, 0]
            },
            "1.25": {
              "lerp_mode": "catmullrom",
              "post": [0, 0, 0]
            }
          }
        },
        "right_arm": {
          "rotation": {
            "0.0": {
              "lerp_mode": "catmullrom",
              "post": [0, 0, 0]
            },
            "0.25": {
              "lerp_mode": "catmullrom",
              "post": [0, -67.5, 0]
            },
            "0.5": {
              "lerp_mode": "catmullrom",
              "post": [0, 22.5, 0]
            },
            "1.0": {
              "lerp_mode": "catmullrom",
              "post": [0, 22.5, 0]
            },
            "1.25": {
              "lerp_mode": "catmullrom",
              "post": [0, 0, 0]
            }
          }
        },
        "torso": {
          "rotation": {
            "0.0": {
              "lerp_mode": "catmullrom",
              "post": [0, 0, 0]
            },
            "0.25": {
              "lerp_mode": "catmullrom",
              "post": [-10, 0, 0]
            },
            "0.5": {
              "lerp_mode": "catmullrom",
              "post": [35, 0, 0]
            },
            "1.0": {
              "lerp_mode": "catmullrom",
              "post": [35, 0, 0]
            },
            "1.25": {
              "lerp_mode": "catmullrom",
              "post": [0, 0, 0]
            }
          }
        }
      }
    }
  },
  "format_version": "1.8.0"
}