{
  "format_version": "1.12.0",
  "minecraft:geometry": [
    {
      "bones": [
        {
          "name": "pikachu",
          "pivot": [0, 0, 0]
        }, {
          "name": "body",
          "parent": "pikachu",
          "pivot": [0, 8, 0.5]
        }, {
          "cubes": [
            {
              "origin": [-5, 1.75, -3.5],
              "size": [10, 8, 8],
              "uv": [0, 0]
            },
            {
              "origin": [-4.5, 9.75, -3],
              "size": [9, 2, 7],
              "uv": [36, 20]
            }, {
              "origin": [-6, 9.25, -4],
              "pivot": [0, 10.25, 0.5],
              "rotation": [12.5, 0, 0],
              "size": [3, 4, 10],
              "uv": [34, 42]
            }, {
              "origin": [3, 9.25, -4],
              "pivot": [0, 10.25, 0.5],
              "rotation": [12.5, 0, 0],
              "size": [3, 4, 10],
              "uv": [0, 48]
            }, {
              "origin": [-3, 10.20027, 3.67689],
              "pivot": [-0.5, 12.20027, 4.67689],
              "rotation": [12.5, 0, 0],
              "size": [6, 4, 2],
              "uv": [70, 27]
            }, {
              "origin": [6, 13.2634, -4.66117],
              "pivot": [6, 13.27526, 0.23061],
              "rotation": [8.90928, -8.80348, 44.31282],
              "size": [0, 1, 10],
              "uv": [0, 62]
            }, {
              "origin": [6, 11.5134, 0.73883],
              "pivot": [6, 11.52526, 0.63061],
              "rotation": [4.8493, -11.53486, 67.00992],
              "size": [0, 1, 5],
              "uv": [28, 75]
            }, {
              "origin": [-6, 13.2634, -4.66117],
              "pivot": [-6, 13.27526, 0.23061],
              "rotation": [8.90928, 8.80348, -44.31282],
              "size": [0, 1, 10],
              "uv": [62, 0]
            }, {
              "origin": [-5.75, 11.5134, 0.7388],
              "pivot": [-5.75, 11.27526, 0.48061],
              "rotation": [4.8493, 11.53486, -67.00992],
              "size": [0, 1, 5],
              "uv": [0, 79]
            }, {
              "origin": [-6, 14.3456, 5.22031],
              "pivot": [0, 14.35745, 5.11209],
              "rotation": [-32.5, 0, 0],
              "size": [12, 1, 0],
              "uv": [36, 29]
            }, {
              "origin": [-6, 13.8456, 7.32031],
              "pivot": [0, 14.85745, 5.21209],
              "rotation": [-55, 0, 0],
              "size": [12, 1, 0],
              "uv": [36, 30]
            }, {
              "inflate": 0.01,
              "origin": [-5, 1.75, -3.5],
              "size": [10, 8, 8],
              "uv": [0, 16]
            }, {
              "origin": [2, 6.25, -3.75],
              "pivot": [4, 8.75, 0.25],
              "rotation": [0, 0, -12.5],
              "size": [4.25, 5, 0],
              "uv": [26, 48]
            }, {
              "origin": [6.25, 6.25, -3.75],
              "pivot": [4.25, 8.75, 0.5],
              "rotation": [0, 0, -12.5],
              "size": [0, 5, 8.5],
              "uv": [66, 53]
            }, {
              "origin": [1.99704, 6.27705, 4.75],
              "pivot": [4.12204, 8.77705, 4.75],
              "rotation": [180, 0, 167.5],
              "size": [4.25, 5, 0],
              "uv": [10, 80]
            }, {
              "origin": [-6, 6.25, -3.75],
              "pivot": [-3.75, 8.75, 0.25],
              "rotation": [0, 0, 12.5],
              "size": [4.25, 5, 0],
              "uv": [18, 80]
            }, {
              "origin": [-6, 6.25, -3.75],
              "pivot": [-4, 8.75, 0.5],
              "rotation": [0, 0, 12.5],
              "size": [0, 5, 8.5],
              "uv": [66, 66]
            }, {
              "origin": [-5.99704, 6.22705, 4.75],
              "pivot": [-3.87204, 8.72705, 4.75],
              "rotation": [180, 0, -167.5],
              "size": [4.25, 5, 0],
              "uv": [80, 39]
            }, {
              "origin": [-5, 5.9, 4.748],
              "size": [10, 5, 0],
              "uv": [68, 16]
            },
            {
              "origin": [-2.4, 4.6, 4.7479],
              "size": [5, 3, 0],
              "uv": [60, 29]
            }, {
              "origin": [1.63508, 6.99934, -6.75],
              "pivot": [1.63508, 8.99934, -3.75],
              "rotation": [0, -67.5, -12.5],
              "size": [0, 4, 3],
              "uv": [80, 44]
            }, {
              "origin": [-1.42045, 6.98446, -6.75],
              "pivot": [-1.42045, 8.98446, -3.75],
              "rotation": [0, 67.5, 12.5],
              "size": [0, 4, 3],
              "uv": [66, 80]
            }
          ],
          "name": "torso",
          "parent": "body",
          "pivot": [0, 5.25, 0.5]
        }, {
          "cubes": [
            {
              "inflate": 0.011,
              "origin": [-5, 5.25, -3.5],
              "size": [10, 2, 8],
              "uv": [34, 32]
            },
            {
              "inflate": 0.011,
              "origin": [-3, 6.75, -3.51],
              "size": [2, 1, 0],
              "uv": [56, 31]
            },
            {
              "inflate": 0.011,
              "origin": [-2.5, 5.75, -3.51],
              "size": [3, 1, 0],
              "uv": [44, 31]
            },
            {
              "inflate": 0.011,
              "origin": [-3, 4.75, -3.51],
              "size": [2, 1, 0],
              "uv": [70, 41]
            },
            {
              "inflate": 0.011,
              "origin": [3.5, 5.75, -3.51],
              "size": [1, 1, 0],
              "uv": [32, 55]
            },
            {
              "inflate": 0.011,
              "origin": [2.5, 5.25, -3.51],
              "size": [1, 2, 0],
              "uv": [64, 54]
            }, {
              "origin": [-5.1, 5.25, -3.65],
              "pivot": [-4.6, 6.25, -3.65],
              "rotation": [0, 0, 15],
              "size": [1, 2, 0],
              "uv": [66, 16]
            }
          ],
          "name": "belt",
          "parent": "torso",
          "pivot": [-0.37143, 6.25, -2.95714]
        }, {
          "cubes": [
            {
              "inflate": 0.01,
              "origin": [-4.5, 11.25, -3.75],
              "size": [9, 8, 8],
              "uv": [0, 32]
            }, {
              "origin": [-0.5, 13.33, -4.53],
              "pivot": [0, 13.7, -3.5],
              "rotation": [12.5, 0, 0],
              "size": [1, 1, 1],
              "uv": [60, 54]
            }, {
              "inflate": 0.02,
              "origin": [-4.5, 11.3, -4.5],
              "pivot": [-0.5, 13.7, -3.5],
              "rotation": [12.5, 0, 0],
              "size": [9, 3, 2],
              "uv": [62, 11]
            }
          ],
          "name": "head",
          "parent": "torso",
          "pivot": [0, 12.25, 0.25]
        }, {
          "cubes": [
            {
              "inflate": 0.01,
              "origin": [-1.5, 11.8, -4.53],
              "pivot": [0, 13.7, -3.5],
              "rotation": [12.5, 0, 0],
              "size": [3, 1, 0],
              "uv": [50, 31]
            }, {
              "inflate": 0.01,
              "origin": [-0.5, 12.05, -4.53],
              "pivot": [0, 13.7, -3.5],
              "rotation": [12.5, 0, 0],
              "size": [1, 1, 0],
              "uv": [18, 73]
            }, {
              "origin": [-2, 12.3, -4.53],
              "pivot": [0, 13.7, -3.5],
              "rotation": [12.5, 0, 0],
              "size": [4, 1, 0],
              "uv": [36, 31]
            }
          ],
          "name": "mouth_closed",
          "parent": "head",
          "pivot": [0, 12.7, -3.5]
        }, {
          "cubes": [
            {
              "inflate": 0.01,
              "origin": [-1.5, 11.55, -4.33],
              "pivot": [0, 13.7, -3.3],
              "rotation": [12.5, 0, 0],
              "size": [3, 1, 0],
              "uv": [26, 55]
            }, {
              "inflate": 0.01,
              "origin": [-1, 12.05, -4.33],
              "pivot": [0, 13.7, -3.3],
              "rotation": [12.5, 0, 0],
              "size": [2, 1, 0],
              "uv": [18, 74]
            }
          ],
          "name": "mouth_open",
          "parent": "head",
          "pivot": [0, 12.7, -3.5]
        }, {
          "name": "eyes",
          "parent": "head",
          "pivot": [0, 16, -3.825]
        }, {
          "cubes": [
            {
              "origin": [-4, 14.5, -3.77],
              "pivot": [-3, 15.5, -3.77],
              "rotation": [0, 0, 3],
              "size": [2, 2, 0],
              "uv": [62, 16]
            }
          ],
          "name": "eye_right",
          "parent": "eyes",
          "pivot": [-3, 15.5, -3.825]
        }, {
          "cubes": [
            {
              "inflate": 0.01,
              "origin": [-4, 14.5, -3.67],
              "pivot": [-3, 15.5, -3.67],
              "rotation": [0, 0, 3],
              "size": [2, 2, 0],
              "uv": [62, 18]
            }
          ],
          "name": "eyelid_right",
          "parent": "eye_right",
          "pivot": [-3, 15.5, -3.67]
        }, {
          "cubes": [
            {
              "origin": [2, 14.5, -3.77],
              "pivot": [3, 15.5, -3.77],
              "rotation": [0, 0, -3],
              "size": [2, 2, 0],
              "uv": [20, 72]
            }
          ],
          "name": "eye_left",
          "parent": "eyes",
          "pivot": [3, 15.5, -3.825]
        }, {
          "cubes": [
            {
              "inflate": 0.01,
              "origin": [2, 14.5, -3.67],
              "pivot": [3, 15.5, -3.67],
              "rotation": [0, 0, -3],
              "size": [2, 2, 0],
              "uv": [14, 73]
            }
          ],
          "name": "eyelid_left",
          "parent": "eye_left",
          "pivot": [3, 15.5, -3.67]
        }, {
          "cubes": [
            {
              "origin": [2, 17.5, 0.35],
              "pivot": [3.65, 18, 0.425],
              "rotation": [-15, -30, 35],
              "size": [3, 10, 0],
              "uv": [20, 62]
            }, {
              "origin": [2, 17.5, 0.35],
              "pivot": [3.65, 18, 0.425],
              "rotation": [-15, -30, 35],
              "size": [4, 10, 0],
              "uv": [12, 62]
            }
          ],
          "name": "ear_left",
          "parent": "head",
          "pivot": [3.65, 18, 0.425]
        }, {
          "cubes": [
            {
              "origin": [-5, 17.5, 0.35],
              "pivot": [-3.65, 18, 0.425],
              "rotation": [-15, 30, -35],
              "size": [3, 10, 0],
              "uv": [60, 74]
            }, {
              "mirror": true,
              "origin": [-6, 17.5, 0.35],
              "pivot": [-3.65, 18, 0.425],
              "rotation": [-15, 30, -35],
              "size": [4, 10, 0],
              "uv": [59, 84]
            }
          ],
          "name": "ear_right",
          "parent": "head",
          "pivot": [-3.65, 18, 0.425]
        }, {
          "cubes": [
            {
              "origin": [-2, 16.5, -3.781],
              "size": [2, 6, 0],
              "uv": [72, 80]
            }
          ],
          "name": "browR1",
          "parent": "head",
          "pivot": [-1, 16.5, -3.77],
          "rotation": [0, 0, -67.5]
        }, {
          "cubes": [
            {
              "origin": [-1.75, 15.9, -3.785],
              "size": [2, 6, 0],
              "uv": [76, 80]
            }
          ],
          "name": "browR2",
          "parent": "head",
          "pivot": [-0.75, 16.5, -3.77],
          "rotation": [0, 0, -22.5]
        }, {
          "cubes": [
            {
              "origin": [0, 16.5, -3.781],
              "size": [2, 6, 0],
              "uv": [80, 80]
            }
          ],
          "name": "browL1",
          "parent": "head",
          "pivot": [1, 16.5, -3.77],
          "rotation": [0, 0, 67.5]
        }, {
          "cubes": [
            {
              "origin": [-0.25, 15.9, -3.785],
              "size": [2, 6, 0],
              "uv": [26, 81]
            }
          ],
          "name": "browL2",
          "parent": "head",
          "pivot": [0.75, 16.5, -3.77],
          "rotation": [0, 0, 22.5]
        }, {
          "cubes": [
            {
              "origin": [-10.5, 9, -2],
              "size": [6, 3, 3],
              "uv": [68, 21]
            },
            {
              "inflate": 0.25,
              "origin": [-8.5, 9, -2],
              "size": [4, 3, 3],
              "uv": [70, 33]
            },
            {
              "origin": [-7.1, 10, -3.25],
              "size": [0, 1, 1],
              "uv": [66, 18]
            },
            {
              "origin": [-7.1, 10, 1.25],
              "size": [0, 1, 1],
              "uv": [68, 27]
            },
            {
              "origin": [-7.1, 12.25, -1],
              "size": [0, 1, 1],
              "uv": [64, 68]
            },
            {
              "origin": [-7.1, 7.75, -1],
              "size": [0, 1, 1],
              "uv": [64, 70]
            }
          ],
          "name": "arm_right",
          "parent": "torso",
          "pivot": [-4.5, 10.5, -0.5]
        }, {
          "cubes": [
            {
              "origin": [4.5, 9, -2],
              "size": [6, 3, 3],
              "uv": [46, 68]
            },
            {
              "inflate": 0.25,
              "origin": [4.5, 9, -2],
              "size": [4, 3, 3],
              "uv": [0, 73]
            },
            {
              "origin": [7.1, 10, -3.25],
              "size": [0, 1, 1],
              "uv": [24, 72]
            },
            {
              "origin": [7.1, 10, 1.25],
              "size": [0, 1, 1],
              "uv": [64, 72]
            },
            {
              "origin": [7.1, 12.25, -1],
              "size": [0, 1, 1],
              "uv": [38, 75]
            },
            {
              "origin": [7.1, 7.75, -1],
              "size": [0, 1, 1],
              "uv": [40, 75]
            }
          ],
          "name": "arm_left",
          "parent": "torso",
          "pivot": [4.5, 10.5, -0.5]
        }, {
          "cubes": [
            {
              "origin": [0, 1.75, 3],
              "size": [0, 9, 10],
              "uv": [26, 56]
            },
            {
              "origin": [0, 10.74, 6],
              "size": [0, 7, 13],
              "uv": [36, 0]
            }
          ],
          "name": "tail",
          "parent": "torso",
          "pivot": [0, 2.75, 3.5]
        }, {
          "cubes": [
            {
              "origin": [-6, 1.5, -2.5],
              "pivot": [-4, 4.5, 0],
              "rotation": [-10, 0, 0],
              "size": [4, 6, 6],
              "uv": [46, 56]
            }, {
              "origin": [-6.01, 3.14324, -0.15664],
              "pivot": [-6.01, 3.64324, 0.34336],
              "rotation": [35, 0, 0],
              "size": [0, 1, 1],
              "uv": [42, 75]
            }, {
              "origin": [-6.01, 4.14324, 1.84336],
              "pivot": [-6.01, 4.64324, 2.34336],
              "rotation": [35, 0, 0],
              "size": [0, 1, 1],
              "uv": [44, 75]
            }, {
              "origin": [-6.75, 3.25, -2.25],
              "pivot": [-6.25, 4.25, -2.25],
              "rotation": [90, 45, 90],
              "size": [1, 2, 0],
              "uv": [38, 77]
            }, {
              "origin": [-6.75, 2.75, 0.5],
              "pivot": [-6.25, 3.75, 0.5],
              "rotation": [-90, 22.5, -90],
              "size": [1, 2, 0],
              "uv": [40, 77]
            }, {
              "origin": [-6.58807, 4.84059, 2.1],
              "pivot": [-6.08807, 5.84059, 2.1],
              "rotation": [0, 90, 7.5],
              "size": [1, 2, 0],
              "uv": [42, 77]
            }
          ],
          "name": "leg_right",
          "parent": "body",
          "pivot": [-4, 5.25, 0.5]
        }, {
          "cubes": [
            {
              "origin": [-4.75, 1, -0.75],
              "size": [2, 2, 3],
              "uv": [38, 79]
            },
            {
              "origin": [-5.25, 0, -1.5],
              "size": [3, 1, 4],
              "uv": [46, 74]
            }
          ],
          "name": "foot_right",
          "parent": "leg_right",
          "pivot": [-3.75, 2, 0.75]
        }, {
          "cubes": [
            {
              "origin": [-5.25, 0, -2.5],
              "size": [3, 1, 1],
              "uv": [26, 53]
            }
          ],
          "name": "toes_right",
          "parent": "foot_right",
          "pivot": [-3.75, 0, -1.5]
        }, {
          "cubes": [
            {
              "origin": [2, 1.5, -2.5],
              "pivot": [4, 4.5, 0],
              "rotation": [-10, 0, 0],
              "size": [4, 6, 6],
              "uv": [60, 42]
            },
            {
              "origin": [6.01, 3.0076, -0.58682],
              "pivot": [6.01, 3.5076, -0.08682],
              "rotation": [35, 0, 0],
              "size": [0, 1, 1],
              "uv": [44, 77]
            }, {
              "origin": [6.01, 4.0076, 1.41318],
              "pivot": [6.01, 4.5076, 1.91318],
              "rotation": [35, 0, 0],
              "size": [0, 1, 1],
              "uv": [78, 39]
            }
          ],
          "name": "leg_left",
          "parent": "body",
          "pivot": [4, 5.25, 0.5]
        }, {
          "cubes": [
            {
              "origin": [2.25, 0, -1.5],
              "size": [3, 1, 4],
              "uv": [14, 75]
            },
            {
              "origin": [2.75, 1, -0.75],
              "size": [2, 2, 3],
              "uv": [48, 79]
            }
          ],
          "name": "foot_left",
          "parent": "leg_left",
          "pivot": [3.75, 2, 0.75]
        }, {
          "cubes": [
            {
              "origin": [2.25, 0, -2.5],
              "size": [3, 1, 1],
              "uv": [70, 39]
            }
          ],
          "name": "toes_left",
          "parent": "foot_left",
          "pivot": [3.75, 0, -1.5]
        }
      ],
      "description": {
        "identifier": "geometry.pikachu_female",
        "texture_height": 128,
        "texture_width": 128,
        "visible_bounds_height": 4,
        "visible_bounds_offset": [0, 1, 0],
        "visible_bounds_width": 4
      }
    }
  ]
}