{
  "format_version": "1.12.0",
  "minecraft:geometry": [
    {
      "bones": [
        {
          "name": "pikachu",
          "pivot": [0, 0, 0]
        }, {
          "name": "body",
          "parent": "pikachu",
          "pivot": [0, 8, 0.5]
        }, {
          "cubes": [
            {
              "origin": [-5, 1.75, -3.5],
              "size": [10, 8, 8],
              "uv": [34, 0]
            },
            {
              "origin": [-4.5, 9.75, -3],
              "size": [9, 2, 7],
              "uv": [0, 41]
            },
            {
              "inflate": 0.25,
              "origin": [-4.5, 9.75, -3],
              "size": [9, 2, 7],
              "uv": [0, 50]
            }, {
              "origin": [-4.5, 10.75, 4.25],
              "pivot": [0, 10.75, 4.25],
              "rotation": [-45, 0, 0],
              "size": [9, 2, 0],
              "uv": [74, 30]
            }, {
              "origin": [-4.75, 10.75, 1.25],
              "pivot": [-4.75, 10.75, 2.75],
              "rotation": [0, 0, -45],
              "size": [0, 2, 3],
              "uv": [26, 59]
            }, {
              "origin": [4.75, 10.75, 1.25],
              "pivot": [4.75, 10.75, 2.75],
              "rotation": [0, 0, 45],
              "size": [0, 2, 3],
              "uv": [0, 94]
            }
          ],
          "name": "torso",
          "parent": "body",
          "pivot": [0, 5.25, 0.5]
        }, {
          "cubes": [
            {
              "origin": [-6.1, 0.75, -3.6],
              "size": [12.2, 9, 0],
              "uv": [66, 40]
            },
            {
              "origin": [-6.1, 0.75, 4.6],
              "size": [12.2, 9, 0],
              "uv": [70, 0]
            },
            {
              "origin": [6.1, 0.75, -3.6],
              "size": [0, 9, 8.2],
              "uv": [18, 71]
            },
            {
              "origin": [-6.1, 0.75, -3.6],
              "size": [0, 9, 8.2],
              "uv": [34, 71]
            },
            {
              "inflate": 0.3,
              "origin": [-6, 2.75, -3.5],
              "size": [12, 7, 8],
              "uv": [0, 26]
            },
            {
              "origin": [-0.5, 6.75, -3.85],
              "size": [1, 1, 0],
              "uv": [38, 41]
            },
            {
              "origin": [-0.5, 4.75, -3.85],
              "size": [1, 1, 0],
              "uv": [38, 42]
            }
          ],
          "name": "underdress",
          "parent": "torso",
          "pivot": [0, 0, 0]
        }, {
          "cubes": [
            {
              "origin": [3, 0.85, -4],
              "size": [4, 6, 0],
              "uv": [10, 89]
            },
            {
              "origin": [3, 0.85, 5],
              "size": [4, 6, 0],
              "uv": [92, 30]
            },
            {
              "origin": [7, 0.85, -4],
              "size": [0, 6, 9],
              "uv": [50, 73]
            },
            {
              "origin": [3, 6.85, -4],
              "size": [4, 0, 9],
              "uv": [0, 59]
            },
            {
              "origin": [-7, 0.85, -4],
              "size": [0, 6, 9],
              "uv": [0, 68]
            },
            {
              "origin": [-7, 0.85, 5],
              "size": [4, 6, 0],
              "uv": [92, 81]
            },
            {
              "origin": [-7, 6.85, -4],
              "size": [4, 0, 9],
              "uv": [52, 64]
            },
            {
              "origin": [-7, 0.85, -4],
              "size": [4, 6, 0],
              "uv": [92, 87]
            },
            {
              "origin": [-3, 0.85, 5],
              "size": [6, 6, 0],
              "uv": [88, 75]
            },
            {
              "origin": [-3, 6.85, 4],
              "size": [6, 0, 1],
              "uv": [18, 68]
            }, {
              "origin": [3, 0.85, -5],
              "pivot": [4.5, 0.85, -4],
              "rotation": [22.5, 0, 0],
              "size": [4, 0, 1],
              "uv": [66, 50]
            }, {
              "origin": [-7, 0.65866, 4.96194],
              "pivot": [0, 0.65866, 5.46194],
              "rotation": [-22.5, 0, 0],
              "size": [14, 0, 1],
              "uv": [66, 49]
            }, {
              "origin": [7, 0.85, -4],
              "pivot": [7, 0.85, 0.5],
              "rotation": [0, 0, 22.5],
              "size": [1, 0, 9],
              "uv": [74, 21]
            }, {
              "origin": [-7, 0.85, -5],
              "pivot": [-4.5, 0.85, -4],
              "rotation": [22.5, 0, 0],
              "size": [4, 0, 1],
              "uv": [66, 51]
            }, {
              "origin": [-8, 0.85, -4],
              "pivot": [-7, 0.85, 0.5],
              "rotation": [0, 0, -22.5],
              "size": [1, 0, 9],
              "uv": [78, 50]
            }
          ],
          "name": "dress",
          "parent": "underdress",
          "pivot": [0, 0.1, 0]
        }, {
          "cubes": [
            {
              "origin": [-6, 5.1, -4.25],
              "size": [2, 2, 1],
              "uv": [94, 2]
            }, {
              "origin": [-6.5, 2.1, -4],
              "pivot": [-5, 5.1, -4],
              "rotation": [-22.5, 0, 0],
              "size": [3, 3, 0],
              "uv": [94, 5]
            }
          ],
          "name": "decoR",
          "parent": "dress",
          "pivot": [-5, 6.1, -3.25]
        }, {
          "cubes": [
            {
              "origin": [4, 5.1, -4.25],
              "size": [2, 2, 1],
              "uv": [94, 8]
            }, {
              "origin": [3.5, 2.1, -4],
              "pivot": [5, 5.1, -4],
              "rotation": [-22.5, 0, 0],
              "size": [3, 3, 0],
              "uv": [94, 11]
            }
          ],
          "name": "decoL",
          "parent": "dress",
          "pivot": [5, 6.1, -3.25]
        }, {
          "cubes": [
            {
              "origin": [-1.5, 9, -4.25],
              "size": [3, 2, 1],
              "uv": [78, 70]
            },
            {
              "origin": [-2, 8.5, -3.9],
              "size": [4, 3, 0],
              "uv": [90, 45]
            }, {
              "origin": [1.25, 7.5, -3.75],
              "pivot": [1.25, 9.5, -3.75],
              "rotation": [0, 10, 0],
              "size": [4, 5, 0],
              "uv": [52, 93]
            }, {
              "origin": [-5.25, 7.5, -3.75],
              "pivot": [-1.25, 9.5, -3.75],
              "rotation": [0, -10, 0],
              "size": [4, 5, 0],
              "uv": [60, 93]
            }
          ],
          "name": "bow",
          "parent": "torso",
          "pivot": [0, 0, 0]
        }, {
          "cubes": [
            {
              "inflate": 0.01,
              "origin": [-4.5, 11.25, -3.75],
              "size": [9, 8, 8],
              "uv": [40, 16]
            }, {
              "inflate": 0.01,
              "origin": [1.5, 19.26, 1.1],
              "pivot": [3, 19.25, 1.6],
              "rotation": [0, 42.5, 0],
              "size": [3, 0, 1],
              "uv": [32, 51]
            }, {
              "inflate": 0.01,
              "origin": [-4.5, 19.26, 1.1],
              "pivot": [-3, 19.25, 1.6],
              "rotation": [0, -42.5, 0],
              "size": [3, 0, 1],
              "uv": [90, 48]
            }, {
              "origin": [-0.5, 13.33, -4.53],
              "pivot": [0, 13.7, -3.5],
              "rotation": [12.5, 0, 0],
              "size": [1, 1, 1],
              "uv": [70, 13]
            }, {
              "inflate": 0.02,
              "origin": [-4.5, 11.3, -4.5],
              "pivot": [-0.5, 13.7, -3.5],
              "rotation": [12.5, 0, 0],
              "size": [9, 3, 2],
              "uv": [78, 59]
            }
          ],
          "name": "head",
          "parent": "torso",
          "pivot": [0, 12.25, 0.25]
        }, {
          "cubes": [
            {
              "inflate": 0.01,
              "origin": [-1.5, 11.8, -4.53],
              "pivot": [0, 13.7, -3.5],
              "rotation": [12.5, 0, 0],
              "size": [3, 1, 0],
              "uv": [26, 69]
            }, {
              "inflate": 0.01,
              "origin": [-0.5, 12.05, -4.53],
              "pivot": [0, 13.7, -3.5],
              "rotation": [12.5, 0, 0],
              "size": [1, 1, 0],
              "uv": [38, 43]
            }, {
              "origin": [-2, 12.3, -4.53],
              "pivot": [0, 13.7, -3.5],
              "rotation": [12.5, 0, 0],
              "size": [4, 1, 0],
              "uv": [92, 39]
            }
          ],
          "name": "mouth_closed",
          "parent": "head",
          "pivot": [0, 12.7, -3.5]
        }, {
          "cubes": [
            {
              "inflate": 0.01,
              "origin": [-1.5, 11.55, -4.33],
              "pivot": [0, 13.7, -3.3],
              "rotation": [12.5, 0, 0],
              "size": [3, 1, 0],
              "uv": [26, 70]
            }, {
              "inflate": 0.01,
              "origin": [-1, 12.05, -4.33],
              "pivot": [0, 13.7, -3.3],
              "rotation": [12.5, 0, 0],
              "size": [2, 1, 0],
              "uv": [70, 15]
            }
          ],
          "name": "mouth_open",
          "parent": "head",
          "pivot": [0, 12.7, -3.5]
        }, {
          "name": "eyes",
          "parent": "head",
          "pivot": [0, 16, -3.825]
        }, {
          "cubes": [
            {
              "origin": [-4, 14.5, -3.77],
              "pivot": [-3, 15.5, -3.77],
              "rotation": [0, 0, 3],
              "size": [2, 2, 0],
              "uv": [94, 18]
            }
          ],
          "name": "eye_right",
          "parent": "eyes",
          "pivot": [-3, 15.5, -3.825]
        }, {
          "cubes": [
            {
              "inflate": 0.01,
              "origin": [-4, 14.5, -3.67],
              "pivot": [-3, 15.5, -3.67],
              "rotation": [0, 0, 3],
              "size": [2, 2, 0],
              "uv": [94, 20]
            }
          ],
          "name": "eyelid_right",
          "parent": "eye_right",
          "pivot": [-3, 15.5, -3.67]
        }, {
          "cubes": [
            {
              "origin": [2, 14.5, -3.77],
              "pivot": [3, 15.5, -3.77],
              "rotation": [0, 0, -3],
              "size": [2, 2, 0],
              "uv": [22, 94]
            }
          ],
          "name": "eye_left",
          "parent": "eyes",
          "pivot": [3, 15.5, -3.825]
        }, {
          "cubes": [
            {
              "inflate": 0.01,
              "origin": [2, 14.5, -3.67],
              "pivot": [3, 15.5, -3.67],
              "rotation": [0, 0, -3],
              "size": [2, 2, 0],
              "uv": [94, 22]
            }
          ],
          "name": "eyelid_left",
          "parent": "eye_left",
          "pivot": [3, 15.5, -3.67]
        }, {
          "cubes": [
            {
              "origin": [2, 17.25, 1.35],
              "pivot": [3.65, 17.75, 1.425],
              "rotation": [-28.46245, 17.91241, 126.38147],
              "size": [3, 10, 0],
              "uv": [34, 16]
            }, {
              "origin": [2, 17.25, 1.35],
              "pivot": [3.65, 17.75, 1.425],
              "rotation": [-28.46245, 17.91241, 126.38147],
              "size": [4, 10, 0],
              "uv": [40, 52]
            }
          ],
          "name": "ear_left",
          "parent": "head",
          "pivot": [3.65, 18, 0.425]
        }, {
          "cubes": [
            {
              "origin": [-5, 17.25, 1.35],
              "pivot": [-3.65, 17.75, 1.425],
              "rotation": [-28.46245, -17.91241, -126.38147],
              "size": [3, 10, 0],
              "uv": [32, 41]
            }, {
              "mirror": true,
              "origin": [-6, 17.25, 1.35],
              "pivot": [-3.65, 17.75, 1.425],
              "rotation": [-28.46245, -17.91241, -126.38147],
              "size": [4, 10, 0],
              "uv": [32, 52]
            }
          ],
          "name": "ear_right",
          "parent": "head",
          "pivot": [-3.65, 18, 0.425]
        }, {
          "cubes": [
            {
              "inflate": 0.01,
              "origin": [-5, 10.85, -1],
              "pivot": [-0.5, 14.85, 1],
              "rotation": [-12.5, 0, 0],
              "size": [10, 9, 3],
              "uv": [52, 52]
            }, {
              "origin": [1.85, 19.8, 0.1059],
              "pivot": [2.35, 19.84792, 1.8559],
              "rotation": [-14.46629, -40.48875, 7.50139],
              "size": [1, 0, 3],
              "uv": [92, 36]
            }, {
              "origin": [2.68365, 19.78441, 1.77788],
              "pivot": [3.18365, 19.78441, 2.27788],
              "rotation": [-14.46629, -40.48875, 7.50139],
              "size": [1, 0, 1],
              "uv": [94, 24]
            }, {
              "origin": [-2.85, 19.8, 0.1059],
              "pivot": [-2.35, 19.84792, 1.8559],
              "rotation": [-14.46629, 40.48875, -7.50139],
              "size": [1, 0, 3],
              "uv": [92, 93]
            }, {
              "origin": [-3.68365, 19.78441, 1.77788],
              "pivot": [-3.18365, 19.78441, 2.27788],
              "rotation": [-14.46629, 40.48875, -7.50139],
              "size": [1, 0, 1],
              "uv": [94, 25]
            }, {
              "inflate": 0.251,
              "origin": [-4.5, 15.25, 1.25],
              "size": [9, 4, 4],
              "uv": [66, 32]
            }
          ],
          "name": "hat",
          "parent": "head",
          "pivot": [0, 9.46429, 4.72229]
        }, {
          "cubes": [
            {
              "origin": [-1.5, 17.15, -3.3],
              "pivot": [0, 25.54905, -3.28483],
              "rotation": [45, 0, 0],
              "size": [3, 13, 0],
              "uv": [46, 88]
            }, {
              "origin": [1.6, 16.95901, -4.04112],
              "pivot": [1.49645, 26.40355, -3.90355],
              "rotation": [51.2057, 24.87268, 27.61998],
              "size": [4, 13, 0],
              "uv": [68, 85]
            }, {
              "origin": [-5.6, 16.95901, -4.04112],
              "pivot": [-1.49645, 26.40355, -3.90355],
              "rotation": [51.2057, -24.87268, -27.61998],
              "size": [4, 13, 0],
              "uv": [76, 85]
            }
          ],
          "name": "cap",
          "parent": "hat",
          "pivot": [-0.5, 21.3, -0.8],
          "rotation": [-7.5, 0, 0]
        }, {
          "cubes": [
            {
              "origin": [-5.4, 14.08767, -1.47037],
              "pivot": [-4.9, 14.58767, 0.02963],
              "rotation": [-45, 0, 0],
              "size": [1, 2, 2],
              "uv": [26, 64]
            }, {
              "origin": [-5.15, 15.83767, -0.97037],
              "pivot": [-5.15, 15.83767, 0.02963],
              "rotation": [0, 0, -22.5],
              "size": [0, 2, 2],
              "uv": [70, 9]
            }, {
              "origin": [-5.15, 15.33767, -0.47037],
              "pivot": [-5.15, 15.33767, 0.52963],
              "rotation": [-65.85133, -20.70481, -9.00717],
              "size": [0, 2, 2],
              "uv": [88, 81]
            }, {
              "origin": [-5.15, 15.33767, -1.47037],
              "pivot": [-5.15, 15.33767, -0.47037],
              "rotation": [65.85133, 20.70481, -9.00717],
              "size": [0, 2, 2],
              "uv": [6, 94]
            }, {
              "origin": [-5.15, 12.64061, -0.73397],
              "pivot": [-5.15, 14.63056, 0.33674],
              "rotation": [42.73421, -15.69986, 16.32495],
              "size": [0, 2, 2],
              "uv": [94, 14]
            }, {
              "origin": [-5.15, 12.64061, -1.23397],
              "pivot": [-5.15, 14.63056, -0.16326],
              "rotation": [-42.73421, 15.69986, 16.32495],
              "size": [0, 2, 2],
              "uv": [18, 94]
            }
          ],
          "name": "flower",
          "parent": "hat",
          "pivot": [-4.9, 14.80411, 0.50593],
          "rotation": [-12.5, 0, 0]
        }, {
          "cubes": [
            {
              "origin": [-5, 15.75, -0.5],
              "size": [0, 9, 17],
              "uv": [0, 0]
            }, {
              "origin": [-5.1, 15.75, -1.5],
              "pivot": [-0.6, 13.75, 1.5],
              "rotation": [-15, 0, 0],
              "size": [0, 9, 4],
              "uv": [84, 85]
            }
          ],
          "name": "feather",
          "parent": "hat",
          "pivot": [-0.5, 13.75, 0.5],
          "rotation": [12.5, 0, 0]
        }, {
          "cubes": [
            {
              "origin": [-10.5, 9, -2],
              "size": [6, 3, 3],
              "uv": [78, 64]
            },
            {
              "inflate": 0.25,
              "origin": [-8.5, 9, -2],
              "size": [4, 3, 3],
              "uv": [18, 88]
            }
          ],
          "name": "arm_right",
          "parent": "torso",
          "pivot": [-4.5, 10.5, -0.5]
        }, {
          "cubes": [
            {
              "origin": [4.5, 9, -2],
              "size": [6, 3, 3],
              "uv": [0, 83]
            },
            {
              "inflate": 0.25,
              "origin": [4.5, 9, -2],
              "size": [4, 3, 3],
              "uv": [32, 88]
            }
          ],
          "name": "arm_left",
          "parent": "torso",
          "pivot": [4.5, 10.5, -0.5]
        }, {
          "cubes": [
            {
              "origin": [0, 1.75, 3],
              "size": [0, 9, 10],
              "uv": [32, 52]
            },
            {
              "origin": [0, 10.74, 6],
              "size": [0, 7, 13],
              "uv": [40, 32]
            }
          ],
          "name": "tail",
          "parent": "torso",
          "pivot": [0, 2.75, 3.5]
        }, {
          "cubes": [
            {
              "origin": [-6, 1.5, -2.5],
              "pivot": [-4, 4.5, 0],
              "rotation": [-10, 0, 0],
              "size": [4, 6, 6],
              "uv": [68, 73]
            }
          ],
          "name": "leg_right",
          "parent": "body",
          "pivot": [-4, 5.25, 0.5]
        }, {
          "cubes": [
            {
              "origin": [-4.75, 1, -0.75],
              "size": [2, 2, 3],
              "uv": [0, 89]
            },
            {
              "origin": [-5.25, 0, -1.5],
              "size": [3, 1, 4],
              "uv": [52, 88]
            }
          ],
          "name": "foot_right",
          "parent": "leg_right",
          "pivot": [-3.75, 2, 0.75]
        }, {
          "cubes": [
            {
              "origin": [-5.25, 0, -2.5],
              "size": [3, 1, 1],
              "uv": [18, 69]
            }
          ],
          "name": "toes_right",
          "parent": "foot_right",
          "pivot": [-3.75, 0, -1.5]
        }, {
          "cubes": [
            {
              "origin": [2, 1.5, -2.5],
              "pivot": [4, 4.5, 0],
              "rotation": [-10, 0, 0],
              "size": [4, 6, 6],
              "uv": [74, 9]
            }
          ],
          "name": "leg_left",
          "parent": "body",
          "pivot": [4, 5.25, 0.5]
        }, {
          "cubes": [
            {
              "origin": [2.75, 1, -0.75],
              "size": [2, 2, 3],
              "uv": [90, 40]
            },
            {
              "origin": [2.25, 0, -1.5],
              "size": [3, 1, 4],
              "uv": [88, 70]
            }
          ],
          "name": "foot_left",
          "parent": "leg_left",
          "pivot": [3.75, 2, 0.75]
        }, {
          "cubes": [
            {
              "origin": [2.25, 0, -2.5],
              "size": [3, 1, 1],
              "uv": [94, 0]
            }
          ],
          "name": "toes_left",
          "parent": "foot_left",
          "pivot": [3.75, 0, -1.5]
        }
      ],
      "description": {
        "identifier": "geometry.pikachu__cosplay_belle",
        "texture_height": 128,
        "texture_width": 128,
        "visible_bounds_height": 4,
        "visible_bounds_offset": [0, 1, 0],
        "visible_bounds_width": 5
      }
    }
  ]
}