{
  "format_version": "1.12.0",
  "minecraft:geometry": [
    {
      "bones": [
        {
          "name": "arceus",
          "pivot": [0, 0, 0]
        }, {
          "name": "body",
          "parent": "arceus",
          "pivot": [0, 0, 0]
        }, {
          "cubes": [
            {
              "origin": [-8, 36.5, 6],
              "size": [16, 16, 19],
              "uv": [0, 77]
            }
          ],
          "name": "torso",
          "parent": "body",
          "pivot": [0, 43, 17]
        }, {
          "cubes": [
            {
              "origin": [-6, 42, 19],
              "size": [12, 12, 16],
              "uv": [77, 0]
            }
          ],
          "name": "tail",
          "parent": "torso",
          "pivot": [0, 48, 19],
          "rotation": [27.5, 0, 0]
        }, {
          "cubes": [
            {
              "origin": [-5, 43.5, 33],
              "size": [10, 9, 12],
              "uv": [71, 77]
            }
          ],
          "name": "tail2",
          "parent": "tail",
          "pivot": [0, 48, 35]
        }, {
          "cubes": [
            {
              "origin": [-3, 45, 44],
              "size": [6, 6, 9],
              "uv": [99, 170]
            }
          ],
          "name": "tail3",
          "parent": "tail2",
          "pivot": [0, 48, 45]
        }, {
          "cubes": [
            {
              "origin": [-1.5, 46.5, 50.5],
              "size": [3, 3, 10],
              "uv": [64, 176]
            }
          ],
          "name": "tail4",
          "parent": "tail3",
          "pivot": [0, 48, 52.5]
        }, {
          "cubes": [
            {
              "origin": [-10, 34, -10],
              "size": [20, 20, 18],
              "uv": [0, 0]
            }
          ],
          "name": "torso2",
          "parent": "torso",
          "pivot": [0, 52.5, 8]
        }, {
          "cubes": [
            {
              "inflate": 0.01,
              "origin": [-11, 34, 7.7],
              "size": [22, 21, 2],
              "uv": [77, 29]
            }, {
              "inflate": 0.01,
              "origin": [-1, 53, -3.3],
              "pivot": [0, 55, 0.2],
              "rotation": [0, 0, -90],
              "size": [2, 4, 7],
              "uv": [190, 71]
            }, {
              "origin": [-0.51, 52.3, 3.17],
              "pivot": [0, 54.3, 0.29],
              "rotation": [0, -14.25, -90],
              "size": [3, 4, 6],
              "uv": [198, 0]
            }, {
              "origin": [-1, 56, -9.29],
              "pivot": [2, 56, -3.29],
              "rotation": [0, 19.75, -90],
              "size": [3, 4, 6],
              "uv": [182, 195]
            }, {
              "origin": [9, 42.5, -9.29],
              "pivot": [12, 44.5, -3.29],
              "rotation": [0, 20, 0],
              "size": [3, 4, 6],
              "uv": [198, 137]
            }, {
              "origin": [9, 42.5, 3.7],
              "pivot": [12, 44.5, 3.7],
              "rotation": [0, -14.25, 0],
              "size": [3, 4, 6],
              "uv": [198, 126]
            }, {
              "inflate": 0.01,
              "origin": [10, 42.5, -3.3],
              "size": [2, 4, 7],
              "uv": [190, 164]
            },
            {
              "inflate": 0.01,
              "origin": [-12, 42.5, -3.3],
              "size": [2, 4, 7],
              "uv": [123, 192]
            }, {
              "origin": [-12, 42.5, 3.7],
              "pivot": [-12, 44.5, 3.7],
              "rotation": [0, 14.25, 0],
              "size": [3, 4, 6],
              "uv": [82, 199]
            }, {
              "origin": [-12, 42.5, -9.29],
              "pivot": [-12, 44.5, -3.29],
              "rotation": [0, -20, 0],
              "size": [3, 4, 6],
              "uv": [0, 199]
            }
          ],
          "name": "arch",
          "parent": "torso2",
          "pivot": [-1.5, 42, 18]
        }, {
          "name": "arch_left",
          "parent": "arch",
          "pivot": [11, 43.9, 9.2]
        }, {
          "cubes": [
            {
              "inflate": 0.02,
              "origin": [14.79, 28.18, 7.7],
              "pivot": [18.79, 40.18, 7.7],
              "rotation": [0, 0, 43],
              "size": [4, 12, 2],
              "uv": [201, 195]
            }, {
              "inflate": 0.02,
              "origin": [7, 51.1, 7.7],
              "size": [21, 4, 2],
              "uv": [126, 29]
            },
            {
              "origin": [17.5, 51.6, 7.175],
              "size": [5, 3, 2],
              "uv": [157, 90]
            }, {
              "origin": [18.38, 57.89, 7.7],
              "pivot": [20.39, 58.85, 8.69],
              "rotation": [0, 0, -19],
              "size": [2, 7, 2],
              "uv": [149, 207]
            }, {
              "inflate": 0.01,
              "origin": [18, 55.1, 7.7],
              "pivot": [22.01, 55.09, 7.69],
              "rotation": [0, 0, -9],
              "size": [4, 4, 2],
              "uv": [190, 176]
            }, {
              "inflate": 0.01,
              "origin": [28, 52.1, 7.7],
              "size": [5, 2, 2],
              "uv": [207, 95]
            }, {
              "origin": [18.01, 40.3, 7.69],
              "pivot": [20.01, 51.3, 9.19],
              "rotation": [0, 0, 16.5],
              "size": [4, 12, 2],
              "uv": [40, 202]
            }
          ],
          "name": "arch_upper_left",
          "parent": "arch_left",
          "pivot": [9, 53.1, 9.2],
          "rotation": [0, 0, -43]
        }, {
          "cubes": [
            {
              "inflate": 0.02,
              "origin": [7.22, 33.65, 7.7],
              "size": [21, 4, 2],
              "uv": [126, 36]
            },
            {
              "origin": [17.72, 34.15, 7.17],
              "size": [5, 3, 2],
              "uv": [179, 126]
            }, {
              "origin": [18.61, 23.86, 7.7],
              "pivot": [20.62, 29.87435, 7.69],
              "rotation": [0, 0, 19],
              "size": [2, 7, 2],
              "uv": [0, 210]
            }, {
              "inflate": 0.01,
              "origin": [18.22, 29.65, 7.7],
              "pivot": [22.23, 33.66, 7.69],
              "rotation": [0, 0, 9],
              "size": [4, 4, 2],
              "uv": [209, 48]
            }, {
              "inflate": 0.01,
              "origin": [28.22, 34.65, 7.7],
              "size": [5, 2, 2],
              "uv": [209, 55]
            }, {
              "origin": [18.23, 36.45, 7.69],
              "pivot": [20.23, 37.45, 9.19],
              "rotation": [0, 0, -16.5],
              "size": [4, 12, 2],
              "uv": [53, 202]
            }
          ],
          "name": "arch_bottom_left",
          "parent": "arch_left",
          "pivot": [9, 35.9, 9.2],
          "rotation": [0, 0, 43]
        }, {
          "name": "arch_right",
          "parent": "arch",
          "pivot": [-11, 43.9, 9.2]
        }, {
          "cubes": [
            {
              "inflate": 0.02,
              "origin": [-18.79, 28.18, 7.7],
              "pivot": [-18.79, 40.18, 7.7],
              "rotation": [0, 0, -43],
              "size": [4, 12, 2],
              "uv": [66, 202]
            }, {
              "inflate": 0.02,
              "origin": [-28, 51.1, 7.7],
              "size": [21, 4, 2],
              "uv": [126, 43]
            },
            {
              "origin": [-22.5, 51.6, 7.175],
              "size": [5, 3, 2],
              "uv": [190, 83]
            }, {
              "origin": [-20.38, 57.89, 7.7],
              "pivot": [-20.39, 58.85, 8.69],
              "rotation": [0, 0, 19],
              "size": [2, 7, 2],
              "uv": [9, 210]
            }, {
              "inflate": 0.01,
              "origin": [-22, 55.1, 7.7],
              "pivot": [-22.01, 55.09, 7.69],
              "rotation": [0, 0, 9],
              "size": [4, 4, 2],
              "uv": [209, 71]
            }, {
              "inflate": 0.01,
              "origin": [-33, 52.1, 7.7],
              "size": [5, 2, 2],
              "uv": [209, 78]
            }, {
              "origin": [-22.01, 40.3, 7.69],
              "pivot": [-20.01, 51.3, 9.19],
              "rotation": [0, 0, -16.5],
              "size": [4, 12, 2],
              "uv": [203, 176]
            }
          ],
          "name": "arch_upper_right",
          "parent": "arch_right",
          "pivot": [-9, 53.1, 9.2],
          "rotation": [0, 0, 43]
        }, {
          "cubes": [
            {
              "inflate": 0.02,
              "origin": [-28.22, 33.65, 7.7],
              "size": [21, 4, 2],
              "uv": [132, 125]
            },
            {
              "origin": [-22.72, 34.15, 7.17],
              "size": [5, 3, 2],
              "uv": [198, 157]
            }, {
              "origin": [-20.61, 23.86, 7.7],
              "pivot": [-20.62, 29.87435, 7.69],
              "rotation": [0, 0, -19],
              "size": [2, 7, 2],
              "uv": [79, 210]
            }, {
              "inflate": 0.01,
              "origin": [-22.22, 29.65, 7.7],
              "pivot": [-22.23, 33.66, 7.69],
              "rotation": [0, 0, -9],
              "size": [4, 4, 2],
              "uv": [209, 163]
            }, {
              "inflate": 0.01,
              "origin": [-33.22, 34.65, 7.7],
              "size": [5, 2, 2],
              "uv": [209, 170]
            }, {
              "origin": [-22.23, 36.45, 7.69],
              "pivot": [-20.23, 37.45, 9.19],
              "rotation": [0, 0, 16.5],
              "size": [4, 12, 2],
              "uv": [123, 204]
            }
          ],
          "name": "arch_bottom_right",
          "parent": "arch_right",
          "pivot": [-9, 35.9, 9.2],
          "rotation": [0, 0, -43]
        }, {
          "cubes": [
            {
              "origin": [-8, 36.5, -28],
              "size": [16, 15, 22],
              "uv": [0, 39]
            }
          ],
          "name": "torso3",
          "parent": "torso2",
          "pivot": [0, 41.5, -10]
        }, {
          "cubes": [
            {
              "origin": [-6, 50, -26.5],
              "size": [12, 13, 10],
              "uv": [77, 53]
            },
            {
              "origin": [6, 52, -21.5],
              "size": [6, 8, 0],
              "uv": [136, 207]
            },
            {
              "origin": [-12, 52, -21.5],
              "size": [6, 8, 0],
              "uv": [19, 209]
            }
          ],
          "name": "neck",
          "parent": "torso3",
          "pivot": [0, 52, -21.5],
          "rotation": [2.5, 0, 0]
        }, {
          "cubes": [
            {
              "origin": [-4, 61, -25.54],
              "size": [8, 17, 8],
              "uv": [99, 125]
            },
            {
              "origin": [4, 62, -21.54],
              "size": [9, 9, 0],
              "uv": [200, 20]
            },
            {
              "origin": [-13, 62, -21.54],
              "size": [9, 9, 0],
              "uv": [200, 30]
            }
          ],
          "name": "neck2",
          "parent": "neck",
          "pivot": [0, 62, -21.5],
          "rotation": [-2.5, 0, 0]
        }, {
          "cubes": [
            {
              "origin": [-2.5, 54, -24.54],
              "pivot": [0, 58, -24.54],
              "rotation": [15, 0, 0],
              "size": [5, 4, 3],
              "uv": [200, 40]
            }, {
              "origin": [-3.5, 58, -25.54],
              "size": [7, 12, 4],
              "uv": [27, 183]
            }
          ],
          "name": "beard",
          "parent": "neck2",
          "pivot": [0, 70.05, -24.55],
          "rotation": [-17.5, 0, 0]
        }, {
          "name": "head_ai",
          "parent": "neck2",
          "pivot": [0, 75.3, -21.24]
        }, {
          "cubes": [
            {
              "origin": [-3, 76.3, -29.94],
              "pivot": [0, 81.23, -26.94],
              "rotation": [0, -45, 0],
              "size": [7, 5, 7],
              "uv": [169, 151]
            }, {
              "origin": [-3, 81.29905, -32.44362],
              "pivot": [0, 84.29905, -29.44362],
              "rotation": [0, -45, 0],
              "size": [7, 4, 7],
              "uv": [182, 114]
            }, {
              "origin": [-5, 76.3, -26.24],
              "size": [10, 5, 3],
              "uv": [130, 183]
            }, {
              "inflate": 0.005,
              "origin": [-4, 75.3, -31.26],
              "pivot": [0, 75.8, -27.26],
              "rotation": [0, -45, 0],
              "size": [8, 1, 8],
              "uv": [149, 114]
            }, {
              "inflate": 0.01,
              "origin": [-5.5, 75.3, -27.26],
              "size": [11, 1, 3],
              "uv": [122, 71]
            },
            {
              "inflate": 0.01,
              "origin": [-5.5, 75.3, -24.24],
              "size": [11, 12, 9],
              "uv": [0, 113]
            }, {
              "inflate": 0.02,
              "origin": [3.5, 76.23, -27.13],
              "pivot": [5.52, 76.21, -27.15],
              "rotation": [-17.5, 0, 0],
              "size": [2, 8, 3],
              "uv": [172, 206]
            }, {
              "inflate": 0.02,
              "origin": [3.5, 76.23, -27.13],
              "pivot": [5.52, 76.21, -27.15],
              "rotation": [-17.5, 0, 0],
              "size": [2, 8, 3],
              "uv": [207, 83]
            }, {
              "inflate": 0.02,
              "origin": [-5.5, 76.23, -27.13],
              "pivot": [-5.52, 76.21, -27.15],
              "rotation": [-17.5, 0, 0],
              "size": [2, 8, 3],
              "uv": [183, 206]
            }, {
              "inflate": 0.005,
              "origin": [-5.5, 81.29905, -28.74362],
              "size": [11, 5, 5],
              "uv": [134, 16]
            }
          ],
          "name": "head",
          "parent": "head_ai",
          "pivot": [0, 75.3, -21.24],
          "rotation": [12.5, 0, 0]
        }, {
          "name": "eyes",
          "parent": "head",
          "pivot": [0, 81.29905, -26.94362]
        }, {
          "cubes": [
            {
              "origin": [1.82, 79.25, -27.9],
              "size": [3, 3, 0],
              "uv": [91, 176]
            },
            {
              "inflate": 0.01,
              "origin": [1.31, 78.66, -27.84],
              "size": [4, 4, 0],
              "uv": [172, 90]
            },
            {
              "origin": [2.92, 77.15, -27.91],
              "size": [1, 1, 0],
              "uv": [119, 97]
            },
            {
              "origin": [2.42, 76.65, -27.85],
              "size": [2, 2, 0],
              "uv": [131, 50]
            }
          ],
          "name": "eye_left",
          "parent": "eyes",
          "pivot": [3.37, 80.2, -27.79],
          "rotation": [0, -45, 0]
        }, {
          "cubes": [
            {
              "origin": [1.82, 79.25, -27.75],
              "size": [3, 3, 1],
              "uv": [88, 210]
            }
          ],
          "name": "eyelid_left",
          "parent": "eye_left",
          "pivot": [3.37, 80.2, -27.64]
        }, {
          "cubes": [
            {
              "origin": [2.32, 79.95, -27.92],
              "size": [2, 2, 0],
              "uv": [126, 50]
            },
            {
              "inflate": 0.02,
              "origin": [2.82, 80.45, -27.91],
              "size": [1, 1, 0],
              "uv": [116, 97]
            }
          ],
          "name": "pupil_left",
          "parent": "eye_left",
          "pivot": [3.32745, 80.95, -27.93426]
        }, {
          "cubes": [
            {
              "origin": [-4.82, 79.25, -27.9],
              "size": [3, 3, 0],
              "uv": [91, 180]
            },
            {
              "inflate": 0.01,
              "origin": [-5.31, 78.66, -27.84],
              "size": [4, 4, 0],
              "uv": [82, 190]
            },
            {
              "origin": [-3.92, 77.15, -27.91],
              "size": [1, 1, 0],
              "uv": [122, 97]
            },
            {
              "origin": [-4.42, 76.65, -27.85],
              "size": [2, 2, 0],
              "uv": [136, 50]
            }
          ],
          "name": "eye_right",
          "parent": "eyes",
          "pivot": [-3.37, 80.2, -27.79],
          "rotation": [0, 45, 0]
        }, {
          "cubes": [
            {
              "origin": [-4.82, 79.25, -27.85],
              "size": [3, 3, 1],
              "uv": [101, 199]
            }
          ],
          "name": "eyelid_right",
          "parent": "eye_right",
          "pivot": [-3.37, 80.2, -27.74]
        }, {
          "cubes": [
            {
              "origin": [-4.32, 79.95, -27.92],
              "size": [2, 2, 0],
              "uv": [141, 50]
            },
            {
              "inflate": 0.02,
              "origin": [-3.82, 80.45, -27.91],
              "size": [1, 1, 0],
              "uv": [125, 97]
            }
          ],
          "name": "pupil_right",
          "parent": "eye_right",
          "pivot": [-3.32745, 80.95, -27.93426]
        }, {
          "cubes": [
            {
              "origin": [5.31, 81.15, -26.35],
              "size": [0, 12, 6],
              "uv": [50, 183]
            }
          ],
          "name": "ear_left",
          "parent": "head",
          "pivot": [5.31, 81.15, -23.35],
          "rotation": [-17, 0, 10]
        }, {
          "cubes": [
            {
              "origin": [-5.31, 81.15, -26.35],
              "size": [0, 12, 6],
              "uv": [110, 186]
            }
          ],
          "name": "ear_right",
          "parent": "head",
          "pivot": [-5.31, 81.15, -23.35],
          "rotation": [-17, 0, -10]
        }, {
          "cubes": [
            {
              "origin": [-5, 76, -18.24],
              "size": [10, 9, 10],
              "uv": [116, 77]
            }
          ],
          "name": "back_head",
          "parent": "head",
          "pivot": [0, 80.5, -15.24]
        }, {
          "cubes": [
            {
              "origin": [-4, 77, -9.24],
              "size": [8, 7, 10],
              "uv": [122, 53]
            }
          ],
          "name": "back_head2",
          "parent": "back_head",
          "pivot": [0, 80.5, -8.24]
        }, {
          "cubes": [
            {
              "origin": [-3, 78, -1.24],
              "size": [6, 5, 11],
              "uv": [149, 97]
            }
          ],
          "name": "back_head3",
          "parent": "back_head2",
          "pivot": [0, 80.5, 0.76]
        }, {
          "cubes": [
            {
              "origin": [-2, 79, 8.76],
              "size": [4, 3, 7],
              "uv": [184, 90]
            }
          ],
          "name": "back_head4",
          "parent": "back_head3",
          "pivot": [0, 80.5, 9.76]
        }, {
          "cubes": [
            {
              "origin": [-1.5, 79.5, 14.26],
              "size": [3, 2, 7],
              "uv": [190, 61]
            }
          ],
          "name": "back_head5",
          "parent": "back_head4",
          "pivot": [0, 80.5, 15.76]
        }, {
          "locators": {
            "seat_1": [0, 52, -11]
          },
          "name": "locator_seat_1",
          "parent": "torso3",
          "pivot": [0, 51, -14]
        },
        {
          "name": "legs",
          "parent": "body",
          "pivot": [0, 0, 0]
        },
        {
          "name": "back_legs",
          "parent": "legs",
          "pivot": [0, 41.3, 17.5]
        }, {
          "cubes": [
            {
              "origin": [5.5, 32.3, 12.5],
              "size": [9, 15, 10],
              "uv": [71, 99]
            }, {
              "origin": [8.5, 33.9, 16.5],
              "pivot": [13, 38.4, 17.5],
              "rotation": [0, 0, 45],
              "size": [9, 9, 2],
              "uv": [157, 183]
            }, {
              "inflate": 0.01,
              "origin": [6.5, 24.3, 13.5],
              "size": [7, 12, 8],
              "uv": [0, 151]
            }
          ],
          "name": "back_leg_left",
          "parent": "back_legs",
          "pivot": [6, 41.3, 17.5],
          "rotation": [12.5, 0, 0]
        }, {
          "cubes": [
            {
              "origin": [6.5, 13.3, 13.5],
              "size": [7, 11, 7],
              "uv": [132, 164]
            },
            {
              "inflate": 0.02,
              "origin": [5.5, 8.3, 13.5],
              "size": [9, 11, 7],
              "uv": [99, 151]
            }
          ],
          "name": "back_leg_left2",
          "parent": "back_leg_left",
          "pivot": [9.5, 24.3, 13.5],
          "rotation": [32.5, 0, 0]
        }, {
          "cubes": [
            {
              "inflate": 0.01,
              "origin": [5.5, 13.3, 13.5],
              "pivot": [14.5, 19.3, 13.5],
              "rotation": [19.5, 0, 0],
              "size": [9, 6, 9],
              "uv": [134, 0]
            }, {
              "inflate": 0.01,
              "origin": [7.5, 16.3, 22.5],
              "pivot": [14.5, 19.3, 13.5],
              "rotation": [19.5, 0, 0],
              "size": [5, 3, 5],
              "uv": [198, 148]
            }
          ],
          "name": "back_leg_foot_back_left",
          "parent": "back_leg_left2",
          "pivot": [10, 19.3, 13.5]
        }, {
          "cubes": [
            {
              "origin": [6.5, -0.7, 14.5],
              "size": [7, 9, 6],
              "uv": [0, 172]
            },
            {
              "inflate": 0.01,
              "origin": [9, -0.7, 14.5],
              "size": [2, 9, 3],
              "uv": [101, 205]
            }
          ],
          "name": "back_leg_left3",
          "parent": "back_leg_left2",
          "pivot": [10, 8.3, 20.5],
          "rotation": [-45, 0, 0]
        }, {
          "cubes": [
            {
              "origin": [7.5, -8.7, 16.5],
              "size": [5, 8, 4],
              "uv": [91, 186]
            }
          ],
          "name": "back_leg_left4",
          "parent": "back_leg_left3",
          "pivot": [10, -0.7, 18.5]
        }, {
          "cubes": [
            {
              "origin": [-14.5, 32.3, 12.5],
              "size": [9, 15, 10],
              "uv": [110, 99]
            }, {
              "origin": [-17.5, 33.9, 16.5],
              "pivot": [-13, 38.4, 17.5],
              "rotation": [0, 0, -45],
              "size": [9, 9, 2],
              "uv": [180, 183]
            }, {
              "inflate": 0.01,
              "origin": [-13.5, 24.3, 13.5],
              "size": [7, 12, 8],
              "uv": [159, 50]
            }
          ],
          "name": "back_leg_right",
          "parent": "back_legs",
          "pivot": [-6, 41.3, 17.5],
          "rotation": [12.5, 0, 0]
        }, {
          "cubes": [
            {
              "origin": [-13.5, 13.3, 13.5],
              "size": [7, 11, 7],
              "uv": [169, 132]
            },
            {
              "inflate": 0.02,
              "origin": [-14.5, 8.3, 13.5],
              "size": [9, 11, 7],
              "uv": [31, 164]
            }
          ],
          "name": "back_leg_right2",
          "parent": "back_leg_right",
          "pivot": [-9.5, 24.3, 13.5],
          "rotation": [32.5, 0, 0]
        }, {
          "cubes": [
            {
              "inflate": 0.01,
              "origin": [-14.5, 13.3, 13.5],
              "pivot": [-14.5, 19.3, 13.5],
              "rotation": [19.5, 0, 0],
              "size": [9, 6, 9],
              "uv": [132, 148]
            }, {
              "inflate": 0.01,
              "origin": [-12.5, 16.3, 22.5],
              "pivot": [-14.5, 19.3, 13.5],
              "rotation": [19.5, 0, 0],
              "size": [5, 3, 5],
              "uv": [19, 200]
            }
          ],
          "name": "back_leg_foot_back_right",
          "parent": "back_leg_right2",
          "pivot": [-10, 19.3, 13.5]
        }, {
          "cubes": [
            {
              "origin": [-13.5, -0.7, 14.5],
              "size": [7, 9, 6],
              "uv": [173, 32]
            },
            {
              "inflate": 0.01,
              "origin": [-11, -0.7, 14.5],
              "size": [2, 9, 3],
              "uv": [112, 205]
            }
          ],
          "name": "back_leg_right3",
          "parent": "back_leg_right2",
          "pivot": [-10, 8.3, 20.5],
          "rotation": [-45, 0, 0]
        }, {
          "cubes": [
            {
              "origin": [-12.5, -8.7, 16.5],
              "size": [5, 8, 4],
              "uv": [190, 48]
            }
          ],
          "name": "back_leg_right4",
          "parent": "back_leg_right3",
          "pivot": [-10, -0.7, 18.5]
        }, {
          "name": "front_legs",
          "parent": "legs",
          "pivot": [0, 44.2, -18.85]
        }, {
          "cubes": [
            {
              "inflate": 0.01,
              "origin": [-13.75, 24.7, -22.35],
              "size": [7, 24, 7],
              "uv": [70, 125]
            }, {
              "inflate": 0.01,
              "origin": [-17.75, 37.2, -19.85],
              "pivot": [-13.75, 41.2, -18.35],
              "rotation": [0, 0, 45],
              "size": [8, 8, 2],
              "uv": [0, 188]
            }
          ],
          "name": "front_leg_right",
          "parent": "front_legs",
          "pivot": [-10.25, 44.2, -18.85],
          "rotation": [-24.35, 6.25, 12]
        }, {
          "cubes": [
            {
              "inflate": 0.02,
              "origin": [-14.75, 9.7, -22.35],
              "size": [9, 11, 7],
              "uv": [157, 71]
            },
            {
              "origin": [-13.75, 13.7, -22.35],
              "size": [7, 11, 7],
              "uv": [161, 164]
            }
          ],
          "name": "front_leg_right2",
          "parent": "front_leg_right",
          "pivot": [-10.25, 24.7, -22.35],
          "rotation": [24.5, 0, 0]
        }, {
          "cubes": [
            {
              "inflate": 0.01,
              "origin": [-14.75, 14.7, -22.35],
              "pivot": [-14.76, 20.71, -22.36],
              "rotation": [28, 0, 0],
              "size": [9, 6, 9],
              "uv": [0, 135]
            }, {
              "inflate": 0.01,
              "origin": [-12.75, 17.7, -13.33],
              "pivot": [-14.76, 20.71, -22.36],
              "rotation": [28, 0, 0],
              "size": [5, 3, 5],
              "uv": [200, 11]
            }
          ],
          "name": "front_leg_foot_back_right",
          "parent": "front_leg_right2",
          "pivot": [-10.26, 20.71, -22.36]
        }, {
          "cubes": [
            {
              "origin": [-13.75, 0.7, -21.35],
              "size": [7, 9, 6],
              "uv": [173, 16]
            },
            {
              "inflate": 0.01,
              "origin": [-11.25, 0.7, -21.35],
              "size": [2, 9, 3],
              "uv": [205, 101]
            }
          ],
          "name": "front_leg_right3",
          "parent": "front_leg_right2",
          "pivot": [-10.25, 9.7, -15.35],
          "rotation": [-42.5, 0, 0]
        }, {
          "cubes": [
            {
              "origin": [-12.75, -6.3, -19.35],
              "size": [5, 7, 4],
              "uv": [142, 195]
            }
          ],
          "name": "front_leg_right4",
          "parent": "front_leg_right3",
          "pivot": [-10.25, 0.7, -15.35]
        }, {
          "cubes": [
            {
              "inflate": 0.01,
              "origin": [6.75, 24.7, -22.35],
              "size": [7, 24, 7],
              "uv": [41, 113]
            }, {
              "inflate": 0.01,
              "origin": [9.75, 37.2, -19.85],
              "pivot": [13.75, 41.2, -18.35],
              "rotation": [0, 0, -45],
              "size": [8, 8, 2],
              "uv": [184, 101]
            }
          ],
          "name": "front_leg_left",
          "parent": "front_legs",
          "pivot": [10.25, 44.2, -18.85],
          "rotation": [-24.35, -6.25, -12]
        }, {
          "cubes": [
            {
              "inflate": 0.02,
              "origin": [5.75, 9.7, -22.35],
              "size": [9, 11, 7],
              "uv": [37, 145]
            },
            {
              "origin": [6.75, 13.7, -22.35],
              "size": [7, 11, 7],
              "uv": [70, 157]
            }
          ],
          "name": "front_leg_left2",
          "parent": "front_leg_left",
          "pivot": [10.25, 24.7, -22.35],
          "rotation": [24.5, 0, 0]
        }, {
          "cubes": [
            {
              "inflate": 0.01,
              "origin": [5.75, 14.7, -22.35],
              "pivot": [14.76, 20.71, -22.36],
              "rotation": [28, 0, 0],
              "size": [9, 6, 9],
              "uv": [132, 132]
            }, {
              "inflate": 0.01,
              "origin": [7.75, 17.7, -13.33],
              "pivot": [14.76, 20.71, -22.36],
              "rotation": [28, 0, 0],
              "size": [5, 3, 5],
              "uv": [161, 195]
            }
          ],
          "name": "front_leg_foot_back_left",
          "parent": "front_leg_left2",
          "pivot": [10.26, 20.71, -22.36]
        }, {
          "cubes": [
            {
              "origin": [6.75, 0.7, -21.35],
              "size": [7, 9, 6],
              "uv": [171, 0]
            },
            {
              "inflate": 0.01,
              "origin": [9.25, 0.7, -21.35],
              "size": [2, 9, 3],
              "uv": [161, 204]
            }
          ],
          "name": "front_leg_left3",
          "parent": "front_leg_left2",
          "pivot": [10.25, 9.7, -15.35],
          "rotation": [-42.5, 0, 0]
        }, {
          "cubes": [
            {
              "origin": [7.75, -6.3, -19.35],
              "size": [5, 7, 4],
              "uv": [63, 190]
            }
          ],
          "name": "front_leg_left4",
          "parent": "front_leg_left3",
          "pivot": [10.25, 0.7, -15.35]
        }
      ],
      "description": {
        "identifier": "geometry.arceus",
        "texture_height": 256,
        "texture_width": 256,
        "visible_bounds_height": 7.5,
        "visible_bounds_offset": [0, 3.25, 0],
        "visible_bounds_width": 9
      }
    }
  ]
}