{
  "animations": {
    "animation.zekrom.blink": {
      "animation_length": 1,
      "bones": {
        "eyel": {
          "position": {
            "0.0": [0, 0, 0],
            "0.0417": [0, 0, 1],
            "0.0833": [0, 0, 0]
          }
        },
        "eyer": {
          "position": {
            "0.0": [0, 0, 0],
            "0.0417": [0, 0, -1],
            "0.0833": [0, 0, 0]
          }
        }
      }
    },
    "animation.zekrom.cry": {
      "animation_length": 2,
      "bones": {
        "MAINTHING": {
          "position": {
            "0.0": {
              "lerp_mode": "catmullrom",
              "post": [0, 0, 0]
            },
            "2.0": {
              "lerp_mode": "catmullrom",
              "post": [0, 0, 0]
            }
          },
          "rotation": {
            "0.0": {
              "lerp_mode": "catmullrom",
              "post": [0, 0, 0]
            },
            "2.0": {
              "lerp_mode": "catmullrom",
              "post": [0, 0, 0]
            }
          }
        },
        "arml": {
          "rotation": {
            "0.0": {
              "lerp_mode": "catmullrom",
              "post": [0, 0, 0]
            },
            "0.75": {
              "lerp_mode": "catmullrom",
              "post": [0, -35, 0]
            },
            "1.25": {
              "lerp_mode": "catmullrom",
              "post": [0, -35, 0]
            },
            "2.0": {
              "lerp_mode": "catmullrom",
              "post": [0, 0, 0]
            }
          }
        },
        "armr": {
          "position": {
            "0.75": {
              "lerp_mode": "catmullrom",
              "post": [0, -1, 0],
              "pre": [0, -1, 0]
            },
            "1.25": {
              "lerp_mode": "catmullrom",
              "post": [0, -1, 0]
            },
            "2.0": {
              "lerp_mode": "catmullrom",
              "post": [0, -1, 0]
            }
          },
          "rotation": {
            "0.0": {
              "lerp_mode": "catmullrom",
              "post": [0, 0, 0]
            },
            "0.75": {
              "lerp_mode": "catmullrom",
              "post": [0, 37.5, 0]
            },
            "1.25": {
              "lerp_mode": "catmullrom",
              "post": [0, 37.5, 0]
            },
            "2.0": {
              "lerp_mode": "catmullrom",
              "post": [0, 0, 0]
            }
          }
        },
        "flapl": {
          "rotation": {
            "0.0": {
              "lerp_mode": "catmullrom",
              "post": [0, 0, 0]
            },
            "0.75": {
              "lerp_mode": "catmullrom",
              "post": [-7.5, -17.5, 0]
            },
            "1.25": {
              "lerp_mode": "catmullrom",
              "post": [-7.5, -17.5, 0]
            },
            "2.0": {
              "lerp_mode": "catmullrom",
              "post": [0, 0, 0]
            }
          }
        },
        "flapr": {
          "rotation": {
            "0.0": {
              "lerp_mode": "catmullrom",
              "post": [0, 0, 0]
            },
            "0.75": {
              "lerp_mode": "catmullrom",
              "post": [11.45384, 18.76656, -16.41177]
            },
            "1.25": {
              "lerp_mode": "catmullrom",
              "post": [11.45384, 18.76656, -16.41177]
            },
            "2.0": {
              "lerp_mode": "catmullrom",
              "post": [0, 0, 0]
            }
          }
        },
        "head": {
          "rotation": {
            "0.0": {
              "lerp_mode": "catmullrom",
              "post": [0, 0, 0]
            },
            "2.0": {
              "lerp_mode": "catmullrom",
              "post": [0, 0, 0]
            }
          }
        },
        "jaw": {
          "rotation": {
            "0.0": {
              "lerp_mode": "catmullrom",
              "post": [0, 0, 5]
            },
            "0.75": {
              "lerp_mode": "catmullrom",
              "post": [0, 0, 30]
            },
            "0.7917": {
              "lerp_mode": "catmullrom",
              "post": [0, 0, 27.5]
            },
            "0.8333": {
              "lerp_mode": "catmullrom",
              "post": [0, 0, 30]
            },
            "0.875": {
              "lerp_mode": "catmullrom",
              "post": [0, 0, 27.5]
            },
            "0.9167": {
              "lerp_mode": "catmullrom",
              "post": [0, 0, 30]
            },
            "0.9583": {
              "lerp_mode": "catmullrom",
              "post": [0, 0, 27.5]
            },
            "1.0": {
              "lerp_mode": "catmullrom",
              "post": [0, 0, 30]
            },
            "1.0417": {
              "lerp_mode": "catmullrom",
              "post": [0, 0, 27.5]
            },
            "1.0833": {
              "lerp_mode": "catmullrom",
              "post": [0, 0, 27.5]
            },
            "1.125": {
              "lerp_mode": "catmullrom",
              "post": [0, 0, 27.5]
            },
            "1.1667": {
              "lerp_mode": "catmullrom",
              "post": [0, 0, 30]
            },
            "1.2083": {
              "lerp_mode": "catmullrom",
              "post": [0, 0, 27.5]
            },
            "1.25": {
              "lerp_mode": "catmullrom",
              "post": [0, 0, 30]
            },
            "2.0": {
              "lerp_mode": "catmullrom",
              "post": [0, 0, 5]
            }
          }
        },
        "lfingee": {
          "rotation": {
            "0.0": {
              "lerp_mode": "catmullrom",
              "post": [0, 0, 0]
            },
            "0.75": {
              "lerp_mode": "catmullrom",
              "post": [-22.5, 0, 0]
            },
            "1.25": {
              "lerp_mode": "catmullrom",
              "post": [-22.5, 0, 0]
            },
            "2.0": {
              "lerp_mode": "catmullrom",
              "post": [0, 0, 0]
            }
          }
        },
        "lfoot": {
          "rotation": {
            "0.0": {
              "lerp_mode": "catmullrom",
              "post": [0, 0, 0]
            },
            "2.0": {
              "lerp_mode": "catmullrom",
              "post": [0, 0, 0]
            }
          }
        },
        "limbtops": {
          "rotation": {
            "0.0": {
              "lerp_mode": "catmullrom",
              "post": [0, 0, 0]
            },
            "2.0": {
              "lerp_mode": "catmullrom",
              "post": [0, 0, 0]
            }
          }
        },
        "lleg": {
          "rotation": {
            "0.0": {
              "lerp_mode": "catmullrom",
              "post": [0, 0, 0]
            },
            "2.0": {
              "lerp_mode": "catmullrom",
              "post": [0, 0, 0]
            }
          }
        },
        "lleg2": {
          "rotation": {
            "0.0": {
              "lerp_mode": "catmullrom",
              "post": [0, 0, 0]
            },
            "2.0": {
              "lerp_mode": "catmullrom",
              "post": [0, 0, 0]
            }
          }
        },
        "looky": {
          "rotation": {
            "0.0": {
              "lerp_mode": "catmullrom",
              "post": [0, 0, 0]
            },
            "0.75": {
              "lerp_mode": "catmullrom",
              "post": [-27.5, 0, 0]
            },
            "1.25": {
              "lerp_mode": "catmullrom",
              "post": [-27.5, 0, 0]
            },
            "2.0": {
              "lerp_mode": "catmullrom",
              "post": [0, 0, 0]
            }
          }
        },
        "middleseg": {
          "position": {
            "0.75": {
              "lerp_mode": "catmullrom",
              "post": [0, 0, 0],
              "pre": [0, 0, 0]
            },
            "1.25": {
              "lerp_mode": "catmullrom",
              "post": [0, 0, 0]
            }
          },
          "rotation": {
            "0.0": {
              "lerp_mode": "catmullrom",
              "post": [0, 0, 0]
            },
            "0.75": {
              "lerp_mode": "catmullrom",
              "post": [0, 0, -15]
            },
            "1.25": {
              "lerp_mode": "catmullrom",
              "post": [0, 0, -15]
            },
            "2.0": {
              "lerp_mode": "catmullrom",
              "post": [0, 0, 0]
            }
          }
        },
        "neck": {
          "rotation": {
            "0.0": {
              "lerp_mode": "catmullrom",
              "post": [0, 0, 0]
            },
            "0.75": {
              "lerp_mode": "catmullrom",
              "post": [0, 0, -12.5]
            },
            "1.25": {
              "lerp_mode": "catmullrom",
              "post": [0, 0, -12.5]
            },
            "2.0": {
              "lerp_mode": "catmullrom",
              "post": [0, 0, 0]
            }
          }
        },
        "rfingee": {
          "rotation": {
            "0.0": {
              "lerp_mode": "catmullrom",
              "post": [0, 0, 0]
            },
            "0.75": {
              "lerp_mode": "catmullrom",
              "post": [20, 0, 0]
            },
            "1.25": {
              "lerp_mode": "catmullrom",
              "post": [20, 0, 0]
            },
            "2.0": {
              "lerp_mode": "catmullrom",
              "post": [0, 0, 0]
            }
          }
        },
        "rfoot": {
          "rotation": {
            "0.0": {
              "lerp_mode": "catmullrom",
              "post": [0, 0, 0]
            },
            "2.0": {
              "lerp_mode": "catmullrom",
              "post": [0, 0, 0]
            }
          }
        },
        "rleg": {
          "rotation": {
            "0.0": {
              "lerp_mode": "catmullrom",
              "post": [0, 0, 0]
            },
            "2.0": {
              "lerp_mode": "catmullrom",
              "post": [0, 0, 0]
            }
          }
        },
        "rleg2": {
          "rotation": {
            "0.0": {
              "lerp_mode": "catmullrom",
              "post": [0, 0, 0]
            },
            "2.0": {
              "lerp_mode": "catmullrom",
              "post": [0, 0, 0]
            }
          }
        },
        "seg3": {
          "rotation": {
            "0.0": {
              "lerp_mode": "catmullrom",
              "post": [0, 0, 0]
            },
            "2.0": {
              "lerp_mode": "catmullrom",
              "post": [0, 0, 0]
            }
          }
        },
        "shoulderl": {
          "position": {
            "0.0": {
              "lerp_mode": "catmullrom",
              "post": [0, 0, 0]
            },
            "0.75": {
              "lerp_mode": "catmullrom",
              "post": [0, 0, 0]
            },
            "1.25": {
              "lerp_mode": "catmullrom",
              "post": [0, 0, 0]
            },
            "2.0": {
              "lerp_mode": "catmullrom",
              "post": [0, 0, 0]
            }
          },
          "rotation": {
            "0.0": {
              "lerp_mode": "catmullrom",
              "post": [0, 0, 0]
            },
            "0.75": {
              "lerp_mode": "catmullrom",
              "post": [64.70085, -14.90159, -78.25395]
            },
            "1.25": {
              "lerp_mode": "catmullrom",
              "post": [64.70085, -14.90159, -78.25395]
            },
            "2.0": {
              "lerp_mode": "catmullrom",
              "post": [0, 0, 0]
            }
          }
        },
        "shuolderr": {
          "position": {
            "0.0": {
              "lerp_mode": "catmullrom",
              "post": [0, 0, 0]
            },
            "0.75": {
              "lerp_mode": "catmullrom",
              "post": [1, -1, -1]
            },
            "1.25": {
              "lerp_mode": "catmullrom",
              "post": [1, -1, -1]
            },
            "2.0": {
              "lerp_mode": "catmullrom",
              "post": [0, 0, 0]
            }
          },
          "rotation": {
            "0.0": {
              "lerp_mode": "catmullrom",
              "post": [0, 0, 0]
            },
            "0.75": {
              "lerp_mode": "catmullrom",
              "post": [-65, 0, -72.5]
            },
            "1.25": {
              "lerp_mode": "catmullrom",
              "post": [-65, 0, -72.5]
            },
            "2.0": {
              "lerp_mode": "catmullrom",
              "post": [0, 0, 0]
            }
          }
        },
        "tail": {
          "rotation": {
            "0.0": {
              "lerp_mode": "catmullrom",
              "post": [0, 0, 0]
            },
            "0.75": {
              "lerp_mode": "catmullrom",
              "post": [0, 0, 0]
            },
            "0.7917": {
              "lerp_mode": "catmullrom",
              "post": [0, 0, 2.5]
            },
            "0.8333": {
              "lerp_mode": "catmullrom",
              "post": [0, 0, 0]
            },
            "0.875": {
              "lerp_mode": "catmullrom",
              "post": [0, 0, 2.5]
            },
            "0.9167": {
              "lerp_mode": "catmullrom",
              "post": [0, 0, 0]
            },
            "0.9583": {
              "lerp_mode": "catmullrom",
              "post": [0, 0, 2.5]
            },
            "1.0": {
              "lerp_mode": "catmullrom",
              "post": [0, 0, 0]
            },
            "1.0417": {
              "lerp_mode": "catmullrom",
              "post": [0, 0, 2.5]
            },
            "1.0833": {
              "lerp_mode": "catmullrom",
              "post": [0, 0, 0]
            },
            "1.125": {
              "lerp_mode": "catmullrom",
              "post": [0, 0, 2.5]
            },
            "1.1667": {
              "lerp_mode": "catmullrom",
              "post": [0, 0, 0]
            },
            "1.2083": {
              "lerp_mode": "catmullrom",
              "post": [0, 0, 2.5]
            },
            "1.25": {
              "lerp_mode": "catmullrom",
              "post": [0, 0, 0]
            },
            "2.0": {
              "lerp_mode": "catmullrom",
              "post": [0, 0, 0]
            }
          }
        },
        "tailseg1": {
          "rotation": {
            "0.0": {
              "lerp_mode": "catmullrom",
              "post": [0, 0, 0]
            },
            "0.75": {
              "lerp_mode": "catmullrom",
              "post": [0, 0, 5]
            },
            "1.25": {
              "lerp_mode": "catmullrom",
              "post": [0, 0, 5]
            },
            "2.0": {
              "lerp_mode": "catmullrom",
              "post": [0, 0, 0]
            }
          }
        },
        "torso": {
          "position": {
            "0.0": {
              "lerp_mode": "catmullrom",
              "post": [0, 0, 0]
            },
            "2.0": {
              "lerp_mode": "catmullrom",
              "post": [0, 0, 0]
            }
          },
          "rotation": {
            "0.0": {
              "lerp_mode": "catmullrom",
              "post": [0, 0, 0]
            },
            "0.75": {
              "lerp_mode": "catmullrom",
              "post": [0, 0, -10]
            },
            "1.25": {
              "lerp_mode": "catmullrom",
              "post": [0, 0, -10]
            },
            "2.0": {
              "lerp_mode": "catmullrom",
              "post": [0, 0, 0]
            }
          }
        },
        "upperseg": {
          "position": {
            "0.75": {
              "lerp_mode": "catmullrom",
              "post": [0, 0, 0],
              "pre": [0, 0, 0]
            },
            "0.7917": {
              "lerp_mode": "catmullrom",
              "post": [0, 1, 0]
            },
            "0.8333": {
              "lerp_mode": "catmullrom",
              "post": [0, 0, 0]
            },
            "0.875": {
              "lerp_mode": "catmullrom",
              "post": [0, 1, 0]
            },
            "0.9167": {
              "lerp_mode": "catmullrom",
              "post": [0, 0, 0]
            },
            "0.9583": {
              "lerp_mode": "catmullrom",
              "post": [0, 1, 0]
            },
            "1.0": {
              "lerp_mode": "catmullrom",
              "post": [0, 0, 0]
            },
            "1.0417": {
              "lerp_mode": "catmullrom",
              "post": [0, 1, 0]
            },
            "1.0833": {
              "lerp_mode": "catmullrom",
              "post": [0, 0, 0]
            },
            "1.125": {
              "lerp_mode": "catmullrom",
              "post": [0, 1, 0]
            },
            "1.1667": {
              "lerp_mode": "catmullrom",
              "post": [0, 0, 0]
            },
            "1.2083": {
              "lerp_mode": "catmullrom",
              "post": [0, 1, 0]
            },
            "1.25": {
              "lerp_mode": "catmullrom",
              "post": [0, 0, 0]
            }
          },
          "rotation": {
            "0.0": {
              "lerp_mode": "catmullrom",
              "post": [0, 0, 0]
            },
            "0.75": {
              "lerp_mode": "catmullrom",
              "post": [0, 0, -27.5]
            },
            "1.25": {
              "lerp_mode": "catmullrom",
              "post": [0, 0, -27.5]
            },
            "2.0": {
              "lerp_mode": "catmullrom",
              "post": [0, 0, 0]
            }
          }
        },
        "wingel": {
          "rotation": {
            "0.0": {
              "lerp_mode": "catmullrom",
              "post": [0, 0, 0]
            },
            "0.75": {
              "lerp_mode": "catmullrom",
              "post": [15, 2.5, 0]
            },
            "1.25": {
              "lerp_mode": "catmullrom",
              "post": [15, 2.5, 0]
            },
            "2.0": {
              "lerp_mode": "catmullrom",
              "post": [0, 0, 0]
            }
          }
        },
        "wingelseg1": {
          "rotation": {
            "0.0": {
              "lerp_mode": "catmullrom",
              "post": [0, 0, 0]
            },
            "0.75": {
              "lerp_mode": "catmullrom",
              "post": [19.85373, 45.30703, 22.46173]
            },
            "1.25": {
              "lerp_mode": "catmullrom",
              "post": [19.85373, 45.30703, 22.46173]
            },
            "1.75": {
              "lerp_mode": "catmullrom",
              "post": [0, 0, 0]
            },
            "2.0": {
              "lerp_mode": "catmullrom",
              "post": [0, 0, 0]
            }
          }
        },
        "winger": {
          "rotation": {
            "0.0": {
              "lerp_mode": "catmullrom",
              "post": [0, 0, 0]
            },
            "0.75": {
              "lerp_mode": "catmullrom",
              "post": [-7.80532, 11.95459, 8.19675]
            },
            "1.25": {
              "lerp_mode": "catmullrom",
              "post": [-7.80532, 11.95459, 8.19675]
            },
            "2.0": {
              "lerp_mode": "catmullrom",
              "post": [0, 0, 0]
            }
          }
        },
        "wingrseg1": {
          "rotation": {
            "0.0": {
              "lerp_mode": "catmullrom",
              "post": [0, 0, 0]
            },
            "0.75": {
              "lerp_mode": "catmullrom",
              "post": [-12.5, -50, 0]
            },
            "1.25": {
              "lerp_mode": "catmullrom",
              "post": [-12.5, -50, 0]
            },
            "1.75": {
              "lerp_mode": "catmullrom",
              "post": [0, 0, 0]
            },
            "2.0": {
              "lerp_mode": "catmullrom",
              "post": [0, 0, 0]
            }
          }
        }
      },
      "sound_effects": {
        "0.1": {
          "effect": "pokemon.zekrom.cry"
        }
      }
    },
    "animation.zekrom.faint": {
      "animation_length": 3.5,
      "bones": {
        "MAINTHING": {
          "position": {
            "0.0": [0, 0, 0],
            "0.5": [0, 0, 0],
            "1.2917": [0, -23, -24],
            "1.3333": [0, -22, -24],
            "1.375": [0, -23, -24],
            "1.4167": [0, -22, -24],
            "1.4583": [0, -23, -24],
            "1.5": [0, -22, -24],
            "1.5417": [0, -23, -24],
            "1.5833": [0, -22, -24],
            "1.625": [0, -23, -24],
            "1.6667": [0, -22, -24],
            "1.7083": [0, -23, -24]
          },
          "rotation": [0, 0, 0]
        },
        "arml": {
          "rotation": {
            "0.0": [0, 0, 0],
            "0.5": [0, -35, 0],
            "1.2917": [0, -35, 0]
          }
        },
        "armr": {
          "position": {
            "0.5": [0, -1, 0],
            "1.2917": [0, -1, 0]
          },
          "rotation": {
            "0.0": [0, 0, 0],
            "0.5": [0, 37.5, 0],
            "1.2917": [0, 37.5, 0]
          }
        },
        "eyel": {
          "position": {
            "0.0": [0, 0, 0],
            "0.5": [0, 0, 1]
          }
        },
        "eyer": {
          "position": {
            "0.0": [0, 0, 0],
            "0.5": [0, 0, -2]
          }
        },
        "flapl": {
          "position": {
            "0.0": [0, 0, 0],
            "2.25": [2, 0, 0]
          },
          "rotation": {
            "0.0": [0, 0, 0],
            "0.5": [-7.5, -17.5, 0],
            "1.2917": [-7.5, -17.5, 0],
            "2.25": [5.94703, -29.40046, 46.8791]
          }
        },
        "flapr": {
          "position": {
            "0.0": [0, 1, 0],
            "0.5": [0, 1, 0],
            "1.2917": [0, 1, 0],
            "2.25": [3, 1, 0]
          },
          "rotation": {
            "0.0": [0, 0, 0],
            "0.5": [11.45384, 18.76656, -16.41177],
            "1.2917": [11.45384, 18.76656, -16.41177],
            "2.25": [-4.55397, 29.48372, 72.1319]
          }
        },
        "head": {
          "rotation": {
            "0.0": [0, 0, 0],
            "1.2917": [0, 0, 0],
            "2.25": [174.26831, -10.50435, 172.01568]
          }
        },
        "jaw": {
          "rotation": {
            "0.0": [0, 0, "5+math.sin(q.anim_time*30*2-150)*4"],
            "0.5": [0, 0, 30],
            "0.5417": [0, 0, 27.5],
            "0.5833": [0, 0, 30],
            "0.625": [0, 0, 27.5],
            "0.6667": [0, 0, 30],
            "0.7083": [0, 0, 27.5],
            "0.75": [0, 0, 30],
            "0.7917": [0, 0, 27.5],
            "0.8333": [0, 0, 27.5],
            "0.875": [0, 0, 27.5],
            "0.9167": [0, 0, 30],
            "0.9583": [0, 0, 27.5],
            "2.0": [0, 0, -5]
          }
        },
        "lfingee": {
          "rotation": {
            "0.0": [0, 0, 0],
            "0.5": [-22.5, 0, 0],
            "1.2917": [-22.5, 0, 0]
          }
        },
        "lfoot": {
          "rotation": {
            "0.0": [0, 0, 0],
            "0.5": [0, 0, 0],
            "1.2917": [0, 0, 147.5]
          }
        },
        "lleg": {
          "rotation": {
            "0.0": [0, 0, 0],
            "0.5": [0, 0, 0],
            "1.2917": [0, 0, -22.5]
          }
        },
        "lleg2": {
          "rotation": {
            "0.0": [0, 0, 0],
            "0.5": [0, 0, 0],
            "1.2917": [0, 0, 70]
          }
        },
        "looky": {
          "rotation": {
            "0.0": [0, 0, 0],
            "0.5": [22.5, 0, 0],
            "1.2917": [22.5, 0, 0],
            "2.25": [5, 0, 0]
          }
        },
        "middleseg": {
          "position": [0, 0, 0],
          "rotation": {
            "0.0": [0, 0, -7.5],
            "0.5": [0, 0, -15]
          }
        },
        "neck": {
          "position": {
            "0.0": [0, 0, 0],
            "0.5": [0, 0, 0]
          },
          "rotation": {
            "0.0": [0, 0, 0],
            "0.5": [0, 0, -12.5],
            "1.2917": [0, 0, -12.5],
            "2.25": [0, 0, 12.5]
          }
        },
        "rfingee": {
          "rotation": {
            "0.0": [0, 0, 0],
            "0.5": [20, 0, 0],
            "1.2917": [20, 0, 0]
          }
        },
        "rfoot": {
          "rotation": {
            "0.0": [0, 0, 0],
            "0.5": [0, 0, 0],
            "1.2917": [0, 0, 102.5]
          }
        },
        "rleg": {
          "rotation": {
            "0.0": [0, 0, 0],
            "0.5": [0, 0, 0],
            "1.2917": [0, 0, -35]
          }
        },
        "rleg2": {
          "rotation": {
            "0.0": [0, 0, 0],
            "0.5": [0, 0, 0],
            "1.2917": [0, 0, 95]
          }
        },
        "seg3": {
          "rotation": [0, 0, 0]
        },
        "shoulderl": {
          "position": {
            "0.0": [0, "math.sin(q.anim_time*30*2-150)*1", 0],
            "0.5": [0, 0, 0],
            "1.2917": [0, 0, 0]
          },
          "rotation": {
            "0.0": [0, 0, 0],
            "0.5": [64.70085, -14.90159, -78.25395],
            "1.2917": [64.70085, -14.90159, -78.25395],
            "2.25": [62.43267, -44.63504, -80.19178]
          }
        },
        "shuolderr": {
          "position": {
            "0.0": [0, "math.sin(q.anim_time*30*2-150)*1", 0],
            "0.5": [1, -1, -1],
            "1.2917": [1, -1, -1]
          },
          "rotation": {
            "0.0": [0, 0, 0],
            "0.5": [-65, 0, -72.5],
            "1.2917": [-65, 0, -72.5],
            "2.25": [-77.81547, 17.69654, -83.31051]
          }
        },
        "tail": {
          "rotation": {
            "0.0": [0, 0, 0],
            "0.5": [0, 0, 0],
            "0.5417": [0, 0, 2.5],
            "0.5833": [0, 0, 0],
            "0.625": [0, 0, 2.5],
            "0.6667": [0, 0, 0],
            "0.7083": [0, 0, 2.5],
            "0.75": [0, 0, 0],
            "0.7917": [0, 0, 2.5],
            "0.8333": [0, 0, 0],
            "0.875": [0, 0, 2.5],
            "0.9167": [0, 0, 0],
            "1.25": [0, 0, 2.5],
            "1.2917": [0, 0, 0]
          }
        },
        "tailseg1": {
          "rotation": {
            "0.0": [0, 0, 0],
            "0.5": [0, 0, 5],
            "1.2917": [0, 0, 5]
          }
        },
        "torso": {
          "position": [0, "math.sin(q.anim_time*30*2-150)*1", 0],
          "rotation": {
            "0.0": [0, 0, 0],
            "0.5": [0, 0, -10],
            "1.2917": [0, 0, -10]
          }
        },
        "upperseg": {
          "position": {
            "0.5": [0, 0, 0],
            "0.5417": [0, 1, 0],
            "0.5833": [0, 0, 0],
            "0.625": [0, 1, 0],
            "0.6667": [0, 0, 0],
            "0.7083": [0, 1, 0],
            "0.75": [0, 0, 0],
            "0.7917": [0, 1, 0],
            "0.8333": [0, 0, 0],
            "0.875": [0, 1, 0],
            "0.9167": [0, 0, 0],
            "0.9583": [0, 1, 0]
          },
          "rotation": {
            "0.0": [0, 0, 12.5],
            "0.5": [0, 0, -27.5]
          }
        },
        "wingel": {
          "rotation": {
            "0.0": [0, 0, 0],
            "0.5": [15, 2.5, 0],
            "1.2917": [15, 2.5, 0],
            "2.25": [-72.5, "-32.5+math.sin(q.anim_time*30*2-200)*2", 0]
          }
        },
        "wingelseg1": {
          "rotation": {
            "0.0": [0, 0, 0],
            "0.5": [19.85373, 45.30703, 22.46173],
            "1.2917": [19.85373, 45.30703, 22.46173]
          }
        },
        "winger": {
          "rotation": {
            "0.0": [0, 0, 0],
            "0.5": [-7.80532, 11.95459, 8.19675],
            "1.2917": [-7.80532, 11.95459, 8.19675],
            "2.25": [62.5, "37.5+math.sin(q.anim_time*30*2-200)*2", 0]
          }
        },
        "wingrseg1": {
          "rotation": {
            "0.0": [0, 0, 0],
            "0.5": [-12.5, -50, 0],
            "1.2917": [-12.5, -50, 0],
            "2.25": [17.5, -50, 0]
          }
        }
      },
      "loop": true
    },
    "animation.zekrom.fly": {
      "bones": {
        "LEG": {
          "rotation": [0, 0, "math.sin(q.anim_time*45*2-150)*2"]
        },
        "MAINTHING": {
          "position": [0, "math.sin(q.anim_time*30*4-150)*2", 0],
          "rotation": [82.76947, -20.25726, 80.71001]
        },
        "arml": {
          "rotation": [0, -15, 0]
        },
        "flapl": {
          "rotation": [27.49447, -12.53048, 0.78114]
        },
        "flapr": {
          "rotation": [-34.2017, 9.78641, -2.20766]
        },
        "head": {
          "position": [0, 3, 0],
          "rotation": [0, 0, 0]
        },
        "jaw": {
          "rotation": [4.33399, 0.27517, "16.7346+math.sin(q.anim_time*30*4-150)*8"]
        },
        "lfingee": {
          "rotation": ["-math.sin(q.anim_time*30*2-150)*4", 0, 0]
        },
        "lfoot": {
          "rotation": [2.56594, -12.56621, 57.96821]
        },
        "lleg": {
          "rotation": [0, 5, 35]
        },
        "lleg2": {
          "rotation": [0, 10, 0]
        },
        "looky": {
          "position": [0, -2, 0],
          "rotation": [-22.5, 0, 0]
        },
        "neck": {
          "rotation": [0, 0, "-12.5-math.sin(q.anim_time*30*4-150)*4"]
        },
        "rfingee": {
          "rotation": ["math.sin(q.anim_time*30*2-150)*4", 0, 0]
        },
        "rfoot": {
          "rotation": [-0.10733, 14.99451, 52.92097]
        },
        "rleg": {
          "rotation": [-9.60693, -19.24795, 39.73883]
        },
        "rleg2": {
          "rotation": [0, -5, 7.5]
        },
        "seg3": {
          "rotation": [0, 0, 20]
        },
        "shoulderl": {
          "position": [0, "math.sin(q.anim_time*30*4-150)*1", 0],
          "rotation": [6.77478, -7.16366, -12.98069]
        },
        "shuolderr": {
          "position": [0, "math.sin(q.anim_time*30*4-150)*1", 0],
          "rotation": [0, 0, 5]
        },
        "tail": {
          "rotation": [-3.77293, -0.50239, "-32.0676+math.sin(q.anim_time*30*2-200)*1"]
        },
        "tailseg1": {
          "rotation": [0, 0, "math.sin(q.anim_time*30*2-200)*2"]
        },
        "torso": {
          "position": [0, "math.sin(q.anim_time*30*2-150)*1", 0]
        },
        "wingel": {
          "rotation": [5, "22.5-math.sin(q.anim_time*30*4-150)*15", 0]
        },
        "wingelseg1": {
          "rotation": [2.40406, "22.6564-math.sin(q.anim_time*30*4-180)*35", 10.09428]
        },
        "winger": {
          "rotation": [0, "-22.5+math.sin(q.anim_time*30*4-150)*15", 0]
        },
        "wingrseg1": {
          "rotation": [0, "-12.5+math.sin(q.anim_time*30*4-180)*35", 0]
        }
      },
      "loop": true
    },
    "animation.zekrom.ground_idle": {
      "animation_length": 6,
      "bones": {
        "head": {
          "rotation": [0, 0, 0]
        },
        "jaw": {
          "rotation": [0, 0, "5+math.sin(q.anim_time*30*2-150)*4"]
        },
        "lfingee": {
          "rotation": ["-math.sin(q.anim_time*30*2-150)*4", 0, 0]
        },
        "lfoot": {
          "position": [0, 0, 0]
        },
        "lleg": {
          "position": [0, 0, 0]
        },
        "lleg2": {
          "position": [0, 0, 0]
        },
        "rfingee": {
          "rotation": ["math.sin(q.anim_time*30*2-150)*4", 0, 0]
        },
        "rfoot": {
          "position": [0, 0, 0]
        },
        "rleg": {
          "position": [0, 0, 0]
        },
        "rleg2": {
          "position": [0, 0, 0]
        },
        "shoulderl": {
          "position": [0, "math.sin(q.anim_time*30*2-150)*1", 0]
        },
        "shuolderr": {
          "position": [0, "math.sin(q.anim_time*30*2-150)*1", 0]
        },
        "tail": {
          "rotation": [0, 0, "math.sin(q.anim_time*30*2-200)*1"]
        },
        "tailseg1": {
          "rotation": [0, 0, "math.sin(q.anim_time*30*2-200)*2"]
        },
        "torso": {
          "position": [0, "math.sin(q.anim_time*30*2-150)*1", 0]
        },
        "wingel": {
          "rotation": [0, "math.sin(q.anim_time*30*2-200)*2", 0]
        },
        "winger": {
          "rotation": [0, "math.sin(q.anim_time*30*2-200)*2", 0]
        }
      },
      "loop": true
    },
    "animation.zekrom.ground_walk": {
      "bones": {
        "LEG": {
          "rotation": [0, 0, "math.sin(q.anim_time*30*2-150)*2"]
        },
        "MAINTHING": {
          "position": [0, "13+math.sin(q.anim_time*30*2-150)*2", 0],
          "rotation": [-43.72275, -3.45699, -46.27725]
        },
        "arml": {
          "rotation": [0, -17.5, 0]
        },
        "armr": {
          "rotation": [0, 15, 0]
        },
        "flapl": {
          "rotation": [0, 5, 0]
        },
        "flapr": {
          "rotation": [0, 15, 0]
        },
        "head": {
          "position": [0, 1, 0],
          "rotation": [0, 0, 0]
        },
        "jaw": {
          "rotation": [0, 0, "5+math.sin(q.anim_time*30*2-150)*4"]
        },
        "lfingee": {
          "rotation": ["-math.sin(q.anim_time*30*2-150)*4", 0, 0]
        },
        "lfoot": {
          "rotation": [-3.20356, -8.22019, 41.90536]
        },
        "lleg": {
          "rotation": [-1.7249, 4.87032, "18.1023+math.sin(q.anim_time*30*2-150)*2"]
        },
        "lleg2": {
          "rotation": [0, 10, "math.sin(q.anim_time*30*2-150)*3"]
        },
        "looky": {
          "position": [0, -2, 0],
          "rotation": [-15, 0, 0]
        },
        "neck": {
          "rotation": [0, 0, 10]
        },
        "rfingee": {
          "rotation": ["math.sin(q.anim_time*30*2-150)*4", 0, 0]
        },
        "rfoot": {
          "rotation": [13.01691, 7.90484, 36.52521]
        },
        "rleg": {
          "rotation": [-7.18476, -10.95123, "8.2563+math.sin(q.anim_time*30*2-150)*2"]
        },
        "rleg2": {
          "rotation": [2.69136, -4.21541, "math.sin(q.anim_time*30*2-150)*3"]
        },
        "seg3": {
          "rotation": [0, 0, 20]
        },
        "shoulderl": {
          "position": [-1, "math.sin(q.anim_time*30*2-150)*1", 2],
          "rotation": [-15.54717, 2.26077, -8.29786]
        },
        "shuolderr": {
          "position": [-1, "-2+math.sin(q.anim_time*30*2-150)*1", 0],
          "rotation": [5.91363, -20.26228, -11.61549]
        },
        "tail": {
          "rotation": [-3.5793, 1.29531, "-4.6248+math.sin(q.anim_time*30*2-200)*1"]
        },
        "tailseg1": {
          "rotation": [0, 0, "math.sin(q.anim_time*30*2-200)*2"]
        },
        "torso": {
          "position": [0, "math.sin(q.anim_time*30*2-150)*1", 0]
        },
        "wingel": {
          "position": [-1, -1, 0],
          "rotation": [-4.25042, "0.8897-math.sin(q.anim_time*30*2-150)*15", 20.14542]
        },
        "wingelseg1": {
          "rotation": [18.42748, "40.3838-math.sin(q.anim_time*30*2-180)*25", 18.53645]
        },
        "winger": {
          "rotation": [6.46052, "-1.5297+math.sin(q.anim_time*30*2-150)*15", 12.81132]
        },
        "wingrseg1": {
          "rotation": [0, "-37.5+math.sin(q.anim_time*30*2-180)*25", 0]
        }
      },
      "loop": true
    },
    "animation.zekrom.physical_attack": {
      "animation_length": 3.375,
      "bones": {
        "LEG": {
          "position": {
            "0.0": [0, 0, 0],
            "0.375": [0, 0, 0],
            "0.875": [0, 0, 0],
            "1.375": [0, 2, 0],
            "1.625": [0, 2, 0],
            "3.375": [0, 0, 0]
          }
        },
        "MAINTHING": {
          "position": {
            "0.0": [0, 0, 0],
            "0.375": [0, 0, 0],
            "0.875": [0, 0, 0],
            "1.375": [0, -6, 0],
            "1.625": [0, "67+math.sin(q.anim_time*30*6-150)*3", 0],
            "1.875": [0, "67+math.sin(q.anim_time*30*6-150)*3", 0],
            "2.125": [0, "67+math.sin(q.anim_time*30*6-150)*3", 0],
            "2.375": [0, -5, 0],
            "2.875": [0, -5, 0],
            "3.375": [0, 0, 0]
          },
          "rotation": {
            "0.0": [0, 0, 0],
            "0.375": [0, 0, 0],
            "2.125": [0, 0, 0],
            "2.375": [0, 0, 0],
            "2.875": [0, 0, 0],
            "3.375": [0, 0, 0]
          }
        },
        "arml": {
          "rotation": {
            "0.0": [0, 0, 0],
            "0.375": [0, -35, 0],
            "0.875": [0, -35, 0],
            "1.375": [-40, -5, 0],
            "1.625": [-40, -5, 0],
            "2.125": [-0.4913, -23.43035, -19.19019],
            "2.875": [-40, -5, 0],
            "3.375": [0, 0, 0]
          }
        },
        "armr": {
          "position": {
            "0.0": [0, -1, 0],
            "0.375": [0, -1, 0],
            "0.875": [0, -1, 0],
            "1.375": [0, -1, 3],
            "1.625": [0, -1, 3],
            "2.125": [0, -1, 3],
            "2.875": [0, -1, 3],
            "3.375": [0, -1, 0]
          },
          "rotation": {
            "0.0": [0, 0, 0],
            "0.375": [0, 37.5, 0],
            "0.875": [0, 37.5, 0],
            "1.375": [23.30698, 21.99265, -20.76649],
            "1.625": [23.30698, 21.99265, -20.76649],
            "2.125": [0.80698, 21.99265, -20.76649],
            "2.875": [23.30698, 21.99265, -20.76649],
            "3.375": [0, 0, 0]
          }
        },
        "bumble": {
          "rotation": {
            "0.0": [0, 0, 0],
            "3.375": [0, 0, 0]
          }
        },
        "flapl": {
          "rotation": {
            "0.0": [0, 0, 0],
            "0.375": [-7.5, -17.5, 0],
            "0.875": [-7.5, -17.5, 0],
            "2.125": [-2.98742, -14.89108, 4.01867],
            "3.375": [0, 0, 0]
          }
        },
        "flapr": {
          "position": {
            "0.0": [0, 1, 0],
            "0.375": [0, 0, 0],
            "1.375": [0, 3, 0],
            "1.625": [0, 3, 0],
            "2.125": [0, 0, 0],
            "2.875": [0, 3, 0],
            "3.375": [0, 1, 0]
          },
          "rotation": {
            "0.0": [0, 0, 0],
            "0.375": [11.45384, 18.76656, -16.41177],
            "0.875": [11.45384, 18.76656, -16.41177],
            "1.375": [5.082, 19.63677, 35.72136],
            "1.625": [5.082, 19.63677, 35.72136],
            "2.125": [0.96547, 34.83615, 1.09989],
            "2.875": [5.082, 19.63677, 35.72136],
            "3.375": [0, 0, 0]
          }
        },
        "jaw": {
          "rotation": {
            "0.0": [0, 0, 5],
            "0.375": [0, 0, 30],
            "0.4583": [0, 0, 30],
            "0.5": [0, 0, 27.5],
            "0.5417": [0, 0, 30],
            "0.5833": [0, 0, 27.5],
            "0.625": [0, 0, 30],
            "0.6667": [0, 0, 27.5],
            "0.7083": [0, 0, 27.5],
            "0.75": [0, 0, 27.5],
            "0.7917": [0, 0, 30],
            "0.8333": [0, 0, 27.5],
            "0.875": [0, 0, 30],
            "1.375": [0, 0, "5+math.sin(q.anim_time*30*2-150)*4"],
            "1.625": [0, 0, "5+math.sin(q.anim_time*30*2-150)*4"],
            "2.125": [0, 0, "45+math.sin(q.anim_time*30*2-150)*4"],
            "2.875": [0, 0, "5+math.sin(q.anim_time*30*2-150)*4"],
            "3.375": [0, 0, 5]
          }
        },
        "lfingee": {
          "rotation": {
            "0.0": [0, 0, 0],
            "0.375": [-22.5, 0, 0],
            "0.875": [-22.5, 0, 0],
            "3.375": [0, 0, 0]
          }
        },
        "lfoot": {
          "position": {
            "0.0": [0, 0, 0],
            "0.375": [0, 0, 0],
            "0.875": [0, 0, 0],
            "1.375": [0, 2, 0],
            "1.625": [0, 2, 0],
            "1.875": [0, 2, 0],
            "2.125": [0, 2, 0],
            "2.375": [0, 2, 0],
            "2.875": [0, 2, 0],
            "3.375": [0, 0, 0]
          },
          "rotation": {
            "0.0": [0, 0, 0],
            "0.375": [0, 0, 0],
            "0.875": [0, 0, 0],
            "1.375": [25, 0, 0],
            "1.625": [34.29099, -23.89388, 42.34323],
            "1.875": [34.29099, -23.89388, 42.34323],
            "2.125": [34.29099, -23.89388, 42.34323],
            "2.375": [25, 0, 0],
            "2.875": [25, 0, 0],
            "3.375": [0, 0, 0]
          }
        },
        "limbtops": {
          "rotation": {
            "0.0": [0, 0, 0],
            "3.375": [0, 0, 0]
          }
        },
        "lleg": {
          "rotation": {
            "0.0": [0, 0, 0],
            "0.375": [0, 0, 0],
            "1.375": [0, 0, 0],
            "1.625": [0, 0, 60],
            "1.875": [0, 0, 60],
            "2.125": [0, 0, 60],
            "2.375": [0, 0, 0],
            "2.875": [0, 0, 0],
            "3.375": [0, 0, 0]
          }
        },
        "lleg2": {
          "rotation": {
            "0.0": [0, 0, 0],
            "0.375": [0, 0, 0],
            "0.875": [0, 0, 0],
            "1.375": [-19.71975, 3.40487, 9.40804],
            "1.625": [-18.88172, -6.71771, -18.88172],
            "1.875": [-18.88172, -6.71771, -18.88172],
            "2.125": [-18.88172, -6.71771, -18.88172],
            "2.375": [-19.71975, 3.40487, 9.40804],
            "2.875": [-19.71975, 3.40487, 9.40804],
            "3.375": [0, 0, 0]
          }
        },
        "looky": {
          "position": {
            "0.0": [0, 0, 0],
            "0.375": [0, 0, 0],
            "1.0": [0, 0, 0],
            "2.125": [0, 0, 0],
            "2.375": [1, 0, 0],
            "3.375": [0, 0, 0]
          },
          "rotation": {
            "0.0": [0, 0, 0],
            "0.375": [-30, 0, 0],
            "1.0": [-30, 0, 0],
            "1.375": [-27.5, 0, 0],
            "1.625": [-27.5, 0, 0],
            "1.875": [-27.5, 0, 0],
            "2.125": [-27.5, 0, 0],
            "2.375": [0, 0, -17.5],
            "3.375": [0, 0, 0]
          }
        },
        "middleseg": {
          "position": {
            "0.375": [0, 0, 0],
            "0.875": [0, 0, 0]
          },
          "rotation": {
            "0.0": [0, 0, 0],
            "0.375": [0, 0, -15],
            "0.875": [0, 0, -15],
            "3.375": [0, 0, 0]
          }
        },
        "neck": {
          "rotation": {
            "0.0": [0, 0, 0],
            "0.375": [0, 0, -12.5],
            "0.875": [0, 0, -12.5],
            "1.375": [0, 0, 17.5],
            "1.625": [0, 0, 17.5],
            "1.875": [0, 0, 17.5],
            "2.125": [0, 0, -7.5],
            "2.375": [0, 0, 17.5],
            "3.375": [0, 0, 0]
          }
        },
        "rfingee": {
          "rotation": {
            "0.0": [0, 0, 0],
            "0.375": [20, 0, 0],
            "0.875": [20, 0, 0],
            "1.375": [10, 0, 0],
            "1.625": [10, 0, 0],
            "3.375": [0, 0, 0]
          }
        },
        "rfoot": {
          "position": {
            "0.0": [0, 0, 0],
            "0.375": [0, 0, 0],
            "0.875": [0, 0, 0],
            "1.375": [0, 2, 0],
            "1.625": [0, 2, 0],
            "1.875": [0, 2, 0],
            "2.125": [0, 2, 0],
            "2.375": [0, 2, 0],
            "2.875": [0, 2, 0],
            "3.375": [0, 0, 0]
          },
          "rotation": {
            "0.0": [0, 0, 0],
            "0.375": [0, 0, 0],
            "0.875": [0, 0, 0],
            "1.375": [-17.44049, 0.42386, -0.10848],
            "1.625": [-10.67448, -7.73655, 35.97206],
            "1.875": [-10.67448, -7.73655, 35.97206],
            "2.125": [-10.67448, -7.73655, 35.97206],
            "2.375": [-17.44049, 0.42386, -0.10848],
            "2.875": [-17.44049, 0.42386, -0.10848],
            "3.375": [0, 0, 0]
          }
        },
        "rleg": {
          "rotation": {
            "0.0": [0, 0, 0],
            "0.375": [0, 0, 0],
            "1.375": [0, 0, 0],
            "1.625": [0, 0, 47.5],
            "1.875": [0, 0, 47.5],
            "2.125": [0, 0, 47.5],
            "2.375": [0, 0, 0],
            "2.875": [0, 0, 0],
            "3.375": [0, 0, 0]
          }
        },
        "rleg2": {
          "rotation": {
            "0.0": [0, 0, 0],
            "0.375": [0, 0, 0],
            "0.875": [0, 0, 0],
            "1.375": [14.94548, -1.29256, 4.83045],
            "1.625": [13.85549, -0.36433, 7.02147],
            "1.875": [13.85549, -0.36433, 7.02147],
            "2.125": [13.85549, -0.36433, 7.02147],
            "2.375": [14.94548, -1.29256, 4.83045],
            "2.875": [14.94548, -1.29256, 4.83045],
            "3.375": [0, 0, 0]
          }
        },
        "seg3": {
          "rotation": {
            "0.0": [0, 0, 0],
            "3.375": [0, 0, 0]
          }
        },
        "shoulderl": {
          "position": {
            "0.0": [0, 0, 0],
            "0.375": [0, 0, 0],
            "0.875": [0, 0, 0],
            "1.375": [0, "math.sin(q.anim_time*30*2-150)*1", 0],
            "1.625": [0, "math.sin(q.anim_time*30*2-150)*1", 0],
            "1.875": [0, "math.sin(q.anim_time*30*2-150)*1", 0],
            "2.125": [0, "math.sin(q.anim_time*30*2-150)*1", 0],
            "2.375": [0, "math.sin(q.anim_time*30*2-150)*1", 0],
            "3.375": [0, 0, 0]
          },
          "rotation": {
            "0.0": [0, 0, 0],
            "0.375": [64.70085, -14.90159, -78.25395],
            "0.875": [64.70085, -14.90159, -78.25395],
            "1.375": [22.00175, -6.1643, -43.4261],
            "1.625": [22.00175, -6.1643, -43.4261],
            "1.875": [22.00175, -6.1643, -43.4261],
            "2.125": [22.00175, -6.1643, -43.4261],
            "2.375": [22.00175, -6.1643, -43.4261],
            "3.375": [0, 0, 0]
          }
        },
        "shuolderr": {
          "position": {
            "0.0": [0, 0, 0],
            "0.375": [1, -1, -1],
            "0.875": [1, -1, -1],
            "1.375": [0, "math.sin(q.anim_time*30*2-150)*1", 0],
            "1.625": [0, "math.sin(q.anim_time*30*2-150)*1", 0],
            "1.875": [0, "math.sin(q.anim_time*30*2-150)*1", 0],
            "2.1667": [0, "math.sin(q.anim_time*30*2-150)*1", 0],
            "2.375": [0, "math.sin(q.anim_time*30*2-150)*1", 0],
            "3.375": [0, 0, 0]
          },
          "rotation": {
            "0.0": [0, 0, 0],
            "0.375": [-65, 0, -72.5],
            "0.875": [-65, 0, -72.5],
            "1.375": [-20.84377, 11.34991, -37.34913],
            "1.625": [-20.84377, 11.34991, -37.34913],
            "1.875": [-20.84377, 11.34991, -37.34913],
            "2.1667": [-22.38644, -20.56281, -43.76904],
            "2.375": [-22.38644, -20.56281, -43.76904],
            "3.375": [0, 0, 0]
          }
        },
        "tail": {
          "rotation": {
            "0.0": [0, 0, 0],
            "0.375": [0, 0, 0],
            "0.4167": [0, 0, 2.5],
            "0.4583": [0, 0, 0],
            "0.5": [0, 0, 2.5],
            "0.5417": [0, 0, 0],
            "0.5833": [0, 0, 2.5],
            "0.625": [0, 0, 0],
            "0.6667": [0, 0, 2.5],
            "0.7083": [0, 0, 0],
            "0.75": [0, 0, 2.5],
            "0.7917": [0, 0, 0],
            "0.8333": [0, 0, 2.5],
            "0.875": [0, 0, 0],
            "1.375": [0, 0, "12.5+math.sin(q.anim_time*30*2-200)*1"],
            "1.625": [0, 0, "12.5+math.sin(q.anim_time*30*2-200)*1"],
            "2.875": [0, 0, "12.5+math.sin(q.anim_time*30*2-200)*1"],
            "3.375": [0, 0, 0]
          }
        },
        "tailseg1": {
          "rotation": {
            "0.0": [0, 0, 0],
            "0.375": [0, 0, 5],
            "0.875": [0, 0, 5],
            "1.375": [0, 0, "12.5+math.sin(q.anim_time*30*2-200)*2"],
            "1.625": [0, 0, "12.5+math.sin(q.anim_time*30*2-200)*2"],
            "3.375": [0, 0, 0]
          }
        },
        "torso": {
          "position": {
            "0.0": [0, 0, 0],
            "1.375": [0, "math.sin(q.anim_time*30*2-150)*1", 0],
            "1.625": [0, "math.sin(q.anim_time*30*2-150)*1", 0],
            "1.875": [0, "math.sin(q.anim_time*30*2-150)*1", 0],
            "2.125": [0, "math.sin(q.anim_time*30*2-150)*1", 0],
            "2.375": [0, 0, 0],
            "2.4167": [0, -2, 0],
            "2.4583": [0, 0, 0],
            "2.5": [0, -2, 0],
            "2.5417": [0, 0, 0],
            "2.5833": [0, -2, 0],
            "2.625": [0, 0, 0],
            "2.6667": [0, -2, 0],
            "2.7083": [0, 0, 0],
            "2.75": [0, -2, 0],
            "2.7917": [0, 0, 0],
            "2.8333": [0, -2, 0],
            "2.875": [0, 0, 0],
            "3.375": [0, 0, 0]
          },
          "rotation": {
            "0.0": [0, 0, 0],
            "0.375": [0, 0, -10],
            "0.875": [0, 0, -10],
            "1.375": [0, 0, 17.5],
            "1.625": [0, 0, 17.5],
            "1.875": [0, 0, 17.5],
            "2.125": [0, 0, 17.5],
            "2.375": [0, 0, 17.5],
            "3.375": [0, 0, 0]
          }
        },
        "upperseg": {
          "position": {
            "0.375": [0, 0, 0],
            "0.4167": [0, 1, 0],
            "0.5": [0, 1, 0],
            "0.5417": [0, 0, 0],
            "0.5833": [0, 1, 0],
            "0.625": [0, 0, 0],
            "0.6667": [0, 1, 0],
            "0.7083": [0, 0, 0],
            "0.75": [0, 1, 0],
            "0.7917": [0, 0, 0],
            "0.8333": [0, 1, 0],
            "0.875": [0, 0, 0]
          },
          "rotation": {
            "0.0": [0, 0, 0],
            "0.375": [0, 0, -27.5],
            "0.875": [0, 0, -27.5],
            "1.375": [0, 0, 12.5],
            "1.625": [0, 0, 12.5],
            "1.875": [0, 0, 12.5],
            "2.125": [0, 0, 12.5],
            "2.375": [0, 0, 12.5],
            "3.375": [0, 0, 0]
          }
        },
        "wingel": {
          "position": {
            "0.0": [0, 0, 0],
            "0.375": [0, 0, 0],
            "1.375": [0, 0, 0],
            "1.625": [-2, -3, -2],
            "1.875": [-2, -3, -2],
            "2.125": [-2, -3, -2],
            "2.375": [0, 0, 0],
            "3.375": [0, 0, 0]
          },
          "rotation": {
            "0.0": [0, 0, 0],
            "0.375": [15, 2.5, 0],
            "0.875": [15, 2.5, 0],
            "1.375": [0, "-37.5+math.sin(q.anim_time*30*2-200)*2", 0],
            "1.625": [-57.32289, "26.7642-math.sin(q.anim_time*30*4-150)*25", 24.73162],
            "1.875": [-57.32289, "26.7642-math.sin(q.anim_time*30*4-150)*25", 24.73162],
            "2.125": [-57.32289, "26.7642-math.sin(q.anim_time*30*4-150)*25", 24.73162],
            "2.375": [0, "-37.5+math.sin(q.anim_time*30*2-200)*2", 0],
            "3.375": [0, 0, 0]
          }
        },
        "wingelseg1": {
          "rotation": {
            "0.0": [0, 0, 0],
            "0.375": [19.85373, 45.30703, 22.46173],
            "0.875": [19.85373, 45.30703, 22.46173],
            "1.375": [-4.68657, 19.64461, 6.1436],
            "1.625": [-2.92071, "11.3959-math.sin(q.anim_time*30*4-180)*35", 23.7264],
            "1.875": [-2.92071, "11.3959-math.sin(q.anim_time*30*4-180)*35", 23.7264],
            "2.125": [-2.92071, "11.3959-math.sin(q.anim_time*30*4-180)*35", 23.7264],
            "2.375": [-4.68657, 19.64461, 6.1436],
            "3.375": [0, 0, 0]
          }
        },
        "winger": {
          "position": {
            "0.0": [0, 0, 0],
            "0.375": [0, 0, 0],
            "1.375": [0, 0, 0],
            "1.625": [1, -3, 3],
            "1.875": [1, -3, 3],
            "2.125": [1, -3, 3],
            "3.375": [0, 0, 0]
          },
          "rotation": {
            "0.0": [0, 0, 0],
            "0.375": [-7.80532, 11.95459, 8.19675],
            "0.875": [-7.80532, 11.95459, 8.19675],
            "1.375": [16.00015, "44.9508+math.sin(q.anim_time*30*2-200)*2", -1.79827],
            "1.625": [47.64529, "-39.495+math.sin(q.anim_time*30*4-150)*25", 27.6175],
            "1.875": [47.64529, "-39.495+math.sin(q.anim_time*30*4-150)*25", 27.6175],
            "2.125": [47.64529, "-39.495+math.sin(q.anim_time*30*4-150)*25", 27.6175],
            "2.375": [16.00015, "44.9508+math.sin(q.anim_time*30*2-200)*2", -1.79827],
            "3.375": [0, 0, 0]
          }
        },
        "wingrseg1": {
          "rotation": {
            "0.0": [0, 0, 0],
            "0.375": [-12.5, -50, 0],
            "0.875": [-12.5, -50, 0],
            "1.0": [-11.10885, -12.98672, -6.28623],
            "1.25": [0, "-27.5+math.sin(q.anim_time*30*4-180)*35", 0],
            "1.5": [0, "-27.5+math.sin(q.anim_time*30*4-180)*35", 0],
            "1.75": [0, "-27.5+math.sin(q.anim_time*30*4-180)*35", 0],
            "2.0": [-11.10885, -12.98672, -6.28623],
            "3.375": [0, 0, 0]
          }
        }
      }
    }
  },
  "format_version": "1.8.0"
}