{
  "animations": {
    "animation.zeraora.battle_idle": {
      "animation_length": 2.2083,
      "bones": {
        "arm_l": {
          "rotation": [0, 0, -22.5]
        },
        "arm_r": {
          "rotation": [-7.38217, 22.9824, 24.56202]
        },
        "boa": {
          "rotation": [0, 0, 0]
        },
        "body": {
          "rotation": {
            "0.0": {
              "lerp_mode": "catmullrom",
              "post": [12.5, 0, 0]
            },
            "1.0": {
              "lerp_mode": "catmullrom",
              "post": [20, 0, 0]
            },
            "2.2083": {
              "lerp_mode": "catmullrom",
              "post": [12.5, 0, 0]
            }
          }
        },
        "ear_l": {
          "rotation": {
            "0.0": [0, 0, 0],
            "1.0": [0, 0, 12],
            "2.2083": [0, 0, 0]
          }
        },
        "ear_r": {
          "rotation": {
            "0.0": [0, 0, 0],
            "1.0": [0, 0, -12],
            "2.2083": [0, 0, 0]
          }
        },
        "eye_r": {
          "position": [0, 0, 0]
        },
        "finger": {
          "rotation": {
            "0.0": [0, 0, 0],
            "1.0": [0, 0, 17.5],
            "2.0": [0, 0, 0],
            "2.2083": [0, 0, 0]
          }
        },
        "finger2": {
          "rotation": {
            "0.0": [0, 0, 0],
            "1.0": [0, 0, 15],
            "2.0": [0, 0, 0],
            "2.2083": [0, 0, 0]
          }
        },
        "finger3": {
          "rotation": {
            "0.0": [0, 0, 0],
            "1.0": [0, 0, 17.5],
            "2.0": [0, 0, 0],
            "2.2083": [0, 0, 0]
          }
        },
        "finger4": {
          "rotation": {
            "0.0": [0, 0, 0],
            "1.0": [10.24529, 5.52235, 5.08269],
            "2.0": [0, 0, 0],
            "2.2083": [0, 0, 0]
          }
        },
        "finger5": {
          "rotation": {
            "0.0": [0, 0, 0],
            "1.0": [0, 0, 22.5],
            "2.0": [0, 0, 0],
            "2.2083": [0, 0, 0]
          }
        },
        "finger6": {
          "rotation": {
            "0.0": [0, 0, 0],
            "1.0": [0, 0, 20],
            "2.0": [0, 0, 0],
            "2.2083": [0, 0, 0]
          }
        },
        "finger7": {
          "rotation": {
            "0.0": [0, 0, 0],
            "1.0": [0, 0, 17.5],
            "2.0": [0, 0, 0],
            "2.2083": [0, 0, 0]
          }
        },
        "finger8": {
          "rotation": {
            "0.0": [0, 0, 0],
            "1.0": [0.09891, -2.68407, 10.77995],
            "2.0": [0, 0, 0],
            "2.2083": [0, 0, 0]
          }
        },
        "foot_l": {
          "rotation": {
            "0.0": {
              "lerp_mode": "catmullrom",
              "post": [19.3531, -14.0761, 5.23619]
            },
            "1.0": {
              "lerp_mode": "catmullrom",
              "post": [13.81599, -14.0761, 5.23619]
            },
            "2.2083": {
              "lerp_mode": "catmullrom",
              "post": [19.3531, -14.0761, 5.23619]
            }
          }
        },
        "foot_r": {
          "rotation": {
            "0.0": [-22.53823, 19.60325, -15.52355],
            "1.0": [-10.03823, 19.60325, -15.52355],
            "2.2083": [-22.53823, 19.60325, -15.52355]
          }
        },
        "forearm_l": {
          "rotation": {
            "0.0": [-77.78944, -44.19435, 29.85727],
            "1.0": [-97.78944, -44.19435, 29.85727],
            "2.2083": [-77.78944, -44.19435, 29.85727]
          }
        },
        "forearm_r": {
          "rotation": {
            "0.0": {
              "lerp_mode": "catmullrom",
              "post": [-39.76228, 12.3071, 2.20462]
            },
            "1.0": {
              "lerp_mode": "catmullrom",
              "post": [-59.76228, 12.3071, 2.20462]
            },
            "2.2083": {
              "lerp_mode": "catmullrom",
              "post": [-39.76228, 12.3071, 2.20462]
            }
          }
        },
        "head": {
          "rotation": {
            "0.0": {
              "lerp_mode": "catmullrom",
              "post": [-47.5, 0, 0]
            },
            "1.0": {
              "lerp_mode": "catmullrom",
              "post": [-70, 0, 0]
            },
            "2.2083": {
              "lerp_mode": "catmullrom",
              "post": [-47.5, 0, 0]
            }
          }
        },
        "leg2_l": {
          "rotation": {
            "0.0": {
              "lerp_mode": "catmullrom",
              "post": [-12.5, 0, 0]
            },
            "1.0": {
              "lerp_mode": "catmullrom",
              "post": [-12.5, 0, 0]
            },
            "2.2083": {
              "lerp_mode": "catmullrom",
              "post": [-12.5, 0, 0]
            }
          }
        },
        "leg2_r": {
          "rotation": {
            "0.0": {
              "lerp_mode": "catmullrom",
              "post": [-15, 0, 0]
            },
            "1.0": {
              "lerp_mode": "catmullrom",
              "post": [-37.65108, 9.84655, -1.75378]
            },
            "2.2083": {
              "lerp_mode": "catmullrom",
              "post": [-15, 0, 0]
            }
          }
        },
        "leg_l": {
          "rotation": {
            "0.0": {
              "lerp_mode": "catmullrom",
              "post": [35, 0, 0]
            },
            "0.4167": {
              "lerp_mode": "catmullrom",
              "post": [41.26, 0, 0]
            },
            "1.0": {
              "lerp_mode": "catmullrom",
              "post": [47.5, 0, 0]
            },
            "2.2083": {
              "lerp_mode": "catmullrom",
              "post": [35, 0, 0]
            }
          }
        },
        "leg_r": {
          "rotation": {
            "0.0": [15, 0, 0],
            "2.2083": [15, 0, 0]
          }
        },
        "tail": {
          "rotation": {
            "0.0": [0, 0, 0],
            "2.0833": [0, 0, 0]
          }
        },
        "tail2": {
          "rotation": {
            "0.0": [-6.55426, 0, 0],
            "0.0417": [-4.61231, -4.41552, 0.17791],
            "0.0833": [-5.00459, -8.90512, 0.38995],
            "0.125": [-5.4085, -13.41417, 0.6365],
            "0.1667": [-5.82451, -17.88663, 0.91738],
            "0.2083": [-6.25314, -22.26906, 1.23191],
            "0.25": [-6.6949, -26.51423, 1.57902],
            "0.2917": [-8.7306, -30.1377, 2.35483],
            "0.3333": [-11.52669, -33.98637, 3.53337],
            "0.375": [-14.56594, -37.0503, 4.90427],
            "0.4167": [-17.38887, -38.72361, 6.15198],
            "0.4583": [-19.61883, -38.57759, 6.92555],
            "0.5": [-20.94062, -35.98754, 6.87],
            "0.5417": [-21.11082, -34.74035, 6.67185],
            "0.5833": [-21.23905, -33.08226, 6.37453],
            "0.625": [-21.32724, -31.00017, 5.97842],
            "0.6667": [-21.37711, -28.47633, 5.48402],
            "0.7083": [-21.39016, -25.49236, 4.89262],
            "0.75": [-21.36776, -22.03467, 4.20719],
            "0.7917": [-21.31118, -18.10161, 3.43339],
            "0.8333": [-21.2216, -13.71185, 2.58067],
            "0.875": [-21.10016, -8.91279, 1.66319],
            "0.9167": [-20.94803, -3.78616, 0.70019],
            "0.9583": [-20.76636, 1.55226, -0.28444],
            "1.0": [-20.55641, 6.96124, -1.26384],
            "1.0417": [-21.48261, 12.35701, -2.35291],
            "1.0833": [-21.22657, 17.49182, -3.30249],
            "1.125": [-20.94626, 22.2866, -4.17067],
            "1.1667": [-20.64333, 26.65904, -4.94165],
            "1.2083": [-20.31967, 30.56153, -5.60595],
            "1.25": [-19.97736, 33.97536, -6.15965],
            "1.2917": [-19.61876, 36.90211, -6.60311],
            "1.3333": [-19.24644, 39.35508, -6.93968],
            "1.375": [-18.86326, 41.35209, -7.17444],
            "1.4167": [-18.47231, 42.90998, -7.31328],
            "1.4583": [-18.07693, 44.0405, -7.3621],
            "1.5": [-17.68065, 44.74723, -7.32623],
            "1.5417": [-17.06256, 45.1144, -7.13114],
            "1.5833": [-16.33965, 44.87378, -6.78519],
            "1.625": [-15.5335, 44.08209, -6.32128],
            "1.6667": [-14.66562, 42.77467, -5.77034],
            "1.7083": [-13.7568, 40.97402, -5.16125],
            "1.75": [-12.82671, 38.69745, -4.52066],
            "1.7917": [-11.8935, 35.96466, -3.87282],
            "1.8333": [-10.97366, 32.80546, -3.23934],
            "1.875": [-10.0819, 29.26727, -2.63881],
            "1.9167": [-9.23121, 25.4212, -2.08642],
            "1.9583": [-8.43298, 21.36487, -1.59353],
            "2.0": [-7.6972, 17.22026, -1.1672],
            "2.0417": [-6.94644, 13.11553, -0.79951],
            "2.0833": [-6.36204, 9.2193, -0.51348],
            "2.125": [-5.86432, 5.65538, -0.28991],
            "2.1667": [-5.46071, 2.54692, -0.12148]
          }
        },
        "tail4": {
          "rotation": {
            "0.0": [0, 0, 0],
            "0.5": {
              "lerp_mode": "catmullrom",
              "post": [0, -27.5, 0],
              "pre": [0, -27.5, 0]
            },
            "1.5": {
              "lerp_mode": "catmullrom",
              "post": [0, 20, 0]
            },
            "2.2083": [0, 0, 0]
          }
        },
        "tail5": {
          "position": {
            "0.0": [0, 1, -1],
            "0.5": [0, 0, -1],
            "2.2083": [0, 1, -1]
          },
          "rotation": {
            "0.0": {
              "lerp_mode": "catmullrom",
              "post": [-5, 0, 0]
            },
            "0.5": {
              "lerp_mode": "catmullrom",
              "post": [-5, -30, 0]
            },
            "1.5": {
              "lerp_mode": "catmullrom",
              "post": [-7.5, 15, 0]
            },
            "2.2083": {
              "lerp_mode": "catmullrom",
              "post": [-5, 0, 0]
            }
          }
        },
        "thigh_l": {
          "position": {
            "0.0": {
              "lerp_mode": "catmullrom",
              "post": [0, 0, 0]
            },
            "1.0": {
              "lerp_mode": "catmullrom",
              "post": [0, 1, 0]
            },
            "2.2083": {
              "lerp_mode": "catmullrom",
              "post": [0, 0, 0]
            }
          },
          "rotation": {
            "0.0": {
              "lerp_mode": "catmullrom",
              "post": [-64.35357, -12.05915, -3.35927]
            },
            "1.0": {
              "lerp_mode": "catmullrom",
              "post": [-71.85357, -12.05915, -3.35927]
            },
            "2.2083": {
              "lerp_mode": "catmullrom",
              "post": [-64.35357, -12.05915, -3.35927]
            }
          }
        },
        "thigh_r": {
          "rotation": {
            "0.0": {
              "lerp_mode": "catmullrom",
              "post": [9.06463, 4.04329, 11.61594]
            },
            "1.0": {
              "lerp_mode": "catmullrom",
              "post": [26.43778, 1.71721, 10.69097]
            },
            "2.2083": {
              "lerp_mode": "catmullrom",
              "post": [9.06463, 4.04329, 11.61594]
            }
          }
        },
        "toes_r": {
          "rotation": {
            "0.0": {
              "lerp_mode": "catmullrom",
              "post": [-10, 0, 0]
            },
            "2.2083": {
              "lerp_mode": "catmullrom",
              "post": [-10, 0, 0]
            }
          }
        },
        "torso": {
          "rotation": {
            "0.0": {
              "lerp_mode": "catmullrom",
              "post": [17.5, 0, 0]
            },
            "0.5417": {
              "lerp_mode": "catmullrom",
              "post": [22.99512, 4.60447, 1.95116]
            },
            "1.0": {
              "lerp_mode": "catmullrom",
              "post": [27.5, 0, 0]
            },
            "1.4583": {
              "lerp_mode": "catmullrom",
              "post": [22.99512, -4.60447, -1.95116]
            },
            "2.0": [17.5, 0, 0]
          }
        },
        "waist": {
          "position": {
            "0.0": {
              "lerp_mode": "catmullrom",
              "post": [0, -3, 9]
            },
            "1.0": {
              "lerp_mode": "catmullrom",
              "post": [0, -5, 9]
            },
            "2.2083": {
              "lerp_mode": "catmullrom",
              "post": [0, -3, 9]
            }
          },
          "rotation": {
            "0.0": [27.5, 0, 0],
            "2.2083": [27.5, 0, 0]
          }
        }
      },
      "loop": true
    },
    "animation.zeraora.blink": {
      "animation_length": 0.2083,
      "bones": {
        "eye_l": {
          "position": {
            "0.0": [0, 0, 1],
            "0.1667": [0, 0, 0],
            "0.2083": {
              "post": [0, 0, 0],
              "pre": [0, 0, 0]
            }
          }
        },
        "eye_l_closed": {
          "position": {
            "0.0": [0, 0, -1.01],
            "0.1667": [0, 0, 0],
            "0.2083": {
              "post": [0, 0, 0],
              "pre": [0, 0, 0]
            }
          }
        },
        "eye_r": {
          "position": {
            "0.0": [0, 0, 1],
            "0.1667": [0, 0, 0],
            "0.2083": {
              "post": [0, 0, 0],
              "pre": [0, 0, 0]
            }
          }
        },
        "eye_r_closed": {
          "position": {
            "0.0": [0, 0, -1.01],
            "0.1667": [0, 0, 0],
            "0.2083": {
              "post": [0, 0, 0],
              "pre": [0, 0, 0]
            }
          }
        },
        "tail3": {
          "position": [0, 0, 0]
        }
      }
    },
    "animation.zeraora.cry": {
      "animation_length": 1.5,
      "bones": {
        "eye_l": {
          "position": [0, 0, 0],
          "rotation": [0, 0, -2.5]
        },
        "eye_r": {
          "position": [0, 0, 0],
          "rotation": [0, 0, 2.5]
        },
        "head": {
          "rotation": {
            "0.0": [0, 0, 0],
            "0.0833": [-9, 0, 0],
            "0.1667": [-10, 0, 0],
            "0.25": [-1.37, 0, 0],
            "0.4167": [0.58, 0, 0],
            "0.5": [0.68, 0, 0],
            "0.6667": [-0.42, 0, 0],
            "0.75": [-0.5, 0, 0],
            "0.8333": [-0.02, 0, 0]
          }
        },
        "jaw": {
          "rotation": {
            "0.0": [0, 0, 0],
            "0.25": [25, 0, 0],
            "0.75": [25, 0, 0],
            "1.0": [0, 0, 0]
          }
        }
      },
      "sound_effects": {
        "0.0": {
          "effect": "pokemon.zeraora.cry"
        }
      }
    },
    "animation.zeraora.faint": {
      "animation_length": 3.5,
      "bones": {
        "arm_l": {
          "rotation": {
            "0.0": [0, 0, 0],
            "0.25": [-5, 0, 0],
            "0.375": [-4.99527, -0.21782, -2.4905],
            "0.75": [10, 0, 0],
            "0.7917": [10, 0, 0],
            "1.25": [40, 0, 0],
            "1.2917": [20, 0, 0]
          }
        },
        "arm_r": {
          "rotation": {
            "0.0": [0, 0, 0],
            "0.25": [-5, 0, 0],
            "0.375": [-4.98107, 0.43523, 4.98107],
            "0.75": [10, 0, 0],
            "0.7917": [10, 0, 0],
            "1.25": [40, 0, 30],
            "1.2917": [10, 0, 30]
          }
        },
        "body": {
          "rotation": {
            "0.0": [0, 0, 0],
            "0.2917": [3.57947, 2.36986, 0.79632],
            "1.2917": [0, 0, 0]
          }
        },
        "ear_l": {
          "rotation": {
            "0.2917": {
              "lerp_mode": "catmullrom",
              "post": [0, 0, 0],
              "pre": [0, 0, 0]
            },
            "0.375": {
              "lerp_mode": "catmullrom",
              "post": [0, 0, 42.5]
            },
            "0.5833": {
              "lerp_mode": "catmullrom",
              "post": [0, 0, 0]
            }
          }
        },
        "ear_r": {
          "rotation": {
            "0.2917": {
              "lerp_mode": "catmullrom",
              "post": [0, 0, 0],
              "pre": [0, 0, 0]
            },
            "0.375": {
              "lerp_mode": "catmullrom",
              "post": [0, 0, -42.5]
            },
            "0.5833": {
              "lerp_mode": "catmullrom",
              "post": [0, 0, 0]
            }
          }
        },
        "eye_l": {
          "position": {
            "0.0": [0, 0, 0],
            "0.0417": [0, 0, 1]
          }
        },
        "eye_l_closed": {
          "position": {
            "0.0": [0, 0, 0],
            "0.0417": [0, 0, -1.01]
          }
        },
        "eye_r": {
          "position": {
            "0.0": [0, 0, 0],
            "0.0417": [0, 0, 1]
          }
        },
        "eye_r_closed": {
          "position": {
            "0.0": [0, 0, 0],
            "0.0417": [0, 0, -1.01]
          }
        },
        "foot_l": {
          "rotation": {
            "0.0": [0, 0, 0],
            "0.625": [-38.71, 0, 0],
            "1.2917": [75, 0, 0]
          }
        },
        "foot_r": {
          "rotation": {
            "0.0": [0, 0, 0],
            "0.375": [2.61, 0, 0],
            "0.625": [-12.31, 0, 0],
            "1.0833": [52.5, 0, 0],
            "1.2917": [65, 0, 0]
          }
        },
        "forearm_l": {
          "rotation": {
            "0.0": [-45, 0, 0],
            "0.4583": [-50.12626, -4.92458, 15.39394],
            "0.625": [-52.44225, -10.94223, 18.89321],
            "0.8333": [-60.48652, -13.57544, 22.91027],
            "1.0417": [-65.66177, -57.66087, 21.00105],
            "1.2917": [-74.96706, -66.64687, 22.83232],
            "1.3333": [-85.35442, -64.27981, 29.35803]
          }
        },
        "forearm_r": {
          "rotation": {
            "0.0": [-45, 0, 0],
            "0.7917": [-45, 0, 0],
            "1.25": [-5, 80, 0],
            "1.2917": [-5, 80, 0]
          }
        },
        "head": {
          "rotation": {
            "0.0": [0, 0, 0],
            "0.25": [10, 0, 0],
            "0.3333": [20, 0, 0],
            "0.375": [10, 0, 0],
            "0.75": [0, 0, 0],
            "0.7917": [0, 0, 0],
            "1.0417": [-45.23, 0, 0],
            "1.25": [-65, 0, 0],
            "1.2917": [-72.5, 0, 0]
          }
        },
        "leg2_l": {
          "rotation": {
            "0.0": [0, 0, 0],
            "0.375": [16.06, 0, 0],
            "1.0833": [17.5, 0, 0],
            "1.2917": [30, 0, 0]
          }
        },
        "leg_l": {
          "rotation": {
            "0.0": [0, 0, 0],
            "0.625": [4.71, 0, 0],
            "1.0833": [12.5, 0, 0],
            "1.2917": [-2.5, 0, 0]
          }
        },
        "neck": {
          "rotation": {
            "0.0": [0, 0, 0],
            "0.25": [10, 0, 0],
            "0.375": [10, 0, 0],
            "0.75": [0, 0, 0],
            "0.7917": [0, 0, 0],
            "1.25": [-5, 0, 0],
            "1.2917": [0, 0, 0]
          }
        },
        "tail": {
          "rotation": {
            "0.0": {
              "lerp_mode": "catmullrom",
              "post": [0, 0, 0]
            },
            "0.1667": {
              "lerp_mode": "catmullrom",
              "post": [5, 0, 0]
            },
            "0.2917": {
              "lerp_mode": "catmullrom",
              "post": [-7.5, 0, 0]
            },
            "0.4167": {
              "lerp_mode": "catmullrom",
              "post": [-12.5, 0, 0]
            },
            "0.75": {
              "lerp_mode": "catmullrom",
              "post": [5, 0, 0]
            },
            "0.7917": {
              "lerp_mode": "catmullrom",
              "post": [5, 0, 0]
            },
            "1.25": {
              "lerp_mode": "catmullrom",
              "post": [10, 0, 0]
            },
            "1.5": [-22.5, -45, 0]
          }
        },
        "tail2": {
          "rotation": {
            "0.0": {
              "lerp_mode": "catmullrom",
              "post": [0, 0, 0]
            },
            "0.2083": {
              "lerp_mode": "catmullrom",
              "post": [17.5, 0, 0]
            },
            "0.4167": {
              "lerp_mode": "catmullrom",
              "post": [7.6, 0, 0]
            },
            "0.7917": {
              "lerp_mode": "catmullrom",
              "post": [0, 0, 0]
            },
            "1.25": {
              "lerp_mode": "catmullrom",
              "post": [12.5, 0, 0]
            },
            "1.2917": {
              "lerp_mode": "catmullrom",
              "post": [17.04, 0, 0]
            },
            "1.375": {
              "lerp_mode": "catmullrom",
              "post": [10.1474, 2.38249, 0.75768]
            },
            "1.5": {
              "lerp_mode": "catmullrom",
              "post": [0, 0, 0]
            }
          }
        },
        "tail3": {
          "rotation": {
            "0.0": {
              "lerp_mode": "catmullrom",
              "post": [0, 0, 0]
            },
            "0.2083": {
              "lerp_mode": "catmullrom",
              "post": [19.58, 0, 0]
            },
            "0.25": {
              "lerp_mode": "catmullrom",
              "post": [2.5, 0, 0]
            },
            "0.4167": {
              "lerp_mode": "catmullrom",
              "post": [-14.81394, -0.07842, -0.02372]
            },
            "0.7917": {
              "lerp_mode": "catmullrom",
              "post": [0, 0, 0]
            },
            "0.9583": {
              "lerp_mode": "catmullrom",
              "post": [11.83307, 2.39301, 0.72375]
            },
            "1.25": {
              "lerp_mode": "catmullrom",
              "post": [5, 0, 0]
            },
            "1.375": {
              "lerp_mode": "catmullrom",
              "post": [9.43923, 17.75912, 8.07722]
            },
            "1.5": {
              "lerp_mode": "catmullrom",
              "post": [0, 0, 0]
            }
          }
        },
        "tail4": {
          "rotation": {
            "0.0": {
              "lerp_mode": "catmullrom",
              "post": [0, 0, 0]
            },
            "0.25": {
              "lerp_mode": "catmullrom",
              "post": [5, 0, 0]
            },
            "0.4167": {
              "lerp_mode": "catmullrom",
              "post": [-9.04, 0, 0]
            },
            "0.7917": {
              "lerp_mode": "catmullrom",
              "post": [0, 0, 0]
            },
            "0.9583": {
              "lerp_mode": "catmullrom",
              "post": [16.82, 0, 0]
            },
            "1.2083": {
              "lerp_mode": "catmullrom",
              "post": [13.07, 0, 0]
            },
            "1.25": {
              "lerp_mode": "catmullrom",
              "post": [5, 0, 0]
            },
            "1.375": {
              "lerp_mode": "catmullrom",
              "post": [19.26, 0, 0]
            },
            "1.5": [-2.5, 0, 0]
          }
        },
        "tail5": {
          "rotation": {
            "0.0": {
              "lerp_mode": "catmullrom",
              "post": [0, 0, 0]
            },
            "0.2083": {
              "lerp_mode": "catmullrom",
              "post": [-1.67, 0, 0]
            },
            "0.25": {
              "lerp_mode": "catmullrom",
              "post": [10, 0, 0]
            },
            "0.4167": {
              "lerp_mode": "catmullrom",
              "post": [-5, 0, 0]
            },
            "0.9583": {
              "lerp_mode": "catmullrom",
              "post": [0, 0, 0]
            },
            "1.1667": {
              "lerp_mode": "catmullrom",
              "post": [20, 0, 0]
            },
            "1.375": {
              "lerp_mode": "catmullrom",
              "post": [-7.98, 0, 0]
            },
            "1.5": [-5, 0, 0]
          }
        },
        "thigh_l": {
          "rotation": {
            "0.0": [0, 0, 0],
            "0.3333": [5.86666, -0.18506, -2.50302],
            "0.375": [6.57173, -0.15435, -2.50506],
            "0.5": [7.29, 0, 0],
            "1.0833": [40, 0, 0],
            "1.2917": [-12.5, 0, 0]
          }
        },
        "thigh_r": {
          "rotation": {
            "0.0": [0, 0, 0],
            "0.3333": [2.17064, 0.70161, 4.97224],
            "0.375": [2.14419, 0.3466, 2.48599],
            "1.0833": [20, 0, 0],
            "1.2917": [-2.5, 0, 0]
          }
        },
        "torso": {
          "rotation": {
            "0.0": {
              "lerp_mode": "catmullrom",
              "post": [20, 0, 0]
            },
            "0.25": {
              "lerp_mode": "catmullrom",
              "post": [15, 0, 0]
            },
            "0.3333": {
              "lerp_mode": "catmullrom",
              "post": [28.43, 0, 0]
            },
            "0.375": {
              "lerp_mode": "catmullrom",
              "post": [15, 0, 0]
            },
            "0.75": {
              "lerp_mode": "catmullrom",
              "post": [0, 0, 0]
            },
            "0.7917": {
              "lerp_mode": "catmullrom",
              "post": [0, 0, 0]
            },
            "1.25": {
              "lerp_mode": "catmullrom",
              "post": [-15, 0, 0]
            },
            "1.2917": [-15, 0, 0]
          }
        },
        "waist": {
          "position": [0, 0, 0],
          "rotation": {
            "0.0": [0, 0, 0],
            "0.375": [0, 0, 0],
            "0.75": [12.5, 0, 0],
            "0.7917": [12.5, 0, 0],
            "1.25": [90, 0, 0]
          }
        }
      }
    },
    "animation.zeraora.ground_idle": {
      "animation_length": 4,
      "bones": {
        "arm_l": {
          "rotation": {
            "0.0": {
              "lerp_mode": "catmullrom",
              "post": [0, 0, 0]
            },
            "2.0": {
              "lerp_mode": "catmullrom",
              "post": [0, 0, -2.5]
            },
            "4.0": {
              "lerp_mode": "catmullrom",
              "post": [0, 0, 0]
            }
          }
        },
        "arm_r": {
          "rotation": {
            "0.0": {
              "lerp_mode": "catmullrom",
              "post": [0, 0, 0]
            },
            "2.0": {
              "lerp_mode": "catmullrom",
              "post": [0, 0, 2.5]
            },
            "4.0": {
              "lerp_mode": "catmullrom",
              "post": [0, 0, 0]
            }
          }
        },
        "body": {
          "rotation": {
            "0.0": {
              "lerp_mode": "catmullrom",
              "post": [0, 0, 0]
            },
            "2.0": {
              "lerp_mode": "catmullrom",
              "post": [2.5, 0, 0]
            },
            "4.0": {
              "lerp_mode": "catmullrom",
              "post": [0, 0, 0]
            }
          }
        },
        "clawfinger": {
          "rotation": {
            "0.0": [0, 0, 0],
            "2.0": [0, 0, 5],
            "4.0": [0, 0, 0]
          }
        },
        "ear_l": {
          "rotation": {
            "0.0": [0, 0, 0],
            "2.0": [0, 0, 9],
            "4.0": [0, 0, 0]
          }
        },
        "ear_r": {
          "rotation": {
            "0.0": [0, 0, 0],
            "2.0": [0, 0, -9],
            "4.0": [0, 0, 0]
          }
        },
        "fingerclaw": {
          "rotation": {
            "0.0": [0, 0, 0],
            "2.0": [0, 0, 10],
            "4.0": [0, 0, 0]
          }
        },
        "fingerclaw2": {
          "rotation": {
            "0.0": [0, 0, 0],
            "2.0": [0, 0, 7.5],
            "4.0": [0, 0, 0]
          }
        },
        "fingerclaw3": {
          "rotation": {
            "0.0": [0, 0, 0],
            "2.0": [0, 0, 10],
            "4.0": [0, 0, 0]
          }
        },
        "fingerclaw4": {
          "rotation": {
            "0.0": [0, 0, 0],
            "2.0": [0, 0, 7.5],
            "4.0": [0, 0, 0]
          }
        },
        "fingerclaw5": {
          "rotation": {
            "0.0": [0, 0, 0],
            "2.0": [0, 0, 5],
            "4.0": [0, 0, 0]
          }
        },
        "fingerclaw6": {
          "rotation": {
            "0.0": [0, 0, 0],
            "2.0": [0, 0, 5],
            "4.0": [0, 0, 0]
          }
        },
        "fingerclaw7": {
          "rotation": {
            "0.0": [0, 0, 0],
            "2.0": [0, 0, 7.5],
            "4.0": [0, 0, 0]
          }
        },
        "forearm_l": {
          "rotation": [-27.5, 0, 0]
        },
        "forearm_r": {
          "rotation": [-30, 0, 0]
        },
        "head": {
          "rotation": [-15, 0, 0]
        },
        "tail": {
          "rotation": {
            "0.0": [0, 0, 0],
            "1.0": [0, 5, 0],
            "2.0": [0, 0, 0],
            "3.0": [0, -5, 0],
            "4.0": [0, 0, 0]
          }
        },
        "tail2": {
          "rotation": {
            "0.0": {
              "lerp_mode": "catmullrom",
              "post": [0, 0, 0]
            },
            "1.0": {
              "lerp_mode": "catmullrom",
              "post": [0, 2.5, 0]
            },
            "2.0": {
              "lerp_mode": "catmullrom",
              "post": [0, 0, 0]
            },
            "3.0": {
              "lerp_mode": "catmullrom",
              "post": [0, -2.5, 0]
            },
            "4.0": {
              "lerp_mode": "catmullrom",
              "post": [0, 0, 0]
            }
          }
        },
        "tail3": {
          "rotation": {
            "0.0": {
              "lerp_mode": "catmullrom",
              "post": [0, 0, 0]
            },
            "1.0": {
              "lerp_mode": "catmullrom",
              "post": [0, 10, 0]
            },
            "2.0": {
              "lerp_mode": "catmullrom",
              "post": [0, 0, 0]
            },
            "3.0": {
              "lerp_mode": "catmullrom",
              "post": [0, -10, 0]
            },
            "4.0": {
              "lerp_mode": "catmullrom",
              "post": [0, 0, 0]
            }
          }
        },
        "tail4": {
          "rotation": {
            "0.0": {
              "lerp_mode": "catmullrom",
              "post": [0, 0, 0]
            },
            "1.0": {
              "lerp_mode": "catmullrom",
              "post": [0, 12.5, 0]
            },
            "2.0": {
              "lerp_mode": "catmullrom",
              "post": [0, 0, 0]
            },
            "3.0": {
              "lerp_mode": "catmullrom",
              "post": [0, -12.5, 0]
            },
            "4.0": {
              "lerp_mode": "catmullrom",
              "post": [0, 0, 0]
            }
          }
        },
        "tail5": {
          "rotation": {
            "0.0": [0, 0, 0],
            "1.0": [0, 5, 0],
            "2.0": [0, 0, 0],
            "3.0": [0, -5, 0],
            "4.0": [0, 0, 0]
          }
        },
        "torso": {
          "rotation": [20, 0, 0]
        }
      },
      "loop": true
    },
    "animation.zeraora.ground_walk": {
      "animation_length": 1,
      "bones": {
        "arm_l": {
          "rotation": {
            "0.0": {
              "lerp_mode": "catmullrom",
              "post": [30, 0, 0]
            },
            "0.5": {
              "lerp_mode": "catmullrom",
              "post": [-15, 0, 0]
            },
            "1.0": {
              "lerp_mode": "catmullrom",
              "post": [30, 0, 0]
            }
          }
        },
        "arm_r": {
          "rotation": {
            "0.0": {
              "lerp_mode": "catmullrom",
              "post": [-15, 0, 0]
            },
            "0.5": {
              "lerp_mode": "catmullrom",
              "post": [30, 0, 0]
            },
            "1.0": {
              "lerp_mode": "catmullrom",
              "post": [-15, 0, 0]
            }
          }
        },
        "body": {
          "rotation": [5, 0, 0]
        },
        "ear_l": {
          "rotation": {
            "0.0": {
              "lerp_mode": "catmullrom",
              "post": [0, 0, 0]
            },
            "0.5": {
              "lerp_mode": "catmullrom",
              "post": [0, 0, 10]
            },
            "1.0": {
              "lerp_mode": "catmullrom",
              "post": [0, 0, 0]
            }
          }
        },
        "ear_r": {
          "rotation": {
            "0.0": {
              "lerp_mode": "catmullrom",
              "post": [0, 0, 0]
            },
            "0.5": {
              "lerp_mode": "catmullrom",
              "post": [0, 0, -10]
            },
            "1.0": {
              "lerp_mode": "catmullrom",
              "post": [0, 0, 0]
            }
          }
        },
        "foot_l": {
          "rotation": {
            "0.0": [10, 0, 0],
            "0.25": [0, 0, 0],
            "0.3333": [-10, 0, 0],
            "0.4167": [75, 0, 0],
            "0.5": [75, 0, 0],
            "0.75": [75, 0, 0],
            "0.9167": [-22.5, 0, 0],
            "1.0": [10, 0, 0]
          }
        },
        "foot_r": {
          "rotation": {
            "0.0": [75, 0, 0],
            "0.25": [75, 0, 0],
            "0.3333": [25, 0, 0],
            "0.4167": [-22.5, 0, 0],
            "0.5": [10, 0, 0],
            "0.75": [0, 0, 0],
            "0.8333": [-10, 0, 0],
            "1.0": [75, 0, 0]
          }
        },
        "forearm_l": {
          "rotation": {
            "0.0": {
              "lerp_mode": "catmullrom",
              "post": [0, 0, 0]
            },
            "0.5": {
              "lerp_mode": "catmullrom",
              "post": [-32.5, 0, 0]
            },
            "1.0": {
              "lerp_mode": "catmullrom",
              "post": [0, 0, 0]
            }
          }
        },
        "forearm_r": {
          "rotation": {
            "0.0": {
              "lerp_mode": "catmullrom",
              "post": [-32.5, 0, 0]
            },
            "0.5": {
              "lerp_mode": "catmullrom",
              "post": [-12.5, 0, 0]
            },
            "1.0": {
              "lerp_mode": "catmullrom",
              "post": [-32.5, 0, 0]
            }
          }
        },
        "forehead": {
          "rotation": {
            "0.0": [0, 0, 0],
            "0.5": [-2.5, 0, 0],
            "1.0": [0, 0, 0]
          }
        },
        "forehead2": {
          "rotation": {
            "0.0": {
              "lerp_mode": "catmullrom",
              "post": [0, 0, 0]
            },
            "0.5": {
              "lerp_mode": "catmullrom",
              "post": [-14, 0, 0]
            },
            "1.0": {
              "lerp_mode": "catmullrom",
              "post": [0, 0, 0]
            }
          }
        },
        "head": {
          "rotation": {
            "0.0": {
              "lerp_mode": "catmullrom",
              "post": [-14.70017, 10.1853, -1.5261]
            },
            "0.5": {
              "lerp_mode": "catmullrom",
              "post": [-15.35327, -13.4537, 0.20426]
            },
            "1.0": {
              "lerp_mode": "catmullrom",
              "post": [-14.70017, 10.1853, -1.5261]
            }
          }
        },
        "leg2_l": {
          "rotation": {
            "0.0": [10, 0, 0],
            "0.25": [0, 0, 0],
            "0.5": [-15, 0, 0],
            "0.75": [-17.5, 0, 0],
            "1.0": [10, 0, 0]
          }
        },
        "leg2_r": {
          "rotation": {
            "0.0": [-15, 0, 0],
            "0.25": [-17.5, 0, 0],
            "0.5": [10, 0, 0],
            "0.75": [0, 0, 0],
            "1.0": [-15, 0, 0]
          }
        },
        "leg_l": {
          "rotation": {
            "0.0": [17.5, 0, 0],
            "0.25": [0, 0, 0],
            "0.5": [22.5, 0, 0],
            "0.75": [22.5, 0, 0],
            "1.0": [17.5, 0, 0]
          }
        },
        "leg_r": {
          "rotation": {
            "0.0": {
              "lerp_mode": "catmullrom",
              "post": [22.5, 0, 0]
            },
            "0.25": {
              "lerp_mode": "catmullrom",
              "post": [27.5, 0, 0]
            },
            "0.5": {
              "lerp_mode": "catmullrom",
              "post": [17.5, 0, 0]
            },
            "0.75": {
              "lerp_mode": "catmullrom",
              "post": [0, 0, 0]
            },
            "1.0": {
              "lerp_mode": "catmullrom",
              "post": [22.5, 0, 0]
            }
          }
        },
        "tail": {
          "rotation": {
            "0.0": {
              "lerp_mode": "catmullrom",
              "post": [4.79476, 6.43043, -2.06064]
            },
            "0.5": {
              "lerp_mode": "catmullrom",
              "post": [-5.21944, -6.05234, 2.27835]
            },
            "1.0": {
              "lerp_mode": "catmullrom",
              "post": [4.79476, 6.43043, -2.06064]
            }
          }
        },
        "tail2": {
          "rotation": {
            "0.0": {
              "lerp_mode": "catmullrom",
              "post": [-2.5, 18.5, 0]
            },
            "0.5": {
              "lerp_mode": "catmullrom",
              "post": [0, -12.5, 0]
            },
            "1.0": {
              "lerp_mode": "catmullrom",
              "post": [-2.5, 18.5, 0]
            }
          }
        },
        "tail3": {
          "rotation": {
            "0.0": {
              "lerp_mode": "catmullrom",
              "post": [0, 16, 0]
            },
            "0.25": {
              "lerp_mode": "catmullrom",
              "post": [0, 8.75, 0]
            },
            "0.5": {
              "lerp_mode": "catmullrom",
              "post": [0, -8.5, 0]
            },
            "0.6667": {
              "lerp_mode": "catmullrom",
              "post": [0, -9.75, 0]
            },
            "1.0": {
              "lerp_mode": "catmullrom",
              "post": [0, 16, 0]
            }
          }
        },
        "tail4": {
          "rotation": {
            "0.0": {
              "lerp_mode": "catmullrom",
              "post": [0, 5, 0]
            },
            "0.25": {
              "lerp_mode": "catmullrom",
              "post": [0, 10, 0]
            },
            "0.5": {
              "lerp_mode": "catmullrom",
              "post": [0, -10, 0]
            },
            "0.75": {
              "lerp_mode": "catmullrom",
              "post": [0, -11.94, 0]
            },
            "1.0": {
              "lerp_mode": "catmullrom",
              "post": [0, 5, 0]
            }
          }
        },
        "tail5": {
          "rotation": {
            "0.0": {
              "lerp_mode": "catmullrom",
              "post": [0, 0, 0]
            },
            "0.25": {
              "lerp_mode": "catmullrom",
              "post": [0, 8.75, 0]
            },
            "0.5": {
              "lerp_mode": "catmullrom",
              "post": [0, -12.5, 0]
            },
            "0.75": {
              "lerp_mode": "catmullrom",
              "post": [0, -17.08, 0]
            },
            "1.0": {
              "lerp_mode": "catmullrom",
              "post": [0, 0, 0]
            }
          }
        },
        "thigh_l": {
          "position": {
            "0.0": {
              "lerp_mode": "catmullrom",
              "post": [0, -1, 0]
            },
            "0.75": {
              "lerp_mode": "catmullrom",
              "post": [0, 1, 0]
            },
            "1.0": {
              "lerp_mode": "catmullrom",
              "post": [0, -1, 0]
            }
          },
          "rotation": {
            "0.0": {
              "lerp_mode": "catmullrom",
              "post": [-42.5, 0, 0]
            },
            "0.25": {
              "lerp_mode": "catmullrom",
              "post": [0, 0, 0]
            },
            "0.5": {
              "lerp_mode": "catmullrom",
              "post": [47.5, 0, 0]
            },
            "0.75": {
              "lerp_mode": "catmullrom",
              "post": [0, 0, 0]
            },
            "1.0": {
              "lerp_mode": "catmullrom",
              "post": [-42.5, 0, 0]
            }
          }
        },
        "thigh_r": {
          "position": {
            "0.0": {
              "lerp_mode": "catmullrom",
              "post": [0, 0, 0]
            },
            "0.25": {
              "lerp_mode": "catmullrom",
              "post": [0, 0.5, 0]
            },
            "0.5": {
              "lerp_mode": "catmullrom",
              "post": [0, -1, 0]
            },
            "1.0": {
              "lerp_mode": "catmullrom",
              "post": [0, 0, 0]
            }
          },
          "rotation": {
            "0.0": {
              "lerp_mode": "catmullrom",
              "post": [47.5, 0, 0]
            },
            "0.25": {
              "lerp_mode": "catmullrom",
              "post": [0, 0, 0]
            },
            "0.5": {
              "lerp_mode": "catmullrom",
              "post": [-42.5, 0, 0]
            },
            "0.75": {
              "lerp_mode": "catmullrom",
              "post": [0, 0, 0]
            },
            "1.0": {
              "lerp_mode": "catmullrom",
              "post": [47.5, 0, 0]
            }
          }
        },
        "torso": {
          "rotation": {
            "0.0": {
              "lerp_mode": "catmullrom",
              "post": [20.44582, -11.73507, -4.3361]
            },
            "0.5": {
              "lerp_mode": "catmullrom",
              "post": [20.44582, 11.73507, 4.3361]
            },
            "1.0": {
              "lerp_mode": "catmullrom",
              "post": [20.44582, -11.73507, -4.3361]
            }
          }
        },
        "waist": {
          "position": {
            "0.0": [0, -2, 0],
            "0.25": [0, 0, 0],
            "0.5": [0, -2, 0],
            "0.75": [0, 0, 0],
            "1.0": [0, -2, 0]
          }
        }
      },
      "loop": true
    },
    "animation.zeraora.idle 3": {
      "animation_length": 52.5417,
      "bones": {
        "arm_l": {
          "rotation": [0, 0, -22.5]
        },
        "arm_r": {
          "rotation": [-7.38217, 22.9824, 24.56202]
        },
        "body": {
          "rotation": [12.5, 0, 0]
        },
        "eye_r": {
          "position": {
            "0.0": [0, 0, 0],
            "15.4583": [0, 0, 0]
          }
        },
        "foot_l": {
          "rotation": [39.3531, -14.0761, 5.23619]
        },
        "foot_r": {
          "rotation": [-20.03823, 19.60325, -15.52355]
        },
        "forearm_l": {
          "rotation": [-77.78944, -44.19435, 29.85727]
        },
        "forearm_r": {
          "rotation": [-39.76228, 12.3071, 2.20462]
        },
        "head": {
          "rotation": [-47.5, 0, 0]
        },
        "leg2_r": {
          "rotation": [-15, 0, 0]
        },
        "leg_l": {
          "rotation": [10, 0, 0]
        },
        "leg_r": {
          "rotation": [10, 0, 0]
        },
        "thigh_l": {
          "rotation": [-69.70246, -7.24011, -1.98102]
        },
        "thigh_r": {
          "rotation": [9.06463, 4.04329, 11.61594]
        },
        "toes_r": {
          "rotation": [-10, 0, 0]
        },
        "torso": {
          "rotation": [17.5, 0, 0]
        },
        "waist": {
          "position": [0, -2, 9],
          "rotation": [27.5, 0, 0]
        }
      }
    },
    "animation.zeraora.lick_quirk": {
      "animation_length": 4.75,
      "bones": {
        "arm_r": {
          "rotation": {
            "0.0": {
              "lerp_mode": "catmullrom",
              "post": [0, 0, 0]
            },
            "0.5417": {
              "lerp_mode": "catmullrom",
              "post": [-35.56438, 1.02985, 27.53092]
            },
            "1.25": {
              "lerp_mode": "catmullrom",
              "post": [-35.56438, 1.02985, 27.53092]
            },
            "4.0417": {
              "lerp_mode": "catmullrom",
              "post": [-35.56438, 1.02985, 27.53092]
            },
            "4.5": {
              "lerp_mode": "catmullrom",
              "post": [0, 0, 0]
            },
            "4.75": {
              "lerp_mode": "catmullrom",
              "post": [0, 0, 0]
            }
          }
        },
        "ear_l": {
          "rotation": {
            "1.25": {
              "lerp_mode": "catmullrom",
              "post": [0, 0, 0],
              "pre": [0, 0, 0]
            },
            "1.5": {
              "lerp_mode": "catmullrom",
              "post": [0, 0, 7.5]
            },
            "1.7083": {
              "lerp_mode": "catmullrom",
              "post": [0, 0, 0]
            },
            "1.9167": {
              "lerp_mode": "catmullrom",
              "post": [0, 0, 7.5]
            },
            "2.0833": {
              "lerp_mode": "catmullrom",
              "post": [0, 0, 0]
            }
          }
        },
        "ear_r": {
          "rotation": {
            "1.25": {
              "lerp_mode": "catmullrom",
              "post": [0, 0, 0],
              "pre": [0, 0, 0]
            },
            "1.5": {
              "lerp_mode": "catmullrom",
              "post": [0, 0, -7.5]
            },
            "1.7083": {
              "lerp_mode": "catmullrom",
              "post": [0, 0, 0]
            },
            "1.9167": {
              "lerp_mode": "catmullrom",
              "post": [0, 0, -7.5]
            },
            "2.0833": {
              "lerp_mode": "catmullrom",
              "post": [0, 0, 0]
            }
          }
        },
        "eye_l": {
          "position": {
            "0.0": [0, 0, 0],
            "1.25": [0, 0, 0],
            "1.375": [0, 0, 1],
            "3.4583": [0, 0, 0]
          }
        },
        "eye_l_closed": {
          "position": {
            "0.0": [0, 0, 0],
            "1.25": [0, 0, 0],
            "1.375": [0, 0, -1.01],
            "3.4583": [0, 0, 0]
          }
        },
        "eye_r": {
          "position": {
            "1.25": [0, 0, 0],
            "1.375": [0, 0, 1],
            "3.4583": [0, 0, 0]
          }
        },
        "eye_r_closed": {
          "position": {
            "1.25": [0, 0, 0],
            "1.375": [0, 0, -1.01],
            "3.4583": [0, 0, 0]
          }
        },
        "forearm_r": {
          "rotation": {
            "0.0": {
              "lerp_mode": "catmullrom",
              "post": [0, 0, 0]
            },
            "0.9583": {
              "lerp_mode": "catmullrom",
              "post": [-61.82614, 26.72777, 54.97661]
            },
            "2.125": {
              "lerp_mode": "catmullrom",
              "post": [-62.11817, 27.61394, 61.3959]
            },
            "3.6667": {
              "lerp_mode": "catmullrom",
              "post": [-62.11817, 27.61394, 61.3959]
            },
            "4.25": {
              "lerp_mode": "catmullrom",
              "post": [0, 0, 0]
            },
            "4.75": {
              "lerp_mode": "catmullrom",
              "post": [0, 0, 0]
            }
          }
        },
        "forehead2": {
          "rotation": {
            "0.0": {
              "lerp_mode": "catmullrom",
              "post": [0, 0, 0]
            },
            "1.375": {
              "lerp_mode": "catmullrom",
              "post": [0, 0, 0]
            },
            "1.5417": {
              "lerp_mode": "catmullrom",
              "post": [-5, 0, 0]
            },
            "1.6667": {
              "lerp_mode": "catmullrom",
              "post": [-27.5, 0, 0]
            },
            "1.9583": {
              "lerp_mode": "catmullrom",
              "post": [7.5, 0, 0]
            },
            "2.1667": {
              "lerp_mode": "catmullrom",
              "post": [-25, 0, 0]
            },
            "2.5": {
              "lerp_mode": "catmullrom",
              "post": [-2.5, 0, 0]
            },
            "2.75": {
              "lerp_mode": "catmullrom",
              "post": [-27.5, 0, 0]
            },
            "3.25": {
              "lerp_mode": "catmullrom",
              "post": [-2.5, 0, 0]
            },
            "4.75": {
              "lerp_mode": "catmullrom",
              "post": [0, 0, 0]
            }
          }
        },
        "head": {
          "rotation": {
            "0.0": {
              "lerp_mode": "catmullrom",
              "post": [0, 0, 0]
            },
            "0.5417": {
              "lerp_mode": "catmullrom",
              "post": [5, 20, 0]
            },
            "1.2917": {
              "lerp_mode": "catmullrom",
              "post": [8.125, 12.5, 0]
            },
            "1.5": {
              "lerp_mode": "catmullrom",
              "post": [-3.22917, 10.41667, 0]
            },
            "1.7083": {
              "lerp_mode": "catmullrom",
              "post": [4.91667, 8.33333, 0]
            },
            "2.25": {
              "lerp_mode": "catmullrom",
              "post": [9.27083, 10.41667, 0]
            },
            "2.5": {
              "lerp_mode": "catmullrom",
              "post": [-7.58333, 8.33333, 0]
            },
            "2.75": {
              "lerp_mode": "catmullrom",
              "post": [9.91667, 8.33333, 0]
            },
            "3.1667": {
              "lerp_mode": "catmullrom",
              "post": [-4.69326, 6.56028, 0]
            },
            "4.375": [0, 0, 0],
            "4.75": [0, 0, 0]
          }
        },
        "jaw": {
          "rotation": {
            "0.0": [0, 0, 0],
            "0.5": [0, 0, 0],
            "1.2083": [30, 0, 0],
            "1.5417": [0, 0, 0],
            "1.75": [25, 0, 0],
            "1.875": [0, 0, 0],
            "2.0833": [20, 0, 0],
            "2.5": [0, 0, 0],
            "2.7917": [25, 0, 0],
            "3.3333": [0, 0, 0]
          }
        },
        "neck": {
          "rotation": {
            "0.0": {
              "lerp_mode": "catmullrom",
              "post": [0, 0, 0]
            },
            "1.25": {
              "lerp_mode": "catmullrom",
              "post": [27.5, 0, 0]
            },
            "1.5": {
              "lerp_mode": "catmullrom",
              "post": [12.5, 0, 0]
            },
            "1.75": {
              "lerp_mode": "catmullrom",
              "post": [30, 0, 0]
            },
            "1.9583": {
              "lerp_mode": "catmullrom",
              "post": [12.5, 0, 0]
            },
            "2.1667": {
              "lerp_mode": "catmullrom",
              "post": [30, 0, 0]
            },
            "4.75": {
              "lerp_mode": "catmullrom",
              "post": [0, 0, 0]
            }
          }
        }
      }
    },
    "animation.zeraora.sample": {
      "animation_length": 2.2083,
      "bones": {
        "arm_l": {
          "rotation": [0, 0, -22.5]
        },
        "arm_r": {
          "rotation": [-7.38217, 22.9824, 24.56202]
        },
        "boa": {
          "rotation": [0, 0, 0]
        },
        "body": {
          "rotation": {
            "0.0": [12.5, 0, 0],
            "1.0": [25, 0, 0],
            "2.2083": [12.5, 0, 0]
          }
        },
        "eye_r": {
          "position": [0, 0, 0]
        },
        "finger": {
          "rotation": {
            "0.0": [0, 0, 0],
            "1.0": [0, 0, 17.5],
            "2.0": [0, 0, 0],
            "2.2083": [0, 0, 0]
          }
        },
        "finger2": {
          "rotation": {
            "0.0": [0, 0, 0],
            "1.0": [0, 0, 15],
            "2.0": [0, 0, 0],
            "2.2083": [0, 0, 0]
          }
        },
        "finger3": {
          "rotation": {
            "0.0": [0, 0, 0],
            "1.0": [0, 0, 17.5],
            "2.0": [0, 0, 0],
            "2.2083": [0, 0, 0]
          }
        },
        "finger4": {
          "rotation": {
            "0.0": [0, 0, 0],
            "1.0": [10.24529, 5.52235, 5.08269],
            "2.0": [0, 0, 0],
            "2.2083": [0, 0, 0]
          }
        },
        "finger5": {
          "rotation": {
            "0.0": [0, 0, 0],
            "1.0": [0, 0, 22.5],
            "2.0": [0, 0, 0],
            "2.2083": [0, 0, 0]
          }
        },
        "finger6": {
          "rotation": {
            "0.0": [0, 0, 0],
            "1.0": [0, 0, 20],
            "2.0": [0, 0, 0],
            "2.2083": [0, 0, 0]
          }
        },
        "finger7": {
          "rotation": {
            "0.0": [0, 0, 0],
            "1.0": [0, 0, 17.5],
            "2.0": [0, 0, 0],
            "2.2083": [0, 0, 0]
          }
        },
        "finger8": {
          "rotation": {
            "0.0": [0, 0, 0],
            "1.0": [0.09891, -2.68407, 10.77995],
            "2.0": [0, 0, 0],
            "2.2083": [0, 0, 0]
          }
        },
        "foot_l": {
          "rotation": {
            "0.0": [39.3531, -14.0761, 5.23619],
            "1.0": [31.8531, -14.0761, 5.23619],
            "2.2083": [39.3531, -14.0761, 5.23619]
          }
        },
        "foot_r": {
          "rotation": {
            "0.0": [-20.03823, 19.60325, -15.52355],
            "1.0": [-10.03823, 19.60325, -15.52355],
            "2.2083": [-20.03823, 19.60325, -15.52355]
          }
        },
        "forearm_l": {
          "rotation": {
            "0.0": [-77.78944, -44.19435, 29.85727],
            "1.0": [-97.78944, -44.19435, 29.85727],
            "2.2083": [-77.78944, -44.19435, 29.85727]
          }
        },
        "forearm_r": {
          "rotation": {
            "0.0": [-39.76228, 12.3071, 2.20462],
            "1.0": [-59.76228, 12.3071, 2.20462],
            "2.2083": [-39.76228, 12.3071, 2.20462]
          }
        },
        "head": {
          "rotation": {
            "0.0": [-47.5, 0, 0],
            "1.0": [-65, 0, 0],
            "2.2083": [-47.5, 0, 0]
          }
        },
        "leg2_l": {
          "rotation": {
            "0.0": [0, 0, 0],
            "1.0": [-12.5, 0, 0],
            "2.2083": [0, 0, 0]
          }
        },
        "leg2_r": {
          "rotation": {
            "0.0": [-15, 0, 0],
            "1.0": [-37.65108, 9.84655, -1.75378],
            "2.2083": [-15, 0, 0]
          }
        },
        "leg_l": {
          "rotation": {
            "0.0": [10, 0, 0],
            "1.0": [35, 0, 0],
            "2.2083": [10, 0, 0]
          }
        },
        "leg_r": {
          "rotation": [10, 0, 0]
        },
        "thigh_l": {
          "rotation": {
            "0.0": [-69.70246, -7.24011, -1.98102],
            "1.0": [-82.20246, -7.24011, -1.98102],
            "2.2083": [-69.70246, -7.24011, -1.98102]
          }
        },
        "thigh_r": {
          "rotation": {
            "0.0": [9.06463, 4.04329, 11.61594],
            "1.0": [31.56463, 4.04329, 11.61594],
            "2.2083": [9.06463, 4.04329, 11.61594]
          }
        },
        "toes_r": {
          "rotation": {
            "0.0": [-10, 0, 0],
            "2.2083": [-10, 0, 0]
          }
        },
        "torso": {
          "rotation": {
            "0.0": [17.5, 0, 0],
            "1.0": [25, 0, 0],
            "2.0": [17.5, 0, 0]
          }
        },
        "waist": {
          "position": {
            "0.0": [0, -2, 9],
            "1.0": [0, -5, 9],
            "2.2083": [0, -2, 9]
          },
          "rotation": {
            "0.0": [27.5, 0, 0],
            "2.2083": [27.5, 0, 0]
          }
        }
      },
      "loop": true
    },
    "animation.zeraora.sleep": {
      "animation_length": 3.7917,
      "bones": {
        "arm_l": {
          "rotation": [-120, 0, 35]
        },
        "arm_r": {
          "rotation": [-50, -35, 0]
        },
        "body": {
          "rotation": {
            "0.0": [15, 0, -5],
            "2.2083": [17.5, 0, -5],
            "3.7917": [15, 0, -5]
          }
        },
        "eye_l": {
          "position": [0, 0, 1]
        },
        "eye_l_closed": {
          "position": [0, 0, -1.01]
        },
        "eye_r": {
          "position": [0, 0, 1]
        },
        "eye_r_closed": {
          "position": [0, 0, -1.01]
        },
        "fingerclaw3": {
          "rotation": {
            "0.0": [0, 0, 0],
            "2.25": [0, 0, 10],
            "3.7917": [0, 0, 0]
          }
        },
        "fingerclaw4": {
          "rotation": {
            "0.0": [0, 0, 0],
            "2.2083": [0, 0, 17.5],
            "3.7917": [0, 0, 0]
          }
        },
        "foot_r": {
          "rotation": [50, 0, 0]
        },
        "forearm_l": {
          "rotation": [-90, 0, 0]
        },
        "forearm_r": {
          "rotation": {
            "0.0": [-90, 0, 0],
            "1.7083": [-90.07031, 4.69776, -1.71394],
            "3.7917": [-90, 0, 0]
          }
        },
        "head": {
          "rotation": [20, 0, 0]
        },
        "leg2_l": {
          "rotation": [47.5, 0, 0]
        },
        "leg2_r": {
          "rotation": [40, 0, 0]
        },
        "leg_l": {
          "rotation": [30, 0, 0]
        },
        "leg_r": {
          "rotation": [30, 0, 0]
        },
        "neck": {
          "rotation": [0, 0, -15]
        },
        "tail": {
          "rotation": [-20, 0, 0]
        },
        "tail2": {
          "rotation": [5, 0, 0]
        },
        "tail3": {
          "rotation": [-37.5, 0, 0]
        },
        "tail4": {
          "rotation": [-20, 0, 0]
        },
        "thigh_l": {
          "rotation": [-45, 0, 7.5]
        },
        "thigh_r": {
          "rotation": [-24.24953, -23.04067, -25.62335]
        },
        "torso": {
          "rotation": {
            "0.0": [22.5, 0, 0],
            "2.2083": [22.48072, -0.95645, 2.30991],
            "3.7917": [22.5, 0, 0]
          }
        },
        "waist": {
          "position": [-17, 2, 3],
          "rotation": [0, 0, 90]
        }
      },
      "loop": true
    }
  },
  "format_version": "1.8.0"
}