{
  "animations": {
    "animation.petilil.air_fly": {
      "bones": {
        "body": {
          "position": [0, 3, -2],
          "rotation": ["39.9911+1.5*math.sin(q.anim_time*360-90)*1", -0.20244, "0.0529-1.5*math.sin(q.anim_time*360-45)*1"]
        },
        "head": {
          "rotation": [-22.5, 0, 0]
        },
        "leaf_front": {
          "rotation": [0, "+2*(q.anim_time*360)", 0]
        },
        "leaf_left": {
          "rotation": [0, "+2*(q.anim_time*360)", 0]
        },
        "leaf_right": {
          "rotation": [0, "0+2*(q.anim_time*360)", 0]
        }
      },
      "loop": true
    },
    "animation.petilil.air_hover": {
      "bones": {
        "body": {
          "position": [0, 3, -2],
          "rotation": ["39.9911+1.5*math.sin(q.anim_time*360-90)*1", -0.20244, "0.0529-1.5*math.sin(q.anim_time*360-45)*1"]
        },
        "head": {
          "rotation": [-22.5, 0, 0]
        },
        "leaf_front": {
          "rotation": [0, "+2*(q.anim_time*360)", 0]
        },
        "leaf_left": {
          "rotation": [0, "+2*(q.anim_time*360)", 0]
        },
        "leaf_right": {
          "rotation": [0, "0+2*(q.anim_time*360)", 0]
        }
      },
      "loop": true
    },
    "animation.petilil.blink": {
      "animation_length": 0.5,
      "bones": {
        "eye_left": {
          "position": {
            "0.0": [0, 0, 0],
            "0.0833": [0, 0, 0],
            "0.125": [0, -0.5, 0],
            "0.1667": [0, 0, 0],
            "0.25": [0, 0, 0]
          },
          "scale": {
            "0.0": [1, 1, 1],
            "0.125": [1, 0, 1],
            "0.25": [1, 1, 1]
          }
        },
        "eye_right": {
          "position": {
            "0.0": [0, 0, 0],
            "0.0833": [0, 0, 0],
            "0.125": [0, -0.5, 0],
            "0.1667": [0, 0, 0],
            "0.25": [0, 0, 0]
          },
          "scale": {
            "0.0": [1, 1, 1],
            "0.125": [1, 0, 1],
            "0.25": [1, 1, 1]
          }
        }
      }
    },
    "animation.petilil.ground_idle": {
      "bones": {
        "arm_left": {
          "rotation": [0, 0, "0.5*math.sin(q.anim_time*360-90)*1"]
        },
        "arm_right": {
          "rotation": [0, 0, "-0.5*math.sin(q.anim_time*360-90)*1"]
        },
        "body": {
          "rotation": [0, "1.5*math.sin(q.anim_time*360-90)*1", "2.5*math.sin(q.anim_time*180-90)*1"]
        },
        "head": {
          "rotation": [0, 0, "-2*math.sin(q.anim_time*180-90)*1"]
        },
        "leaf_front": {
          "rotation": [0, "-2.5*math.sin(q.anim_time*180-90)*1", 0]
        },
        "leaf_left": {
          "rotation": ["2.5*math.sin(q.anim_time*180-90)*1", 0, "2.5*math.sin(q.anim_time*180-90)*1"]
        },
        "leaf_right": {
          "rotation": ["2.5*math.sin(q.anim_time*180-90)*1", 0, "2.5*math.sin(q.anim_time*180-90)*1"]
        },
        "petilil": {
          "rotation": [0, 0, "-2*math.sin(q.anim_time*180-90)*1"]
        }
      },
      "loop": true
    },
    "animation.petilil.ground_walk": {
      "animation_length": 0.91667,
      "bones": {
        "arm_left": {
          "rotation": {
            "0.0": {
              "lerp_mode": "catmullrom",
              "post": [0, 0, 0]
            },
            "0.25": {
              "lerp_mode": "catmullrom",
              "post": [0, 15, 0]
            },
            "0.375": {
              "lerp_mode": "catmullrom",
              "post": [0, -12.5, 0]
            },
            "0.6667": {
              "lerp_mode": "catmullrom",
              "post": [0, 12.5, 0]
            },
            "0.8333": {
              "lerp_mode": "catmullrom",
              "post": [0, 0, 0]
            }
          }
        },
        "arm_right": {
          "rotation": {
            "0.0": {
              "lerp_mode": "catmullrom",
              "post": [0, 0, 0]
            },
            "0.25": {
              "lerp_mode": "catmullrom",
              "post": [0, -15, 0]
            },
            "0.375": {
              "lerp_mode": "catmullrom",
              "post": [0, 17.5, 0]
            },
            "0.6667": {
              "lerp_mode": "catmullrom",
              "post": [0, -15, 0]
            },
            "0.8333": {
              "lerp_mode": "catmullrom",
              "post": [0, 0, 0]
            }
          }
        },
        "body": {
          "position": {
            "0.0": {
              "lerp_mode": "catmullrom",
              "post": [0, 0, 0]
            },
            "0.25": {
              "lerp_mode": "catmullrom",
              "post": [0, -0.25, 0]
            },
            "0.375": {
              "lerp_mode": "catmullrom",
              "post": [0, 1.75, 0]
            },
            "0.6667": {
              "lerp_mode": "catmullrom",
              "post": [0, -0.25, 0]
            },
            "0.7083": {
              "lerp_mode": "catmullrom",
              "post": [0, -0.5, 0]
            },
            "0.7917": {
              "lerp_mode": "catmullrom",
              "post": [0, 0, 0]
            }
          },
          "rotation": {
            "0.0": {
              "lerp_mode": "catmullrom",
              "post": [0, 0, 0]
            },
            "0.25": {
              "lerp_mode": "catmullrom",
              "post": [7.5, 0, 0]
            },
            "0.375": {
              "lerp_mode": "catmullrom",
              "post": [-15, 0, 0]
            },
            "0.6667": {
              "lerp_mode": "catmullrom",
              "post": [-5, 0, 0]
            },
            "0.75": {
              "lerp_mode": "catmullrom",
              "post": [0, 0, 0]
            }
          }
        },
        "head": {
          "position": {
            "0.0": {
              "lerp_mode": "catmullrom",
              "post": [0, 0, 0]
            },
            "0.25": {
              "lerp_mode": "catmullrom",
              "post": [0, -0.25, 0]
            },
            "0.7083": {
              "lerp_mode": "catmullrom",
              "post": [0, -0.75, 0]
            },
            "0.7917": {
              "lerp_mode": "catmullrom",
              "post": [0, 0, 0]
            },
            "0.8333": {
              "lerp_mode": "catmullrom",
              "post": [0, 0, 0]
            }
          },
          "rotation": {
            "0.0": {
              "lerp_mode": "catmullrom",
              "post": [0, 0, 0]
            },
            "0.25": {
              "lerp_mode": "catmullrom",
              "post": [17.5, 0, 0]
            },
            "0.375": {
              "lerp_mode": "catmullrom",
              "post": [-12.5, 0, 0]
            },
            "0.5": {
              "lerp_mode": "catmullrom",
              "post": [7.5, 0, 0]
            },
            "0.625": {
              "lerp_mode": "catmullrom",
              "post": [20, 0, 0]
            },
            "0.7917": {
              "lerp_mode": "catmullrom",
              "post": [0, 0, 0]
            },
            "0.8333": {
              "lerp_mode": "catmullrom",
              "post": [0, 0, 0]
            }
          }
        },
        "leaf_front": {
          "rotation": {
            "0.0": {
              "lerp_mode": "catmullrom",
              "post": [0, 0, 0]
            },
            "0.25": {
              "lerp_mode": "catmullrom",
              "post": [-10, 0, 0]
            },
            "0.375": {
              "lerp_mode": "catmullrom",
              "post": [17.5, 0, 0]
            },
            "0.5": {
              "lerp_mode": "catmullrom",
              "post": [-20, 0, 0]
            },
            "0.625": {
              "lerp_mode": "catmullrom",
              "post": [0, 0, 0]
            },
            "0.6667": {
              "lerp_mode": "catmullrom",
              "post": [7.5, 0, 0]
            },
            "0.9167": {
              "lerp_mode": "catmullrom",
              "post": [0, 0, 0]
            }
          }
        },
        "leaf_left": {
          "rotation": {
            "0.0": {
              "lerp_mode": "catmullrom",
              "post": [0, 0, 0]
            },
            "0.25": {
              "lerp_mode": "catmullrom",
              "post": [-0.88045, -9.96156, 5.07673]
            },
            "0.375": {
              "lerp_mode": "catmullrom",
              "post": [23.16218, -5.18338, -6.57951]
            },
            "0.5": {
              "lerp_mode": "catmullrom",
              "post": [-14.8468, -5.40407, 17.39754]
            },
            "0.625": {
              "lerp_mode": "catmullrom",
              "post": [0, 0, 0]
            },
            "0.7083": {
              "lerp_mode": "catmullrom",
              "post": [10, 0, -10]
            },
            "0.9167": {
              "lerp_mode": "catmullrom",
              "post": [0, 0, 0]
            }
          }
        },
        "leaf_right": {
          "rotation": {
            "0.0": {
              "lerp_mode": "catmullrom",
              "post": [0, 0, 0]
            },
            "0.25": {
              "lerp_mode": "catmullrom",
              "post": [-2.18558, 9.76061, -12.68664]
            },
            "0.375": {
              "lerp_mode": "catmullrom",
              "post": [20.88045, 9.96156, 5.07673]
            },
            "0.5": {
              "lerp_mode": "catmullrom",
              "post": [-19.26175, 9.05478, -25.33761]
            },
            "0.625": {
              "lerp_mode": "catmullrom",
              "post": [0, 0, 0]
            },
            "0.7083": {
              "lerp_mode": "catmullrom",
              "post": [10, 0, 10]
            },
            "0.9167": {
              "lerp_mode": "catmullrom",
              "post": [0, 0, 0]
            }
          }
        }
      },
      "loop": true
    },
    "animation.petilil.render": {
      "bones": {
        "arm_left": {
          "rotation": [0, 10, 0]
        },
        "arm_right": {
          "rotation": [0, -10, 0]
        },
        "body": {
          "position": [0, 3, 0],
          "rotation": [4.52891, -28.31565, -30.41532]
        },
        "head": {
          "rotation": [-1075, 30, -1057.5]
        }
      },
      "loop": true
    }
  },
  "format_version": "1.8.0"
}