{
  "animations": {
    "animation.lilligant_hisuian.battle_idle": {
      "bones": {
        "arm_left": {
          "rotation": [4.04618, -6.3202, 57.27652]
        },
        "arm_left2": {
          "rotation": [0, 0, "-7.5-math.sin(q.anim_time*90*3-0)*4"]
        },
        "arm_left3": {
          "rotation": [0, 0, "-10-math.sin(q.anim_time*90*3-60)*4"]
        },
        "arm_left4_rotation": {
          "rotation": [0, 0, "-12.5-math.sin(q.anim_time*90*4-80)*5"]
        },
        "arm_left5": {
          "rotation": [0, 0, "-22.5-math.sin(q.anim_time*90*3-160)*4.5"]
        },
        "arm_right": {
          "rotation": [4.04618, 6.3202, -57.27652]
        },
        "arm_right2": {
          "rotation": [0, 0, "7.5+math.sin(q.anim_time*90*3-0)*4"]
        },
        "arm_right3": {
          "rotation": [0, 0, "10+math.sin(q.anim_time*90*3-60)*4"]
        },
        "arm_right4_rotation": {
          "rotation": [0, 0, "12.5+math.sin(q.anim_time*90*3-80)*5"]
        },
        "arm_right5": {
          "rotation": [0, 0, "22.5+math.sin(q.anim_time*90*3-160)*4.5"]
        },
        "body": {
          "position": [0, -0.5, 0]
        },
        "chest": {
          "rotation": [-4.88692, 0.21917, 1.02544]
        },
        "foot_left2": {
          "rotation": [-9.77425, 2.08923, -0.55546]
        },
        "foot_right2": {
          "rotation": [5, 0, 0]
        },
        "head": {
          "rotation": ["5+math.sin(q.anim_time*90*3-60)*3", "0-math.sin(q.anim_time*90*3-0)*4", 0]
        },
        "leg_left": {
          "rotation": [10, 0, 12.5]
        },
        "leg_left2": {
          "rotation": [0, 0, 0]
        },
        "leg_right": {
          "rotation": [-12.39638, 1.61888, -10.17583]
        },
        "leg_right2": {
          "rotation": [7.5, 0, 0]
        },
        "lilligant_hisuian": {
          "scale": 1
        },
        "neck_petal_back": {
          "rotation": [-7.5, 0, 0]
        },
        "neck_petal_front": {
          "rotation": [17.5, 0, 0]
        },
        "neck_petal_left": {
          "rotation": [0, 0, 7.5]
        },
        "neck_petal_right": {
          "rotation": [0, 0, -7.5]
        },
        "thight_leaf_left2": {
          "rotation": [0, 0, -7.5]
        },
        "thight_leaf_right2": {
          "rotation": [0, 0, 7.5]
        },
        "torso": {
          "rotation": ["4.9365+math.sin(q.anim_time*90*6-0)*2.5", "0.9762+math.sin(q.anim_time*90*3-0)*5.5", -7.43656]
        },
        "waist": {
          "rotation": ["-2.5+math.sin(q.anim_time*90*6-80)*2", 0, "0+math.sin(q.anim_time*30*3-0)*2"]
        }
      },
      "loop": true
    },
    "animation.lilligant_hisuian.blink": {
      "animation_length": 0.16667,
      "bones": {
        "eyelid_left": {
          "position": {
            "0.0": [0, 0, -0.1],
            "0.125": [0, 0, -0.1],
            "0.1667": [0, 0, 0]
          }
        },
        "eyelid_right": {
          "position": {
            "0.0": [0, 0, -0.1],
            "0.125": [0, 0, -0.1],
            "0.1667": [0, 0, 0]
          }
        }
      }
    },
    "animation.lilligant_hisuian.cry": {
      "animation_length": 1.41667,
      "bones": {
        "arm_left": {
          "rotation": {
            "0.0833": [0, 0, 0],
            "0.2917": {
              "lerp_mode": "catmullrom",
              "post": [0, 0, 10],
              "pre": [0, 0, 10]
            },
            "0.5": {
              "lerp_mode": "catmullrom",
              "post": [0, 0, -65]
            },
            "1.4167": [0, 0, 0]
          }
        },
        "arm_left2": {
          "rotation": {
            "0.0833": [0, 0, 0],
            "0.2917": {
              "lerp_mode": "catmullrom",
              "post": [0, 0, 10],
              "pre": [0, 0, 10]
            },
            "0.5": {
              "lerp_mode": "catmullrom",
              "post": [0, 0, -18.91]
            },
            "1.2917": [0, 0, 0]
          }
        },
        "arm_left3": {
          "rotation": {
            "0.0833": [0, 0, 0],
            "0.2917": {
              "lerp_mode": "catmullrom",
              "post": [0, 0, 10],
              "pre": [0, 0, 10]
            },
            "0.5": {
              "lerp_mode": "catmullrom",
              "post": [0, 0, 6.09]
            },
            "1.2917": [0, 0, 0]
          }
        },
        "arm_left4": {
          "rotation": {
            "0.0833": [0, 0, 0],
            "0.2917": {
              "lerp_mode": "catmullrom",
              "post": [0, 0, 10],
              "pre": [0, 0, 10]
            },
            "0.5": {
              "lerp_mode": "catmullrom",
              "post": [0, 0, -18.91]
            },
            "1.2917": [0, 0, 0]
          }
        },
        "arm_left4_rotation": {
          "rotation": {
            "0.0833": [0, 0, 0],
            "0.2917": {
              "lerp_mode": "catmullrom",
              "post": [0, 0, 10],
              "pre": [0, 0, 10]
            },
            "0.5": {
              "lerp_mode": "catmullrom",
              "post": [0, 0, -18.91]
            },
            "1.4167": [0, 0, 0]
          }
        },
        "arm_left5": {
          "rotation": {
            "0.0833": [0, 0, 0],
            "0.2917": {
              "lerp_mode": "catmullrom",
              "post": [0, 0, 10],
              "pre": [0, 0, 10]
            },
            "0.5": {
              "lerp_mode": "catmullrom",
              "post": [0, 0, -18.91]
            },
            "1.4167": [0, 0, 0]
          }
        },
        "arm_right": {
          "rotation": {
            "0.0833": [0, 0, 0],
            "0.2917": {
              "lerp_mode": "catmullrom",
              "post": [0, 0, -10],
              "pre": [0, 0, -10]
            },
            "0.5": {
              "lerp_mode": "catmullrom",
              "post": [0, 0, 65]
            },
            "1.4167": [0, 0, 0]
          }
        },
        "arm_right2": {
          "rotation": {
            "0.0833": [0, 0, 0],
            "0.2917": {
              "lerp_mode": "catmullrom",
              "post": [0, 0, -10],
              "pre": [0, 0, -10]
            },
            "0.5": {
              "lerp_mode": "catmullrom",
              "post": [0, 0, 18]
            },
            "1.4167": [0, 0, 0]
          }
        },
        "arm_right3": {
          "rotation": {
            "0.0833": [0, 0, 0],
            "0.2917": {
              "lerp_mode": "catmullrom",
              "post": [0, 0, -10],
              "pre": [0, 0, -10]
            },
            "0.5": {
              "lerp_mode": "catmullrom",
              "post": [0, 0, -6.09]
            },
            "1.4167": [0, 0, 0]
          }
        },
        "arm_right4": {
          "rotation": {
            "0.0833": [0, 0, 0],
            "0.2917": {
              "lerp_mode": "catmullrom",
              "post": [0, 0, -10],
              "pre": [0, 0, -10]
            },
            "0.5": {
              "lerp_mode": "catmullrom",
              "post": [0, 0, 18.91]
            },
            "1.4167": [0, 0, 0]
          }
        },
        "arm_right4_rotation": {
          "rotation": {
            "0.0833": [0, 0, 0],
            "0.2917": {
              "lerp_mode": "catmullrom",
              "post": [0, 0, -10],
              "pre": [0, 0, -10]
            },
            "0.5": {
              "lerp_mode": "catmullrom",
              "post": [0, 0, 18.91]
            },
            "1.4167": [0, 0, 0]
          }
        },
        "arm_right5": {
          "rotation": {
            "0.0833": [0, 0, 0],
            "0.2917": {
              "lerp_mode": "catmullrom",
              "post": [0, 0, -10],
              "pre": [0, 0, -10]
            },
            "0.5": {
              "lerp_mode": "catmullrom",
              "post": [0, 0, 18.91]
            },
            "1.4167": [0, 0, 0]
          }
        },
        "head": {
          "rotation": {
            "0.0833": [0, 0, 0],
            "0.2917": {
              "lerp_mode": "catmullrom",
              "post": [10, 0, 0],
              "pre": [10, 0, 0]
            },
            "0.5": {
              "lerp_mode": "catmullrom",
              "post": [-18.91, 0, 0]
            },
            "1.4167": [0, 0, 0]
          }
        },
        "waist": {
          "rotation": {
            "0.0833": [0, 0, 0],
            "0.2917": {
              "lerp_mode": "catmullrom",
              "post": [10, 0, 0],
              "pre": [10, 0, 0]
            },
            "0.5": {
              "lerp_mode": "catmullrom",
              "post": [-18.91, 0, 0]
            },
            "1.4167": [0, 0, 0]
          }
        }
      },
      "sound_effects": {
        "0.0833": {
          "effect": "pokemon.lilligant_hisuian.cry"
        }
      }
    },
    "animation.lilligant_hisuian.ground_idle": {
      "bones": {
        "arm_left": {
          "rotation": [4.04618, -6.3202, 57.27652]
        },
        "arm_left2": {
          "rotation": [0, 0, "-7.5-math.sin(q.anim_time*90*2-0)*3"]
        },
        "arm_left3": {
          "rotation": [0, 0, -10]
        },
        "arm_left4_rotation": {
          "rotation": [0, 0, "-12.5-math.sin(q.anim_time*90*2-20)*3"]
        },
        "arm_left5": {
          "rotation": [0, 0, "-22.5-math.sin(q.anim_time*90*2-160)*4"]
        },
        "arm_right": {
          "rotation": [4.04618, 6.3202, -57.27652]
        },
        "arm_right2": {
          "rotation": [0, 0, "7.5+math.sin(q.anim_time*90*2-0)*3"]
        },
        "arm_right3": {
          "rotation": [0, 0, 10]
        },
        "arm_right4_rotation": {
          "rotation": [0, 0, "12.5+math.sin(q.anim_time*90*2-20)*3"]
        },
        "arm_right5": {
          "rotation": [0, 0, "22.5+math.sin(q.anim_time*90*2-160)*4"]
        },
        "body": {
          "position": [0, -0.5, 0]
        },
        "chest": {
          "rotation": [-4.88692, 0.21917, 1.02544]
        },
        "foot_left2": {
          "rotation": [-9.77425, 2.08923, -0.55546]
        },
        "foot_right2": {
          "rotation": [5, 0, 0]
        },
        "head": {
          "rotation": [5, 0, 0]
        },
        "leg_left": {
          "rotation": [10, 0, 12.5]
        },
        "leg_left2": {
          "rotation": [0, 0, 0]
        },
        "leg_right": {
          "rotation": [-12.39638, 1.61888, -10.17583]
        },
        "leg_right2": {
          "rotation": [7.5, 0, 0]
        },
        "lilligant_hisuian": {
          "scale": 1
        },
        "neck_petal_back": {
          "rotation": [-7.5, 0, 0]
        },
        "neck_petal_front": {
          "rotation": [17.5, 0, 0]
        },
        "neck_petal_left": {
          "rotation": [0, 0, 7.5]
        },
        "neck_petal_right": {
          "rotation": [0, 0, -7.5]
        },
        "thight_leaf_left2": {
          "rotation": [0, 0, -7.5]
        },
        "thight_leaf_right2": {
          "rotation": [0, 0, 7.5]
        },
        "torso": {
          "rotation": ["5+math.sin(q.anim_time*120*2-0)*1.5", 0, 0]
        },
        "waist": {
          "rotation": ["-2.5+math.sin(q.anim_time*90*2-0)*0.5", 0, "0+math.sin(q.anim_time*30*2-0)*1.5"]
        }
      },
      "loop": true
    },
    "animation.lilligant_hisuian.ground_walk": {
      "bones": {
        "arm_left": {
          "rotation": [4.04618, -6.3202, 57.27652]
        },
        "arm_left2": {
          "rotation": [0, 0, "-7.5-math.sin(q.anim_time*90*2-0)*3"]
        },
        "arm_left3": {
          "rotation": [0, 0, -10]
        },
        "arm_left4_rotation": {
          "rotation": [0, 0, "-12.5-math.sin(q.anim_time*90*2-20)*3"]
        },
        "arm_left5": {
          "rotation": [0, 0, "-22.5-math.sin(q.anim_time*90*2-120)*4"]
        },
        "arm_right": {
          "rotation": [4.04618, 6.3202, -57.27652]
        },
        "arm_right2": {
          "rotation": [0, 0, "7.5+math.sin(q.anim_time*90*2-0)*3"]
        },
        "arm_right3": {
          "rotation": [0, 0, 10]
        },
        "arm_right4_rotation": {
          "rotation": [0, 0, "12.5+math.sin(q.anim_time*90*2-20)*3"]
        },
        "arm_right5": {
          "rotation": [0, 0, "22.5+math.sin(q.anim_time*90*2-120)*4"]
        },
        "body": {
          "position": [0, "-0.7-math.sin(q.anim_time*240*-2)*0.33", 0]
        },
        "chest": {
          "rotation": [-4.88692, 0.21917, 1.02544]
        },
        "foot_left2": {
          "rotation": [-9.77425, 2.08923, -0.55546]
        },
        "foot_right2": {
          "rotation": [5, 0, 0]
        },
        "head": {
          "rotation": [5, 0, 0]
        },
        "leg_left": {
          "rotation": ["-math.sin(q.anim_time*240)*24", 0, "2.5-math.sin(q.anim_time*480)*3"]
        },
        "leg_left2": {
          "rotation": ["12.8327+math.sin(q.anim_time*240*1-90)*-12", 0, 0]
        },
        "leg_right": {
          "rotation": ["math.sin(q.anim_time*240)*24", 0, "-2.5+math.sin(q.anim_time*480)*3"]
        },
        "leg_right2": {
          "rotation": ["12.5077-math.sin(q.anim_time*240*1-90)*-12", 0, 0]
        },
        "lilligant_hisuian": {
          "scale": 1
        },
        "neck_petal_back": {
          "rotation": [-7.5, 0, 0]
        },
        "neck_petal_front": {
          "rotation": [17.5, 0, 0]
        },
        "neck_petal_left": {
          "rotation": [0, 0, 7.5]
        },
        "neck_petal_right": {
          "rotation": [0, 0, -7.5]
        },
        "thight_leaf_left2": {
          "rotation": [0, 0, -7.5]
        },
        "thight_leaf_right2": {
          "rotation": [0, 0, 7.5]
        },
        "torso": {
          "rotation": ["5+math.sin(q.anim_time*90*2-0)*1.5", 0, "0--math.sin(q.anim_time*120*-2)*3"]
        },
        "waist": {
          "rotation": ["-2.5+math.sin(q.anim_time*90*2-0)*0.5", 0, 0]
        }
      },
      "loop": true
    },
    "animation.lilligant_hisuian.physical": {
      "animation_length": 2.25,
      "bones": {
        "arm_left": {
          "rotation": {
            "0.0": [4.04618, -6.3202, 57.27652],
            "0.9167": {
              "lerp_mode": "catmullrom",
              "post": [4.47889, 26.09485, 59.69599],
              "pre": [4.47889, 26.09485, 59.69599]
            },
            "1.375": {
              "lerp_mode": "catmullrom",
              "post": [5.3492, -41.21189, 54.19257]
            },
            "2.25": [4.04618, -6.3202, 57.27652]
          }
        },
        "arm_left2": {
          "rotation": [0, 0, "-7.5-math.sin(q.anim_time*90*2-0)*3"]
        },
        "arm_left3": {
          "rotation": {
            "0.0": [0, 0, -10],
            "0.9167": [0, 0, -2.5],
            "1.2917": [0, 0, -2.5],
            "1.625": [0, 0, -10]
          }
        },
        "arm_left4_rotation": {
          "rotation": {
            "0.0": [0, 0, "-12.5-math.sin(q.anim_time*90*2-20)*3"],
            "0.9167": [0, 0, "20-math.sin(q.anim_time*90*2-20)*3"],
            "1.2917": [0, 0, "20-math.sin(q.anim_time*90*2-20)*3"],
            "1.625": [0, 0, "-12.5-math.sin(q.anim_time*90*2-20)*3"]
          }
        },
        "arm_left5": {
          "rotation": {
            "0.0": [0, 0, "-22.5-math.sin(q.anim_time*90*2-120)*4"],
            "0.9167": [0, 0, "35-math.sin(q.anim_time*90*2-120)*4"],
            "1.2917": [0, 0, "35-math.sin(q.anim_time*90*2-120)*4"],
            "1.625": [0, 0, "-22.5-math.sin(q.anim_time*90*2-120)*4"]
          }
        },
        "arm_right": {
          "rotation": {
            "0.0": [4.04618, 6.3202, -57.27652],
            "0.9167": {
              "lerp_mode": "catmullrom",
              "post": [-1.97067, 53.68447, -53.89159],
              "pre": [-1.97067, 53.68447, -53.89159]
            },
            "1.375": {
              "lerp_mode": "catmullrom",
              "post": [-1.55313, -41.28892, -51.27848]
            },
            "2.2083": [4.04618, 6.3202, -57.27652]
          }
        },
        "arm_right2": {
          "rotation": [0, 0, "7.5+math.sin(q.anim_time*90*2-0)*3"]
        },
        "arm_right3": {
          "rotation": [0, 0, 10]
        },
        "arm_right4_rotation": {
          "rotation": {
            "0.0": [0, 0, "12.5+math.sin(q.anim_time*90*2-20)*3"],
            "0.9167": [0, 0, "-22.5+math.sin(q.anim_time*90*2-20)*3"],
            "1.2917": [0, 0, "-22.5+math.sin(q.anim_time*90*2-20)*3"],
            "1.625": [0, 0, "12.5+math.sin(q.anim_time*90*2-20)*3"]
          }
        },
        "arm_right5": {
          "rotation": {
            "0.0": [0, 0, "22.5+math.sin(q.anim_time*90*2-120)*4"],
            "0.9167": [0, 0, "-52.5+math.sin(q.anim_time*90*2-120)*4"],
            "1.2917": [0, 0, "-52.5+math.sin(q.anim_time*90*2-120)*4"],
            "1.625": [0, 0, "22.5+math.sin(q.anim_time*90*2-120)*4"]
          }
        },
        "body": {
          "position": {
            "0.0": {
              "lerp_mode": "catmullrom",
              "post": [0, -0.5, 0]
            },
            "0.3333": {
              "lerp_mode": "catmullrom",
              "post": [2.38, -0.5, -0.73]
            },
            "0.4583": {
              "lerp_mode": "catmullrom",
              "post": [3, -0.5, -1]
            },
            "0.75": {
              "lerp_mode": "catmullrom",
              "post": [2.81, -0.5, -1.72]
            },
            "0.7917": {
              "lerp_mode": "catmullrom",
              "post": [2.7, -0.5, -1.84]
            },
            "0.8333": {
              "lerp_mode": "catmullrom",
              "post": [2.63, -0.5, -1.91]
            },
            "0.875": {
              "lerp_mode": "catmullrom",
              "post": [2.53, -0.5, -1.98]
            },
            "0.9167": {
              "lerp_mode": "catmullrom",
              "post": [2.38, -0.5, -2.15]
            },
            "1.3333": {
              "lerp_mode": "catmullrom",
              "post": [1.4, -0.5, -3]
            },
            "1.375": {
              "lerp_mode": "catmullrom",
              "post": [1.4, -0.4, -4.33]
            },
            "1.4167": {
              "lerp_mode": "catmullrom",
              "post": [1.2, -0.4, -4.11]
            },
            "1.4583": {
              "lerp_mode": "catmullrom",
              "post": [1.16, -0.42, -3.96]
            },
            "1.5": {
              "lerp_mode": "catmullrom",
              "post": [1.18, -0.45, -3.78]
            },
            "1.5417": {
              "lerp_mode": "catmullrom",
              "post": [1.08, -0.48, -3.57]
            },
            "1.5833": {
              "lerp_mode": "catmullrom",
              "post": [0.9, -0.5, -3]
            },
            "2.0": {
              "lerp_mode": "catmullrom",
              "post": [0, -0.5, 0]
            }
          }
        },
        "chest": {
          "rotation": [-4.88692, 0.21917, 1.02544]
        },
        "foot_left2": {
          "rotation": [-9.77425, 2.08923, -0.55546]
        },
        "foot_right2": {
          "rotation": [5, 0, 0]
        },
        "head": {
          "rotation": {
            "0.0": [5, 0, 0],
            "1.0": {
              "lerp_mode": "catmullrom",
              "post": [-12.5, 0, 0],
              "pre": [-12.5, 0, 0]
            },
            "1.375": {
              "lerp_mode": "catmullrom",
              "post": [47.5, 0, 0]
            },
            "1.5": {
              "lerp_mode": "catmullrom",
              "post": [47.5, 0, 0]
            },
            "1.9167": [5, 0, 0]
          }
        },
        "leg_left": {
          "rotation": {
            "0.0": [10, 0, 12.5],
            "1.2083": {
              "lerp_mode": "catmullrom",
              "post": [18.16433, -4.15587, 3.39646],
              "pre": [18.16433, -4.15587, 3.39646]
            },
            "1.3333": {
              "lerp_mode": "catmullrom",
              "post": [-120, 0, 12.5]
            },
            "1.4583": {
              "lerp_mode": "catmullrom",
              "post": [-125, 0, 12.5]
            },
            "1.625": {
              "lerp_mode": "catmullrom",
              "post": [-87.03331, -0.60268, 0.08349]
            },
            "1.875": {
              "lerp_mode": "catmullrom",
              "post": [11.10855, -2.73743, -3.98174]
            },
            "2.125": [10, 0, 12.5]
          }
        },
        "leg_left2": {
          "rotation": {
            "0.0": [0, 0, 0],
            "0.5": {
              "lerp_mode": "catmullrom",
              "post": [100, 0, 0],
              "pre": [100, 0, 0]
            },
            "1.25": {
              "lerp_mode": "catmullrom",
              "post": [100, 0, 0]
            },
            "1.3333": [0, 0, 0]
          }
        },
        "leg_right": {
          "rotation": {
            "0.0": [-12.39638, 1.61888, -10.17583],
            "0.4583": {
              "lerp_mode": "catmullrom",
              "post": [-6.66907, 1.7772, -0.58211],
              "pre": [-6.66907, 1.7772, -0.58211]
            },
            "1.3333": {
              "lerp_mode": "catmullrom",
              "post": [0, 0, -5.39033]
            },
            "1.4167": {
              "lerp_mode": "catmullrom",
              "post": [3.77802, 0.05092, -6.02232]
            },
            "2.0": [-12.39638, 1.61888, -10.17583]
          }
        },
        "leg_right2": {
          "rotation": [7.5, 0, 0]
        },
        "lilligant_hisuian": {
          "scale": 1
        },
        "neck_petal_back": {
          "rotation": [-7.5, 0, 0]
        },
        "neck_petal_front": {
          "rotation": [17.5, 0, 0]
        },
        "neck_petal_left": {
          "rotation": [0, 0, 7.5]
        },
        "neck_petal_right": {
          "rotation": [0, 0, -7.5]
        },
        "thight_leaf_left2": {
          "rotation": [0, 0, -7.5]
        },
        "thight_leaf_right2": {
          "rotation": [0, 0, 7.5]
        },
        "torso": {
          "rotation": {
            "0.0": ["4.9365+math.sin(q.anim_time*120*2-0)*1.5", 0.97619, -7.43656],
            "0.875": {
              "lerp_mode": "catmullrom",
              "post": ["17.5+math.sin(q.anim_time*90*2-0)*1.5", 0, 0],
              "pre": ["17.5+math.sin(q.anim_time*90*2-0)*1.5", 0, 0]
            },
            "1.0833": {
              "lerp_mode": "catmullrom",
              "post": ["10+math.sin(q.anim_time*90*2-0)*1.5", 0, 0]
            },
            "1.3333": {
              "lerp_mode": "catmullrom",
              "post": ["-67.5+math.sin(q.anim_time*90*2-0)*1.5", 0, 0]
            },
            "1.5": {
              "lerp_mode": "catmullrom",
              "post": ["-37.5+math.sin(q.anim_time*90*2-0)*1.5", 0, 0]
            },
            "1.7917": {
              "lerp_mode": "catmullrom",
              "post": [10, 0, 0]
            },
            "2.0": ["4.9365+math.sin(q.anim_time*120*2-0)*1.5", 0.976, -7.43656]
          }
        },
        "waist": {
          "rotation": ["-2.5+math.sin(q.anim_time*90*2-0)*0.5", 0, "0+math.sin(q.anim_time*30*2-0)*1.5"]
        }
      }
    },
    "animation.lilligant_hisuian.sleep": {
      "bones": {
        "arm_left": {
          "rotation": [4.04618, -6.3202, 57.27652]
        },
        "arm_left2": {
          "rotation": [0, 0, "-7.5-math.sin(q.anim_time*90*2-0)*3"]
        },
        "arm_left3": {
          "rotation": [0, 0, -10]
        },
        "arm_left4_rotation": {
          "rotation": [0, 0, "-12.5-math.sin(q.anim_time*90*2-20)*3"]
        },
        "arm_left5": {
          "rotation": [0, 0, "-22.5-math.sin(q.anim_time*90*2-160)*4"]
        },
        "arm_right": {
          "rotation": [4.04618, 6.3202, -57.27652]
        },
        "arm_right2": {
          "rotation": [0, 0, "7.5+math.sin(q.anim_time*90*2-0)*3"]
        },
        "arm_right3": {
          "rotation": [0, 0, 10]
        },
        "arm_right4_rotation": {
          "rotation": [0, 0, "12.5+math.sin(q.anim_time*90*2-20)*3"]
        },
        "arm_right5": {
          "rotation": [0, 0, "22.5+math.sin(q.anim_time*90*2-160)*4"]
        },
        "body": {
          "position": [0, -0.5, 0]
        },
        "chest": {
          "rotation": [-2.38692, 0.21917, 1.02544]
        },
        "eyelid_left": {
          "position": [0, 0, -0.12]
        },
        "eyelid_right": {
          "position": [0, 0, -0.12]
        },
        "foot_left2": {
          "rotation": [-9.77425, 2.08923, -0.55546]
        },
        "foot_right2": {
          "rotation": [5, 0, 0]
        },
        "head": {
          "rotation": {
            "0.0": {
              "lerp_mode": "catmullrom",
              "post": [17.5, 0, 0]
            }
          }
        },
        "leg_left": {
          "rotation": [10, 0, 12.5]
        },
        "leg_left2": {
          "rotation": [0, 0, 0]
        },
        "leg_right": {
          "rotation": [-12.39638, 1.61888, -10.17583]
        },
        "leg_right2": {
          "rotation": [7.5, 0, 0]
        },
        "lilligant_hisuian": {
          "scale": 1
        },
        "neck_petal_back": {
          "rotation": [-7.5, 0, 0]
        },
        "neck_petal_front": {
          "rotation": [17.5, 0, 0]
        },
        "neck_petal_left": {
          "rotation": [0, 0, 7.5]
        },
        "neck_petal_right": {
          "rotation": [0, 0, -7.5]
        },
        "thight_leaf_left2": {
          "rotation": [0, 0, -7.5]
        },
        "thight_leaf_right2": {
          "rotation": [0, 0, 7.5]
        },
        "torso": {
          "rotation": ["5+math.sin(q.anim_time*50*2-0)*1.5", 0, 0]
        },
        "waist": {
          "rotation": ["5+math.sin(q.anim_time*50*2-0)*0.5", 0, "math.sin(q.anim_time*10*2-0)*1.5"]
        }
      },
      "loop": true
    },
    "animation.lilligant_hisuian.special": {
      "animation_length": 2.1667,
      "bones": {
        "arm_left": {
          "rotation": {
            "0.2083": [4.04618, -6.3202, 57.27652],
            "0.8333": {
              "lerp_mode": "catmullrom",
              "post": [-47.95019, 78.55448, 15.77161],
              "pre": [-47.95019, 78.55448, 15.77161]
            },
            "1.2083": {
              "lerp_mode": "catmullrom",
              "post": [-47.95019, 78.55448, 15.77161]
            },
            "1.2917": {
              "lerp_mode": "catmullrom",
              "post": [-80.62042, -5.32058, 1.6273]
            },
            "1.4167": {
              "lerp_mode": "catmullrom",
              "post": [-80.62042, -5.32058, 1.6273]
            },
            "2.0833": [4.04618, -6.3202, 57.27652]
          }
        },
        "arm_left2": {
          "rotation": {
            "0.2083": [0, 0, -7.5],
            "2.0833": [0, 0, -7.5]
          }
        },
        "arm_left3": {
          "rotation": {
            "0.2083": [0, 0, -10],
            "2.0833": [0, 0, -10]
          }
        },
        "arm_left4_rotation": {
          "rotation": {
            "0.2083": [0, 0, -12.5],
            "2.0833": [0, 0, -12.5]
          }
        },
        "arm_left5": {
          "rotation": {
            "0.2083": [0, 0, "-22.5-math.sin(q.anim_time*90*2-160)*4"],
            "2.0833": [0, 0, -22.5]
          }
        },
        "arm_right": {
          "rotation": {
            "0.2083": [4.04618, 6.3202, -57.27652],
            "0.8333": {
              "lerp_mode": "catmullrom",
              "post": [-55.42592, -75.39679, -18.09328],
              "pre": [-55.42592, -75.39679, -18.09328]
            },
            "1.2083": {
              "lerp_mode": "catmullrom",
              "post": [-55.42592, -75.39679, -18.09328]
            },
            "1.2917": {
              "lerp_mode": "catmullrom",
              "post": [-80.01316, -4.05734, -5.79056]
            },
            "1.4167": {
              "lerp_mode": "catmullrom",
              "post": [-80.01316, -4.05734, -5.79056]
            },
            "2.0833": [4.04618, 6.3202, -57.27652]
          }
        },
        "arm_right2": {
          "rotation": [0, 0, 7.5]
        },
        "arm_right3": {
          "rotation": [0, 0, 10]
        },
        "arm_right4_rotation": {
          "rotation": [0, 0, 12.5]
        },
        "arm_right5": {
          "rotation": [0, 0, 22.5]
        },
        "body": {
          "position": {
            "0.2083": [0, -0.5, 0],
            "2.0833": [0, -0.5, 0]
          }
        },
        "chest": {
          "rotation": {
            "0.2083": [-4.88692, 0.21917, 1.02544],
            "2.0833": [-4.88692, 0.21917, 1.02544]
          }
        },
        "foot_left2": {
          "rotation": {
            "0.2083": [-9.77425, 2.08923, -0.55546],
            "2.0833": [-9.77425, 2.08923, -0.55546]
          }
        },
        "foot_right2": {
          "rotation": {
            "0.2083": [5, 0, 0],
            "2.0833": [5, 0, 0]
          }
        },
        "head": {
          "rotation": {
            "0.2083": [5, 0, 0],
            "0.8333": {
              "lerp_mode": "catmullrom",
              "post": [-12.5, 0, 0],
              "pre": [-12.5, 0, 0]
            },
            "1.2083": {
              "lerp_mode": "catmullrom",
              "post": [-12.5, 0, 0]
            },
            "1.2917": {
              "lerp_mode": "catmullrom",
              "post": [15, 0, 0]
            },
            "1.4167": {
              "lerp_mode": "catmullrom",
              "post": [15, 0, 0]
            },
            "2.0833": [5, 0, 0]
          }
        },
        "leg_left": {
          "rotation": {
            "0.2083": [10, 0, 12.5],
            "2.0833": [10, 0, 12.5]
          }
        },
        "leg_left2": {
          "rotation": {
            "0.2083": [0, 0, 0],
            "2.0833": [0, 0, 0]
          }
        },
        "leg_right": {
          "rotation": {
            "0.2083": [-12.39638, 1.61888, -10.17583],
            "2.0833": [-12.39638, 1.61888, -10.17583]
          }
        },
        "leg_right2": {
          "rotation": {
            "0.2083": [7.5, 0, 0],
            "2.0833": [7.5, 0, 0]
          }
        },
        "lilligant_hisuian": {
          "scale": 1
        },
        "neck_petal_back": {
          "rotation": [-7.5, 0, 0]
        },
        "neck_petal_front": {
          "rotation": [17.5, 0, 0]
        },
        "neck_petal_left": {
          "rotation": {
            "0.2083": [0, 0, 7.5],
            "2.0833": [0, 0, 7.5]
          }
        },
        "neck_petal_right": {
          "rotation": {
            "0.2083": [0, 0, -7.5],
            "2.0833": [0, 0, -7.5]
          }
        },
        "thight_leaf_left2": {
          "rotation": [0, 0, -7.5]
        },
        "thight_leaf_right2": {
          "rotation": [0, 0, 7.5]
        },
        "torso": {
          "rotation": {
            "0.2083": [5, 0, 0],
            "0.8333": {
              "lerp_mode": "catmullrom",
              "post": [25, 0, 0],
              "pre": [25, 0, 0]
            },
            "1.2083": {
              "lerp_mode": "catmullrom",
              "post": [25, 0, 0]
            },
            "1.2917": {
              "lerp_mode": "catmullrom",
              "post": [-15, 0, 0]
            },
            "1.4167": {
              "lerp_mode": "catmullrom",
              "post": [-15, 0, 0]
            },
            "1.875": {
              "lerp_mode": "catmullrom",
              "post": [5, 0, 0]
            },
            "2.0833": [5, 0, 0]
          }
        },
        "waist": {
          "rotation": {
            "0.2083": [-2.5, 0, 0],
            "2.0833": [-2.5, 0, 0]
          }
        }
      }
    }
  },
  "format_version": "1.8.0"
}