{
  "animations": {
    "animation.impidimp.battle_cry": {
      "bones": {
        "arm_left": {
          "rotation": [-2.42703, -29.7446, 13.5227]
        },
        "arm_left2": {
          "rotation": [0, 42.5, 0]
        },
        "arm_left3": {
          "rotation": [0, 30, 0]
        },
        "arm_right": {
          "rotation": [-1.66193, 5.1873, -0.0164]
        },
        "arm_right2": {
          "rotation": [0, -27.5, 0]
        },
        "arm_right3": {
          "rotation": [0, -30, 0]
        },
        "body": {
          "position": [0, -1.9, 0]
        },
        "finger_back_left": {
          "rotation": [0, -10, -17.5]
        },
        "finger_back_right": {
          "rotation": [0, 10, 17.5]
        },
        "finger_front_left": {
          "rotation": [0, 10, -12.5]
        },
        "finger_front_right": {
          "rotation": [0, -10, 12.5]
        },
        "foot_left": {
          "rotation": [-10.96819, 7.40701, 22.28959]
        },
        "foot_right": {
          "rotation": [-12.48848, -0.54094, -24.94081]
        },
        "hand_left": {
          "rotation": [0.6574, -7.4713, -7.54292]
        },
        "hand_right": {
          "rotation": [0.6574, 7.4713, 7.54292]
        },
        "head": {
          "position": [0, 0, 0],
          "rotation": [-5.02346, -9.31047, 8.3432]
        },
        "leg_left": {
          "rotation": [-37.41536, -16.72344, -26.19457]
        },
        "leg_left2": {
          "rotation": [27.5, 0, 0]
        },
        "leg_left3": {
          "rotation": [29.97638, -1.2497, 2.16541]
        },
        "leg_right": {
          "rotation": [-29.04134, 27.98504, 49.33843]
        },
        "leg_right2": {
          "rotation": [27.47766, 1.15408, -2.21783]
        },
        "leg_right3": {
          "rotation": [30, 0, 0]
        },
        "mouth_closed": {
          "scale": 0.99
        },
        "thumb_left": {
          "rotation": [0, -25, 0]
        },
        "thumb_left2": {
          "rotation": [0, -7.5, 0]
        },
        "thumb_right": {
          "rotation": [0, 25, 0]
        },
        "thumb_right2": {
          "rotation": [0, 7.5, 0]
        },
        "tongue": {
          "rotation": [-30, 0, 0]
        },
        "tongue2": {
          "rotation": [-12.5, 0, 0]
        },
        "torso": {
          "position": [0, 0, 0],
          "rotation": [10, 0, 0]
        }
      },
      "loop": true
    },
    "animation.impidimp.battle_idle": {
      "bones": {
        "arm_left": {
          "rotation": [-2.42703, "-29.7446-math.sin(q.anim_time*90*3-90)*5", "13.5227-math.sin(q.anim_time*90*3-60)*4"]
        },
        "arm_left2": {
          "rotation": [0, 42.5, 0]
        },
        "arm_left3": {
          "rotation": [0, 30, 0]
        },
        "arm_right": {
          "rotation": [-1.66193, "5.1873+math.sin(q.anim_time*90*3-90)*5", "-0.0164+math.sin(q.anim_time*90*3-60)*4"]
        },
        "arm_right2": {
          "rotation": [0, -27.5, 0]
        },
        "arm_right3": {
          "rotation": [0, -30, 0]
        },
        "body": {
          "position": [0, -1.9, 0]
        },
        "finger_back_left": {
          "rotation": [0, -10, -17.5]
        },
        "finger_back_right": {
          "rotation": [0, 10, 17.5]
        },
        "finger_front_left": {
          "rotation": [0, 10, -12.5]
        },
        "finger_front_right": {
          "rotation": [0, -10, 12.5]
        },
        "foot_left": {
          "rotation": [-10.96819, 7.40701, 22.28959]
        },
        "foot_right": {
          "rotation": [-12.48848, -0.54094, -24.94081]
        },
        "hand_left": {
          "rotation": [0.6574, -7.4713, -7.54292]
        },
        "hand_right": {
          "rotation": [0.6574, 7.4713, 7.54292]
        },
        "head": {
          "position": [0, "0.1+math.sin(q.anim_time*90*1)*0.2", 0],
          "rotation": [-5.02346, -9.31047, "8.3432+math.sin(q.anim_time*90*3+90)*4"]
        },
        "leg_left": {
          "rotation": [-37.41536, -16.72344, -26.19457]
        },
        "leg_left2": {
          "rotation": [27.5, 0, 0]
        },
        "leg_left3": {
          "rotation": [29.97638, -1.2497, 2.16541]
        },
        "leg_right": {
          "rotation": ["-29.0413419469+math.sin(query.anim_time*90*4+180)*8", 27.98504, "49.3384254812+math.cos(query.anim_time*90*3+90)*6"]
        },
        "leg_right2": {
          "rotation": [27.47766, 1.15408, -2.21783]
        },
        "leg_right3": {
          "rotation": [30, 0, 0]
        },
        "mouth_closed": {
          "scale": 0.99
        },
        "thumb_left": {
          "rotation": [0, -25, 0]
        },
        "thumb_left2": {
          "rotation": [0, -7.5, 0]
        },
        "thumb_right": {
          "rotation": [0, 25, 0]
        },
        "thumb_right2": {
          "rotation": [0, 7.5, 0]
        },
        "tongue": {
          "rotation": ["-30+math.sin(query.anim_time*90*3.5+90)*8", 0, 0]
        },
        "tongue2": {
          "rotation": [-12.5, 0, 0]
        },
        "torso": {
          "position": [0, "math.sin(q.anim_time*90*1-10)*0.25", 0],
          "rotation": ["10+math.sin(query.anim_time*90*3-180)*6", 0, "0-math.sin(query.anim_time *90 *2-180)*6"]
        }
      },
      "loop": true
    },
    "animation.impidimp.blink": {
      "animation_length": 0.1667,
      "bones": {
        "eyelid_left": {
          "position": {
            "0.0": [0, 0, -0.1],
            "0.125": [0, 0, -0.1],
            "0.1667": [0, 0, 0]
          }
        },
        "eyelid_right": {
          "position": {
            "0.0": [0, 0, -0.1],
            "0.125": [0, 0, -0.1],
            "0.1667": [0, 0, 0]
          }
        },
        "mouth_open": {
          "position": {
            "0.0": [0, 0, 0],
            "0.125": [0, 0, 0]
          }
        },
        "pupil_left": {
          "position": {
            "0.0": [0, 0, 0.1],
            "0.125": [0, 0, 0.1],
            "0.1667": [0, 0, 0]
          }
        },
        "pupil_right": {
          "position": [0, 0, 0.1]
        }
      }
    },
    "animation.impidimp.cry": {
      "animation_length": 0.75,
      "bones": {
        "head": {
          "rotation": {
            "0.0": {
              "lerp_mode": "catmullrom",
              "post": [0, 0, 0]
            },
            "0.125": {
              "lerp_mode": "catmullrom",
              "post": [-7.5, 0, 0]
            },
            "0.2917": {
              "lerp_mode": "catmullrom",
              "post": [2.5, 0, 0]
            },
            "0.4167": {
              "lerp_mode": "catmullrom",
              "post": [-10, 0, 0]
            },
            "0.5833": {
              "lerp_mode": "catmullrom",
              "post": [7.5, 0, 0]
            },
            "0.75": {
              "lerp_mode": "catmullrom",
              "post": [0, 0, 0]
            }
          }
        },
        "torso": {
          "rotation": {
            "0.0": {
              "lerp_mode": "catmullrom",
              "post": [0, 0, 0]
            },
            "0.1667": {
              "lerp_mode": "catmullrom",
              "post": [-7.5, 0, 0]
            },
            "0.25": {
              "lerp_mode": "catmullrom",
              "post": [-2.5, 0, 0]
            },
            "0.3333": {
              "lerp_mode": "catmullrom",
              "post": [-7.5, 0, 0]
            },
            "0.75": {
              "lerp_mode": "catmullrom",
              "post": [0, 0, 0]
            }
          }
        }
      },
      "sound_effects": {
        "0.125": {
          "effect": "pokemon.impidimp.cry"
        }
      }
    },
    "animation.impidimp.ground_idle": {
      "bones": {
        "arm_left": {
          "rotation": [-2.25549, -17.255, "12.985285324+Math.sin(q.anim_time*90*4-360)*5"]
        },
        "arm_left2": {
          "rotation": [0, 22.5, 0]
        },
        "arm_left3": {
          "rotation": [0, 30, 0]
        },
        "arm_right": {
          "rotation": [-2.25549, 17.255, "-12.9853-Math.sin(q.anim_time*90*4-360)*5"]
        },
        "arm_right2": {
          "rotation": [0, -22.5, 0]
        },
        "arm_right3": {
          "rotation": [0, -30, 0]
        },
        "body": {
          "position": [0, -1.9, 0]
        },
        "finger_back_left": {
          "rotation": [0, -10, -17.5]
        },
        "finger_back_right": {
          "rotation": [0, 10, 17.5]
        },
        "finger_front_left": {
          "rotation": [0, 10, -12.5]
        },
        "finger_front_right": {
          "rotation": [0, -10, 12.5]
        },
        "foot_left": {
          "rotation": [-10.96819, 7.40701, 22.28959]
        },
        "foot_right": {
          "rotation": [-12.48848, -0.54094, -24.94081]
        },
        "hand_left": {
          "rotation": [0.6574, -7.4713, -7.54292]
        },
        "hand_right": {
          "rotation": [0.6574, 7.4713, 7.54292]
        },
        "head": {
          "rotation": ["-5+Math.siN((query.anim_time)*90*4-60)*4", 0, 0]
        },
        "leg_left": {
          "rotation": [-37.41536, -16.72344, -26.19457]
        },
        "leg_left2": {
          "rotation": [27.5, 0, 0]
        },
        "leg_left3": {
          "rotation": [29.97638, -1.2497, 2.16541]
        },
        "leg_right": {
          "rotation": [-37.23825, 14.12922, 26.94225]
        },
        "leg_right2": {
          "rotation": [27.47766, 1.15408, -2.21783]
        },
        "leg_right3": {
          "rotation": [30, 0, 0]
        },
        "mouth_closed": {
          "scale": 0.99
        },
        "thumb_left": {
          "rotation": [0, -25, 0]
        },
        "thumb_left2": {
          "rotation": [0, -7.5, 0]
        },
        "thumb_right": {
          "rotation": [0, 25, 0]
        },
        "thumb_right2": {
          "rotation": [0, 7.5, 0]
        },
        "tongue": {
          "rotation": ["-40+math.sin(q.anim_time*90*8+90)*2", 0, 0]
        },
        "tongue2": {
          "rotation": ["-27.5+Math.sin(q.anim_time*90*4+90)*2", 0, 0]
        },
        "torso": {
          "position": [0, "0-Math.sin(q.anim_time*90*8-0)*0.03", 0],
          "rotation": ["10+math.sin(q.anim_time*90*4-360)*4", 0, "0+Math.sin(q.anim_time*90*4+60)*1"]
        }
      },
      "loop": true
    },
    "animation.impidimp.ground_walk": {
      "animation_length": 1,
      "bones": {
        "arm_left": {
          "rotation": {
            "0.0": {
              "lerp_mode": "catmullrom",
              "post": [-1.7396, -33.69109, 20.22285]
            },
            "0.5": {
              "lerp_mode": "catmullrom",
              "post": [-1.45037, -3.7021, 19.35133]
            },
            "1.0": {
              "lerp_mode": "catmullrom",
              "post": [-1.7396, -33.69109, 20.22285]
            }
          }
        },
        "arm_left2": {
          "rotation": {
            "0.0": {
              "lerp_mode": "catmullrom",
              "post": [0, 35, 0]
            },
            "0.5": {
              "lerp_mode": "catmullrom",
              "post": [0, 35, 0]
            },
            "1.0": {
              "lerp_mode": "catmullrom",
              "post": [0, 35, 0]
            }
          }
        },
        "arm_left3": {
          "rotation": {
            "0.0": {
              "lerp_mode": "catmullrom",
              "post": [0, 10, 0]
            }
          }
        },
        "arm_right": {
          "rotation": {
            "0.0": {
              "lerp_mode": "catmullrom",
              "post": [-1.45037, 3.7021, -19.35133]
            },
            "0.5": {
              "lerp_mode": "catmullrom",
              "post": [-1.7396, 33.69109, -20.22285]
            },
            "1.0": {
              "lerp_mode": "catmullrom",
              "post": [-1.45037, 3.7021, -19.35133]
            }
          }
        },
        "arm_right2": {
          "rotation": {
            "0.0": {
              "lerp_mode": "catmullrom",
              "post": [0, -35, 0]
            },
            "0.5": {
              "lerp_mode": "catmullrom",
              "post": [0, -35, 0]
            },
            "1.0": {
              "lerp_mode": "catmullrom",
              "post": [0, -35, 0]
            }
          }
        },
        "arm_right3": {
          "rotation": {
            "0.0": {
              "lerp_mode": "catmullrom",
              "post": [0, -12.5, 0]
            }
          }
        },
        "foot_left": {
          "rotation": {
            "0.0": {
              "lerp_mode": "catmullrom",
              "post": [-7.5, 0, 0]
            },
            "0.25": {
              "lerp_mode": "catmullrom",
              "post": [-38.75, 0, 0]
            },
            "0.5": {
              "lerp_mode": "catmullrom",
              "post": [7.5, 0, 0]
            },
            "0.75": {
              "lerp_mode": "catmullrom",
              "post": [-20.62, 0, 0]
            },
            "1.0": {
              "lerp_mode": "catmullrom",
              "post": [-7.5, 0, 0]
            }
          }
        },
        "foot_right": {
          "position": {
            "0.0": {
              "lerp_mode": "catmullrom",
              "post": [0, 0, 0]
            },
            "0.5": {
              "lerp_mode": "catmullrom",
              "post": [0, 0, 0]
            },
            "1.0": {
              "lerp_mode": "catmullrom",
              "post": [0, 0, 0]
            }
          },
          "rotation": {
            "0.0": {
              "lerp_mode": "catmullrom",
              "post": [-40, 0, 0]
            },
            "0.25": {
              "lerp_mode": "catmullrom",
              "post": [-23.12, 0, 0]
            },
            "0.5": {
              "lerp_mode": "catmullrom",
              "post": [17.5, 0, 0]
            },
            "0.75": {
              "lerp_mode": "catmullrom",
              "post": [-36.25, 0, 0]
            },
            "1.0": {
              "lerp_mode": "catmullrom",
              "post": [-40, 0, 0]
            }
          }
        },
        "hand_left": {
          "rotation": {
            "0.0": {
              "lerp_mode": "catmullrom",
              "post": [0, 25, 0]
            },
            "0.5": {
              "lerp_mode": "catmullrom",
              "post": [0, 25, 0]
            },
            "1.0": {
              "lerp_mode": "catmullrom",
              "post": [0, 25, 0]
            }
          }
        },
        "hand_right": {
          "rotation": {
            "0.0": {
              "lerp_mode": "catmullrom",
              "post": [0, -25, 0]
            },
            "0.5": {
              "lerp_mode": "catmullrom",
              "post": [0, -25, 0]
            },
            "1.0": {
              "lerp_mode": "catmullrom",
              "post": [0, -25, 0]
            }
          }
        },
        "head": {
          "rotation": ["math.sin(q.aniM_time*90*4+90)*3", 0, 0]
        },
        "leg_left": {
          "position": {
            "0.5": {
              "lerp_mode": "catmullrom",
              "post": [0, 0, 0],
              "pre": [0, 0, 0]
            }
          },
          "rotation": {
            "0.0": {
              "lerp_mode": "catmullrom",
              "post": [-60, 0, 0]
            },
            "0.5": {
              "lerp_mode": "catmullrom",
              "post": [45, 0, 0]
            },
            "1.0": {
              "lerp_mode": "catmullrom",
              "post": [-60, 0, 0]
            }
          }
        },
        "leg_left2": {
          "rotation": {
            "0.0": {
              "lerp_mode": "catmullrom",
              "post": [25, 0, 0]
            },
            "0.25": {
              "lerp_mode": "catmullrom",
              "post": [-1.20863, 0.26342, 0.17432]
            },
            "0.5": {
              "lerp_mode": "catmullrom",
              "post": [12.58273, 0.52684, 0.34863]
            },
            "0.75": {
              "lerp_mode": "catmullrom",
              "post": [56.29137, 0.26342, 0.17432]
            },
            "1.0": {
              "lerp_mode": "catmullrom",
              "post": [25, 0, 0]
            }
          }
        },
        "leg_left3": {
          "rotation": {
            "0.0": {
              "lerp_mode": "catmullrom",
              "post": [37.5, 0, 0]
            }
          }
        },
        "leg_right": {
          "position": {
            "0.0": {
              "lerp_mode": "catmullrom",
              "post": [0, 0, 0]
            },
            "1.0": {
              "lerp_mode": "catmullrom",
              "post": [0, 0, 0]
            }
          },
          "rotation": {
            "0.0": {
              "lerp_mode": "catmullrom",
              "post": [45, 0, 0]
            },
            "0.25": {
              "lerp_mode": "catmullrom",
              "post": [-32.5, 0, 0]
            },
            "0.5": {
              "lerp_mode": "catmullrom",
              "post": [-60, 0, 0]
            },
            "1.0": {
              "lerp_mode": "catmullrom",
              "post": [45, 0, 0]
            }
          }
        },
        "leg_right2": {
          "rotation": {
            "0.0": {
              "lerp_mode": "catmullrom",
              "post": [12.58273, 0.52684, 0.34863]
            },
            "0.5": {
              "lerp_mode": "catmullrom",
              "post": [12.58273, 0.52684, 0.34863]
            },
            "1.0": {
              "lerp_mode": "catmullrom",
              "post": [12.58273, 0.52684, 0.34863]
            }
          }
        },
        "leg_right3": {
          "rotation": {
            "0.0": {
              "lerp_mode": "catmullrom",
              "post": [20, 0, 0]
            },
            "0.5": {
              "lerp_mode": "catmullrom",
              "post": [37.5, 0, 0]
            },
            "1.0": {
              "lerp_mode": "catmullrom",
              "post": [20, 0, 0]
            }
          }
        },
        "legs": {
          "position": {
            "0.0": {
              "lerp_mode": "catmullrom",
              "post": [0, -2, 0]
            }
          }
        },
        "mouth_closed": {
          "position": {
            "0.0": {
              "lerp_mode": "catmullrom",
              "post": [0, 0, 1]
            }
          }
        },
        "mouth_open": {
          "position": {
            "0.0": {
              "lerp_mode": "catmullrom",
              "post": [0, 0, 0]
            }
          }
        },
        "tongue": {
          "rotation": ["-30+math.sin(q.anim_time*90*4+90)*8", 0, 0]
        },
        "tongue2": {
          "rotation": {
            "0.0": {
              "lerp_mode": "catmullrom",
              "post": [-17.5, 0, 0]
            }
          }
        },
        "torso": {
          "position": [0, "-2-math.sin(q.anim_time*90*8-10)*0.2", 0],
          "rotation": ["math.sin(q.anim_time*90*4+180)*4", 0, 0]
        }
      },
      "loop": true
    },
    "animation.impidimp.pose": {
      "bones": {
        "arm_left": {
          "rotation": [-2.42703, -29.7446, 13.5227]
        },
        "arm_left2": {
          "rotation": [0, 42.5, 0]
        },
        "arm_left3": {
          "rotation": [0, 30, 0]
        },
        "arm_right": {
          "rotation": [-1.66193, 5.1873, -0.0164]
        },
        "arm_right2": {
          "rotation": [0, -27.5, 0]
        },
        "arm_right3": {
          "rotation": [0, -30, 0]
        },
        "body": {
          "position": [0, -1.9, 0]
        },
        "finger_back_left": {
          "rotation": [0, -10, -17.5]
        },
        "finger_back_right": {
          "rotation": [0, 10, 17.5]
        },
        "finger_front_left": {
          "rotation": [0, 10, -12.5]
        },
        "finger_front_right": {
          "rotation": [0, -10, 12.5]
        },
        "foot_left": {
          "rotation": [-10.96819, 7.40701, 22.28959]
        },
        "foot_right": {
          "rotation": [-12.48848, -0.54094, -24.94081]
        },
        "hand_left": {
          "rotation": [0.6574, -7.4713, -7.54292]
        },
        "hand_right": {
          "rotation": [0.6574, 7.4713, 7.54292]
        },
        "head": {
          "position": [0, 0, 0],
          "rotation": [-5.02346, -9.31047, 8.3432]
        },
        "leg_left": {
          "rotation": [-37.41536, -16.72344, -26.19457]
        },
        "leg_left2": {
          "rotation": [27.5, 0, 0]
        },
        "leg_left3": {
          "rotation": [29.97638, -1.2497, 2.16541]
        },
        "leg_right": {
          "rotation": [-29.04134, 27.98504, 49.33843]
        },
        "leg_right2": {
          "rotation": [27.47766, 1.15408, -2.21783]
        },
        "leg_right3": {
          "rotation": [30, 0, 0]
        },
        "mouth_closed": {
          "scale": 0.99
        },
        "thumb_left": {
          "rotation": [0, -25, 0]
        },
        "thumb_left2": {
          "rotation": [0, -7.5, 0]
        },
        "thumb_right": {
          "rotation": [0, 25, 0]
        },
        "thumb_right2": {
          "rotation": [0, 7.5, 0]
        },
        "tongue": {
          "rotation": [-30, 0, 0]
        },
        "tongue2": {
          "rotation": [-12.5, 0, 0]
        },
        "torso": {
          "position": [0, 0, 0],
          "rotation": [10, 0, 0]
        }
      },
      "loop": true
    },
    "animation.impidimp.quirk_tongue": {
      "animation_length": 1.2083,
      "bones": {
        "head": {
          "rotation": {
            "0.0": {
              "lerp_mode": "catmullrom",
              "post": [0, 0, 0]
            },
            "0.0833": {
              "lerp_mode": "catmullrom",
              "post": [5.63, 0, 0]
            },
            "0.1667": {
              "lerp_mode": "catmullrom",
              "post": [-7.5, 0, 0]
            },
            "0.9167": {
              "lerp_mode": "catmullrom",
              "post": [-20, 0, 0]
            },
            "1.2083": {
              "lerp_mode": "catmullrom",
              "post": [0, 0, 0]
            }
          }
        },
        "tongue": {
          "position": {
            "0.0": [0, 0, 0],
            "0.1667": [0, 0.25, 0],
            "1.2083": [0, 0, 0]
          },
          "rotation": {
            "0.0": [0, 0, 0],
            "0.0417": [-2.5, 0, 0],
            "0.1667": ["-100+math.cos((query.anim_time) *67.5 * 24)*6", 0, 0],
            "1.0": ["-50+math.cos((query.anim_time) *67.5 * 24)*6", 0, 0],
            "1.2083": [0, 0, 0]
          }
        },
        "tongue2": {
          "rotation": {
            "0.0": [0, 0, 0],
            "0.0417": [-12.5, 0, 0],
            "0.1667": [20, 0, 0],
            "1.0": [-7.5, 0, 0]
          }
        }
      }
    },
    "animation.impidimp.recoil": {
      "animation_length": 0.5417,
      "bones": {
        "arm_left": {
          "rotation": {
            "0.0": {
              "lerp_mode": "catmullrom",
              "post": [0, 0, 0]
            },
            "0.2083": {
              "lerp_mode": "catmullrom",
              "post": [0, -5, 0]
            },
            "0.5417": {
              "lerp_mode": "catmullrom",
              "post": [0, 0, 0]
            }
          }
        },
        "arm_right": {
          "rotation": {
            "0.0": {
              "lerp_mode": "catmullrom",
              "post": [0, 0, 0]
            },
            "0.2083": {
              "lerp_mode": "catmullrom",
              "post": [0, 10, 0]
            },
            "0.5417": {
              "lerp_mode": "catmullrom",
              "post": [0, 0, 0]
            }
          }
        },
        "eye_left": {
          "position": {
            "0.0": {
              "lerp_mode": "catmullrom",
              "post": [0, 0, 0]
            },
            "0.2083": {
              "lerp_mode": "catmullrom",
              "post": [-1, 0, 1]
            },
            "0.5417": {
              "lerp_mode": "catmullrom",
              "post": [0, 0, 0]
            }
          }
        },
        "eye_right": {
          "position": {
            "0.0": {
              "lerp_mode": "catmullrom",
              "post": [0, 0, 0]
            },
            "0.2083": {
              "lerp_mode": "catmullrom",
              "post": [1, 0, 1]
            },
            "0.5417": {
              "lerp_mode": "catmullrom",
              "post": [0, 0, 0]
            }
          }
        },
        "head": {
          "rotation": {
            "0.0": {
              "lerp_mode": "catmullrom",
              "post": [0, 0, 0]
            },
            "0.0417": {
              "lerp_mode": "catmullrom",
              "post": [-4.58, 0, 0]
            },
            "0.2083": {
              "lerp_mode": "catmullrom",
              "post": [2.5, 0, 0]
            },
            "0.5417": {
              "lerp_mode": "catmullrom",
              "post": [0, 0, 0]
            }
          }
        },
        "torso": {
          "rotation": {
            "0.0": {
              "lerp_mode": "catmullrom",
              "post": [0, 0, 0]
            },
            "0.0417": {
              "lerp_mode": "catmullrom",
              "post": [-15.44006, -2.52005, 0]
            },
            "0.2083": {
              "lerp_mode": "catmullrom",
              "post": [-17.5, -15, 0]
            },
            "0.5417": {
              "lerp_mode": "catmullrom",
              "post": [0, 0, 0]
            }
          }
        }
      }
    },
    "animation.impidimp.render": {
      "animation_length": 4,
      "bones": {
        "arm_left": {
          "rotation": {
            "0.0": {
              "lerp_mode": "catmullrom",
              "post": [-3.17589, -12.54255, 10.37888]
            }
          }
        },
        "arm_left2": {
          "rotation": {
            "0.0": {
              "lerp_mode": "catmullrom",
              "post": [0, 22.5, 0]
            }
          }
        },
        "arm_left3": {
          "rotation": {
            "0.0": {
              "lerp_mode": "catmullrom",
              "post": [0, 30, 0]
            }
          }
        },
        "arm_right": {
          "position": {
            "0.0": {
              "lerp_mode": "catmullrom",
              "post": [0, 0, 0]
            }
          },
          "rotation": {
            "0.0": {
              "lerp_mode": "catmullrom",
              "post": [-9.47474, -26.12494, 1.43678]
            }
          }
        },
        "arm_right2": {
          "rotation": {
            "0.0": {
              "lerp_mode": "catmullrom",
              "post": [0, -10, 0]
            }
          }
        },
        "arm_right3": {
          "rotation": {
            "0.0": {
              "lerp_mode": "catmullrom",
              "post": [0, -20, 0]
            }
          }
        },
        "body": {
          "position": [0, -1.9, 0],
          "rotation": [0, 0, 0]
        },
        "ear_left": {
          "rotation": [0, 0, 7.5]
        },
        "ear_right": {
          "rotation": [0, 0, -2.5]
        },
        "eye_left": {
          "rotation": {
            "0.0": {
              "lerp_mode": "catmullrom",
              "post": [0, 0, 0]
            }
          }
        },
        "eye_right": {
          "rotation": [0, 0, 0]
        },
        "finger_back_left": {
          "rotation": [0, -10, -17.5]
        },
        "finger_back_right": {
          "rotation": [0, 10, 17.5]
        },
        "finger_front_left": {
          "rotation": [0, 10, -12.5]
        },
        "finger_front_right": {
          "rotation": [0, -10, 12.5]
        },
        "foot_left": {
          "rotation": [-12.07113, 5.40499, 12.42981]
        },
        "foot_right": {
          "rotation": [-12.48848, -0.54094, -24.94081]
        },
        "hand_left": {
          "rotation": {
            "0.0": {
              "lerp_mode": "catmullrom",
              "post": [0.66193, 10.02756, -7.34217]
            }
          }
        },
        "hand_right": {
          "rotation": {
            "0.0": {
              "lerp_mode": "catmullrom",
              "post": [0.65749, -7.52772, 7.3713]
            }
          }
        },
        "head": {
          "rotation": {
            "0.0": {
              "lerp_mode": "catmullrom",
              "post": [-17.05691, 18.06597, -2.0565]
            }
          }
        },
        "leg_left": {
          "rotation": [-39.92347, -7.31608, -14.23305]
        },
        "leg_left2": {
          "rotation": [27.5, 0, 0]
        },
        "leg_left3": {
          "rotation": [29.97638, -1.2497, 2.16541]
        },
        "leg_right": {
          "rotation": {
            "0.0": {
              "lerp_mode": "catmullrom",
              "post": [-48.62956, 32.35958, 35.95506]
            }
          }
        },
        "leg_right2": {
          "rotation": [27.47766, 1.15408, -2.21783]
        },
        "leg_right3": {
          "rotation": {
            "0.0": {
              "lerp_mode": "catmullrom",
              "post": [30, 0, 0]
            }
          }
        },
        "legs": {
          "position": {
            "0.0": {
              "lerp_mode": "catmullrom",
              "post": [0, 0, 0]
            }
          },
          "rotation": {
            "0.0": {
              "lerp_mode": "catmullrom",
              "post": [0, 0, 0]
            }
          }
        },
        "mouth_closed": {
          "scale": 0.99
        },
        "thumb_left": {
          "rotation": [0, -25, 0]
        },
        "thumb_left2": {
          "rotation": [0, -7.5, 0]
        },
        "thumb_right": {
          "rotation": [0, 25, 0]
        },
        "thumb_right2": {
          "rotation": [0, 7.5, 0]
        },
        "tongue": {
          "rotation": {
            "0.0": {
              "lerp_mode": "catmullrom",
              "post": [-10.22934, -16.76869, -2.89132]
            }
          }
        },
        "tongue2": {
          "rotation": {
            "0.0": {
              "lerp_mode": "catmullrom",
              "post": [-10.0049, -0.22635, 2.48974]
            }
          }
        },
        "torso": {
          "position": {
            "0.0": {
              "lerp_mode": "catmullrom",
              "post": [0, 0, 0]
            }
          },
          "rotation": {
            "0.0": {
              "lerp_mode": "catmullrom",
              "post": [27.09602, 16.93258, 11.08555]
            }
          }
        }
      },
      "loop": true
    },
    "animation.impidimp.special": {
      "animation_length": 2.25,
      "bones": {
        "arm_left": {
          "rotation": {
            "0.0": {
              "lerp_mode": "catmullrom",
              "post": [-2.42703, -29.7446, 13.5227]
            },
            "0.25": {
              "lerp_mode": "catmullrom",
              "post": [-33.86243, -19.56327, 36.8424]
            },
            "0.3333": {
              "lerp_mode": "catmullrom",
              "post": [-38.01137, -49.64347, 48.4395]
            },
            "0.75": {
              "lerp_mode": "catmullrom",
              "post": [-28.43779, -23.82335, 34.87203]
            },
            "1.0": {
              "lerp_mode": "catmullrom",
              "post": [0.20418, -11.44604, -18.72188]
            },
            "1.2083": {
              "lerp_mode": "catmullrom",
              "post": [14.06787, -3.95622, -13.85952]
            },
            "1.25": {
              "lerp_mode": "catmullrom",
              "post": [11.84749, 49.02193, -3.32628]
            },
            "1.5": {
              "lerp_mode": "catmullrom",
              "post": [15.849, 49.11251, 9.65417]
            },
            "1.5417": {
              "lerp_mode": "catmullrom",
              "post": [19.20322, 52.80418, 15.05502]
            },
            "1.8333": {
              "lerp_mode": "catmullrom",
              "post": [5.67673, -47.8085, 3.10802]
            },
            "2.25": {
              "lerp_mode": "catmullrom",
              "post": [-2.42703, -29.7446, 13.5227]
            }
          }
        },
        "arm_left2": {
          "rotation": {
            "0.0": {
              "lerp_mode": "catmullrom",
              "post": [0, 42.5, 0]
            },
            "0.25": {
              "lerp_mode": "catmullrom",
              "post": [0, 62.5, 0]
            },
            "0.3333": {
              "lerp_mode": "catmullrom",
              "post": [0, 20, 0]
            },
            "1.0": {
              "lerp_mode": "catmullrom",
              "post": [0, 0, 0]
            },
            "1.5": {
              "lerp_mode": "catmullrom",
              "post": [0, 22.5, 0]
            },
            "2.25": {
              "lerp_mode": "catmullrom",
              "post": [0, 42.5, 0]
            }
          }
        },
        "arm_left3": {
          "rotation": {
            "0.0": {
              "lerp_mode": "catmullrom",
              "post": [0, 30, 0]
            },
            "0.25": {
              "lerp_mode": "catmullrom",
              "post": [0, 52.5, 0]
            },
            "0.3333": {
              "lerp_mode": "catmullrom",
              "post": [0, 30, 0]
            },
            "1.0": {
              "lerp_mode": "catmullrom",
              "post": [0, 47.5, 0]
            },
            "1.2083": {
              "lerp_mode": "catmullrom",
              "post": [0, 17.45, 0]
            },
            "1.5": {
              "lerp_mode": "catmullrom",
              "post": [0, 65, 0]
            },
            "2.25": {
              "lerp_mode": "catmullrom",
              "post": [0, 30, 0]
            }
          }
        },
        "arm_right": {
          "rotation": {
            "0.0": {
              "lerp_mode": "catmullrom",
              "post": [-1.66193, 5.1873, -0.0164]
            },
            "0.25": {
              "lerp_mode": "catmullrom",
              "post": [-20.66995, -30.25189, -10.73025]
            },
            "0.3333": {
              "lerp_mode": "catmullrom",
              "post": [-38.01137, 49.64347, -48.4395]
            },
            "0.75": {
              "lerp_mode": "catmullrom",
              "post": [-28.43779, 23.82335, -34.87203]
            },
            "1.0": {
              "lerp_mode": "catmullrom",
              "post": [-35.68435, 44.28331, -46.70483]
            },
            "1.0833": {
              "lerp_mode": "catmullrom",
              "post": [-11.06388, -11.09951, -6.61896]
            },
            "1.1667": {
              "lerp_mode": "catmullrom",
              "post": [-17.34607, -8.16136, -8.77177]
            },
            "1.2083": {
              "lerp_mode": "catmullrom",
              "post": [-10.08633, -33.42935, -36.75343]
            },
            "1.25": {
              "lerp_mode": "catmullrom",
              "post": [-20.69603, -8.84252, -6.61434]
            },
            "1.3333": {
              "lerp_mode": "catmullrom",
              "post": [75.01661, 75.40164, 67.42223]
            },
            "2.25": {
              "lerp_mode": "catmullrom",
              "post": [-1.66193, 5.1873, -0.0164]
            }
          }
        },
        "arm_right2": {
          "rotation": {
            "0.0": {
              "lerp_mode": "catmullrom",
              "post": [0, -27.5, 0]
            },
            "0.3333": {
              "lerp_mode": "catmullrom",
              "post": [0, -20, 0]
            },
            "1.0": {
              "lerp_mode": "catmullrom",
              "post": [0, -32.5, 0]
            },
            "1.2083": {
              "lerp_mode": "catmullrom",
              "post": [0, -37.62, 0]
            },
            "2.25": {
              "lerp_mode": "catmullrom",
              "post": [0, -27.5, 0]
            }
          }
        },
        "arm_right3": {
          "rotation": {
            "0.0": {
              "lerp_mode": "catmullrom",
              "post": [0, -30, 0]
            },
            "0.25": {
              "lerp_mode": "catmullrom",
              "post": [0, -55, 0]
            },
            "0.3333": {
              "lerp_mode": "catmullrom",
              "post": [0, -30, 0]
            },
            "1.0": {
              "lerp_mode": "catmullrom",
              "post": [0, -37.5, 0]
            },
            "1.2083": {
              "lerp_mode": "catmullrom",
              "post": [0, -39.53, 0]
            },
            "2.25": {
              "lerp_mode": "catmullrom",
              "post": [0, -30, 0]
            }
          }
        },
        "body": {
          "position": {
            "0.0": {
              "lerp_mode": "catmullrom",
              "post": [0, -1.9, 0]
            },
            "0.6667": {
              "lerp_mode": "catmullrom",
              "post": [0, -2, 0]
            },
            "0.75": {
              "lerp_mode": "catmullrom",
              "post": [0, -3, 0]
            },
            "1.0": {
              "lerp_mode": "catmullrom",
              "post": [0, 4.1, -5]
            },
            "1.0833": {
              "lerp_mode": "catmullrom",
              "post": [0, 3.43, -8.81]
            },
            "1.1667": {
              "lerp_mode": "catmullrom",
              "post": [0, -2, -12]
            },
            "1.625": {
              "lerp_mode": "catmullrom",
              "post": [0, -2, -12]
            },
            "1.7083": {
              "lerp_mode": "catmullrom",
              "post": [0, -1, -12]
            },
            "1.8333": {
              "lerp_mode": "catmullrom",
              "post": [0, 6, -5]
            },
            "2.0417": {
              "lerp_mode": "catmullrom",
              "post": [0, -2, 0]
            },
            "2.25": {
              "lerp_mode": "catmullrom",
              "post": [0, -1.9, 0]
            }
          }
        },
        "eye_left": {
          "rotation": {
            "0.0": [0, 0, 0],
            "0.25": [0, 0, 4.38],
            "0.3333": [0, 0, -2.5],
            "1.0": [0, 0, -12.5],
            "2.25": [0, 0, 0]
          }
        },
        "eye_right": {
          "rotation": {
            "0.0": [0, 0, 0],
            "0.25": [0, 0, -4.37],
            "0.3333": [0, 0, 2.5],
            "1.0": [0, 0, 12.5],
            "2.25": [0, 0, 0]
          }
        },
        "finger_back_left": {
          "rotation": {
            "0.0": {
              "lerp_mode": "catmullrom",
              "post": [0, -10, -17.5]
            },
            "0.25": {
              "lerp_mode": "catmullrom",
              "post": [-5.03837, -8.64917, 12.88126]
            },
            "1.0": {
              "lerp_mode": "catmullrom",
              "post": [-7.6879, -5.97887, 34.71649]
            },
            "2.25": {
              "lerp_mode": "catmullrom",
              "post": [0, -10, -17.5]
            }
          }
        },
        "finger_back_right": {
          "rotation": {
            "0.0": {
              "lerp_mode": "catmullrom",
              "post": [0, 10, 17.5]
            },
            "0.25": {
              "lerp_mode": "catmullrom",
              "post": [-5.03837, 8.64917, -12.88126]
            },
            "1.0": {
              "lerp_mode": "catmullrom",
              "post": [-6.8451, 6.92886, -27.2293]
            },
            "2.25": {
              "lerp_mode": "catmullrom",
              "post": [0, 10, 17.5]
            }
          }
        },
        "finger_front_left": {
          "rotation": {
            "0.0": {
              "lerp_mode": "catmullrom",
              "post": [0, 10, -12.5]
            },
            "0.25": {
              "lerp_mode": "catmullrom",
              "post": [5.77509, 8.17773, 22.91318]
            },
            "2.25": {
              "lerp_mode": "catmullrom",
              "post": [0, 10, -12.5]
            }
          }
        },
        "finger_front_right": {
          "rotation": {
            "0.0": {
              "lerp_mode": "catmullrom",
              "post": [0, -10, 12.5]
            },
            "0.25": {
              "lerp_mode": "catmullrom",
              "post": [3.45118, -9.39129, -7.78356]
            },
            "1.0": {
              "lerp_mode": "catmullrom",
              "post": [6.96931, -7.01832, -32.47506]
            },
            "2.25": {
              "lerp_mode": "catmullrom",
              "post": [0, -10, 12.5]
            }
          }
        },
        "foot_left": {
          "rotation": {
            "0.0": {
              "lerp_mode": "catmullrom",
              "post": [-10.96819, 7.40701, 22.28959]
            },
            "0.25": {
              "lerp_mode": "catmullrom",
              "post": [-34.84643, 7.40701, 22.28959]
            },
            "0.3333": {
              "lerp_mode": "catmullrom",
              "post": [-27.93508, 7.40701, 22.28959]
            },
            "0.75": {
              "lerp_mode": "catmullrom",
              "post": [-47.88069, 7.40701, 22.28959]
            },
            "0.8333": {
              "lerp_mode": "catmullrom",
              "post": [-35.96819, 7.40701, 22.28959]
            },
            "1.0": {
              "lerp_mode": "catmullrom",
              "post": [-45.93623, -6.33225, 33.15513]
            },
            "1.25": {
              "lerp_mode": "catmullrom",
              "post": [-38.81095, 7.40701, 22.28959]
            },
            "1.8333": {
              "lerp_mode": "catmullrom",
              "post": [10.35066, 7.40701, 22.28959]
            },
            "2.25": {
              "lerp_mode": "catmullrom",
              "post": [-10.96819, 7.40701, 22.28959]
            }
          }
        },
        "foot_right": {
          "rotation": {
            "0.0": [-12.48848, -0.54094, -24.94081],
            "0.25": [-20.15532, -0.11446, -23.01517],
            "0.75": {
              "lerp_mode": "catmullrom",
              "post": [-20.20738, 0.91871, -18.35023],
              "pre": [-20.20738, 0.91871, -18.35023]
            },
            "0.8333": {
              "lerp_mode": "catmullrom",
              "post": [-9.95392, 1.08089, -17.61794]
            },
            "1.0": {
              "lerp_mode": "catmullrom",
              "post": [-22.86323, 1.09257, -17.56522]
            },
            "1.25": {
              "lerp_mode": "catmullrom",
              "post": [-17.14142, 1.08089, -17.61794]
            },
            "1.5": {
              "lerp_mode": "catmullrom",
              "post": [2.54608, 1.08089, -17.61794]
            },
            "1.7083": {
              "lerp_mode": "catmullrom",
              "post": [-32.03366, 0.70269, -19.32561]
            },
            "1.8333": {
              "lerp_mode": "catmullrom",
              "post": [-0.81827, 0.44931, -20.46965]
            },
            "2.0": {
              "lerp_mode": "catmullrom",
              "post": [-15.45876, 0.05873, -22.23318]
            },
            "2.25": {
              "lerp_mode": "catmullrom",
              "post": [-12.48848, -0.54094, -24.94081]
            }
          }
        },
        "hand_left": {
          "rotation": {
            "0.0": {
              "lerp_mode": "catmullrom",
              "post": [0.6574, -7.4713, -7.54292]
            },
            "0.25": {
              "lerp_mode": "catmullrom",
              "post": [-2.69381, -5.58828, 22.51238]
            },
            "1.0": {
              "lerp_mode": "catmullrom",
              "post": [-80.12327, 13.52352, 3.28246]
            },
            "1.2083": {
              "lerp_mode": "catmullrom",
              "post": [-70.92613, -17.1304, -11.7226]
            },
            "1.5": {
              "lerp_mode": "catmullrom",
              "post": [-40.37257, 23.80708, -0.28794]
            },
            "2.25": {
              "lerp_mode": "catmullrom",
              "post": [0.6574, -7.4713, -7.54292]
            }
          }
        },
        "hand_right": {
          "rotation": {
            "0.0": {
              "lerp_mode": "catmullrom",
              "post": [0.6574, 7.4713, 7.54292]
            },
            "0.25": {
              "lerp_mode": "catmullrom",
              "post": [-2.13904, 6.73604, -15.08732]
            },
            "1.0": {
              "lerp_mode": "catmullrom",
              "post": [-27.16224, -10.75182, -14.43274]
            },
            "1.2083": {
              "lerp_mode": "catmullrom",
              "post": [-50.75444, -19.40431, -19.73165]
            },
            "2.25": {
              "lerp_mode": "catmullrom",
              "post": [0.6574, 7.4713, 7.54292]
            }
          }
        },
        "head": {
          "position": {
            "0.0": {
              "lerp_mode": "catmullrom",
              "post": [0, 0, 0]
            },
            "2.25": {
              "lerp_mode": "catmullrom",
              "post": [0, 0, 0]
            }
          },
          "rotation": {
            "0.0": {
              "lerp_mode": "catmullrom",
              "post": [-5.02346, -9.31047, 8.3432]
            },
            "0.25": {
              "lerp_mode": "catmullrom",
              "post": [23.26358, -6.82221, 6.22132]
            },
            "0.3333": [-8.7028, -5.99635, 5.45146],
            "0.5": {
              "lerp_mode": "catmullrom",
              "post": [9.67698, -4.75939, 3.34309],
              "pre": [9.67698, -4.75939, 3.34309]
            },
            "0.75": {
              "lerp_mode": "catmullrom",
              "post": [12.72836, -1.97363, -0.2748]
            },
            "0.8333": {
              "lerp_mode": "catmullrom",
              "post": [10.16065, 5.00653, -2.36082]
            },
            "0.875": {
              "lerp_mode": "catmullrom",
              "post": [2.59159, 2.18, -4.58712]
            },
            "1.0": {
              "lerp_mode": "catmullrom",
              "post": [-1.50721, -10.46188, -11.92812]
            },
            "1.0417": {
              "lerp_mode": "catmullrom",
              "post": [-0.727, -2.99339, -6.1214]
            },
            "1.125": {
              "lerp_mode": "catmullrom",
              "post": [-3.1308, 7.00093, -12.71881]
            },
            "1.1667": {
              "lerp_mode": "catmullrom",
              "post": [-3.4722, -17.4625, -10.76705]
            },
            "1.25": {
              "lerp_mode": "catmullrom",
              "post": [-3.31433, -23.90807, -8.5682]
            },
            "1.5": {
              "lerp_mode": "catmullrom",
              "post": [-3.05294, 19.95988, -5.36907]
            },
            "1.8333": {
              "lerp_mode": "catmullrom",
              "post": [-11.49681, -17.07634, 2.63152]
            },
            "2.25": {
              "lerp_mode": "catmullrom",
              "post": [-5.02346, -9.31047, 8.3432]
            }
          }
        },
        "leg_left": {
          "rotation": {
            "0.0": [-37.41536, -16.72344, -26.19457],
            "0.25": [-14.87771, -16.83088, -27.7384],
            "0.3333": [-4.67187, -16.87035, -28.30564],
            "0.5417": {
              "lerp_mode": "catmullrom",
              "post": [-22.2655, -16.97113, -29.75388],
              "pre": [-22.2655, -16.97113, -29.75388]
            },
            "0.75": {
              "lerp_mode": "catmullrom",
              "post": [-34.30044, -17.04989, -30.88556]
            },
            "0.8333": {
              "lerp_mode": "catmullrom",
              "post": [-3.39878, -17.08616, -31.40678]
            },
            "1.1667": {
              "lerp_mode": "catmullrom",
              "post": [-41.33018, -32.83523, -34.50178]
            },
            "1.25": {
              "lerp_mode": "catmullrom",
              "post": [-21.3629, -32.33725, -33.08081]
            },
            "1.5": {
              "lerp_mode": "catmullrom",
              "post": [-49.60892, 11.65603, -7.03267]
            },
            "1.8333": {
              "lerp_mode": "catmullrom",
              "post": [-21.29413, 2.44959, -13.49965]
            },
            "2.0": {
              "lerp_mode": "catmullrom",
              "post": [-40.31705, -5.42233, -18.73856]
            },
            "2.25": {
              "lerp_mode": "catmullrom",
              "post": [-37.41536, -16.72344, -26.19457]
            }
          }
        },
        "leg_left2": {
          "rotation": {
            "0.0": [27.5, 0, 0],
            "0.5417": {
              "lerp_mode": "catmullrom",
              "post": [10.51, 0, 0],
              "pre": [10.51, 0, 0]
            },
            "0.8333": {
              "lerp_mode": "catmullrom",
              "post": [47.5, 0, 0]
            },
            "1.25": {
              "lerp_mode": "catmullrom",
              "post": [56.62, 0, 0]
            },
            "1.7083": {
              "lerp_mode": "catmullrom",
              "post": [34.19, 0, 0]
            },
            "2.25": {
              "lerp_mode": "catmullrom",
              "post": [27.5, 0, 0]
            }
          }
        },
        "leg_left3": {
          "rotation": {
            "0.0": [29.97638, -1.2497, 2.16541],
            "0.8333": {
              "lerp_mode": "catmullrom",
              "post": [54.97638, -1.2497, 2.16541],
              "pre": [54.97638, -1.2497, 2.16541]
            },
            "1.25": {
              "lerp_mode": "catmullrom",
              "post": [37.62344, -1.2497, 2.16541]
            },
            "1.7083": {
              "lerp_mode": "catmullrom",
              "post": [18.62267, -1.2497, 2.16541]
            },
            "1.8333": {
              "lerp_mode": "catmullrom",
              "post": [-0.37093, -1.2497, 2.16541]
            },
            "2.0": {
              "lerp_mode": "catmullrom",
              "post": [29.67212, -1.2497, 2.16541]
            },
            "2.25": {
              "lerp_mode": "catmullrom",
              "post": [29.97638, -1.2497, 2.16541]
            }
          }
        },
        "leg_right": {
          "position": {
            "0.0": [0, 0, 0],
            "1.5": {
              "lerp_mode": "catmullrom",
              "post": [0, 0, 1],
              "pre": [0, 0, 1]
            },
            "2.25": {
              "lerp_mode": "catmullrom",
              "post": [0, 0, 0]
            }
          },
          "rotation": {
            "0.0": [-29.04134, 27.98504, 49.33843],
            "0.25": [-17.11215, 6.8489, 36.16486],
            "0.3333": [-7.65139, 6.91181, 35.13558],
            "0.5417": {
              "lerp_mode": "catmullrom",
              "post": [-25.21784, 14.26427, 35.97793],
              "pre": [-25.21784, 14.26427, 35.97793]
            },
            "0.75": {
              "lerp_mode": "catmullrom",
              "post": [-44.17623, 20.81397, 36.79666]
            },
            "0.8333": {
              "lerp_mode": "catmullrom",
              "post": [-2.24677, 20.01718, 35.40313]
            },
            "1.25": {
              "lerp_mode": "catmullrom",
              "post": [-38.86649, 19.60922, 56.54224]
            },
            "1.5": {
              "lerp_mode": "catmullrom",
              "post": [43.42776, 27.67923, 102.64644]
            },
            "1.7083": {
              "lerp_mode": "catmullrom",
              "post": [62.87194, 55.79877, 87.3131]
            },
            "1.8333": {
              "lerp_mode": "catmullrom",
              "post": [7.78391, 32.29185, 63.05675]
            },
            "2.0": {
              "lerp_mode": "catmullrom",
              "post": [4.97127, 28.97999, 56.1522]
            },
            "2.25": {
              "lerp_mode": "catmullrom",
              "post": [-29.04134, 27.98504, 49.33843]
            }
          }
        },
        "leg_right2": {
          "rotation": {
            "0.0": [27.47766, 1.15408, -2.21783],
            "0.25": [15.67313, 1.15408, -2.21783],
            "0.5417": [-2.97098, 1.15408, -2.21783],
            "0.8333": {
              "lerp_mode": "catmullrom",
              "post": [39.97766, 1.15408, -2.21783],
              "pre": [39.97766, 1.15408, -2.21783]
            },
            "1.25": {
              "lerp_mode": "catmullrom",
              "post": [40.91516, 1.15408, -2.21783]
            },
            "1.5": {
              "lerp_mode": "catmullrom",
              "post": [57.47766, 1.15408, -2.21783]
            },
            "1.7083": {
              "lerp_mode": "catmullrom",
              "post": [31.68165, 1.15408, -2.21783]
            },
            "2.25": {
              "lerp_mode": "catmullrom",
              "post": [27.47766, 1.15408, -2.21783]
            }
          }
        },
        "leg_right3": {
          "rotation": {
            "0.0": [30, 0, 0],
            "0.25": [36.71, 0, 0],
            "0.8333": {
              "lerp_mode": "catmullrom",
              "post": [47.5, 0, 0],
              "pre": [47.5, 0, 0]
            },
            "1.25": {
              "lerp_mode": "catmullrom",
              "post": [57.19, 0, 0]
            },
            "1.5": {
              "lerp_mode": "catmullrom",
              "post": [35, 0, 0]
            },
            "1.7083": {
              "lerp_mode": "catmullrom",
              "post": [37.23, 0, 0]
            },
            "2.25": {
              "lerp_mode": "catmullrom",
              "post": [30, 0, 0]
            }
          }
        },
        "mouth_closed": {
          "scale": 0.99
        },
        "thumb_left": {
          "rotation": {
            "0.0": {
              "lerp_mode": "catmullrom",
              "post": [0, -25, 0]
            },
            "0.25": {
              "lerp_mode": "catmullrom",
              "post": [17.5, -25, 0]
            },
            "2.25": {
              "lerp_mode": "catmullrom",
              "post": [0, -25, 0]
            }
          }
        },
        "thumb_left2": {
          "rotation": [0, -7.5, 0]
        },
        "thumb_right": {
          "rotation": {
            "0.0": {
              "lerp_mode": "catmullrom",
              "post": [0, 25, 0]
            },
            "0.25": {
              "lerp_mode": "catmullrom",
              "post": [17.5, 25, 0]
            },
            "1.0": {
              "lerp_mode": "catmullrom",
              "post": [35.23193, 25, 0]
            },
            "2.25": {
              "lerp_mode": "catmullrom",
              "post": [0, 25, 0]
            }
          }
        },
        "thumb_right2": {
          "rotation": {
            "0.0": {
              "lerp_mode": "catmullrom",
              "post": [0, 7.5, 0]
            },
            "2.25": {
              "lerp_mode": "catmullrom",
              "post": [0, 7.5, 0]
            }
          }
        },
        "tongue": {
          "rotation": {
            "0.0": {
              "lerp_mode": "catmullrom",
              "post": [-30, 0, 0]
            },
            "0.25": {
              "lerp_mode": "catmullrom",
              "post": [-16.85372, 0.50431, -6.37893]
            },
            "0.3333": {
              "lerp_mode": "catmullrom",
              "post": [-35.95884, 2.56665, -3.57262]
            },
            "0.4167": {
              "lerp_mode": "catmullrom",
              "post": [-40.2713, -0.4605, -5.38151]
            },
            "0.75": {
              "lerp_mode": "catmullrom",
              "post": [-40.2713, -0.4605, -5.38151]
            },
            "1.0": {
              "lerp_mode": "catmullrom",
              "post": [-70.68518, 26.56209, 33.5411]
            },
            "2.25": {
              "lerp_mode": "catmullrom",
              "post": [-30, 0, 0]
            }
          }
        },
        "tongue2": {
          "rotation": {
            "0.0": {
              "lerp_mode": "catmullrom",
              "post": [-12.5, 0, 0]
            },
            "0.25": {
              "lerp_mode": "catmullrom",
              "post": [-41.23, 0, 0]
            },
            "0.3333": {
              "lerp_mode": "catmullrom",
              "post": [-22.55, 0, 0]
            },
            "1.0": {
              "lerp_mode": "catmullrom",
              "post": [-40, 0, 0]
            },
            "2.25": {
              "lerp_mode": "catmullrom",
              "post": [-12.5, 0, 0]
            }
          }
        },
        "torso": {
          "position": {
            "0.0": {
              "lerp_mode": "catmullrom",
              "post": [0, 0, 0]
            },
            "2.25": {
              "lerp_mode": "catmullrom",
              "post": [0, 0, 0]
            }
          },
          "rotation": {
            "0.0": {
              "lerp_mode": "catmullrom",
              "post": [10, 0, 0]
            },
            "0.25": {
              "lerp_mode": "catmullrom",
              "post": [9.99067, 0.43399, -2.46207]
            },
            "0.3333": {
              "lerp_mode": "catmullrom",
              "post": [4.18539, -2.32327, -3]
            },
            "0.5417": {
              "lerp_mode": "catmullrom",
              "post": [10.52567, -0.51195, -3.70826]
            },
            "0.6667": {
              "lerp_mode": "catmullrom",
              "post": [36.21027, -0.20478, -1.4833]
            },
            "0.75": {
              "lerp_mode": "catmullrom",
              "post": [45, 0, 0]
            },
            "0.8333": {
              "lerp_mode": "catmullrom",
              "post": [33.41973, -4.54058, -4.4544]
            },
            "0.9167": {
              "lerp_mode": "catmullrom",
              "post": [18.08945, -9.08116, -8.9088]
            },
            "1.0": {
              "lerp_mode": "catmullrom",
              "post": [17.75918, -13.62175, -13.36321]
            },
            "1.0833": {
              "lerp_mode": "catmullrom",
              "post": [23.5172, -43.76949, -14.65736]
            },
            "1.1667": {
              "lerp_mode": "catmullrom",
              "post": [19.22532, -9.84904, -0.41006]
            },
            "1.2083": {
              "lerp_mode": "catmullrom",
              "post": [32.24425, -59.9662, -24.89251]
            },
            "1.25": {
              "lerp_mode": "catmullrom",
              "post": [16.38431, -30.05248, -4.94648]
            },
            "1.3333": {
              "lerp_mode": "catmullrom",
              "post": [27.10403, 53.01738, 14.69175]
            },
            "1.5": {
              "lerp_mode": "catmullrom",
              "post": [44.17415, 55.39197, 22.87224]
            },
            "1.7083": {
              "lerp_mode": "catmullrom",
              "post": [33.49209, 45.55091, 12.46008]
            },
            "2.25": {
              "lerp_mode": "catmullrom",
              "post": [10, 0, 0]
            }
          }
        }
      }
    },
    "animation.impidimp.test": {
      "bones": {
        "body": {
          "position": [0, 0, "0-q.anim_time*90*0.2"]
        }
      },
      "loop": true
    }
  },
  "format_version": "1.8.0"
}