{
  "target": "cobblemon:alcremie",
  "drops": {
    "amount": 3,
    "entries": [
      {
        "item": "createfood:cream_frosting_bottle",
        "quantityRange": "0-2"
      },
      {
        "item": "croptopia:whipping_cream",
        "quantityRange": "0-2"
      },
      {
        "item": "minecraft:sugar",
        "quantityRange": "0-2"
      },
      {
        "item": "croptopia:eton_mess",
        "percentage": 25.0
      },
      {
        "item": "minecraft:cake",
        "percentage": 5.0
      }
    ]
  }
}