{
  "target": "cobblemon:bouffalant",
  "drops": {
    "amount": 6,
    "entries": [
      {
        "item": "minecraft:leather",
        "quantityRange": "0-2"
      },
      {
        "item": "minecraft:beef",
        "quantityRange": "1-3"
      },
      {
        "item": "alexsmobs:bison_fur",
        "quantityRange": "1-4"
      },
      {
        "item": "cobblemon:wepear_berry",
        "percentage": 5.0
      },
      {
        "item": "minecraft:brown_wool",
        "quantityRange": "1-2"
      }
    ]
  }
}