{
  "target": "cobblemon:combee",
  "drops": {
    "amount": 5,
    "entries": [
      {
        "item": "minecraft:honey_bottle",
        "quantityRange": "0-1"
      },
      {
        "item": "minecraft:honeycomb",
        "percentage": 2.5
      },
      {
        "item": "cobblemon:poison_barb",
        "percentage": 2.5
      },
      {
        "item": "cobblemon:charti_berry",
        "percentage": 2.5
      },
      {
        "item": "the_bumblezone:bee_stinger",
        "percentage": 25.0
      }
    ]
  }
}