{
  "target": "cobblemon:crabrawler",
  "drops": {
    "amount": 1,
    "entries": [
      {
        "item": "cobblemon:aspear_berry",
        "percentage": 2.5
      },
      {
        "item": "wilderwild:crab_claw",
        "percentage": 50.0
      },
      {
        "item": "ecologics:crab_claw",
        "percentage": 50.0
      },
      {
        "item": "crabbersdelight:crab",
        "percentage": 50.0
      },
      {
        "item": "croptopia:crab",
        "percentage": 50.0
      }
    ]
  }
}