{
  "target": "cobblemon:crabominable",
  "drops": {
    "amount": 2,
    "entries": [
      {
        "item": "cobblemon:aspear_berry",
        "percentage": 5.0
      },
      {
        "item": "wilderwild:crab_claw",
        "quantityRange": "0-2"
      },
      {
        "item": "ecologics:crab_claw",
        "quantityRange": "0-2"

      },
      {
        "item": "crabbersdelight:crab",
        "percentage": 75.0
      },
      {
        "item": "croptopia:crab",
        "percentage": 75.0
      }
    ]
  }
}