{
  "target": "cobblemon:magnezone",
  "drops": {
    "amount": 6,
    "entries": [
      {
        "item": "cobblemon:magnet",
        "percentage": 10.0
      },
      {
        "item": "cobblemon:metal_coat",
        "percentage": 10.0
      },
      {
        "item": "cobblemon:shuca_berry",
        "percentage": 10.0
      },
      {
        "item": "spelunkery:raw_magnetite",
        "quantityRange": "0-3"
      },
      {
        "item": "spelunkery:item_magnet",
        "percentage": 10.0
      },
      {
        "item": "minecraft:raw_iron",
        "quantityRange": "0-3"
      }
    ]
  }
}