{
  "target": "cobblemon:magnemite",
  "drops": {
    "amount": 3,
    "entries": [
      {
        "item": "cobblemon:magnet",
        "percentage": 2.5
      },
      {
        "item": "cobblemon:metal_coat",
        "percentage": 2.5
      },
      {
        "item": "cobblemon:shuca_berry",
        "percentage": 2.5
      },
      {
        "item": "spelunkery:raw_magnetite",
        "quantityRange": "0-1"
      },
      {
        "item": "spelunkery:item_magnet",
        "percentage": 2.5
      },
      {
        "item": "minecraft:raw_iron",
        "quantityRange": "0-1"
      }
    ]
  }
}