{
  "target": "cobblemon:mamoswine",
  "drops": {
    "amount": 8,
    "entries": [
      {
        "item": "garnished:tusk",
        "quantityRange": "0-1"
      },
      {
        "item": "garnished:irate_tusk",
        "quantityRange": "0-1"
      },
      {
        "item": "minecraft:porkchop",
        "quantityRange": "2-3"
      },
      {
        "item": "minecraft:brown_wool",
        "quantityRange": "2-3"
      },
      {
        "item": "cobblemon:never_melt_ice",
        "percentage": 10.0
      },
      {
        "item": "cobblemon:aspear_berry",
        "percentage": 10.0
      }
    ]
  }
}