{
  "target": "cobblemon:maractus",
  "drops": {
    "amount": 5,
    "entries": [
      {
        "item": "minecraft:cactus",
        "quantityRange": "0-2"
      },
      {
        "item": "cobblemon:miracle_seed",
        "percentage": 5.0
      },
      {
        "item": "ecologics:prickly_pear",
        "quantityRange": "0-2"
      },
      {
        "item": "garnished:prickly_pear",
        "quantityRange": "0-2"
      },
      {
        "item": "wilderwild:prickly_pear",
        "quantityRange": "0-2"
      }
    ]
  }
}