{
  "target": "cobblemon:nosepass",
  "drops": {
    "amount": 5,
    "entries": [
      {
        "item": "minecraft:flint",
        "quantityRange": "0-1"
      },
      {
        "item": "cobblemon:hard_stone",
        "percentage": 2.5
      },
      {
        "item": "cobblemon:magnet",
        "percentage": 2.5
      },
      {
        "item": "cobblemon:chople_berry",
        "percentage": 2.5
      },
      {
        "item": "spelunkery:raw_magnetite",
        "quantityRange": "0-1"
      }
    ]
  }
}