{
  "target": "cobblemon:probopass",
  "drops": {
    "amount": 9,
    "entries": [
      {
        "item": "minecraft:flint",
        "quantityRange": "0-3"
      },
      {
        "item": "cobblemon:hard_stone",
        "percentage": 5.0
      },
      {
        "item": "cobblemon:magnet",
        "percentage": 5.0
      },
      {
        "item": "cobblemon:chople_berry",
        "percentage": 5.0
      },
      {
        "item": "spelunkery:raw_magnetite",
        "quantityRange": "0-3"
      }
    ]
  }
}