{
  "target": "cobblemon:sableye",
  "drops": {
    "amount": 3,
    "entries": [
      {
        "item": "minecraft:amethyst_shard",
        "quantityRange": "0-2"
      },
      {
        "item": "create:polished_rose_quartz",
        "percentage": 5.0
      },
      {
        "item": "tetra:pristine_lapis",
        "percentage": 5.0
      },
      {
        "item": "minecraft:diamond",
        "percentage": 5.0
      },
      {
        "item": "minecraft:emerald",
        "percentage": 5.0
      },
      {
        "item": "cobblemon:roseli_berry",
        "percentage": 5.0
      },
      {
        "item": "jewelry:ruby",
        "percentage": 5.0
      },
      {
        "item": "jewelry:topaz",
        "percentage": 5.0
      },
      {
        "item": "jewelry:citrine",
        "percentage": 5.0
      },
      {
        "item": "jewelry:jade",
        "percentage": 5.0
      },
      {
        "item": "jewelry:sapphire",
        "percentage": 5.0
      },
      {
        "item": "jewelry:tanzanite",
        "percentage": 5.0
      },
      {
        "item": "betternether:nether_ruby",
        "percentage": 5.0
      },
      {
        "item": "tetra:pristine_diamond",
        "percentage": 1.0
      },
      {
        "item": "tetra:pristine_emerald",
        "percentage": 1.0
      }
    ]
  }
}