{
  "target": "cobblemon:teddiursa",
  "drops": {
    "amount": 6,
    "entries": [
      {
        "item": "minecraft:sweet_berries",
        "quantityRange": "1-3"
      },
      {
        "item": "minecraft:honey_bottle",
        "percentage": 2.5
      },
      {
        "item": "cobblemon:peat_block",
        "percentage": 2.5
      },
      {
        "item": "cobblemon:oran_berry",
        "percentage": 2.5
      },
      {
        "item": "alexsmobs:bear_fur",
        "quantityRange": "0-1"
      }
    ]
  }
}