{
  "target": "cobblemon:whimsicott",
  "drops": {
    "amount": 4,
    "entries": [
      {
        "item": "etcetera:cotton_flower",
        "quantityRange": "1-2"
      },
      {
        "item": "etcetera:cotton_seeds",
        "quantityRange": "0-2"
      },
      {
        "item": "cobblemon:kebia_berry",
        "percentage": 5.0
      },
      {
        "item": "cobblemon:absorb_bulb",
        "percentage": 5.0
      },
      {
        "item": "minecraft:white_wool",
        "quantityRange": "1-2"
      }
    ]
  }
}