{
  "animations": {
    "animation.volcanion.battle_idle": {
      "bones": {
        "back_foot_left": {
          "position": ["0.5-math.sin(q.anim_time*90)/3", "-0.6-math.sin(q.anim_time*90)/2", "0-math.sin(q.anim_time*90)/4"]
        },
        "back_foot_right": {
          "position": ["-0.5+math.sin(q.anim_time*90)/3", "-0.6-math.sin(q.anim_time*90)/2", "0-math.sin(q.anim_time*90)/4"]
        },
        "back_foot_rotation_left": {
          "rotation": [0, "0.5+math.sin(q.anim_time*90)", "-2.5+5*math.sin(q.anim_time*90)"]
        },
        "back_foot_rotation_right": {
          "rotation": [0, "-0.5-math.sin(q.anim_time*90)", "2.5-5*math.sin(q.anim_time*90)"]
        },
        "back_left_leg": {
          "rotation": [0, 0, "27.5-(5*math.sin(q.anim_time*90))"]
        },
        "back_legs": {
          "rotation": [-7, 0, 0]
        },
        "back_right_leg": {
          "rotation": [0, 0, "-27.5+(5*math.sin(q.anim_time*90))"]
        },
        "body": {
          "position": [0, "-3.75-math.sin(q.anim_time*90)", 0],
          "rotation": ["7.5+math.sin(q.anim_time*90)", 0, 0]
        },
        "front_foot_left": {
          "position": [0, -3, 0]
        },
        "front_foot_right": {
          "position": [0, -3, 0]
        },
        "front_foot_rotation_left": {
          "position": ["0-math.sin(q.anim_time*90)/3", 0, 0],
          "rotation": ["0.25-math.sin(q.anim_time*90)", -0.6, "45.75+4.5*math.sin(q.anim_time*90)"]
        },
        "front_foot_rotation_right": {
          "position": ["math.sin(q.anim_time*90)/3", 0, 0],
          "rotation": ["0.25-math.sin(q.anim_time*90)", 0.6, "-45.75-4.5*math.sin(q.anim_time*90)"]
        },
        "front_left_leg": {
          "rotation": [0, 0, 5]
        },
        "front_left_shoulder": {
          "position": [0, 1, 0],
          "rotation": [0, 0, "-17.5-4.5*math.sin(q.anim_time*90)"]
        },
        "front_legs": {
          "rotation": [-7.5, 0, 0]
        },
        "front_right_leg": {
          "rotation": [0, 0, -5]
        },
        "front_right_shoulder": {
          "position": [0, 1, 0],
          "rotation": [0, 0, "17.5+4.5*math.sin(q.anim_time*90)"]
        },
        "head": {
          "rotation": ["5-2*math.sin((q.anim_time-0.15)*90)", 0, 0]
        },
        "jaw": {
          "rotation": ["6+4*math.sin((q.anim_time-0.15)*60)", 0, 0]
        },
        "left_eyebrow_rotation": {
          "position": [0.15, -0.25, 0.06],
          "rotation": [0, 0, -5.5]
        },
        "left_pipeline2": {
          "rotation": [0, 0, "15+2*math.sin((q.anim_time-0.25)*90)"]
        },
        "left_pipeline3": {
          "rotation": [0, 0, "10+math.sin((q.anim_time-0.25)*90)"]
        },
        "left_pipeline4": {
          "rotation": [0, 0, "10-2*math.sin((q.anim_time-0.25)*90)"]
        },
        "left_pipeline_rotation": {
          "rotation": [75, -7.5, "10-2*math.sin((q.anim_time-0.25)*90)"]
        },
        "neck": {
          "rotation": ["5-math.sin((q.anim_time-0.15)*90)", 0, 0]
        },
        "pipeline": {
          "rotation": [15, 0, 0]
        },
        "right_eyebrow_rotation": {
          "position": [-0.15, -0.25, 0.06],
          "rotation": [0, 0, 5.5]
        },
        "right_pipeline2": {
          "rotation": [0, 0, "-15-2*math.sin((q.anim_time-0.25)*90)"]
        },
        "right_pipeline3": {
          "rotation": [0, 0, "-10-math.sin((q.anim_time-0.25)*90)"]
        },
        "right_pipeline4": {
          "rotation": [0, 0, "-10+2*math.sin((q.anim_time-0.25)*90)"]
        },
        "right_pipeline_rotation": {
          "rotation": [75, 7.5, "-10+2*math.sin((q.anim_time-0.25)*90)"]
        },
        "tail": {
          "rotation": ["7.5+math.sin((q.anim_time-0.15)*90)", 0, 0]
        },
        "tail2": {
          "rotation": ["2.5+math.sin((q.anim_time-0.15)*90)", 0, 0]
        },
        "tail3": {
          "rotation": ["2.5+2*math.sin((q.anim_time-0.15)*90)", 0, 0]
        },
        "torso": {
          "rotation": [0, 0, 0]
        },
        "torso_front": {
          "rotation": [-2.5, 0, 0]
        }
      },
      "loop": true
    },
    "animation.volcanion.blink": {
      "animation_length": 0.2083,
      "bones": {
        "left_eyelid": {
          "position": {
            "0.0": [0, 0, 0],
            "0.0417": {
              "post": [0, 0, -0.05],
              "pre": [0, 0, 0]
            },
            "0.1667": {
              "post": [0, 0, -0.05],
              "pre": [0, 0, -0.05]
            },
            "0.2083": {
              "post": [0, 0, 0],
              "pre": [0, 0, -0.05]
            }
          }
        },
        "left_iris": {
          "position": {
            "0.0": [0, 0, 0],
            "0.0417": {
              "post": [0, 0, 0.1],
              "pre": [0, 0, 0]
            },
            "0.1667": {
              "post": [0, 0, 0.1],
              "pre": [0, 0, 0.1]
            },
            "0.2083": {
              "post": [0, 0, 0],
              "pre": [0, 0, 0.1]
            }
          }
        },
        "right_eyelid": {
          "position": {
            "0.0": [0, 0, 0],
            "0.0417": {
              "post": [0, 0, -0.05],
              "pre": [0, 0, 0]
            },
            "0.1667": {
              "post": [0, 0, -0.05],
              "pre": [0, 0, -0.05]
            },
            "0.2083": {
              "post": [0, 0, 0],
              "pre": [0, 0, -0.05]
            }
          }
        },
        "right_iris": {
          "position": {
            "0.0": [0, 0, 0],
            "0.0417": {
              "post": [0, 0, 0.1],
              "pre": [0, 0, 0]
            },
            "0.1667": {
              "post": [0, 0, 0.1],
              "pre": [0, 0, 0.1]
            },
            "0.2083": {
              "post": [0, 0, 0],
              "pre": [0, 0, 0.1]
            }
          }
        }
      }
    },
    "animation.volcanion.cry": {
      "animation_length": 1.75,
      "bones": {
        "head": {
          "rotation": {
            "0.0": {
              "lerp_mode": "catmullrom",
              "post": [0, 0, 0]
            },
            "0.125": {
              "lerp_mode": "catmullrom",
              "post": [6, 0, 0]
            },
            "0.2917": {
              "lerp_mode": "catmullrom",
              "post": [-4, 0, 0]
            },
            "0.75": {
              "lerp_mode": "catmullrom",
              "post": [-6, 0, 0]
            },
            "1.5": {
              "lerp_mode": "catmullrom",
              "post": [0, 0, 0]
            },
            "1.75": {
              "lerp_mode": "catmullrom",
              "post": [0, 0, 0]
            }
          }
        },
        "jaw": {
          "rotation": {
            "0.0": [0, 0, 0],
            "0.125": [0, 0, 0],
            "0.2917": {
              "lerp_mode": "catmullrom",
              "post": [30, 0, 0],
              "pre": [30, 0, 0]
            },
            "1.2917": {
              "lerp_mode": "catmullrom",
              "post": [30, 0, 0]
            },
            "1.75": {
              "lerp_mode": "catmullrom",
              "post": [0, 0, 0]
            }
          }
        },
        "neck": {
          "rotation": {
            "0.0": {
              "lerp_mode": "catmullrom",
              "post": [0, 0, 0]
            },
            "0.125": {
              "lerp_mode": "catmullrom",
              "post": [6, 0, 0]
            },
            "0.2917": {
              "lerp_mode": "catmullrom",
              "post": [-4, 0, 0]
            },
            "0.75": {
              "lerp_mode": "catmullrom",
              "post": [-6, 0, 0]
            },
            "1.75": {
              "lerp_mode": "catmullrom",
              "post": [0, 0, 0]
            }
          }
        },
        "pipeline": {
          "rotation": {
            "0.0": {
              "lerp_mode": "catmullrom",
              "post": [0, 0, 0]
            },
            "0.125": {
              "lerp_mode": "catmullrom",
              "post": [2, 0, 0]
            },
            "0.2917": {
              "lerp_mode": "catmullrom",
              "post": [-2, 0, 0]
            },
            "0.75": {
              "lerp_mode": "catmullrom",
              "post": [-2.5, 0, 0]
            },
            "1.75": {
              "lerp_mode": "catmullrom",
              "post": [0, 0, 0]
            }
          }
        },
        "torso_front": {
          "rotation": {
            "0.0": {
              "lerp_mode": "catmullrom",
              "post": [0, 0, 0]
            },
            "0.125": {
              "lerp_mode": "catmullrom",
              "post": [2, 0, 0]
            },
            "0.2917": {
              "lerp_mode": "catmullrom",
              "post": [-2, 0, 0]
            },
            "0.75": {
              "lerp_mode": "catmullrom",
              "post": [-2.5, 0, 0]
            },
            "1.75": {
              "lerp_mode": "catmullrom",
              "post": [0, 0, 0]
            }
          }
        }
      },
      "sound_effects": {
        "0.0833": {
          "effect": "pokemon.cry.volcanion"
        }
      }
    },
    "animation.volcanion.ground_idle": {
      "bones": {
        "back_foot_left": {
          "position": ["-(math.sin(q.anim_time*90)/3)", "-0.75-math.sin(q.anim_time*90)/2.5", "0-math.sin(q.anim_time*90)/4"]
        },
        "back_foot_right": {
          "position": ["math.sin(q.anim_time*90)/3", "-0.75-math.sin(q.anim_time*90)/2.5", "0-math.sin(q.anim_time*90)/4"]
        },
        "back_foot_rotation_left": {
          "rotation": [0, "math.sin(q.anim_time*90)", "5*math.sin(q.anim_time*90)"]
        },
        "back_foot_rotation_right": {
          "rotation": [0, "-math.sin(q.anim_time*90)", "-5*math.sin(q.anim_time*90)"]
        },
        "back_left_leg": {
          "rotation": [0, 0, "25-(5*math.sin(q.anim_time*90))"]
        },
        "back_right_leg": {
          "rotation": [0, 0, "-25+(5*math.sin(q.anim_time*90))"]
        },
        "body": {
          "position": [0, "-0.75-math.sin(q.anim_time*90)", 0],
          "rotation": ["math.sin(q.anim_time*90)", 0, 0]
        },
        "front_foot_left": {
          "position": [0, -3, 0]
        },
        "front_foot_right": {
          "position": [0, -3, 0]
        },
        "front_foot_rotation_left": {
          "position": ["0-math.sin(q.anim_time*90)/3", 0.75, 0],
          "rotation": ["0.25-math.sin(q.anim_time*90)", -0.6, "32.6+4.5*math.sin(q.anim_time*90)"]
        },
        "front_foot_rotation_right": {
          "position": ["math.sin(q.anim_time*90)/3", 0.75, 0],
          "rotation": ["0.25-math.sin(q.anim_time*90)", 0.6, "-32.6-4.5*math.sin(q.anim_time*90)"]
        },
        "front_left_leg": {
          "rotation": [0, 0, 5]
        },
        "front_left_shoulder": {
          "position": [0, 1, 0],
          "rotation": [0, 0, "-5-4.5*math.sin(q.anim_time*90)"]
        },
        "front_right_leg": {
          "rotation": [0, 0, -5]
        },
        "front_right_shoulder": {
          "position": [0, 1, 0],
          "rotation": [0, 0, "5+4.5*math.sin(q.anim_time*90)"]
        },
        "head": {
          "rotation": ["-2*math.sin((q.anim_time-0.15)*90)", 0, 0]
        },
        "jaw": {
          "rotation": ["6+4*math.sin((q.anim_time-0.15)*60)", 0, 0]
        },
        "neck": {
          "rotation": ["-math.sin((q.anim_time-0.15)*90)", 0, 0]
        },
        "tail": {
          "rotation": ["2.5+math.sin((q.anim_time-0.15)*90)", 0, 0]
        },
        "tail2": {
          "rotation": ["2.5+2*math.sin((q.anim_time-0.15)*90)", 0, 0]
        },
        "tail3": {
          "rotation": ["2*math.sin((q.anim_time-0.15)*90)", 0, 0]
        },
        "torso_front": {
          "position": [0, 0.5, 0],
          "rotation": [-2.5, 0, 0]
        }
      },
      "loop": true
    },
    "animation.volcanion.ground_walk": {
      "bones": {
        "back_foot_left": {
          "position": [0, -1.5, 0]
        },
        "back_foot_right": {
          "position": [0, -1.5, 0]
        },
        "back_foot_rotation_left": {
          "rotation": ["10*math.sin((q.anim_time-0.1)*90*3)", "2*math.clamp(4-6*math.sin((q.anim_time+0.25)*90*3), -3, 2)/3", "8-8*math.cos((q.anim_time-0.1)*90*3)"]
        },
        "back_foot_rotation_right": {
          "rotation": ["-10*math.sin((q.anim_time-0.1)*90*3)", "2*math.clamp(4+6*math.sin((q.anim_time+0.25)*90*3), -3, 2)/3", "-8-8*math.cos((q.anim_time-0.1)*90*3)"]
        },
        "back_left_leg": {
          "rotation": ["-4*math.sin((q.anim_time-0.1)*90*3)", "-8*math.sin((q.anim_time-0.1)*90*3)", "16+8*math.cos((q.anim_time-0.1)*90*3)"]
        },
        "back_legs": {
          "position": [0, -0.5, 0],
          "rotation": [0, "-2*math.sin((q.anim_time-0.25)*90*3)", "2*math.cos((q.anim_time-0.25)*90*3)"]
        },
        "back_legs_rotation": {
          "rotation": [0, "-2*math.sin((q.anim_time-0.25)*90*3)", 0]
        },
        "back_right_leg": {
          "rotation": ["4*math.sin((q.anim_time-0.1)*90*3)", "-8*math.sin((q.anim_time-0.1)*90*3)", "-16+8*math.cos((q.anim_time-0.1)*90*3)"]
        },
        "body": {
          "position": [0, 1.25, 0]
        },
        "front_foot_left": {
          "position": [0, "-3.5+math.clamp(-2-3*math.cos((q.anim_time+0.1)*90*3), 0, 1)-math.clamp(-2-3*math.sin((q.anim_time-0.25)*90*3), 0, 1)/2", 0]
        },
        "front_foot_right": {
          "position": [0, "-3.5+math.clamp(-2-3*math.sin((q.anim_time+1.1)*90*3), 0, 1)-math.clamp(-2+3*math.cos((q.anim_time+0.75)*90*3), 0, 1)/2", 0]
        },
        "front_foot_rotation_left": {
          "position": [0, 1, 0],
          "rotation": ["math.clamp(4+6*math.sin((q.anim_time+0.25)*90*3), -3, 2)", "-8*math.sin((q.anim_time+0.15)*90*3)", "35+8*math.cos((q.anim_time+0.15)*90*3)"]
        },
        "front_foot_rotation_right": {
          "position": [0, 1, 0],
          "rotation": ["math.clamp(4-6*math.sin((q.anim_time+0.25)*90*3), -3, 2)", "0-8*math.sin((q.anim_time+0.15)*90*3)", "-35+8*math.cos((q.anim_time+0.15)*90*3)"]
        },
        "front_left_leg": {
          "rotation": [0, 0, 5]
        },
        "front_left_shoulder": {
          "position": [0, 1, 0],
          "rotation": ["-4*math.sin((q.anim_time+0.15)*90*3)", "8*math.sin((q.anim_time+0.15)*90*3)", "-10-8*math.cos((q.anim_time+0.15)*90*3)"]
        },
        "front_legs": {
          "rotation": [-2.5, "2*math.sin(q.anim_time*90*3)", "-2*math.cos(q.anim_time*90*3)"]
        },
        "front_right_leg": {
          "rotation": [0, 0, -5]
        },
        "front_right_shoulder": {
          "position": [0, 1, 0],
          "rotation": ["4*math.sin((q.anim_time+0.15)*90*3)", "8*math.sin((q.anim_time+0.15)*90*3)", "10-8*math.cos((q.anim_time+0.15)*90*3)"]
        },
        "neck": {
          "rotation": [2.5, "-1.5*math.sin(q.anim_time*90*3)", "1.5*math.cos(q.anim_time*90*3)"]
        },
        "rear": {
          "rotation": [0, "-2*math.sin((q.anim_time-0.25)*90*3)", "2*math.cos((q.anim_time-0.25)*90*3)"]
        },
        "rear_body": {
          "rotation": [0, "-2*math.sin((q.anim_time-0.25)*90*3)", 0]
        },
        "tail": {
          "rotation": [0, "3*math.sin((q.anim_time-0.35)*90*3)", "-math.cos((q.anim_time-0.35)*90*3)"]
        },
        "torso_front": {
          "position": [0, 0.5, 0],
          "rotation": [-2.5, "2*math.sin(q.anim_time*90*3)", "-2*math.cos(q.anim_time*90*3)"]
        },
        "volcanion": {
          "position": [0, -1, 0]
        }
      },
      "loop": true
    },
    "animation.volcanion.sleep": {
      "bones": {
        "back_foot_left": {
          "position": ["0.5-math.sin(q.anim_time*90)/3", "-0.6-math.sin(q.anim_time*90)/2", "0-math.sin(q.anim_time*90)/4"]
        },
        "back_foot_right": {
          "position": ["-0.5+math.sin(q.anim_time*90)/3", "-0.6-math.sin(q.anim_time*90)/2", "0-math.sin(q.anim_time*90)/4"]
        },
        "back_foot_rotation_left": {
          "rotation": [0, "0.5+math.sin(q.anim_time*90)", "-2.5+5*math.sin(q.anim_time*90)"]
        },
        "back_foot_rotation_right": {
          "rotation": [0, "-0.5-math.sin(q.anim_time*90)", "2.5-5*math.sin(q.anim_time*90)"]
        },
        "back_left_leg": {
          "rotation": [0, 0, "27.5-(5*math.sin(q.anim_time*90))"]
        },
        "back_legs": {
          "rotation": [-7, 0, 0]
        },
        "back_right_leg": {
          "rotation": [0, 0, "-27.5+(5*math.sin(q.anim_time*90))"]
        },
        "body": {
          "position": [0, "-3.75-math.sin(q.anim_time*90)", 0],
          "rotation": ["7.5+math.sin(q.anim_time*90)", 0, 0]
        },
        "front_foot_left": {
          "position": [0, -3, 0]
        },
        "front_foot_right": {
          "position": [0, -3, 0]
        },
        "front_foot_rotation_left": {
          "position": ["0-math.sin(q.anim_time*90)/3", 0, 0],
          "rotation": ["0.25-math.sin(q.anim_time*90)", -0.6, "45.75+4.5*math.sin(q.anim_time*90)"]
        },
        "front_foot_rotation_right": {
          "position": ["math.sin(q.anim_time*90)/3", 0, 0],
          "rotation": ["0.25-math.sin(q.anim_time*90)", 0.6, "-45.75-4.5*math.sin(q.anim_time*90)"]
        },
        "front_left_leg": {
          "rotation": [0, 0, 5]
        },
        "front_left_shoulder": {
          "position": [0, 1, 0],
          "rotation": [0, 0, "-17.5-4.5*math.sin(q.anim_time*90)"]
        },
        "front_legs": {
          "rotation": [-7.5, 0, 0]
        },
        "front_right_leg": {
          "rotation": [0, 0, -5]
        },
        "front_right_shoulder": {
          "position": [0, 1, 0],
          "rotation": [0, 0, "17.5+4.5*math.sin(q.anim_time*90)"]
        },
        "head": {
          "rotation": ["15-2*math.sin((q.anim_time-0.15)*90)", 0, 0]
        },
        "jaw": {
          "rotation": ["10+4*math.sin((q.anim_time-0.15)*60)", 0, 0]
        },
        "left_eyebrow_rotation": {
          "position": [0.15, -0.25, 0.06],
          "rotation": [0, 0, -5.5]
        },
        "left_eyelid": {
          "position": [0, 0, -0.05]
        },
        "left_iris": {
          "position": [0, 0, 0.1]
        },
        "left_pipeline2": {
          "rotation": [0, 0, "6+3*math.sin((q.anim_time-0.25)*90)"]
        },
        "left_pipeline3": {
          "rotation": [0, 0, "10+math.sin((q.anim_time-0.25)*90)"]
        },
        "left_pipeline4": {
          "rotation": [0, 0, "10-2*math.sin((q.anim_time-0.25)*90)"]
        },
        "left_pipeline_rotation": {
          "rotation": [100, 25, "10-math.sin((q.anim_time-0.25)*90)"]
        },
        "neck": {
          "rotation": ["15-math.sin((q.anim_time-0.15)*90)", 0, 0]
        },
        "pipeline": {
          "rotation": [15, 0, 0]
        },
        "right_eyebrow_rotation": {
          "position": [-0.15, -0.25, 0.06],
          "rotation": [0, 0, 5.5]
        },
        "right_eyelid": {
          "position": [0, 0, -0.05]
        },
        "right_iris": {
          "position": [0, 0, 0.1]
        },
        "right_pipeline2": {
          "rotation": [0, 0, "-6-3*math.sin((q.anim_time-0.25)*90)"]
        },
        "right_pipeline3": {
          "rotation": [0, 0, "-10-math.sin((q.anim_time-0.25)*90)"]
        },
        "right_pipeline4": {
          "rotation": [0, 0, "-10+2*math.sin((q.anim_time-0.25)*90)"]
        },
        "right_pipeline_rotation": {
          "rotation": [100, -25, "-10+math.sin((q.anim_time-0.25)*90)"]
        },
        "tail": {
          "rotation": ["-7.5+math.sin((q.anim_time-0.15)*90)", 0, 0]
        },
        "tail2": {
          "rotation": ["-2.5+math.sin((q.anim_time-0.15)*90)", 0, 0]
        },
        "tail3": {
          "rotation": ["-2.5+2*math.sin((q.anim_time-0.15)*90)", 0, 0]
        },
        "torso": {
          "rotation": [0, 0, 0]
        },
        "torso_front": {
          "position": [0, 0.5, 0],
          "rotation": [-2.5, 0, 0]
        }
      },
      "loop": true
    }
  },
  "format_version": "1.8.0"
}