{
  "animations": {
    "animation.vikavolt.air_fly": {
      "bones": {
        "body": {
          "position": ["math.sin(q.anim_time*90*2)*3", "10+(math.clamp(math.sin(q.anim_time*90*8)*2,-1.5,0)+math.clamp(math.sin(q.anim_time*90*8)*2,0,1.5)+math.sin(q.anim_time*90*8)*10)*0.1", 0],
          "rotation": ["5-math.sin(q.anim_time*90*4-60)*3", 0, "-math.sin(q.anim_time*90*2-60)*3"]
        },
        "bone11": {
          "rotation": [0, "(math.sin(q.anim_time*90*4*15)*2+2)", "-(math.sin(q.anim_time*90*4*15)*7+7)-(math.sin(q.anim_time*90*4*15)*6-1)"]
        },
        "bone12": {
          "rotation": [0, "-(math.sin(q.anim_time*90*4*15)*2+2)", "(math.sin(q.anim_time*90*4*15)*7+7)+(math.sin(q.anim_time*90*4*15)*6-1)"]
        },
        "bone19": {
          "rotation": ["52.5-math.sin(q.anim_time*90*8-60)*3", 0, 0]
        },
        "bone22": {
          "rotation": ["47.5-math.sin(q.anim_time*90*8-60)*3", 0, 0]
        },
        "bone25": {
          "rotation": ["20-math.sin(q.anim_time*90*8-60)*3", 0, 0]
        },
        "bone29": {
          "rotation": ["30-math.sin(q.anim_time*90*8-60)*3", 0, 0]
        },
        "elytra_left": {
          "position": [0.5, 0, -0.5],
          "rotation": [81.41106, 18.03386, 43.54287]
        },
        "elytra_right": {
          "position": [-0.25, 0, -0.5],
          "rotation": [81.40631, -18.00222, -43.55467]
        },
        "leg_front_left": {
          "rotation": ["-54.0192-math.sin(q.anim_time*90*8-60)*5", -11.43563, -32.27243]
        },
        "leg_front_right": {
          "rotation": ["-67.0675-math.sin(q.anim_time*90*8-60)*5", 7.64427, 23.96635]
        },
        "leg_rear_left": {
          "rotation": ["20-math.sin(q.anim_time*90*8-60)*5", 0, -25]
        },
        "leg_rear_right": {
          "rotation": ["20-math.sin(q.anim_time*90*8-60)*5", 0, 25]
        },
        "wings": {
          "rotation": ["5+(math.sin(q.anim_time*90*4*15)*2+2)", 0, 0]
        }
      },
      "loop": true
    },
    "animation.vikavolt.cry": {
      "animation_length": 1.5,
      "bones": {
        "bone10": {
          "rotation": {
            "0.0": {
              "lerp_mode": "catmullrom",
              "post": [0, 0, 0]
            },
            "0.25": [0, "15-(math.sin(q.anim_time*90*4*15)*1+1)", 0],
            "1.0": [0, 0, 0]
          }
        },
        "bone3": {
          "rotation": {
            "0.0": {
              "lerp_mode": "catmullrom",
              "post": [0, 0, 0]
            },
            "0.25": [0, "-15+(math.sin(q.anim_time*90*4*15)*1+1)", 0],
            "1.0": [0, 0, 0]
          }
        }
      },
      "sound_effects": {
        "0.0833": {
          "effect": "pokemon.vikavolt.cry"
        }
      }
    },
    "animation.vikavolt.ground_idle": {
      "bones": {
        "body": {
          "position": ["math.sin(q.anim_time*90*2)*3", "10+(math.clamp(math.sin(q.anim_time*90*4)*2,-1.5,0)+math.clamp(math.sin(q.anim_time*90*4)*2,0,1.5)+math.sin(q.anim_time*90*4)*10)*0.1", 0],
          "rotation": ["7.5-math.sin(q.anim_time*90*4-60)*3", 0, "-math.sin(q.anim_time*90*2-60)*3"]
        },
        "bone11": {
          "rotation": [0, "(math.sin(q.anim_time*90*4*15)*2+2)", "-(math.sin(q.anim_time*90*4*15)*7+7)-(math.sin(q.anim_time*90*4*15)*6-1)"]
        },
        "bone12": {
          "rotation": [0, "-(math.sin(q.anim_time*90*4*15)*2+2)", "(math.sin(q.anim_time*90*4*15)*7+7)+(math.sin(q.anim_time*90*4*15)*6-1)"]
        },
        "bone19": {
          "rotation": ["-math.sin(q.anim_time*90*4-60)*3", 0, 0]
        },
        "bone22": {
          "rotation": ["-math.sin(q.anim_time*90*4-60)*3", 0, 0]
        },
        "bone25": {
          "rotation": ["-math.sin(q.anim_time*90*4-60)*3", 0, 0]
        },
        "bone29": {
          "rotation": ["-math.sin(q.anim_time*90*4-60)*3", 0, 0]
        },
        "bone6": {
          "rotation": [0, 0, 0]
        },
        "bone8": {
          "rotation": ["-math.sin(q.anim_time*90*4-60)*0.5", 0, 0]
        },
        "bone9": {
          "rotation": ["-math.sin(q.anim_time*90*4-60)*0.5", 0, 0]
        },
        "elytra_left": {
          "position": [0.25, 0, 0],
          "rotation": [81.41106, 18.03386, 43.54287]
        },
        "elytra_right": {
          "position": [-0.25, 0, 0],
          "rotation": [81.40631, -18.00222, -43.55467]
        },
        "leg_front_left": {
          "rotation": ["0.9808417692-math.sin(q.anim_time*90*4-60)*5", -11.43563, -32.27243]
        },
        "leg_front_right": {
          "rotation": ["0.4324610862-math.sin(q.anim_time*90*4-60)*5", 7.64427, 23.96635]
        },
        "leg_rear_left": {
          "rotation": ["12.5-math.sin(q.anim_time*90*4-60)*5", 0, -25]
        },
        "leg_rear_right": {
          "rotation": ["12.5-math.sin(q.anim_time*90*4-60)*5", 0, 25]
        },
        "wings": {
          "rotation": ["5+(math.sin(q.anim_time*90*4*15)*2+2)", 0, 0]
        }
      },
      "loop": true
    },
    "animation.vikavolt.grounded": {
      "bones": {
        "body": {
          "position": [0, -6, 0]
        },
        "bone10": {
          "rotation": [12.5, 0, 0]
        },
        "bone19": {
          "rotation": [57.5, 0, 0]
        },
        "bone22": {
          "rotation": [67.5, 0, 0]
        },
        "bone23": {
          "rotation": [28.78182, -14.49933, 2.36271]
        },
        "bone24": {
          "rotation": [42.854, -10.57284, -15.51591]
        },
        "bone25": {
          "rotation": [62.11552, -1.71728, 20.79956]
        },
        "bone29": {
          "rotation": [50, 0, 0]
        },
        "bone3": {
          "rotation": [12.5, 0, 0]
        },
        "leg_front_left": {
          "rotation": [-101.88055, -33.08057, -9.94605]
        },
        "leg_front_right": {
          "rotation": [-98.73327, 30.51963, 3.74407]
        },
        "leg_rear_left": {
          "rotation": [40.38111, 18.86927, -21.95669]
        },
        "leg_rear_right": {
          "rotation": [45.07448, -15.04249, 33.68395]
        },
        "torso": {
          "rotation": [-10, 0, 0]
        },
        "wings": {
          "scale": 0
        }
      },
      "loop": true
    },
    "animation.vikavolt.pose": {
      "bones": {
        "body": {
          "position": [0, 9, 0],
          "rotation": [10, 0, 0]
        },
        "bone10": {
          "rotation": [0, 15, 0]
        },
        "bone3": {
          "rotation": [0, -15, 0]
        },
        "elytra_left": {
          "rotation": [81.29083, 13.20617, 41.87257]
        },
        "elytra_right": {
          "rotation": [69.50905, -15.37969, -43.52298]
        },
        "leg_front_left": {
          "rotation": [0, 0, -40]
        },
        "leg_front_right": {
          "rotation": [0, 0, 37.5]
        },
        "leg_rear_left": {
          "rotation": [8.36942, -7.54854, -47.04976]
        },
        "leg_rear_right": {
          "rotation": [10.38906, 10.39705, 39.19041]
        }
      },
      "loop": true
    },
    "animation.vikavolt.quirk_mandible_clasp": {
      "animation_length": 1,
      "bones": {
        "bone10": {
          "rotation": {
            "0.0": {
              "lerp_mode": "catmullrom",
              "post": [0, 0, 0]
            },
            "0.25": [0, "15-(math.sin(q.anim_time*90*4*15)*1+1)", 0],
            "1.0": [0, 0, 0]
          }
        },
        "bone3": {
          "rotation": {
            "0.0": {
              "lerp_mode": "catmullrom",
              "post": [0, 0, 0]
            },
            "0.25": [0, "-15+(math.sin(q.anim_time*90*4*15)*1+1)", 0],
            "1.0": [0, 0, 0]
          }
        }
      }
    }
  },
  "format_version": "1.8.0"
}