{
  "format_version": "1.12.0",
  "minecraft:geometry": [
    {
      "bones": [
        {
          "name": "blastoise",
          "pivot": [0, 0, 0]
        }, {
          "name": "body",
          "parent": "blastoise",
          "pivot": [0, 30, 3]
        }, {
          "name": "body2",
          "parent": "body",
          "pivot": [0, 30, 3]
        }, {
          "cubes": [
            {
              "origin": [-19, 17, -10],
              "size": [38, 30, 14],
              "uv": [0, 45]
            }, {
              "inflate": 0.03,
              "origin": [-16, 8, -7],
              "size": [32, 10, 14],
              "uv": [114, 0]
            }, {
              "origin": [-10, 47, -3.5],
              "size": [20, 3, 1],
              "uv": [0, 41]
            }
          ],
          "name": "torso",
          "parent": "body2",
          "pivot": [0, 18, 0]
        }, {
          "name": "bone10",
          "parent": "torso",
          "pivot": [0, 38.25, 37],
          "rotation": [-75, 0, 0]
        }, {
          "cubes": [
            {
              "inflate": 0.01,
              "origin": [-9, 34.75, 15.5],
              "size": [18, 7, 0],
              "uv": [0, 199]
            }, {
              "inflate": 0.01,
              "origin": [-9, 34.75, 58.95484],
              "size": [18, 7, 0],
              "uv": [72, 196]
            }, {
              "inflate": 0.01,
              "origin": [-21.72692, 34.75, 28.22792],
              "size": [0, 7, 18],
              "uv": [36, 171]
            }, {
              "inflate": 0.01,
              "origin": [21.72792, 34.75, 28.22792],
              "size": [0, 7, 18],
              "uv": [0, 167]
            }, {
              "inflate": 0.01,
              "origin": [6.8033, 34.75, 20.8033],
              "pivot": [14.3033, 38.25, 20.8033],
              "rotation": [0, -45, 0],
              "size": [18, 7, 0],
              "uv": [36, 196]
            }, {
              "inflate": 0.01,
              "origin": [-25.09619, 34.75, 20.09619],
              "pivot": [-13.59619, 38.25, 20.09619],
              "rotation": [0, 45, 0],
              "size": [18, 7, 0],
              "uv": [36, 182]
            }, {
              "inflate": 0.01,
              "origin": [-26.55995, 34.75, 57.89448],
              "pivot": [-10.05995, 38.25, 57.89448],
              "rotation": [0, -45, 0],
              "size": [18, 7, 0],
              "uv": [36, 175]
            }, {
              "inflate": 0.01,
              "origin": [5.63102, 34.75, 50.82341],
              "pivot": [17.13102, 38.25, 50.82341],
              "rotation": [0, 45, 0],
              "size": [18, 7, 0],
              "uv": [0, 192]
            }
          ],
          "name": "swirlies",
          "parent": "bone10",
          "pivot": [0, 38.25, 37]
        }, {
          "cubes": [
            {
              "inflate": 0.02,
              "origin": [-20.5, 18.01519, 2.02635],
              "size": [42, 26, 15],
              "uv": [0, 0]
            }, {
              "inflate": 0.02,
              "origin": [21.5, 34.51519, 9.02635],
              "size": [3, 5, 7],
              "uv": [57, 29]
            }, {
              "inflate": 0.02,
              "origin": [21.5, 22.51519, 9.02635],
              "size": [3, 5, 7],
              "uv": [57, 29]
            }, {
              "inflate": 0.02,
              "mirror": true,
              "origin": [-23.5, 22.51519, 9.02635],
              "size": [3, 5, 7],
              "uv": [57, 29]
            }, {
              "inflate": 0.02,
              "mirror": true,
              "origin": [-23.5, 34.51519, 9.02635],
              "size": [3, 5, 7],
              "uv": [57, 29]
            }, {
              "inflate": 0.02,
              "origin": [-18, 10, 2],
              "size": [36, 10, 15],
              "uv": [0, 89]
            }, {
              "inflate": 0.02,
              "origin": [-10.5, 45, 4],
              "size": [22, 9, 13],
              "uv": [0, 114]
            }, {
              "inflate": 0.02,
              "origin": [-19, 21, 17],
              "size": [38, 24, 6],
              "uv": [104, 67]
            }, {
              "inflate": 0.02,
              "origin": [-11, 45, 17],
              "size": [22, 7, 6],
              "uv": [198, 65]
            }, {
              "inflate": 0.02,
              "origin": [-11, 14, 17],
              "size": [22, 7, 6],
              "uv": [200, 78]
            }
          ],
          "name": "shell",
          "parent": "torso",
          "pivot": [-5, 26, 12],
          "rotation": [10, 0, 0]
        }, {
          "cubes": [
            {
              "origin": [0, 28.25, 31],
              "pivot": [1, 31.75, 36],
              "rotation": [0, 0, -45],
              "size": [3, 2, 6],
              "uv": [32, 156]
            }, {
              "inflate": 0.02,
              "origin": [-3, 28.25, 31],
              "size": [6, 2, 6],
              "uv": [10, 165]
            }, {
              "inflate": 0.02,
              "origin": [-5, 30.25, 31],
              "size": [10, 6, 6],
              "uv": [0, 147]
            }, {
              "inflate": 0.02,
              "origin": [-3, 36.25, 31],
              "size": [6, 2, 6],
              "uv": [10, 165]
            }, {
              "origin": [0, 36.25, 31],
              "pivot": [1, 34.75, 36],
              "rotation": [0, 0, 45],
              "size": [3, 2, 6],
              "uv": [32, 156]
            }, {
              "origin": [-6, 30.25, 31],
              "pivot": [-5, 28.75, 36],
              "rotation": [0, 0, 45],
              "size": [3, 2, 6],
              "uv": [32, 156]
            }, {
              "mirror": true,
              "origin": [-3, 36.25, 31],
              "pivot": [-1, 34.75, 36],
              "rotation": [0, 0, -45],
              "size": [3, 2, 6],
              "uv": [32, 156]
            }, {
              "inflate": 1.002,
              "origin": [-3, 36.25, 26],
              "size": [6, 2, 6],
              "uv": [10, 165]
            }, {
              "inflate": 1.002,
              "origin": [-3, 28.25, 26],
              "size": [6, 2, 6],
              "uv": [10, 165]
            }, {
              "inflate": 1,
              "origin": [0, 36.25, 26],
              "pivot": [1, 34.75, 31],
              "rotation": [0, 0, 45],
              "size": [3, 2, 6],
              "uv": [32, 156]
            }, {
              "inflate": 1,
              "origin": [-6, 30.25, 26],
              "pivot": [-5, 28.75, 31],
              "rotation": [0, 0, 45],
              "size": [3, 2, 6],
              "uv": [32, 156]
            }, {
              "inflate": 1,
              "mirror": true,
              "origin": [-3, 36.25, 26],
              "pivot": [-1, 34.75, 31],
              "rotation": [0, 0, -45],
              "size": [3, 2, 6],
              "uv": [32, 156]
            }, {
              "inflate": 1,
              "origin": [0, 28.25, 26],
              "pivot": [1, 31.75, 31],
              "rotation": [0, 0, -45],
              "size": [3, 2, 6],
              "uv": [32, 156]
            }, {
              "inflate": 1.002,
              "origin": [-5, 30.25, 26],
              "size": [10, 6, 6],
              "uv": [0, 147]
            }, {
              "inflate": -0.5,
              "origin": [-3, 36.25, 36.5],
              "size": [6, 2, 5],
              "uv": [50, 150]
            }, {
              "inflate": -0.5,
              "origin": [-3, 28.25, 36.5],
              "size": [6, 2, 5],
              "uv": [50, 150]
            }, {
              "inflate": -0.5,
              "origin": [0, 28, 36.5],
              "pivot": [1, 31.5, 41.5],
              "rotation": [0, 0, -45],
              "size": [3, 2, 5],
              "uv": [50, 157]
            }, {
              "inflate": -0.5,
              "origin": [3, 30.25, 36.5],
              "size": [2, 6, 5],
              "uv": [34, 164]
            }, {
              "inflate": -0.5,
              "origin": [0, 36.5, 36.5],
              "pivot": [1, 35, 41.5],
              "rotation": [0, 0, 45],
              "size": [3, 2, 5],
              "uv": [50, 157]
            }, {
              "inflate": -0.5,
              "mirror": true,
              "origin": [-3, 36.5, 36.5],
              "pivot": [-1, 35, 41.5],
              "rotation": [0, 0, -45],
              "size": [3, 2, 5],
              "uv": [50, 157]
            }, {
              "inflate": -0.5,
              "origin": [-5, 30.25, 36.5],
              "size": [2, 6, 5],
              "uv": [34, 164]
            }, {
              "inflate": -0.5,
              "mirror": true,
              "origin": [-3, 28, 36.5],
              "pivot": [-1, 31.5, 41.5],
              "rotation": [0, 0, 45],
              "size": [3, 2, 5],
              "uv": [50, 157]
            }
          ],
          "name": "bone",
          "parent": "shell",
          "pivot": [0, 32.75, 37.5],
          "rotation": [0, 0, 45]
        }, {
          "cubes": [
            {
              "inflate": 0.02,
              "origin": [11.5, 37, 28],
              "size": [2, 2, 7],
              "uv": [32, 147]
            }, {
              "inflate": 0.02,
              "origin": [8.75, 37, 28],
              "size": [2, 2, 7],
              "uv": [32, 147]
            }, {
              "inflate": 0.02,
              "origin": [12, 37.5, 35.05],
              "size": [1, 1, 0],
              "uv": [43, 164]
            }, {
              "inflate": 0.02,
              "origin": [9.25, 37.5, 35.05],
              "size": [1, 1, 0],
              "uv": [43, 164]
            }, {
              "inflate": -0.5,
              "origin": [14, 35, 27.5],
              "size": [2, 6, 4],
              "uv": [0, 159]
            }, {
              "inflate": -0.5,
              "origin": [11, 33, 27.5],
              "pivot": [12, 36.5, 32.5],
              "rotation": [0, 0, -45],
              "size": [3, 2, 4],
              "uv": [0, 169]
            }, {
              "inflate": -0.5,
              "origin": [8, 33, 27.5],
              "size": [6, 2, 4],
              "uv": [12, 159]
            }, {
              "inflate": -0.5,
              "mirror": true,
              "origin": [8, 33, 27.5],
              "pivot": [10, 36.5, 32.5],
              "rotation": [0, 0, 45],
              "size": [3, 2, 4],
              "uv": [0, 169]
            }, {
              "inflate": -0.5,
              "origin": [11, 41, 27.5],
              "pivot": [12, 39.5, 32.5],
              "rotation": [0, 0, 45],
              "size": [3, 2, 4],
              "uv": [0, 169]
            }, {
              "inflate": -0.5,
              "origin": [6, 35, 27.5],
              "size": [2, 6, 4],
              "uv": [0, 159]
            }, {
              "inflate": -0.5,
              "mirror": true,
              "origin": [8, 41, 27.5],
              "pivot": [10, 39.5, 32.5],
              "rotation": [0, 0, -45],
              "size": [3, 2, 4],
              "uv": [0, 169]
            }, {
              "inflate": 0.02,
              "origin": [6, 35, 22],
              "size": [10, 6, 6],
              "uv": [0, 147]
            }, {
              "inflate": 0.02,
              "origin": [8, 41, 22],
              "size": [6, 2, 6],
              "uv": [10, 165]
            }, {
              "inflate": 0.02,
              "origin": [8, 33, 22],
              "size": [6, 2, 6],
              "uv": [10, 165]
            }, {
              "origin": [11, 33, 22],
              "pivot": [12, 36.5, 27],
              "rotation": [0, 0, -45],
              "size": [3, 2, 6],
              "uv": [32, 156]
            }, {
              "mirror": true,
              "origin": [8, 33, 22],
              "pivot": [10, 36.5, 27],
              "rotation": [0, 0, 45],
              "size": [3, 2, 6],
              "uv": [32, 156]
            }, {
              "origin": [11, 41, 22],
              "pivot": [12, 39.5, 27],
              "rotation": [0, 0, 45],
              "size": [3, 2, 6],
              "uv": [32, 156]
            }, {
              "mirror": true,
              "origin": [8, 41, 22],
              "pivot": [10, 39.5, 27],
              "rotation": [0, 0, -45],
              "size": [3, 2, 6],
              "uv": [32, 156]
            }, {
              "inflate": -0.5,
              "origin": [8, 41, 27.5],
              "size": [6, 2, 4],
              "uv": [12, 159]
            }
          ],
          "name": "bone2",
          "parent": "shell",
          "pivot": [12, 40, 32.5],
          "rotation": [5, 5, 0]
        }, {
          "cubes": [
            {
              "inflate": 0.02,
              "origin": [11.5, 26, 28],
              "size": [2, 2, 7],
              "uv": [32, 147]
            }, {
              "inflate": 0.02,
              "origin": [8.75, 26, 28],
              "size": [2, 2, 7],
              "uv": [32, 147]
            }, {
              "inflate": 0.02,
              "origin": [12, 26.5, 35.05],
              "size": [1, 1, 0],
              "uv": [43, 164]
            }, {
              "inflate": 0.02,
              "origin": [9.25, 26.5, 35.05],
              "size": [1, 1, 0],
              "uv": [43, 164]
            }, {
              "inflate": -0.5,
              "origin": [14, 24, 27.5],
              "size": [2, 6, 4],
              "uv": [0, 159]
            }, {
              "inflate": -0.5,
              "origin": [11, 30, 27.5],
              "pivot": [12, 28.5, 32.5],
              "rotation": [0, 0, 45],
              "size": [3, 2, 4],
              "uv": [0, 169]
            }, {
              "inflate": -0.5,
              "origin": [8, 30, 27.5],
              "size": [6, 2, 4],
              "uv": [12, 159]
            }, {
              "inflate": -0.5,
              "mirror": true,
              "origin": [8, 30, 27.5],
              "pivot": [10, 28.5, 32.5],
              "rotation": [0, 0, -45],
              "size": [3, 2, 4],
              "uv": [0, 169]
            }, {
              "inflate": -0.5,
              "origin": [11, 22, 27.5],
              "pivot": [12, 25.5, 32.5],
              "rotation": [0, 0, -45],
              "size": [3, 2, 4],
              "uv": [0, 169]
            }, {
              "inflate": -0.5,
              "origin": [6, 24, 27.5],
              "size": [2, 6, 4],
              "uv": [0, 159]
            }, {
              "inflate": -0.5,
              "mirror": true,
              "origin": [8, 22, 27.5],
              "pivot": [10, 25.5, 32.5],
              "rotation": [0, 0, 45],
              "size": [3, 2, 4],
              "uv": [0, 169]
            }, {
              "inflate": 0.02,
              "origin": [6, 24, 22],
              "size": [10, 6, 6],
              "uv": [0, 147]
            }, {
              "inflate": 0.02,
              "origin": [8, 22, 22],
              "size": [6, 2, 6],
              "uv": [10, 165]
            }, {
              "inflate": 0.02,
              "origin": [8, 30, 22],
              "size": [6, 2, 6],
              "uv": [10, 165]
            }, {
              "origin": [11, 30, 22],
              "pivot": [12, 28.5, 27],
              "rotation": [0, 0, 45],
              "size": [3, 2, 6],
              "uv": [32, 156]
            }, {
              "mirror": true,
              "origin": [8, 30, 22],
              "pivot": [10, 28.5, 27],
              "rotation": [0, 0, -45],
              "size": [3, 2, 6],
              "uv": [32, 156]
            }, {
              "origin": [11, 22, 22],
              "pivot": [12, 25.5, 27],
              "rotation": [0, 0, -45],
              "size": [3, 2, 6],
              "uv": [32, 156]
            }, {
              "mirror": true,
              "origin": [8, 22, 22],
              "pivot": [10, 25.5, 27],
              "rotation": [0, 0, 45],
              "size": [3, 2, 6],
              "uv": [32, 156]
            }, {
              "inflate": -0.5,
              "origin": [8, 22, 27.5],
              "size": [6, 2, 4],
              "uv": [12, 159]
            }
          ],
          "name": "bone3",
          "parent": "shell",
          "pivot": [12, 25, 32.5],
          "rotation": [-5, 5, 0]
        }, {
          "cubes": [
            {
              "inflate": 0.02,
              "origin": [-3, 37.5, 22],
              "size": [6, 2, 6],
              "uv": [10, 165]
            }, {
              "origin": [0, 37.5, 22],
              "pivot": [1, 41, 27],
              "rotation": [0, 0, -45],
              "size": [3, 2, 6],
              "uv": [32, 156]
            }, {
              "mirror": true,
              "origin": [-3, 37.5, 22],
              "pivot": [-1, 41, 27],
              "rotation": [0, 0, 45],
              "size": [3, 2, 6],
              "uv": [32, 156]
            }, {
              "inflate": 0.02,
              "origin": [-5, 39.5, 22],
              "size": [10, 6, 6],
              "uv": [0, 147]
            }, {
              "origin": [0, 45.5, 22],
              "pivot": [1, 44, 27],
              "rotation": [0, 0, 45],
              "size": [3, 2, 6],
              "uv": [32, 156]
            }, {
              "inflate": 0.02,
              "origin": [-3, 45.5, 22],
              "size": [6, 2, 6],
              "uv": [10, 165]
            }, {
              "mirror": true,
              "origin": [-3, 45.5, 22],
              "pivot": [-1, 44, 27],
              "rotation": [0, 0, -45],
              "size": [3, 2, 6],
              "uv": [32, 156]
            }, {
              "inflate": -0.5,
              "origin": [-3, 45.5, 27.5],
              "size": [6, 2, 4],
              "uv": [12, 159]
            }, {
              "inflate": -0.5,
              "origin": [-3, 37.5, 27.5],
              "size": [6, 2, 4],
              "uv": [12, 159]
            }, {
              "inflate": -0.5,
              "origin": [3, 39.5, 27.5],
              "size": [2, 6, 4],
              "uv": [0, 159]
            }, {
              "inflate": -0.5,
              "origin": [-5, 39.5, 27.5],
              "size": [2, 6, 4],
              "uv": [0, 159]
            }, {
              "inflate": -0.5,
              "mirror": true,
              "origin": [-3, 37.5, 27.5],
              "pivot": [-1, 41, 32.5],
              "rotation": [0, 0, 45],
              "size": [3, 2, 4],
              "uv": [0, 169]
            }, {
              "inflate": -0.5,
              "origin": [0, 37.5, 27.5],
              "pivot": [1, 41, 32.5],
              "rotation": [0, 0, -45],
              "size": [3, 2, 4],
              "uv": [0, 169]
            }, {
              "inflate": -0.5,
              "origin": [0, 45.5, 27.5],
              "pivot": [1, 44, 32.5],
              "rotation": [0, 0, 45],
              "size": [3, 2, 4],
              "uv": [0, 169]
            }, {
              "inflate": -0.5,
              "mirror": true,
              "origin": [-3, 45.5, 27.5],
              "pivot": [-1, 44, 32.5],
              "rotation": [0, 0, -45],
              "size": [3, 2, 4],
              "uv": [0, 169]
            }, {
              "inflate": 0.02,
              "origin": [0.5, 41.5, 28],
              "size": [2, 2, 7],
              "uv": [32, 147]
            }, {
              "inflate": 0.02,
              "origin": [-2.25, 41.5, 28],
              "size": [2, 2, 7],
              "uv": [32, 147]
            }, {
              "inflate": 0.02,
              "origin": [-1.75, 42, 35.05],
              "size": [1, 1, 0],
              "uv": [43, 164]
            }, {
              "inflate": 0.02,
              "origin": [1, 42, 35.05],
              "size": [1, 1, 0],
              "uv": [43, 164]
            }
          ],
          "name": "bone4",
          "parent": "shell",
          "pivot": [-1, 44, 32.5],
          "rotation": [5, 0, 0]
        }, {
          "cubes": [
            {
              "inflate": 0.02,
              "mirror": true,
              "origin": [-13.5, 37, 28],
              "size": [2, 2, 7],
              "uv": [32, 147]
            }, {
              "inflate": 0.02,
              "mirror": true,
              "origin": [-10.75, 37, 28],
              "size": [2, 2, 7],
              "uv": [32, 147]
            }, {
              "inflate": 0.02,
              "mirror": true,
              "origin": [-13, 37.5, 35.05],
              "size": [1, 1, 0],
              "uv": [43, 164]
            }, {
              "inflate": 0.02,
              "mirror": true,
              "origin": [-10.25, 37.5, 35.05],
              "size": [1, 1, 0],
              "uv": [43, 164]
            }, {
              "inflate": -0.5,
              "mirror": true,
              "origin": [-16, 35, 27.5],
              "size": [2, 6, 4],
              "uv": [0, 159]
            }, {
              "inflate": -0.5,
              "mirror": true,
              "origin": [-14, 33, 27.5],
              "pivot": [-12, 36.5, 32.5],
              "rotation": [0, 0, 45],
              "size": [3, 2, 4],
              "uv": [0, 169]
            }, {
              "inflate": -0.5,
              "mirror": true,
              "origin": [-14, 33, 27.5],
              "size": [6, 2, 4],
              "uv": [12, 159]
            }, {
              "inflate": -0.5,
              "origin": [-11, 33, 27.5],
              "pivot": [-10, 36.5, 32.5],
              "rotation": [0, 0, -45],
              "size": [3, 2, 4],
              "uv": [0, 169]
            }, {
              "inflate": -0.5,
              "mirror": true,
              "origin": [-14, 41, 27.5],
              "pivot": [-12, 39.5, 32.5],
              "rotation": [0, 0, -45],
              "size": [3, 2, 4],
              "uv": [0, 169]
            }, {
              "inflate": -0.5,
              "mirror": true,
              "origin": [-8, 35, 27.5],
              "size": [2, 6, 4],
              "uv": [0, 159]
            }, {
              "inflate": -0.5,
              "origin": [-11, 41, 27.5],
              "pivot": [-10, 39.5, 32.5],
              "rotation": [0, 0, 45],
              "size": [3, 2, 4],
              "uv": [0, 169]
            }, {
              "inflate": 0.02,
              "mirror": true,
              "origin": [-16, 35, 22],
              "size": [10, 6, 6],
              "uv": [0, 147]
            }, {
              "inflate": 0.02,
              "mirror": true,
              "origin": [-14, 41, 22],
              "size": [6, 2, 6],
              "uv": [10, 165]
            }, {
              "inflate": 0.02,
              "mirror": true,
              "origin": [-14, 33, 22],
              "size": [6, 2, 6],
              "uv": [10, 165]
            }, {
              "mirror": true,
              "origin": [-14, 33, 22],
              "pivot": [-12, 36.5, 27],
              "rotation": [0, 0, 45],
              "size": [3, 2, 6],
              "uv": [32, 156]
            }, {
              "origin": [-11, 33, 22],
              "pivot": [-10, 36.5, 27],
              "rotation": [0, 0, -45],
              "size": [3, 2, 6],
              "uv": [32, 156]
            }, {
              "mirror": true,
              "origin": [-14, 41, 22],
              "pivot": [-12, 39.5, 27],
              "rotation": [0, 0, -45],
              "size": [3, 2, 6],
              "uv": [32, 156]
            }, {
              "origin": [-11, 41, 22],
              "pivot": [-10, 39.5, 27],
              "rotation": [0, 0, 45],
              "size": [3, 2, 6],
              "uv": [32, 156]
            }, {
              "inflate": -0.5,
              "mirror": true,
              "origin": [-14, 41, 27.5],
              "size": [6, 2, 4],
              "uv": [12, 159]
            }
          ],
          "name": "bone5",
          "parent": "shell",
          "pivot": [-12, 40, 32.5],
          "rotation": [5, -5, 0]
        }, {
          "cubes": [
            {
              "inflate": 0.02,
              "mirror": true,
              "origin": [-13.5, 26, 28],
              "size": [2, 2, 7],
              "uv": [32, 147]
            }, {
              "inflate": 0.02,
              "mirror": true,
              "origin": [-10.75, 26, 28],
              "size": [2, 2, 7],
              "uv": [32, 147]
            }, {
              "inflate": 0.02,
              "mirror": true,
              "origin": [-13, 26.5, 35.05],
              "size": [1, 1, 0],
              "uv": [43, 164]
            }, {
              "inflate": 0.02,
              "mirror": true,
              "origin": [-10.25, 26.5, 35.05],
              "size": [1, 1, 0],
              "uv": [43, 164]
            }, {
              "inflate": -0.5,
              "mirror": true,
              "origin": [-16, 24, 27.5],
              "size": [2, 6, 4],
              "uv": [0, 159]
            }, {
              "inflate": -0.5,
              "mirror": true,
              "origin": [-14, 30, 27.5],
              "pivot": [-12, 28.5, 32.5],
              "rotation": [0, 0, -45],
              "size": [3, 2, 4],
              "uv": [0, 169]
            }, {
              "inflate": -0.5,
              "mirror": true,
              "origin": [-14, 30, 27.5],
              "size": [6, 2, 4],
              "uv": [12, 159]
            }, {
              "inflate": -0.5,
              "origin": [-11, 30, 27.5],
              "pivot": [-10, 28.5, 32.5],
              "rotation": [0, 0, 45],
              "size": [3, 2, 4],
              "uv": [0, 169]
            }, {
              "inflate": -0.5,
              "mirror": true,
              "origin": [-14, 22, 27.5],
              "pivot": [-12, 25.5, 32.5],
              "rotation": [0, 0, 45],
              "size": [3, 2, 4],
              "uv": [0, 169]
            }, {
              "inflate": -0.5,
              "mirror": true,
              "origin": [-8, 24, 27.5],
              "size": [2, 6, 4],
              "uv": [0, 159]
            }, {
              "inflate": -0.5,
              "origin": [-11, 22, 27.5],
              "pivot": [-10, 25.5, 32.5],
              "rotation": [0, 0, -45],
              "size": [3, 2, 4],
              "uv": [0, 169]
            }, {
              "inflate": 0.02,
              "mirror": true,
              "origin": [-16, 24, 22],
              "size": [10, 6, 6],
              "uv": [0, 147]
            }, {
              "inflate": 0.02,
              "mirror": true,
              "origin": [-14, 22, 22],
              "size": [6, 2, 6],
              "uv": [10, 165]
            }, {
              "inflate": 0.02,
              "mirror": true,
              "origin": [-14, 30, 22],
              "size": [6, 2, 6],
              "uv": [10, 165]
            }, {
              "mirror": true,
              "origin": [-14, 30, 22],
              "pivot": [-12, 28.5, 27],
              "rotation": [0, 0, -45],
              "size": [3, 2, 6],
              "uv": [32, 156]
            }, {
              "origin": [-11, 30, 22],
              "pivot": [-10, 28.5, 27],
              "rotation": [0, 0, 45],
              "size": [3, 2, 6],
              "uv": [32, 156]
            }, {
              "mirror": true,
              "origin": [-14, 22, 22],
              "pivot": [-12, 25.5, 27],
              "rotation": [0, 0, 45],
              "size": [3, 2, 6],
              "uv": [32, 156]
            }, {
              "origin": [-11, 22, 22],
              "pivot": [-10, 25.5, 27],
              "rotation": [0, 0, -45],
              "size": [3, 2, 6],
              "uv": [32, 156]
            }, {
              "inflate": -0.5,
              "mirror": true,
              "origin": [-14, 22, 27.5],
              "size": [6, 2, 4],
              "uv": [12, 159]
            }
          ],
          "name": "bone6",
          "parent": "shell",
          "pivot": [-12, 25, 32.5],
          "rotation": [-5, -5, 0]
        }, {
          "cubes": [
            {
              "inflate": 0.02,
              "origin": [-3, 25.5, 22],
              "size": [6, 2, 6],
              "uv": [10, 165]
            }, {
              "origin": [0, 25.5, 22],
              "pivot": [1, 24, 27],
              "rotation": [0, 0, 45],
              "size": [3, 2, 6],
              "uv": [32, 156]
            }, {
              "mirror": true,
              "origin": [-3, 25.5, 22],
              "pivot": [-1, 24, 27],
              "rotation": [0, 0, -45],
              "size": [3, 2, 6],
              "uv": [32, 156]
            }, {
              "inflate": 0.02,
              "origin": [-5, 19.5, 22],
              "size": [10, 6, 6],
              "uv": [0, 147]
            }, {
              "origin": [0, 17.5, 22],
              "pivot": [1, 21, 27],
              "rotation": [0, 0, -45],
              "size": [3, 2, 6],
              "uv": [32, 156]
            }, {
              "inflate": 0.02,
              "origin": [-3, 17.5, 22],
              "size": [6, 2, 6],
              "uv": [10, 165]
            }, {
              "mirror": true,
              "origin": [-3, 17.5, 22],
              "pivot": [-1, 21, 27],
              "rotation": [0, 0, 45],
              "size": [3, 2, 6],
              "uv": [32, 156]
            }, {
              "inflate": -0.5,
              "origin": [-3, 17.5, 27.5],
              "size": [6, 2, 4],
              "uv": [12, 159]
            }, {
              "inflate": -0.5,
              "origin": [-3, 25.5, 27.5],
              "size": [6, 2, 4],
              "uv": [12, 159]
            }, {
              "inflate": -0.5,
              "origin": [3, 19.5, 27.5],
              "size": [2, 6, 4],
              "uv": [0, 159]
            }, {
              "inflate": -0.5,
              "origin": [-5, 19.5, 27.5],
              "size": [2, 6, 4],
              "uv": [0, 159]
            }, {
              "inflate": -0.5,
              "mirror": true,
              "origin": [-3, 25.5, 27.5],
              "pivot": [-1, 24, 32.5],
              "rotation": [0, 0, -45],
              "size": [3, 2, 4],
              "uv": [0, 169]
            }, {
              "inflate": -0.5,
              "origin": [0, 25.5, 27.5],
              "pivot": [1, 24, 32.5],
              "rotation": [0, 0, 45],
              "size": [3, 2, 4],
              "uv": [0, 169]
            }, {
              "inflate": -0.5,
              "origin": [0, 17.5, 27.5],
              "pivot": [1, 21, 32.5],
              "rotation": [0, 0, -45],
              "size": [3, 2, 4],
              "uv": [0, 169]
            }, {
              "inflate": -0.5,
              "mirror": true,
              "origin": [-3, 17.5, 27.5],
              "pivot": [-1, 21, 32.5],
              "rotation": [0, 0, 45],
              "size": [3, 2, 4],
              "uv": [0, 169]
            }, {
              "inflate": 0.02,
              "origin": [0.5, 21.5, 28],
              "size": [2, 2, 7],
              "uv": [32, 147]
            }, {
              "inflate": 0.02,
              "origin": [-2.25, 21.5, 28],
              "size": [2, 2, 7],
              "uv": [32, 147]
            }, {
              "inflate": 0.02,
              "origin": [1, 22, 35.05],
              "size": [1, 1, 0],
              "uv": [43, 164]
            }, {
              "inflate": 0.02,
              "origin": [-1.75, 22, 35.05],
              "size": [1, 1, 0],
              "uv": [43, 164]
            }
          ],
          "name": "bone7",
          "parent": "shell",
          "pivot": [-1, 21, 32.5],
          "rotation": [-5, 0, 0]
        }, {
          "cubes": [
            {
              "origin": [-12, 52, 1],
              "size": [24, 5, 6],
              "uv": [196, 38]
            }, {
              "origin": [-24, 17, 1],
              "size": [48, 28, 6],
              "uv": [102, 97]
            }, {
              "mirror": true,
              "origin": [9, 8, 0],
              "size": [12, 10, 6],
              "uv": [220, 107]
            }, {
              "origin": [-20, 8, 0],
              "size": [12, 10, 6],
              "uv": [220, 107]
            }, {
              "origin": [-13, 8, 6],
              "size": [26, 5, 6],
              "uv": [0, 136]
            }, {
              "origin": [-9, 52, 7],
              "size": [18, 5, 2],
              "uv": [216, 123]
            }, {
              "origin": [-9, 52, 9],
              "size": [18, 5, 2],
              "uv": [216, 123]
            }, {
              "origin": [-7, 52, 11],
              "size": [14, 5, 2],
              "uv": [61, 114]
            }
          ],
          "name": "shell_lip",
          "parent": "shell",
          "pivot": [-5, 26, 12]
        }, {
          "cubes": [
            {
              "inflate": 0.02,
              "origin": [10.25, 52.1, 1],
              "size": [17, 5, 6],
              "uv": [210, 130]
            }, {
              "inflate": 0.02,
              "origin": [14, 52, -3],
              "size": [13, 5, 4],
              "uv": [64, 141]
            }
          ],
          "name": "shell_lip_fold_left",
          "parent": "shell_lip",
          "pivot": [11, 55, 12],
          "rotation": [0, 0, 45]
        }, {
          "cubes": [
            {
              "origin": [14, 53.25, -14.9],
              "size": [13, 5, 13],
              "uv": [61, 123]
            }
          ],
          "name": "arm_hole_left",
          "parent": "shell_lip_fold_left",
          "pivot": [19, 56.25, -0.9],
          "rotation": [45, 0, 0]
        }, {
          "name": "arm_rotate_left",
          "parent": "arm_hole_left",
          "pivot": [22, 56.25, -7.9]
        }, {
          "cubes": [
            {
              "origin": [16, 54.25, -12.9],
              "size": [10, 10, 10],
              "uv": [216, 141]
            }
          ],
          "name": "arm_left",
          "parent": "arm_rotate_left",
          "pivot": [22, 56.25, -3.9]
        }, {
          "cubes": [
            {
              "origin": [17, 61.25, -11.9],
              "size": [8, 8, 8],
              "uv": [105, 133]
            }, {
              "inflate": -0.01,
              "origin": [17, 64.25, -11.9],
              "size": [8, 8, 8],
              "uv": [186, 133]
            }
          ],
          "name": "elbow_left",
          "parent": "arm_left",
          "pivot": [21, 62.25, -7.9]
        }, {
          "cubes": [
            {
              "origin": [18, 71.25, -11.9],
              "size": [7, 6, 7],
              "uv": [158, 132]
            }
          ],
          "name": "hand_left",
          "parent": "elbow_left",
          "pivot": [21, 72.25, -7.9]
        }, {
          "cubes": [
            {
              "origin": [20, 76.25, -7.9],
              "pivot": [19, 76.25, -6.9],
              "rotation": [0, -27.5, 0],
              "size": [0, 4, 2],
              "uv": [98, 112]
            }, {
              "origin": [23, 76.25, -7.9],
              "pivot": [23, 76.25, -6.9],
              "rotation": [0, 42.5, 0],
              "size": [0, 4, 2],
              "uv": [98, 112]
            }, {
              "origin": [7, 76.25, 19.1],
              "pivot": [-25, 76.25, -9.9],
              "rotation": [0, 45, 0],
              "size": [0, 4, 2],
              "uv": [98, 112]
            }
          ],
          "name": "fingers_left",
          "parent": "hand_left",
          "pivot": [21, 77.25, -6.9]
        }, {
          "cubes": [
            {
              "inflate": 0.02,
              "mirror": true,
              "origin": [-27.25, 52.1, 1],
              "size": [17, 5, 6],
              "uv": [210, 130]
            }, {
              "inflate": 0.02,
              "mirror": true,
              "origin": [-27, 52, -3],
              "size": [13, 5, 4],
              "uv": [64, 141]
            }
          ],
          "name": "shell_lip_fold_right",
          "parent": "shell_lip",
          "pivot": [-11, 55, 12],
          "rotation": [0, 0, -45]
        }, {
          "cubes": [
            {
              "mirror": true,
              "origin": [-27, 53.25, -14.9],
              "size": [13, 5, 13],
              "uv": [61, 123]
            }
          ],
          "name": "arm_hole_right",
          "parent": "shell_lip_fold_right",
          "pivot": [-19, 56.25, -0.9],
          "rotation": [45, 0, 0]
        }, {
          "name": "arm_rotate_right",
          "parent": "arm_hole_right",
          "pivot": [-22, 56.25, -7.9]
        }, {
          "cubes": [
            {
              "mirror": true,
              "origin": [-26, 54.25, -12.9],
              "size": [10, 10, 10],
              "uv": [216, 141]
            }
          ],
          "name": "arm_right",
          "parent": "arm_rotate_right",
          "pivot": [-22, 56.25, -3.9]
        }, {
          "cubes": [
            {
              "mirror": true,
              "origin": [-25, 61.25, -11.9],
              "size": [8, 8, 8],
              "uv": [105, 133]
            }, {
              "inflate": -0.01,
              "mirror": true,
              "origin": [-25, 64.25, -11.9],
              "size": [8, 8, 8],
              "uv": [186, 133]
            }
          ],
          "name": "elbow_right",
          "parent": "arm_right",
          "pivot": [-21, 62.25, -7.9]
        }, {
          "cubes": [
            {
              "mirror": true,
              "origin": [-25, 71.25, -11.9],
              "size": [7, 6, 7],
              "uv": [158, 132]
            }
          ],
          "name": "hand_right",
          "parent": "elbow_right",
          "pivot": [-21, 72.25, -7.9]
        }, {
          "cubes": [
            {
              "mirror": true,
              "origin": [-20, 76.25, -7.9],
              "pivot": [-19, 76.25, -6.9],
              "rotation": [0, 27.5, 0],
              "size": [0, 4, 2],
              "uv": [98, 112]
            }, {
              "mirror": true,
              "origin": [-23, 76.25, -7.9],
              "pivot": [-23, 76.25, -6.9],
              "rotation": [0, -42.5, 0],
              "size": [0, 4, 2],
              "uv": [98, 112]
            }, {
              "mirror": true,
              "origin": [-7, 76.25, 19.1],
              "pivot": [25, 76.25, -9.9],
              "rotation": [0, -45, 0],
              "size": [0, 4, 2],
              "uv": [98, 112]
            }
          ],
          "name": "fingers_right",
          "parent": "hand_right",
          "pivot": [-21, 77.25, -6.9]
        }, {
          "cubes": [
            {
              "origin": [-24.65, 50.65, 4],
              "size": [14, 3, 13],
              "uv": [202, 161]
            }, {
              "origin": [-12, 43, 4],
              "size": [1, 10, 8],
              "uv": [197, 156]
            }, {
              "origin": [-25, 43, 4],
              "size": [1, 10, 8],
              "uv": [197, 156]
            }, {
              "inflate": 0.02,
              "origin": [-25, 43, 4],
              "size": [14, 1, 8],
              "uv": [212, 177]
            }, {
              "origin": [-23.5, 41.25, 17],
              "size": [11, 11, 6],
              "uv": [163, 149]
            }, {
              "inflate": 0.35,
              "origin": [-23.51228, 10.73772, 16.65],
              "size": [11, 11, 6],
              "uv": [163, 149]
            }
          ],
          "name": "shell_fold_right",
          "parent": "shell",
          "pivot": [-11, 54, 22],
          "rotation": [0, 0, -45]
        }, {
          "cubes": [
            {
              "origin": [11.35711, 51.35711, 4],
              "size": [14, 3, 13],
              "uv": [202, 161]
            }, {
              "origin": [11, 43, 4],
              "size": [1, 10, 8],
              "uv": [197, 156]
            }, {
              "origin": [24, 43, 4],
              "size": [1, 10, 8],
              "uv": [197, 156]
            }, {
              "inflate": 0.02,
              "origin": [11, 43, 4],
              "size": [14, 1, 8],
              "uv": [212, 177]
            }, {
              "mirror": true,
              "origin": [12.5, 41.25, 17],
              "size": [11, 11, 6],
              "uv": [163, 149]
            }, {
              "inflate": 0.35,
              "mirror": true,
              "origin": [12.51228, 10.73772, 16.59848],
              "size": [11, 11, 6],
              "uv": [163, 149]
            }
          ],
          "name": "shell_fold_left",
          "parent": "shell",
          "pivot": [11, 54, 22],
          "rotation": [0, 0, 45]
        }, {
          "cubes": [
            {
              "inflate": 0.02,
              "origin": [-20.25, 24, 13],
              "size": [2, 2, 7],
              "uv": [32, 147]
            }, {
              "inflate": 0.02,
              "origin": [-22.75, 24, 13],
              "size": [2, 2, 7],
              "uv": [32, 147]
            }, {
              "inflate": 0.02,
              "origin": [-20.25, 36, 13],
              "size": [2, 2, 7],
              "uv": [32, 147]
            }, {
              "inflate": 0.02,
              "origin": [-22.75, 36, 13],
              "size": [2, 2, 7],
              "uv": [32, 147]
            }, {
              "inflate": 0.02,
              "origin": [-19.75, 24.5, 20.1],
              "size": [1, 1, 0],
              "uv": [43, 164]
            }, {
              "inflate": 0.02,
              "origin": [-22.25, 24.5, 20.1],
              "size": [1, 1, 0],
              "uv": [43, 164]
            }, {
              "inflate": 0.02,
              "origin": [-19.75, 36.5, 20.1],
              "size": [1, 1, 0],
              "uv": [43, 164]
            }, {
              "inflate": 0.02,
              "origin": [-22.25, 36.5, 20.1],
              "size": [1, 1, 0],
              "uv": [43, 164]
            }
          ],
          "name": "bone8",
          "parent": "shell",
          "pivot": [-20, 27, 13],
          "rotation": [0, -90, 0]
        }, {
          "cubes": [
            {
              "inflate": 0.02,
              "mirror": true,
              "origin": [18.25, 24, 13],
              "size": [2, 2, 7],
              "uv": [32, 147]
            }, {
              "inflate": 0.02,
              "mirror": true,
              "origin": [20.75, 24, 13],
              "size": [2, 2, 7],
              "uv": [32, 147]
            }, {
              "inflate": 0.02,
              "mirror": true,
              "origin": [18.25, 36, 13],
              "size": [2, 2, 7],
              "uv": [32, 147]
            }, {
              "inflate": 0.02,
              "mirror": true,
              "origin": [20.75, 36, 13],
              "size": [2, 2, 7],
              "uv": [32, 147]
            }, {
              "inflate": 0.02,
              "mirror": true,
              "origin": [21.25, 36.5, 20.1],
              "size": [1, 1, 0],
              "uv": [43, 164]
            }, {
              "inflate": 0.02,
              "mirror": true,
              "origin": [18.75, 36.5, 20.1],
              "size": [1, 1, 0],
              "uv": [43, 164]
            }, {
              "inflate": 0.02,
              "mirror": true,
              "origin": [21.25, 24.5, 20.1],
              "size": [1, 1, 0],
              "uv": [43, 164]
            }, {
              "inflate": 0.02,
              "mirror": true,
              "origin": [18.75, 24.5, 20.1],
              "size": [1, 1, 0],
              "uv": [43, 164]
            }
          ],
          "name": "bone9",
          "parent": "shell",
          "pivot": [20, 27, 13],
          "rotation": [0, 90, 0]
        }, {
          "locators": {
            "seat_water_1": [0, 27, 27]
          },
          "name": "locator_seat_water2",
          "parent": "shell",
          "pivot": [0, 27, 27]
        }, {
          "locators": {
            "seat_1": [0, 55, 14.7]
          },
          "name": "locator_seat_water",
          "parent": "shell",
          "pivot": [0, 55, 14.7]
        }, {
          "name": "head",
          "parent": "torso",
          "pivot": [0, 47, -7.5]
        }, {
          "name": "head_correction",
          "parent": "head",
          "pivot": [0, 47, -7.5]
        }, {
          "name": "head_ai",
          "parent": "head_correction",
          "pivot": [0, 47, -7.5]
        }, {
          "cubes": [
            {
              "origin": [-8, 47, -15],
              "size": [16, 15, 16],
              "uv": [98, 25]
            }, {
              "origin": [-9, 58, -16],
              "pivot": [-6, 60, -8],
              "rotation": [15, -10, 10],
              "size": [6, 4, 11],
              "uv": [146, 24]
            }, {
              "inflate": 0.02,
              "origin": [-11, 60, -10],
              "pivot": [-6, 60, -8],
              "rotation": [-79.65473, 14.76689, -77.33601],
              "size": [6, 5, 0],
              "uv": [0, 50]
            }, {
              "inflate": 0.03,
              "origin": [-11, 63, -10],
              "pivot": [-6, 60, -8],
              "rotation": [-79.65473, 14.76689, -77.33601],
              "size": [6, 5, 0],
              "uv": [0, 50]
            }, {
              "inflate": 0.02,
              "mirror": true,
              "origin": [5, 60, -10],
              "pivot": [6, 60, -8],
              "rotation": [-79.65473, -14.76689, 77.33601],
              "size": [6, 5, 0],
              "uv": [0, 50]
            }, {
              "inflate": 0.03,
              "mirror": true,
              "origin": [5, 63, -10],
              "pivot": [6, 60, -8],
              "rotation": [-79.65473, -14.76689, 77.33601],
              "size": [6, 5, 0],
              "uv": [0, 50]
            }, {
              "inflate": 0.02,
              "origin": [-9, 56, -10],
              "pivot": [-6, 60, -8],
              "rotation": [15, -10, 10],
              "size": [3, 3, 5],
              "uv": [169, 24]
            }, {
              "inflate": 0.02,
              "mirror": true,
              "origin": [6, 56, -10],
              "pivot": [6, 60, -8],
              "rotation": [15, 10, -10],
              "size": [3, 3, 5],
              "uv": [169, 24]
            }, {
              "mirror": true,
              "origin": [3, 58, -16],
              "pivot": [6, 60, -8],
              "rotation": [15, 10, -10],
              "size": [6, 4, 11],
              "uv": [146, 24]
            }
          ],
          "name": "head_angle",
          "parent": "head_ai",
          "pivot": [0, 47, -7.5]
        }, {
          "cubes": [
            {
              "inflate": 0.01,
              "origin": [-5.5, 50, -19.25],
              "size": [11, 4, 5],
              "uv": [180, 29]
            }, {
              "inflate": 0.01,
              "origin": [-4.5, 51, -21.25],
              "size": [9, 3, 2],
              "uv": [180, 24]
            }, {
              "inflate": 0.01,
              "origin": [1.75, 49.75, -18.25],
              "pivot": [2.5, 50, -18.75],
              "rotation": [0, 0, 45],
              "size": [2, 2, 0],
              "uv": [99, 5]
            }, {
              "inflate": 0.01,
              "origin": [-3.75, 49.75, -18.25],
              "pivot": [-2.5, 50, -18.75],
              "rotation": [0, 0, -45],
              "size": [2, 2, 0],
              "uv": [99, 5]
            }
          ],
          "name": "muzzle",
          "parent": "head_angle",
          "pivot": [0, 49, -16.75]
        }, {
          "cubes": [
            {
              "inflate": 0.01,
              "origin": [-5.5, 47, -16.75],
              "size": [11, 3, 2],
              "uv": [192, 5]
            }, {
              "origin": [-4.5, 47, -18.75],
              "size": [9, 3, 2],
              "uv": [192, 0]
            }, {
              "origin": [-1.5, 47, -20.25],
              "pivot": [0, 49, -18.75],
              "rotation": [20.75357, 43.07952, 14.51082],
              "size": [3, 2, 3],
              "uv": [214, 0]
            }, {
              "origin": [2, 49.75, -18.25],
              "pivot": [2.75, 50, -18.25],
              "rotation": [0, 0, -45],
              "size": [1, 1, 0],
              "uv": [99, 7]
            }, {
              "origin": [3.25, 49.25, -18],
              "pivot": [3.5, 50, -17.75],
              "rotation": [30.68206, -27.03402, -52.54628],
              "size": [1, 1, 0],
              "uv": [99, 7]
            }, {
              "origin": [-4.25, 49.25, -18],
              "pivot": [-3.5, 50, -17.75],
              "rotation": [30.68206, 27.03402, 52.54628],
              "size": [1, 1, 0],
              "uv": [99, 8]
            }, {
              "origin": [-3, 49.75, -18.25],
              "pivot": [-2.75, 50, -18.25],
              "rotation": [0, 0, 45],
              "size": [1, 1, 0],
              "uv": [99, 8]
            }
          ],
          "name": "jaw",
          "parent": "muzzle",
          "pivot": [0, 50, -14.75]
        }, {
          "cubes": [
            {
              "inflate": 0.02,
              "origin": [3, 53.25, -15],
              "size": [5, 3, 3],
              "uv": [112, 8]
            }
          ],
          "name": "eyelid_left",
          "parent": "head_angle",
          "pivot": [4.5, 53, -10]
        }, {
          "cubes": [
            {
              "inflate": 0.02,
              "mirror": true,
              "origin": [-8, 53.25, -15],
              "size": [5, 3, 3],
              "uv": [112, 8]
            }
          ],
          "name": "eyelid_right",
          "parent": "head_angle",
          "pivot": [-4.5, 53, -10]
        }, {
          "cubes": [
            {
              "inflate": 0.25,
              "origin": [-5, 3, -1],
              "size": [10, 10, 10],
              "uv": [216, 0]
            }
          ],
          "name": "tail_rotate",
          "parent": "torso",
          "pivot": [0, 11, 2],
          "rotation": [40, 0, 0]
        }, {
          "cubes": [
            {
              "origin": [-4, -2, 0],
              "size": [8, 6, 8],
              "uv": [224, 20]
            }
          ],
          "name": "tail_base",
          "parent": "tail_rotate",
          "pivot": [0, 3, -1]
        }, {
          "cubes": [
            {
              "origin": [0, -8, 1],
              "size": [0, 6, 6],
              "uv": [220, 14]
            }
          ],
          "name": "tail_end",
          "parent": "tail_base",
          "pivot": [0, -4, -1]
        }, {
          "cubes": [
            {
              "origin": [-22, 8, -13],
              "size": [12, 11, 13],
              "uv": [149, 43]
            }
          ],
          "name": "leg_right",
          "parent": "body2",
          "pivot": [-16, 13, -6]
        }, {
          "cubes": [
            {
              "origin": [-21, 4, -12],
              "size": [10, 4, 12],
              "uv": [212, 91]
            }
          ],
          "name": "knee_right",
          "parent": "leg_right",
          "pivot": [-16, 8, -12]
        }, {
          "cubes": [
            {
              "inflate": 0.02,
              "origin": [-21, 0, -12],
              "size": [10, 4, 12],
              "uv": [212, 49]
            }, {
              "inflate": 0.02,
              "origin": [-16.5, 0, -14],
              "size": [1, 3, 2],
              "uv": [250, 49]
            }, {
              "inflate": 0.02,
              "origin": [-16.5, 0, -15],
              "size": [1, 2, 1],
              "uv": [252, 54]
            }, {
              "inflate": 0.02,
              "origin": [-16.5, 0, -16],
              "size": [1, 1, 1],
              "uv": [252, 57]
            }, {
              "inflate": 0.02,
              "origin": [-16.5, 0, 0],
              "size": [1, 3, 2],
              "uv": [250, 49]
            }, {
              "inflate": 0.02,
              "origin": [-16.5, 0, 2],
              "size": [1, 2, 1],
              "uv": [252, 54]
            }, {
              "inflate": 0.02,
              "origin": [-16.5, 0, 3],
              "size": [1, 1, 1],
              "uv": [252, 57]
            }
          ],
          "name": "foot_right",
          "parent": "knee_right",
          "pivot": [-16, 4, -12]
        }, {
          "name": "right_toes",
          "parent": "foot_right",
          "pivot": [-21, 0, -12]
        }, {
          "cubes": [
            {
              "origin": [-21, 0, -16],
              "size": [0, 3, 4],
              "uv": [248, 62]
            }
          ],
          "name": "right_toe_out",
          "parent": "right_toes",
          "pivot": [-21, 0, -12],
          "rotation": [0, -27.5, 0]
        }, {
          "cubes": [
            {
              "origin": [-11, 0, -16],
              "size": [0, 3, 4],
              "uv": [248, 62]
            }
          ],
          "name": "right_toe_in",
          "parent": "right_toes",
          "pivot": [-11, 0, -12],
          "rotation": [0, 27.5, 0]
        }, {
          "cubes": [
            {
              "origin": [10, 8, -13],
              "size": [12, 11, 13],
              "uv": [149, 43]
            }
          ],
          "name": "leg_left",
          "parent": "body2",
          "pivot": [16, 13, -6]
        }, {
          "cubes": [
            {
              "origin": [11, 4, -12],
              "size": [10, 4, 12],
              "uv": [212, 91]
            }
          ],
          "name": "knee_left",
          "parent": "leg_left",
          "pivot": [16, 8, -12]
        }, {
          "cubes": [
            {
              "inflate": 0.02,
              "origin": [11, 0, -12],
              "size": [10, 4, 12],
              "uv": [212, 49]
            }, {
              "inflate": 0.02,
              "origin": [15.5, 0, -14],
              "size": [1, 3, 2],
              "uv": [250, 49]
            }, {
              "inflate": 0.02,
              "origin": [15.5, 0, 0],
              "size": [1, 3, 2],
              "uv": [250, 49]
            }, {
              "inflate": 0.02,
              "origin": [15.5, 0, -15],
              "size": [1, 2, 1],
              "uv": [252, 54]
            }, {
              "inflate": 0.02,
              "origin": [15.5, 0, -16],
              "size": [1, 1, 1],
              "uv": [252, 57]
            }, {
              "inflate": 0.02,
              "origin": [15.5, 0, 2],
              "size": [1, 2, 1],
              "uv": [252, 54]
            }, {
              "inflate": 0.02,
              "origin": [15.5, 0, 3],
              "size": [1, 1, 1],
              "uv": [252, 57]
            }
          ],
          "name": "foot_left",
          "parent": "knee_left",
          "pivot": [16, 4, -12]
        }, {
          "name": "left_toes",
          "parent": "foot_left",
          "pivot": [11, 0, -12]
        }, {
          "cubes": [
            {
              "origin": [11, 0, -16],
              "size": [0, 3, 4],
              "uv": [248, 62]
            }
          ],
          "name": "left_toe_out",
          "parent": "left_toes",
          "pivot": [11, 0, -12],
          "rotation": [0, -27.5, 0]
        }, {
          "cubes": [
            {
              "origin": [21, 0, -16],
              "size": [0, 3, 4],
              "uv": [248, 62]
            }
          ],
          "name": "left_toe_in",
          "parent": "left_toes",
          "pivot": [21, 0, -12],
          "rotation": [0, 27.5, 0]
        }, {
          "name": "SThyx05",
          "parent": "blastoise",
          "pivot": [0, 0, 0]
        }
      ],
      "description": {
        "identifier": "geometry.gmax_blastoise",
        "texture_height": 256,
        "texture_width": 256,
        "visible_bounds_height": 8,
        "visible_bounds_offset": [0, 3.5, 0],
        "visible_bounds_width": 8
      }
    }
  ]
}