{
  "animations": {
    "animation.calyrex_shadow_rider.battle_idle": {
      "animation_length": 2,
      "bones": {
        "arm_left": {
          "rotation": ["-69.2307-math.sin(q.anim_time*90*2)*4", 13.56626, 6.46066]
        },
        "arm_right": {
          "rotation": ["-69.2307-math.sin(q.anim_time*90*2)*4", -13.56626, -6.46066]
        },
        "calyrex": {
          "position": [0, 1.6, 5],
          "scale": 1.25
        },
        "ears": {
          "rotation": [10, 0, 0]
        },
        "front_hair_strand": {
          "position": [0, 0.39848, 0.03486],
          "rotation": [5, 0, 0]
        },
        "front_hair_strand_2": {
          "rotation": [78.62152, 14.10416, -44.53432]
        },
        "front_hair_strand_3": {
          "rotation": [-9.00717, 20.70481, -24.14867]
        },
        "front_hair_strand_4": {
          "rotation": [0, 22.5, 0]
        },
        "head": {
          "rotation": ["10+math.sin(q.anim_time*90*2)*0.5", 0, 0]
        },
        "left_back_hair": {
          "position": [0.26101, 1.02247, 1.5282],
          "rotation": [-20.0182, 53.20066, 71.19115]
        },
        "left_back_hair_2": {
          "position": [-0.5926, -0.13722, 0],
          "rotation": [0, "math.sin(q.anim_time*90*2)*2", "-22.5-math.sin(q.anim_time*90*2)*1.5"]
        },
        "left_back_hair_3": {
          "position": [-0.50021, 0.09895, 0],
          "rotation": [0, "math.sin(q.anim_time*90*2+30)*2", "22.5-math.sin(q.anim_time*90*2-30)*1.5"]
        },
        "left_back_hair_4": {
          "rotation": [0, "math.sin(q.anim_time*90*2+60)*2", "0-math.sin(q.anim_time*90*2-60)*1.5"]
        },
        "left_back_hair_5": {
          "position": [-0.92388, 0.38268, 0],
          "rotation": [0, "math.sin(q.anim_time*90*2+90)*3", 22.5]
        },
        "left_back_hair_6": {
          "position": [-0.40782, -0.06069, 0],
          "rotation": [0, "math.sin(q.anim_time*90*2-30)*5", -22.5]
        },
        "left_back_hair_7": {
          "position": [-0.40782, 0.06069, 0],
          "rotation": [0, "math.sin(q.anim_time*90*2-60)*6", 22.5]
        },
        "left_back_hair_8": {
          "position": [-0.36955, 0.15307, 0],
          "rotation": [0, "math.sin(q.anim_time*90*2-90)*7", 22.5]
        },
        "left_back_knee": {
          "position": [0, 1.5, -3.5],
          "rotation": [27.5, 0, 0]
        },
        "left_back_knee_2": {
          "position": [0, -0.73024, 0.95475],
          "rotation": [-22.5, 0, 0]
        },
        "left_back_leg": {
          "position": [0, -1.7, 0],
          "rotation": [-5, -5, 0]
        },
        "left_ear": {
          "rotation": ["math.sin(q.anim_time*90*2-30)*1.5", 0, 0]
        },
        "left_foot_wisp": {
          "rotation": ["math.sin(q.anim_time*90*4)*2", 0, 0]
        },
        "left_foot_wisp_1": {
          "position": [0, 0, -0.1],
          "rotation": ["-math.sin(q.anim_time*90*4-30)*3", 0, 0]
        },
        "left_foot_wisp_2": {
          "position": [0, 0, -0.1],
          "rotation": ["math.sin(q.anim_time*90*4-60)*4", 0, 0]
        },
        "left_foot_wisp_3": {
          "position": [0, 0, -0.1],
          "rotation": ["-math.sin(q.anim_time*90*4-90)*5", 0, 0]
        },
        "left_front_hair": {
          "position": [-1.12324, 0.50053, 0.69843],
          "rotation": [32.2, 10, 67.5]
        },
        "left_front_hair_2": {
          "position": [-0.5926, -0.13722, 0],
          "rotation": [0, "math.sin(q.anim_time*90*2)*2", "-22.5-math.sin(q.anim_time*90*2)*1.5"]
        },
        "left_front_hair_3": {
          "position": [-0.50021, 0.09895, 0],
          "rotation": [0, "math.sin(q.anim_time*90*2+30)*2", "22.5-math.sin(q.anim_time*90*2-30)*1.5"]
        },
        "left_front_hair_4": {
          "position": [-0.5926, 0.13722, 0],
          "rotation": [0, "math.sin(q.anim_time*90*2+60)*2", "22.5-math.sin(q.anim_time*90*2-60)*1.5"]
        },
        "left_front_hair_5": {
          "position": [-0.46194, -0.19134, 0],
          "rotation": [0, "math.sin(q.anim_time*90*2+90)*2", -22.5]
        },
        "left_front_hair_6": {
          "position": [-0.40782, 0.06069, 0],
          "rotation": [0, "math.sin(q.anim_time*90*2-30)*5", 22.5]
        },
        "left_front_hair_7": {
          "position": [-0.40782, -0.06069, 0],
          "rotation": [0, "math.sin(q.anim_time*90*2-60)*6", 0]
        },
        "left_front_hair_8": {
          "position": [-0.40782, -0.06069, 0],
          "rotation": [0, "math.sin(q.anim_time*90*2-90)*7", 22.5]
        },
        "left_front_knee": {
          "position": [0, "0.5+math.sin(q.anim_time*90*2)*0.05", 0]
        },
        "left_front_leg": {
          "position": [0, "-0.5-math.sin(q.anim_time*90*2)*0.05", 0],
          "rotation": [0, -10, 0]
        },
        "left_middle_hair": {
          "position": [-0.08716, 0.91794, 0.93526],
          "rotation": [-3.54002, 28.96671, 45.10922]
        },
        "left_middle_hair_2": {
          "position": [-0.5926, 0.13722, 0],
          "rotation": [0, "math.sin(q.anim_time*90*2)*2", "22.5-math.sin(q.anim_time*90*2)*1.5"]
        },
        "left_middle_hair_3": {
          "position": [-0.5926, 0.13722, 0],
          "rotation": [0, "math.sin(q.anim_time*90*2+30)*2", "22.5-math.sin(q.anim_time*90*2-30)*1.5"]
        },
        "left_middle_hair_4": {
          "position": [-0.5926, -0.13722, 0],
          "rotation": [0, "math.sin(q.anim_time*90*2+60)*2", "-22.5-math.sin(q.anim_time*90*2-60)*1.5"]
        },
        "left_middle_hair_5": {
          "rotation": [0, "math.sin(q.anim_time*90*2+90)*2", 0]
        },
        "left_middle_hair_6": {
          "rotation": [0, "math.sin(q.anim_time*90*2-30)*5", 0]
        },
        "left_middle_hair_7": {
          "position": [-0.40782, 0.06069, 0],
          "rotation": [0, "math.sin(q.anim_time*90*2-60)*6", 22.5]
        },
        "left_middle_hair_8": {
          "rotation": [0, "math.sin(q.anim_time*90*2-90)*7", 0]
        },
        "leg_left": {
          "rotation": [-42.50983, -1.70074, -91.23204],
          "scale": 1.2
        },
        "leg_left_2": {
          "position": [0.14525, 0.13168, 0.05146],
          "rotation": ["27.60344-math.sin(q.anim_time*90*2)*2", -19.08935, 99.41907]
        },
        "leg_right": {
          "rotation": [-42.50983, 1.70074, 91.23204],
          "scale": 1.2
        },
        "leg_right_2": {
          "position": [-0.14525, 0.13168, 0.05146],
          "rotation": ["27.60344-math.sin(q.anim_time*90*2)*2", 19.08935, -99.41907]
        },
        "neck": {
          "position": [0, -1, 0],
          "rotation": ["10+math.sin(q.anim_time*90*2)*0.5", 0, 0]
        },
        "neck_2": {
          "rotation": ["0+math.sin(q.anim_time*90*2)*0.5", 0, 0]
        },
        "reigns": {
          "position": [0, -3.12197, -2.13908],
          "rotation": [-10, 0, 0]
        },
        "right_back_hair": {
          "position": [-0.26101, 1.02247, 1.5282],
          "rotation": [-20.0182, -53.20066, -71.19115]
        },
        "right_back_hair_2": {
          "position": [0.5926, -0.13722, 0],
          "rotation": [0, "-math.sin(q.anim_time*90*2)*2", "22.5+math.sin(q.anim_time*90*2)*1.5"]
        },
        "right_back_hair_3": {
          "position": [0.50021, 0.09895, 0],
          "rotation": [0, "-math.sin(q.anim_time*90*2+30)*2", "-22.5+math.sin(q.anim_time*90*2-30)*1.5"]
        },
        "right_back_hair_4": {
          "rotation": [0, "-math.sin(q.anim_time*90*2+60)*2", "0+math.sin(q.anim_time*90*2-60)*1.5"]
        },
        "right_back_hair_5": {
          "position": [0.92388, 0.38268, 0],
          "rotation": [0, "-(math.sin(q.anim_time*90*2+90)*2)", -22.5]
        },
        "right_back_hair_6": {
          "position": [0.40782, -0.06069, 0],
          "rotation": [0, "-(math.sin(q.anim_time*90*2-30)*5)", 22.5]
        },
        "right_back_hair_7": {
          "position": [0.40782, 0.06069, 0],
          "rotation": [0, "-(math.sin(q.anim_time*90*2-60)*6)", -22.5]
        },
        "right_back_hair_8": {
          "position": [0.36955, 0.15307, 0],
          "rotation": [0, "-(math.sin(q.anim_time*90*2-90)*7)", -22.5]
        },
        "right_back_knee": {
          "position": [0, 1.5, -3.5],
          "rotation": [27.5, 0, 0]
        },
        "right_back_knee_2": {
          "position": [0, -0.73024, 0.95475],
          "rotation": [-22.5, 0, 0]
        },
        "right_back_leg": {
          "position": [0, -1.7, 0],
          "rotation": [-5, 5, 0]
        },
        "right_ear": {
          "rotation": ["math.sin(q.anim_time*90*2-30)*1.5", 0, 0]
        },
        "right_foot_wisp": {
          "rotation": ["math.sin(q.anim_time*90*4)*2", 0, 0]
        },
        "right_foot_wisp_1": {
          "position": [0, 0, -0.1],
          "rotation": ["-math.sin(q.anim_time*90*4-30)*3", 0, 0]
        },
        "right_foot_wisp_2": {
          "position": [0, 0, -0.1],
          "rotation": ["math.sin(q.anim_time*90*4-60)*4", 0, 0]
        },
        "right_foot_wisp_3": {
          "position": [0, 0, -0.1],
          "rotation": ["-math.sin(q.anim_time*90*4-90)*5", 0, 0]
        },
        "right_front_hair": {
          "position": [1.12324, 0.50053, 0.69843],
          "rotation": [32.2, -10, -67.5]
        },
        "right_front_hair_2": {
          "position": [0.5926, -0.13722, 0],
          "rotation": [0, "-(math.sin(q.anim_time*90*2)*2)", "22.5+math.sin(q.anim_time*90*2)*1.5"]
        },
        "right_front_hair_3": {
          "position": [0.50021, 0.09895, 0],
          "rotation": [0, "-(math.sin(q.anim_time*90*2+30)*2)", "-22.5+math.sin(q.anim_time*90*2-30)*1.5"]
        },
        "right_front_hair_4": {
          "position": [0.5926, 0.13722, 0],
          "rotation": [0, "-(math.sin(q.anim_time*90*2+60)*2)", "-22.5+math.sin(q.anim_time*90*2-60)*1.5"]
        },
        "right_front_hair_5": {
          "position": [0.46194, -0.19134, 0],
          "rotation": [0, "-(math.sin(q.anim_time*90*2+90)*2)", 22.5]
        },
        "right_front_hair_6": {
          "position": [0.40782, 0.06069, 0],
          "rotation": [0, "-(math.sin(q.anim_time*90*2-30)*5)", -22.5]
        },
        "right_front_hair_7": {
          "position": [0.40782, -0.06069, 0],
          "rotation": [0, "-(math.sin(q.anim_time*90*2-60)*6)", 0]
        },
        "right_front_hair_8": {
          "position": [0.40782, -0.06069, 0],
          "rotation": [0, "-(math.sin(q.anim_time*90*2-90)*7)", -22.5]
        },
        "right_front_knee": {
          "position": [0, "0.5+math.sin(q.anim_time*90*2)*0.05", 0]
        },
        "right_front_leg": {
          "position": [0, "-0.5-math.sin(q.anim_time*90*2)*0.05", 0],
          "rotation": [0, 10, 0]
        },
        "right_middle_hair": {
          "position": [0.08716, 0.91794, 0.93526],
          "rotation": [-3.54002, -28.96671, -45.10922]
        },
        "right_middle_hair_2": {
          "position": [0.5926, 0.13722, 0],
          "rotation": [0, "-(math.sin(q.anim_time*90*2)*2)", "-22.5+math.sin(q.anim_time*90*2)*1.5"]
        },
        "right_middle_hair_3": {
          "position": [0.5926, 0.13722, 0],
          "rotation": [0, "-(math.sin(q.anim_time*90*2+30)*2)", "-22.5+math.sin(q.anim_time*90*2-30)*1.5"]
        },
        "right_middle_hair_4": {
          "position": [0.5926, -0.13722, 0],
          "rotation": [0, "-(math.sin(q.anim_time*90*2+60)*2)", "22.5+math.sin(q.anim_time*90*2-60)*1.5"]
        },
        "right_middle_hair_5": {
          "rotation": [0, "-(math.sin(q.anim_time*90*2+90)*2)", 0]
        },
        "right_middle_hair_6": {
          "rotation": [0, "-(math.sin(q.anim_time*90*2-30)*5)", 0]
        },
        "right_middle_hair_7": {
          "position": [0.40782, 0.06069, 0],
          "rotation": [0, "-(math.sin(q.anim_time*90*2-60)*6)", -22.5]
        },
        "right_middle_hair_8": {
          "rotation": [0, "-(math.sin(q.anim_time*90*2-90)*7)", 0]
        },
        "tail": {
          "position": [0, 1, -1],
          "rotation": [12.5, 0, 0]
        },
        "tail_2": {
          "position": [0, 0.1156, -1.11204],
          "rotation": [-17.5, "math.sin(q.anim_time*90*2)*2", 0]
        },
        "tail_3": {
          "position": [0, -0.34862, -3.98478],
          "rotation": [-45, "math.sin(q.anim_time*90*2)*2", 0]
        },
        "tail_4": {
          "position": [0, 0.30071, -0.95372],
          "rotation": [22.5, "math.sin(q.anim_time*90*2-40)*2", 0]
        },
        "tail_5": {
          "position": [0, 0.51953, -2.17488],
          "rotation": [-17.5, "math.sin(q.anim_time*90*2-80)*2", 0]
        },
        "torso": {
          "rotation": ["math.sin(q.anim_time*90*2)*0.5", 0, 0]
        }
      },
      "loop": true
    },
    "animation.calyrex_shadow_rider.ground_idle": {
      "animation_length": 2,
      "bones": {
        "arm_left": {
          "rotation": ["-69.2307-math.sin(q.anim_time*90*2)*4", 13.56626, 6.46066]
        },
        "arm_right": {
          "rotation": ["-69.2307-math.sin(q.anim_time*90*2)*4", -13.56626, -6.46066]
        },
        "calyrex": {
          "position": [0, 1.6, 5],
          "scale": 1.25
        },
        "ears": {
          "rotation": [10, 0, 0]
        },
        "front_hair_strand": {
          "position": [0, 0.39848, 0.03486],
          "rotation": [5, 0, 0]
        },
        "front_hair_strand_2": {
          "rotation": [78.62152, 14.10416, -44.53432]
        },
        "front_hair_strand_3": {
          "rotation": [-9.00717, 20.70481, -24.14867]
        },
        "front_hair_strand_4": {
          "rotation": [0, 22.5, 0]
        },
        "head": {
          "rotation": ["10+math.sin(q.anim_time*90*2)*0.5", 0, 0]
        },
        "left_back_hair": {
          "position": [0.26101, 1.02247, 1.5282],
          "rotation": [-20.0182, 53.20066, 71.19115]
        },
        "left_back_hair_2": {
          "position": [-0.5926, -0.13722, 0],
          "rotation": [0, "math.sin(q.anim_time*90*2)*2", "-22.5-math.sin(q.anim_time*90*2)*1.5"]
        },
        "left_back_hair_3": {
          "position": [-0.50021, 0.09895, 0],
          "rotation": [0, "math.sin(q.anim_time*90*2+30)*2", "22.5-math.sin(q.anim_time*90*2-30)*1.5"]
        },
        "left_back_hair_4": {
          "rotation": [0, "math.sin(q.anim_time*90*2+60)*2", "0-math.sin(q.anim_time*90*2-60)*1.5"]
        },
        "left_back_hair_5": {
          "position": [-0.92388, 0.38268, 0],
          "rotation": [0, "math.sin(q.anim_time*90*2+90)*3", 22.5]
        },
        "left_back_hair_6": {
          "position": [-0.40782, -0.06069, 0],
          "rotation": [0, "math.sin(q.anim_time*90*2-30)*5", -22.5]
        },
        "left_back_hair_7": {
          "position": [-0.40782, 0.06069, 0],
          "rotation": [0, "math.sin(q.anim_time*90*2-60)*6", 22.5]
        },
        "left_back_hair_8": {
          "position": [-0.36955, 0.15307, 0],
          "rotation": [0, "math.sin(q.anim_time*90*2-90)*7", 22.5]
        },
        "left_back_knee": {
          "position": [0, 1.5, -3.5],
          "rotation": [27.5, 0, 0]
        },
        "left_back_knee_2": {
          "position": [0, -0.73024, 0.95475],
          "rotation": [-22.5, 0, 0]
        },
        "left_back_leg": {
          "position": [0, -1.7, 0],
          "rotation": [-5, -5, 0]
        },
        "left_ear": {
          "rotation": ["math.sin(q.anim_time*90*2-30)*1.5", 0, 0]
        },
        "left_foot_wisp": {
          "rotation": ["math.sin(q.anim_time*90*4)*2", 0, 0]
        },
        "left_foot_wisp_1": {
          "position": [0, 0, -0.1],
          "rotation": ["-math.sin(q.anim_time*90*4-30)*3", 0, 0]
        },
        "left_foot_wisp_2": {
          "position": [0, 0, -0.1],
          "rotation": ["math.sin(q.anim_time*90*4-60)*4", 0, 0]
        },
        "left_foot_wisp_3": {
          "position": [0, 0, -0.1],
          "rotation": ["-math.sin(q.anim_time*90*4-90)*5", 0, 0]
        },
        "left_front_hair": {
          "position": [-1.12324, 0.50053, 0.69843],
          "rotation": [32.2, 10, 67.5]
        },
        "left_front_hair_2": {
          "position": [-0.5926, -0.13722, 0],
          "rotation": [0, "math.sin(q.anim_time*90*2)*2", "-22.5-math.sin(q.anim_time*90*2)*1.5"]
        },
        "left_front_hair_3": {
          "position": [-0.50021, 0.09895, 0],
          "rotation": [0, "math.sin(q.anim_time*90*2+30)*2", "22.5-math.sin(q.anim_time*90*2-30)*1.5"]
        },
        "left_front_hair_4": {
          "position": [-0.5926, 0.13722, 0],
          "rotation": [0, "math.sin(q.anim_time*90*2+60)*2", "22.5-math.sin(q.anim_time*90*2-60)*1.5"]
        },
        "left_front_hair_5": {
          "position": [-0.46194, -0.19134, 0],
          "rotation": [0, "math.sin(q.anim_time*90*2+90)*2", -22.5]
        },
        "left_front_hair_6": {
          "position": [-0.40782, 0.06069, 0],
          "rotation": [0, "math.sin(q.anim_time*90*2-30)*5", 22.5]
        },
        "left_front_hair_7": {
          "position": [-0.40782, -0.06069, 0],
          "rotation": [0, "math.sin(q.anim_time*90*2-60)*6", 0]
        },
        "left_front_hair_8": {
          "position": [-0.40782, -0.06069, 0],
          "rotation": [0, "math.sin(q.anim_time*90*2-90)*7", 22.5]
        },
        "left_front_knee": {
          "position": [0, "0.5+math.sin(q.anim_time*90*2)*0.05", 0]
        },
        "left_front_leg": {
          "position": [0, "-0.5-math.sin(q.anim_time*90*2)*0.05", 0],
          "rotation": [0, -10, 0]
        },
        "left_middle_hair": {
          "position": [-0.08716, 0.91794, 0.93526],
          "rotation": [-3.54002, 28.96671, 45.10922]
        },
        "left_middle_hair_2": {
          "position": [-0.5926, 0.13722, 0],
          "rotation": [0, "math.sin(q.anim_time*90*2)*2", "22.5-math.sin(q.anim_time*90*2)*1.5"]
        },
        "left_middle_hair_3": {
          "position": [-0.5926, 0.13722, 0],
          "rotation": [0, "math.sin(q.anim_time*90*2+30)*2", "22.5-math.sin(q.anim_time*90*2-30)*1.5"]
        },
        "left_middle_hair_4": {
          "position": [-0.5926, -0.13722, 0],
          "rotation": [0, "math.sin(q.anim_time*90*2+60)*2", "-22.5-math.sin(q.anim_time*90*2-60)*1.5"]
        },
        "left_middle_hair_5": {
          "rotation": [0, "math.sin(q.anim_time*90*2+90)*2", 0]
        },
        "left_middle_hair_6": {
          "rotation": [0, "math.sin(q.anim_time*90*2-30)*5", 0]
        },
        "left_middle_hair_7": {
          "position": [-0.40782, 0.06069, 0],
          "rotation": [0, "math.sin(q.anim_time*90*2-60)*6", 22.5]
        },
        "left_middle_hair_8": {
          "rotation": [0, "math.sin(q.anim_time*90*2-90)*7", 0]
        },
        "leg_left": {
          "rotation": [-42.50983, -1.70074, -91.23204],
          "scale": 1.2
        },
        "leg_left_2": {
          "position": [0.14525, 0.13168, 0.05146],
          "rotation": ["27.60344-math.sin(q.anim_time*90*2)*2", -19.08935, 99.41907]
        },
        "leg_right": {
          "rotation": [-42.50983, 1.70074, 91.23204],
          "scale": 1.2
        },
        "leg_right_2": {
          "position": [-0.14525, 0.13168, 0.05146],
          "rotation": ["27.60344-math.sin(q.anim_time*90*2)*2", 19.08935, -99.41907]
        },
        "neck": {
          "position": [0, -1, 0],
          "rotation": ["10+math.sin(q.anim_time*90*2)*0.5", 0, 0]
        },
        "neck_2": {
          "rotation": ["0+math.sin(q.anim_time*90*2)*0.5", 0, 0]
        },
        "reigns": {
          "position": [0, -3.12197, -2.13908],
          "rotation": [-10, 0, 0]
        },
        "right_back_hair": {
          "position": [-0.26101, 1.02247, 1.5282],
          "rotation": [-20.0182, -53.20066, -71.19115]
        },
        "right_back_hair_2": {
          "position": [0.5926, -0.13722, 0],
          "rotation": [0, "-math.sin(q.anim_time*90*2)*2", "22.5+math.sin(q.anim_time*90*2)*1.5"]
        },
        "right_back_hair_3": {
          "position": [0.50021, 0.09895, 0],
          "rotation": [0, "-math.sin(q.anim_time*90*2+30)*2", "-22.5+math.sin(q.anim_time*90*2-30)*1.5"]
        },
        "right_back_hair_4": {
          "rotation": [0, "-math.sin(q.anim_time*90*2+60)*2", "0+math.sin(q.anim_time*90*2-60)*1.5"]
        },
        "right_back_hair_5": {
          "position": [0.92388, 0.38268, 0],
          "rotation": [0, "-(math.sin(q.anim_time*90*2+90)*2)", -22.5]
        },
        "right_back_hair_6": {
          "position": [0.40782, -0.06069, 0],
          "rotation": [0, "-(math.sin(q.anim_time*90*2-30)*5)", 22.5]
        },
        "right_back_hair_7": {
          "position": [0.40782, 0.06069, 0],
          "rotation": [0, "-(math.sin(q.anim_time*90*2-60)*6)", -22.5]
        },
        "right_back_hair_8": {
          "position": [0.36955, 0.15307, 0],
          "rotation": [0, "-(math.sin(q.anim_time*90*2-90)*7)", -22.5]
        },
        "right_back_knee": {
          "position": [0, 1.5, -3.5],
          "rotation": [27.5, 0, 0]
        },
        "right_back_knee_2": {
          "position": [0, -0.73024, 0.95475],
          "rotation": [-22.5, 0, 0]
        },
        "right_back_leg": {
          "position": [0, -1.7, 0],
          "rotation": [-5, 5, 0]
        },
        "right_ear": {
          "rotation": ["math.sin(q.anim_time*90*2-30)*1.5", 0, 0]
        },
        "right_foot_wisp": {
          "rotation": ["math.sin(q.anim_time*90*4)*2", 0, 0]
        },
        "right_foot_wisp_1": {
          "position": [0, 0, -0.1],
          "rotation": ["-math.sin(q.anim_time*90*4-30)*3", 0, 0]
        },
        "right_foot_wisp_2": {
          "position": [0, 0, -0.1],
          "rotation": ["math.sin(q.anim_time*90*4-60)*4", 0, 0]
        },
        "right_foot_wisp_3": {
          "position": [0, 0, -0.1],
          "rotation": ["-math.sin(q.anim_time*90*4-90)*5", 0, 0]
        },
        "right_front_hair": {
          "position": [1.12324, 0.50053, 0.69843],
          "rotation": [32.2, -10, -67.5]
        },
        "right_front_hair_2": {
          "position": [0.5926, -0.13722, 0],
          "rotation": [0, "-(math.sin(q.anim_time*90*2)*2)", "22.5+math.sin(q.anim_time*90*2)*1.5"]
        },
        "right_front_hair_3": {
          "position": [0.50021, 0.09895, 0],
          "rotation": [0, "-(math.sin(q.anim_time*90*2+30)*2)", "-22.5+math.sin(q.anim_time*90*2-30)*1.5"]
        },
        "right_front_hair_4": {
          "position": [0.5926, 0.13722, 0],
          "rotation": [0, "-(math.sin(q.anim_time*90*2+60)*2)", "-22.5+math.sin(q.anim_time*90*2-60)*1.5"]
        },
        "right_front_hair_5": {
          "position": [0.46194, -0.19134, 0],
          "rotation": [0, "-(math.sin(q.anim_time*90*2+90)*2)", 22.5]
        },
        "right_front_hair_6": {
          "position": [0.40782, 0.06069, 0],
          "rotation": [0, "-(math.sin(q.anim_time*90*2-30)*5)", -22.5]
        },
        "right_front_hair_7": {
          "position": [0.40782, -0.06069, 0],
          "rotation": [0, "-(math.sin(q.anim_time*90*2-60)*6)", 0]
        },
        "right_front_hair_8": {
          "position": [0.40782, -0.06069, 0],
          "rotation": [0, "-(math.sin(q.anim_time*90*2-90)*7)", -22.5]
        },
        "right_front_knee": {
          "position": [0, "0.5+math.sin(q.anim_time*90*2)*0.05", 0]
        },
        "right_front_leg": {
          "position": [0, "-0.5-math.sin(q.anim_time*90*2)*0.05", 0],
          "rotation": [0, 10, 0]
        },
        "right_middle_hair": {
          "position": [0.08716, 0.91794, 0.93526],
          "rotation": [-3.54002, -28.96671, -45.10922]
        },
        "right_middle_hair_2": {
          "position": [0.5926, 0.13722, 0],
          "rotation": [0, "-(math.sin(q.anim_time*90*2)*2)", "-22.5+math.sin(q.anim_time*90*2)*1.5"]
        },
        "right_middle_hair_3": {
          "position": [0.5926, 0.13722, 0],
          "rotation": [0, "-(math.sin(q.anim_time*90*2+30)*2)", "-22.5+math.sin(q.anim_time*90*2-30)*1.5"]
        },
        "right_middle_hair_4": {
          "position": [0.5926, -0.13722, 0],
          "rotation": [0, "-(math.sin(q.anim_time*90*2+60)*2)", "22.5+math.sin(q.anim_time*90*2-60)*1.5"]
        },
        "right_middle_hair_5": {
          "rotation": [0, "-(math.sin(q.anim_time*90*2+90)*2)", 0]
        },
        "right_middle_hair_6": {
          "rotation": [0, "-(math.sin(q.anim_time*90*2-30)*5)", 0]
        },
        "right_middle_hair_7": {
          "position": [0.40782, 0.06069, 0],
          "rotation": [0, "-(math.sin(q.anim_time*90*2-60)*6)", -22.5]
        },
        "right_middle_hair_8": {
          "rotation": [0, "-(math.sin(q.anim_time*90*2-90)*7)", 0]
        },
        "tail": {
          "position": [0, 1, -1],
          "rotation": [12.5, 0, 0]
        },
        "tail_2": {
          "position": [0, 0.1156, -1.11204],
          "rotation": [-17.5, "math.sin(q.anim_time*90*2)*2", 0]
        },
        "tail_3": {
          "position": [0, -0.34862, -3.98478],
          "rotation": [-45, "math.sin(q.anim_time*90*2)*2", 0]
        },
        "tail_4": {
          "position": [0, 0.30071, -0.95372],
          "rotation": [22.5, "math.sin(q.anim_time*90*2-40)*2", 0]
        },
        "tail_5": {
          "position": [0, 0.51953, -2.17488],
          "rotation": [-17.5, "math.sin(q.anim_time*90*2-80)*2", 0]
        },
        "torso": {
          "rotation": ["math.sin(q.anim_time*90*2)*0.5", 0, 0]
        }
      },
      "loop": true
    },
    "animation.calyrex_shadow_rider.ground_walk": {
      "animation_length": 2,
      "bones": {
        "arm_left": {
          "rotation": ["-69.2307-math.sin(q.anim_time*90*4)*8", 13.56626, 6.46066]
        },
        "arm_right": {
          "rotation": ["-69.2307-math.sin(q.anim_time*90*4)*8", -13.56626, -6.46066]
        },
        "calyrex": {
          "position": [0, 1.6, 5],
          "scale": 1.25
        },
        "ears": {
          "rotation": [10, 0, 0]
        },
        "front_hair_strand": {
          "position": [0, 0.39848, 0.03486],
          "rotation": [5, 0, 0]
        },
        "front_hair_strand_2": {
          "rotation": [78.62152, 14.10416, -44.53432]
        },
        "front_hair_strand_3": {
          "rotation": [-9.00717, 20.70481, -24.14867]
        },
        "front_hair_strand_4": {
          "rotation": [0, 22.5, 0]
        },
        "head": {
          "rotation": ["10+math.sin(q.anim_time*90*4)*1.5", 0, 0]
        },
        "left_back_foot": {
          "position": {
            "0.0": {
              "lerp_mode": "catmullrom",
              "post": [0, 0.92388, 0.38268]
            },
            "0.2083": {
              "lerp_mode": "catmullrom",
              "post": [0, -0.07612, -0.38268]
            },
            "0.4583": {
              "lerp_mode": "catmullrom",
              "post": [0, 0, 0]
            },
            "0.7083": {
              "lerp_mode": "catmullrom",
              "post": [0, 0.92388, 0.38268]
            },
            "0.9583": {
              "lerp_mode": "catmullrom",
              "post": [0, 0.92388, 0.38268]
            },
            "1.25": {
              "lerp_mode": "catmullrom",
              "post": [0, -0.07612, -0.38268]
            },
            "1.5": {
              "lerp_mode": "catmullrom",
              "post": [0, 0, 0]
            },
            "1.75": {
              "lerp_mode": "catmullrom",
              "post": [0, 0.92388, 0.38268]
            }
          },
          "rotation": {
            "0.2083": {
              "lerp_mode": "catmullrom",
              "post": [15, 0, 0],
              "pre": [15, 0, 0]
            },
            "0.4583": {
              "lerp_mode": "catmullrom",
              "post": [0, 0, 0]
            },
            "0.7083": {
              "lerp_mode": "catmullrom",
              "post": [-17.5, 0, 0]
            },
            "0.9583": {
              "lerp_mode": "catmullrom",
              "post": [15, 0, 0]
            },
            "1.25": {
              "lerp_mode": "catmullrom",
              "post": [15, 0, 0]
            },
            "1.5": {
              "lerp_mode": "catmullrom",
              "post": [0, 0, 0]
            },
            "1.75": {
              "lerp_mode": "catmullrom",
              "post": [-17.5, 0, 0]
            },
            "2.0": {
              "lerp_mode": "catmullrom",
              "post": [15, 0, 0]
            }
          }
        },
        "left_back_hair": {
          "position": [0.26101, 1.02247, 1.5282],
          "rotation": [-20.0182, 53.20066, 71.19115]
        },
        "left_back_hair_2": {
          "position": [-0.5926, -0.13722, 0],
          "rotation": [0, "math.sin(q.anim_time*90*2)*2", "-22.5-math.sin(q.anim_time*90*2)*1.5"]
        },
        "left_back_hair_3": {
          "position": [-0.50021, 0.09895, 0],
          "rotation": [0, "math.sin(q.anim_time*90*2+30)*2", "22.5-math.sin(q.anim_time*90*2-30)*1.5"]
        },
        "left_back_hair_4": {
          "rotation": [0, "math.sin(q.anim_time*90*2+60)*2", "0-math.sin(q.anim_time*90*2-60)*1.5"]
        },
        "left_back_hair_5": {
          "position": [-0.92388, 0.38268, 0],
          "rotation": [0, "math.sin(q.anim_time*90*2+90)*3", 22.5]
        },
        "left_back_hair_6": {
          "position": [-0.40782, -0.06069, 0],
          "rotation": [0, "math.sin(q.anim_time*90*2-30)*5", -22.5]
        },
        "left_back_hair_7": {
          "position": [-0.40782, -0.06069, 0],
          "rotation": [0, "math.sin(q.anim_time*90*2-60)*6", 22.5]
        },
        "left_back_hair_8": {
          "position": [-0.40782, -0.06069, 0],
          "rotation": [0, "math.sin(q.anim_time*90*2-90)*7", 22.5]
        },
        "left_back_knee": {
          "position": {
            "0.0": {
              "lerp_mode": "catmullrom",
              "post": [0, 1.9217, -3.76865]
            },
            "0.2083": {
              "lerp_mode": "catmullrom",
              "post": [0, 1, -2]
            },
            "0.4583": {
              "lerp_mode": "catmullrom",
              "post": [0, 1.5, -3]
            },
            "0.7083": {
              "lerp_mode": "catmullrom",
              "post": [0, 1.5, -3.5]
            },
            "0.9583": {
              "lerp_mode": "catmullrom",
              "post": [0, 1.9217, -3.76865]
            },
            "1.25": {
              "lerp_mode": "catmullrom",
              "post": [0, 1, -2]
            },
            "1.5": {
              "lerp_mode": "catmullrom",
              "post": [0, 1.5, -3]
            },
            "1.75": {
              "lerp_mode": "catmullrom",
              "post": [0, 1.5, -3.5]
            },
            "2.0": {
              "lerp_mode": "catmullrom",
              "post": [0, 1.9217, -3.76865]
            }
          },
          "rotation": {
            "0.0": {
              "lerp_mode": "catmullrom",
              "post": [50, 0, 0]
            },
            "0.2083": {
              "lerp_mode": "catmullrom",
              "post": [27.5, 0, 0]
            },
            "0.7083": {
              "lerp_mode": "catmullrom",
              "post": [27.5, 0, 0]
            },
            "0.9583": {
              "lerp_mode": "catmullrom",
              "post": [50, 0, 0]
            },
            "1.25": {
              "lerp_mode": "catmullrom",
              "post": [27.5, 0, 0]
            },
            "1.75": {
              "lerp_mode": "catmullrom",
              "post": [27.5, 0, 0]
            },
            "2.0": {
              "lerp_mode": "catmullrom",
              "post": [50, 0, 0]
            }
          }
        },
        "left_back_knee_2": {
          "position": {
            "0.0": {
              "lerp_mode": "catmullrom",
              "post": [0, 0.10343, 1.43219]
            },
            "0.2083": {
              "lerp_mode": "catmullrom",
              "post": [0, -0.73024, 0.95475]
            },
            "0.4583": {
              "lerp_mode": "catmullrom",
              "post": [0, -1.19218, 0.56341]
            },
            "0.7083": {
              "lerp_mode": "catmullrom",
              "post": [0, -0.73024, 0.75475]
            },
            "0.9583": {
              "lerp_mode": "catmullrom",
              "post": [0, 0.10343, 1.43219]
            },
            "1.25": {
              "lerp_mode": "catmullrom",
              "post": [0, -0.73024, 0.95475]
            },
            "1.5": {
              "lerp_mode": "catmullrom",
              "post": [0, -1.19218, 0.56341]
            },
            "1.75": {
              "lerp_mode": "catmullrom",
              "post": [0, -0.73024, 0.75475]
            },
            "2.0": {
              "lerp_mode": "catmullrom",
              "post": [0, 0.10343, 1.43219]
            }
          },
          "rotation": {
            "0.0": {
              "lerp_mode": "catmullrom",
              "post": [-45, 0, 0]
            },
            "0.2083": {
              "lerp_mode": "catmullrom",
              "post": [-15, 0, 0]
            },
            "0.4583": {
              "lerp_mode": "catmullrom",
              "post": [-22.5, 0, 0]
            },
            "0.7083": {
              "lerp_mode": "catmullrom",
              "post": [-22.5, 0, 0]
            },
            "0.9583": {
              "lerp_mode": "catmullrom",
              "post": [-45, 0, 0]
            },
            "1.25": {
              "lerp_mode": "catmullrom",
              "post": [-15, 0, 0]
            },
            "1.5": {
              "lerp_mode": "catmullrom",
              "post": [-22.5, 0, 0]
            },
            "1.75": {
              "lerp_mode": "catmullrom",
              "post": [-22.5, 0, 0]
            },
            "2.0": {
              "lerp_mode": "catmullrom",
              "post": [-45, 0, 0]
            }
          }
        },
        "left_back_leg": {
          "position": {
            "0.0": {
              "lerp_mode": "catmullrom",
              "post": [0, -3.4, 0]
            },
            "0.2083": {
              "lerp_mode": "catmullrom",
              "post": [0, -2.2, 0]
            },
            "0.4583": {
              "lerp_mode": "catmullrom",
              "post": [0, -1.7, 0]
            },
            "0.7083": {
              "lerp_mode": "catmullrom",
              "post": [0, -3.4, 0]
            },
            "0.9583": {
              "lerp_mode": "catmullrom",
              "post": [0, -3.4, 0]
            },
            "1.25": {
              "lerp_mode": "catmullrom",
              "post": [0, -2.2, 0]
            },
            "1.5": {
              "lerp_mode": "catmullrom",
              "post": [0, -1.7, 0]
            },
            "1.75": {
              "lerp_mode": "catmullrom",
              "post": [0, -3.4, 0]
            }
          },
          "rotation": {
            "0.0": {
              "lerp_mode": "catmullrom",
              "post": [-32.5, 0, 0]
            },
            "0.2083": {
              "lerp_mode": "catmullrom",
              "post": [-27.5, 0, 0]
            },
            "0.4583": {
              "lerp_mode": "catmullrom",
              "post": [-5, 0, 0]
            },
            "0.7083": {
              "lerp_mode": "catmullrom",
              "post": [12.5, 0, 0]
            },
            "0.9583": {
              "lerp_mode": "catmullrom",
              "post": [-32.5, 0, 0]
            },
            "1.25": {
              "lerp_mode": "catmullrom",
              "post": [-27.5, 0, 0]
            },
            "1.5": {
              "lerp_mode": "catmullrom",
              "post": [-5, 0, 0]
            },
            "1.75": {
              "lerp_mode": "catmullrom",
              "post": [12.5, 0, 0]
            },
            "2.0": {
              "lerp_mode": "catmullrom",
              "post": [-32.5, 0, 0]
            }
          }
        },
        "left_ear": {
          "rotation": ["math.sin(q.anim_time*90*4-30)*2", 0, 0]
        },
        "left_foot_wisp": {
          "rotation": ["math.sin(q.anim_time*90*4)*4", 0, 0]
        },
        "left_foot_wisp_1": {
          "position": [0, 0, -0.1],
          "rotation": ["-math.sin(q.anim_time*90*4-30)*6", 0, 0]
        },
        "left_foot_wisp_2": {
          "position": [0, 0, -0.1],
          "rotation": ["math.sin(q.anim_time*90*4-60)*8", 0, 0]
        },
        "left_foot_wisp_3": {
          "position": [0, 0, -0.1],
          "rotation": ["-math.sin(q.anim_time*90*4-90)*10", 0, 0]
        },
        "left_front_foot": {
          "rotation": {
            "0.0": {
              "lerp_mode": "catmullrom",
              "post": [-10, 0, 0]
            },
            "0.25": {
              "lerp_mode": "catmullrom",
              "post": [5, 0, 0]
            },
            "0.5": {
              "lerp_mode": "catmullrom",
              "post": [5, 0, 0]
            },
            "0.75": {
              "lerp_mode": "catmullrom",
              "post": [-2.5, 0, 0]
            },
            "1.0": {
              "lerp_mode": "catmullrom",
              "post": [-10, 0, 0]
            },
            "1.25": {
              "lerp_mode": "catmullrom",
              "post": [5, 0, 0]
            },
            "1.5": {
              "lerp_mode": "catmullrom",
              "post": [5, 0, 0]
            },
            "2.0": {
              "lerp_mode": "catmullrom",
              "post": [-10, 0, 0]
            }
          }
        },
        "left_front_hair": {
          "position": [-1.12324, 0.50053, 0.69843],
          "rotation": [32.2, 10, 67.5]
        },
        "left_front_hair_2": {
          "rotation": [0, "math.sin(q.anim_time*90*2)*2", "-22.5-math.sin(q.anim_time*90*2)*1.5"]
        },
        "left_front_hair_3": {
          "position": [-0.50021, 0.09895, 0],
          "rotation": [0, "math.sin(q.anim_time*90*2+30)*2", "22.5-math.sin(q.anim_time*90*2-30)*1.5"]
        },
        "left_front_hair_4": {
          "position": [-0.5926, 0.13722, 0],
          "rotation": [0, "math.sin(q.anim_time*90*2+30)*2", "22.5-math.sin(q.anim_time*90*2-30)*1.5"]
        },
        "left_front_hair_5": {
          "position": [-0.46194, -0.19134, 0],
          "rotation": [0, "math.sin(q.anim_time*90*2+90)*2", -22.5]
        },
        "left_front_hair_6": {
          "position": [-0.40782, 0.06069, 0],
          "rotation": [0, "math.sin(q.anim_time*90*2-30)*5", 22.5]
        },
        "left_front_hair_7": {
          "position": [-0.40782, -0.06069, 0],
          "rotation": [0, "math.sin(q.anim_time*90*2-60)*6", 0]
        },
        "left_front_hair_8": {
          "position": [-0.40782, -0.06069, 0],
          "rotation": [0, "math.sin(q.anim_time*90*2-90)*7", 22.5]
        },
        "left_front_knee": {
          "position": {
            "0.0": {
              "lerp_mode": "catmullrom",
              "post": [0, 0, 0]
            },
            "0.25": {
              "lerp_mode": "catmullrom",
              "post": [0, 0.61606, 1.36184]
            },
            "0.5": {
              "lerp_mode": "catmullrom",
              "post": [0, 0.08712, -0.42478]
            },
            "0.75": {
              "lerp_mode": "catmullrom",
              "post": [0, 0, 0]
            },
            "1.0": {
              "lerp_mode": "catmullrom",
              "post": [0, 0, 0]
            },
            "1.25": {
              "lerp_mode": "catmullrom",
              "post": [0, 0.61606, 1.36184]
            },
            "1.5": {
              "lerp_mode": "catmullrom",
              "post": [0, 0.08712, -0.42478]
            },
            "1.75": {
              "lerp_mode": "catmullrom",
              "post": [0, 0, 0]
            }
          },
          "rotation": {
            "0.0": {
              "lerp_mode": "catmullrom",
              "post": [0, 0, 0]
            },
            "0.25": {
              "lerp_mode": "catmullrom",
              "post": [60, 0, 0]
            },
            "0.5": {
              "lerp_mode": "catmullrom",
              "post": [15, 0, 0]
            },
            "0.75": {
              "lerp_mode": "catmullrom",
              "post": [0, 0, 0]
            },
            "1.0": {
              "lerp_mode": "catmullrom",
              "post": [0, 0, 0]
            },
            "1.25": {
              "lerp_mode": "catmullrom",
              "post": [60, 0, 0]
            },
            "1.5": {
              "lerp_mode": "catmullrom",
              "post": [15, 0, 0]
            },
            "1.75": {
              "lerp_mode": "catmullrom",
              "post": [0, 0, 0]
            }
          }
        },
        "left_front_leg": {
          "position": {
            "0.0": {
              "lerp_mode": "catmullrom",
              "post": [0, -0.3, 1]
            },
            "0.25": {
              "lerp_mode": "catmullrom",
              "post": [0, -1.55, 3]
            },
            "0.5": {
              "lerp_mode": "catmullrom",
              "post": [0, -0.8, 2]
            },
            "0.75": {
              "lerp_mode": "catmullrom",
              "post": [0, -0.2, 2]
            },
            "1.0": {
              "lerp_mode": "catmullrom",
              "post": [0, -0.3, 1]
            },
            "1.25": {
              "lerp_mode": "catmullrom",
              "post": [0, -1.55, 3]
            },
            "1.5": {
              "lerp_mode": "catmullrom",
              "post": [0, -0.8, 2]
            },
            "1.75": {
              "lerp_mode": "catmullrom",
              "post": [0, -0.2, 2]
            },
            "2.0": {
              "lerp_mode": "catmullrom",
              "post": [0, -0.3, 1]
            }
          },
          "rotation": {
            "0.0": {
              "lerp_mode": "catmullrom",
              "post": [10, 0, 0]
            },
            "0.25": {
              "lerp_mode": "catmullrom",
              "post": [-30, 0, 0]
            },
            "0.5": {
              "lerp_mode": "catmullrom",
              "post": [-20, 0, 0]
            },
            "0.75": {
              "lerp_mode": "catmullrom",
              "post": [2.5, 0, 0]
            },
            "1.0": {
              "lerp_mode": "catmullrom",
              "post": [10, 0, 0]
            },
            "1.25": {
              "lerp_mode": "catmullrom",
              "post": [-30, 0, 0]
            },
            "1.5": {
              "lerp_mode": "catmullrom",
              "post": [-20, 0, 0]
            },
            "1.75": {
              "lerp_mode": "catmullrom",
              "post": [2.5, 0, 0]
            },
            "2.0": {
              "lerp_mode": "catmullrom",
              "post": [10, 0, 0]
            }
          }
        },
        "left_middle_hair": {
          "position": [-0.08716, 0.91794, 0.93526],
          "rotation": [-3.54002, 28.96671, 45.10922]
        },
        "left_middle_hair_2": {
          "position": [-0.5926, 0.13722, 0],
          "rotation": [0, "math.sin(q.anim_time*90*2)*2", "22.5-math.sin(q.anim_time*90*2)*1.5"]
        },
        "left_middle_hair_3": {
          "position": [-0.5926, 0.13722, 0],
          "rotation": [0, "math.sin(q.anim_time*90*2+30)*2", "22.5-math.sin(q.anim_time*90*2-30)*1.5"]
        },
        "left_middle_hair_4": {
          "position": [-0.5926, -0.13722, 0],
          "rotation": [0, "math.sin(q.anim_time*90*2+60)*2", "-22.5-math.sin(q.anim_time*90*2-60)*1.5"]
        },
        "left_middle_hair_5": {
          "rotation": [0, "math.sin(q.anim_time*90*2+90)*2", 0]
        },
        "left_middle_hair_6": {
          "rotation": [0, "math.sin(q.anim_time*90*2-30)*5", 0]
        },
        "left_middle_hair_7": {
          "position": [-0.40782, 0.06069, 0],
          "rotation": [0, "math.sin(q.anim_time*90*2-60)*6", 22.5]
        },
        "left_middle_hair_8": {
          "rotation": [0, "math.sin(q.anim_time*90*2-90)*7", 0]
        },
        "leg_left": {
          "rotation": [-42.50983, -1.70074, -91.23204],
          "scale": 1.2
        },
        "leg_left_2": {
          "position": [0.14525, 0.13168, 0.05146],
          "rotation": ["27.60344-math.sin(q.anim_time*90*2)*2", -19.08935, 99.41907]
        },
        "leg_right": {
          "rotation": [-42.50983, 1.70074, 91.23204],
          "scale": 1.2
        },
        "leg_right_2": {
          "position": [-0.14525, 0.13168, 0.05146],
          "rotation": ["27.60344-math.sin(q.anim_time*90*2)*2", 19.08935, -99.41907]
        },
        "neck": {
          "position": [0, -1, 0],
          "rotation": ["10+math.sin(q.anim_time*90*4)*2", 0, 0]
        },
        "reigns": {
          "position": [0, -3.12197, -2.13908],
          "rotation": [-10, 0, 0]
        },
        "right_back_foot": {
          "position": {
            "0.0": {
              "lerp_mode": "catmullrom",
              "post": [0, 0, 0]
            },
            "0.2083": {
              "lerp_mode": "catmullrom",
              "post": [0, 0.92388, 0.38268]
            },
            "0.4583": {
              "lerp_mode": "catmullrom",
              "post": [0, 0.92388, 0.38268]
            },
            "0.7083": {
              "lerp_mode": "catmullrom",
              "post": [0, 0.92388, -0.38268]
            },
            "0.9583": {
              "lerp_mode": "catmullrom",
              "post": [0, 0, 0]
            },
            "1.25": {
              "lerp_mode": "catmullrom",
              "post": [0, 0.92388, 0.38268]
            },
            "1.5": {
              "lerp_mode": "catmullrom",
              "post": [0, 0.92388, 0.38268]
            },
            "1.75": {
              "lerp_mode": "catmullrom",
              "post": [0, 0.92388, -0.38268]
            },
            "2.0": {
              "lerp_mode": "catmullrom",
              "post": [0, 0, 0]
            }
          },
          "rotation": {
            "0.0": {
              "lerp_mode": "catmullrom",
              "post": [0, 0, 0]
            },
            "0.2083": {
              "lerp_mode": "catmullrom",
              "post": [-17.5, 0, 0]
            },
            "0.4583": {
              "lerp_mode": "catmullrom",
              "post": [15, 0, 0]
            },
            "0.7083": {
              "lerp_mode": "catmullrom",
              "post": [22.5, 0, 0]
            },
            "0.9583": {
              "lerp_mode": "catmullrom",
              "post": [0, 0, 0]
            },
            "1.25": {
              "lerp_mode": "catmullrom",
              "post": [-17.5, 0, 0]
            },
            "1.5": {
              "lerp_mode": "catmullrom",
              "post": [15, 0, 0]
            },
            "1.75": {
              "lerp_mode": "catmullrom",
              "post": [22.5, 0, 0]
            },
            "2.0": {
              "lerp_mode": "catmullrom",
              "post": [0, 0, 0]
            }
          }
        },
        "right_back_hair": {
          "position": [-0.26101, 1.02247, 1.5282],
          "rotation": [-20.0182, -53.20066, -71.19115]
        },
        "right_back_hair_2": {
          "position": [0.5926, -0.13722, 0],
          "rotation": [0, "-math.sin(q.anim_time*90*2)*2", "22.5+math.sin(q.anim_time*90*2)*1.5"]
        },
        "right_back_hair_3": {
          "position": [0.50021, 0.09895, 0],
          "rotation": [0, "-math.sin(q.anim_time*90*2+30)*2", "-22.5+math.sin(q.anim_time*90*2-30)*1.5"]
        },
        "right_back_hair_4": {
          "rotation": [0, "-math.sin(q.anim_time*90*2+60)*2", "0+math.sin(q.anim_time*90*2-60)*1.5"]
        },
        "right_back_hair_5": {
          "position": [0.92388, 0.38268, 0],
          "rotation": [0, "-(math.sin(q.anim_time*90*2+90)*2)", -22.5]
        },
        "right_back_hair_6": {
          "position": [0.92388, 0.38268, 0],
          "rotation": [0, "-(math.sin(q.anim_time*90*2-30)*5)", 22.5]
        },
        "right_back_hair_7": {
          "position": [0.40782, 0.06069, 0],
          "rotation": [0, "-(math.sin(q.anim_time*90*2-60)*6)", -22.5]
        },
        "right_back_hair_8": {
          "position": [0.36955, 0.15307, 0],
          "rotation": [0, "-(math.sin(q.anim_time*90*2-90)*7)", -22.5]
        },
        "right_back_knee": {
          "position": {
            "0.2083": {
              "lerp_mode": "catmullrom",
              "post": [0, 1.5, -3.5],
              "pre": [0, 1.5, -3.5]
            },
            "0.4583": {
              "lerp_mode": "catmullrom",
              "post": [0, 1.9217, -3.76865]
            },
            "0.7083": {
              "lerp_mode": "catmullrom",
              "post": [0, 1.5, -3.5]
            },
            "1.25": {
              "lerp_mode": "catmullrom",
              "post": [0, 1.5, -3.5]
            },
            "1.5": {
              "lerp_mode": "catmullrom",
              "post": [0, 1.9217, -3.76865]
            },
            "1.75": {
              "lerp_mode": "catmullrom",
              "post": [0, 1.5, -3.5]
            }
          },
          "rotation": {
            "0.2083": {
              "lerp_mode": "catmullrom",
              "post": [27.5, 0, 0],
              "pre": [27.5, 0, 0]
            },
            "0.4583": {
              "lerp_mode": "catmullrom",
              "post": [50, 0, 0]
            },
            "0.7083": {
              "lerp_mode": "catmullrom",
              "post": [27.5, 0, 0]
            },
            "1.25": {
              "lerp_mode": "catmullrom",
              "post": [27.5, 0, 0]
            },
            "1.5": {
              "lerp_mode": "catmullrom",
              "post": [50, 0, 0]
            },
            "1.75": {
              "lerp_mode": "catmullrom",
              "post": [27.5, 0, 0]
            }
          }
        },
        "right_back_knee_2": {
          "position": {
            "0.2083": {
              "lerp_mode": "catmullrom",
              "post": [0, -0.73024, 0.75475],
              "pre": [0, -0.73024, 0.75475]
            },
            "0.4583": {
              "lerp_mode": "catmullrom",
              "post": [0, 0.10343, 1.43219]
            },
            "0.7083": {
              "lerp_mode": "catmullrom",
              "post": [0, -0.73024, 0.95475]
            },
            "0.9583": {
              "lerp_mode": "catmullrom",
              "post": [0, -0.73024, 0.75475]
            },
            "1.25": {
              "lerp_mode": "catmullrom",
              "post": [0, -0.73024, 0.75475]
            },
            "1.5": {
              "lerp_mode": "catmullrom",
              "post": [0, 0.10343, 1.43219]
            },
            "1.75": {
              "lerp_mode": "catmullrom",
              "post": [0, -0.73024, 0.95475]
            },
            "2.0": {
              "lerp_mode": "catmullrom",
              "post": [0, -0.73024, 0.75475]
            }
          },
          "rotation": {
            "0.2083": {
              "lerp_mode": "catmullrom",
              "post": [-22.5, 0, 0],
              "pre": [-22.5, 0, 0]
            },
            "0.4583": {
              "lerp_mode": "catmullrom",
              "post": [-45, 0, 0]
            },
            "0.7083": {
              "lerp_mode": "catmullrom",
              "post": [-22.5, 0, 0]
            },
            "1.25": {
              "lerp_mode": "catmullrom",
              "post": [-22.5, 0, 0]
            },
            "1.5": {
              "lerp_mode": "catmullrom",
              "post": [-45, 0, 0]
            },
            "1.75": {
              "lerp_mode": "catmullrom",
              "post": [-22.5, 0, 0]
            }
          }
        },
        "right_back_leg": {
          "position": {
            "0.0": {
              "lerp_mode": "catmullrom",
              "post": [0, -2.2, 0]
            },
            "0.2083": {
              "lerp_mode": "catmullrom",
              "post": [0, -3.4, 0]
            },
            "0.4583": {
              "lerp_mode": "catmullrom",
              "post": [0, -3.4, 0]
            },
            "0.7083": {
              "lerp_mode": "catmullrom",
              "post": [0, -5.2, 0]
            },
            "0.9583": {
              "lerp_mode": "catmullrom",
              "post": [0, -2.2, 0]
            },
            "1.25": {
              "lerp_mode": "catmullrom",
              "post": [0, -3.4, 0]
            },
            "1.5": {
              "lerp_mode": "catmullrom",
              "post": [0, -3.4, 0]
            },
            "1.75": {
              "lerp_mode": "catmullrom",
              "post": [0, -5.2, 0]
            },
            "2.0": {
              "lerp_mode": "catmullrom",
              "post": [0, -2.2, 0]
            }
          },
          "rotation": {
            "0.0": {
              "lerp_mode": "catmullrom",
              "post": [-5, 0, 0]
            },
            "0.2083": {
              "lerp_mode": "catmullrom",
              "post": [12.5, 0, 0]
            },
            "0.4583": {
              "lerp_mode": "catmullrom",
              "post": [-32.5, 0, 0]
            },
            "0.7083": {
              "lerp_mode": "catmullrom",
              "post": [-27.5, 0, 0]
            },
            "0.9583": {
              "lerp_mode": "catmullrom",
              "post": [-5, 0, 0]
            },
            "1.25": {
              "lerp_mode": "catmullrom",
              "post": [12.5, 0, 0]
            },
            "1.5": {
              "lerp_mode": "catmullrom",
              "post": [-32.5, 0, 0]
            },
            "1.75": {
              "lerp_mode": "catmullrom",
              "post": [-27.5, 0, 0]
            },
            "2.0": {
              "lerp_mode": "catmullrom",
              "post": [-5, 0, 0]
            }
          }
        },
        "right_ear": {
          "rotation": ["math.sin(q.anim_time*90*4-30)*2", 0, 0]
        },
        "right_foot_wisp": {
          "rotation": ["math.sin(q.anim_time*90*4)*4", 0, 0]
        },
        "right_foot_wisp_1": {
          "position": [0, 0, -0.1],
          "rotation": ["-math.sin(q.anim_time*90*4-30)*6", 0, 0]
        },
        "right_foot_wisp_2": {
          "position": [0, 0, -0.1],
          "rotation": ["math.sin(q.anim_time*90*4-60)*8", 0, 0]
        },
        "right_foot_wisp_3": {
          "position": [0, 0, -0.1],
          "rotation": ["-math.sin(q.anim_time*90*4-90)*10", 0, 0]
        },
        "right_front_foot": {
          "rotation": {
            "0.0": {
              "lerp_mode": "catmullrom",
              "post": [-10, 0, 0]
            },
            "0.25": {
              "lerp_mode": "catmullrom",
              "post": [5, 0, 0]
            },
            "0.5": {
              "lerp_mode": "catmullrom",
              "post": [5, 0, 0]
            },
            "0.75": {
              "lerp_mode": "catmullrom",
              "post": [-2.5, 0, 0]
            },
            "1.0": {
              "lerp_mode": "catmullrom",
              "post": [-10, 0, 0]
            },
            "1.25": {
              "lerp_mode": "catmullrom",
              "post": [5, 0, 0]
            },
            "1.5": {
              "lerp_mode": "catmullrom",
              "post": [5, 0, 0]
            },
            "2.0": {
              "lerp_mode": "catmullrom",
              "post": [-10, 0, 0]
            }
          }
        },
        "right_front_hair": {
          "position": [1.12324, 0.50053, 0.69843],
          "rotation": [32.2, -10, -67.5]
        },
        "right_front_hair_2": {
          "position": [0.5926, -0.13722, 0],
          "rotation": [0, "-(math.sin(q.anim_time*90*2)*2)", "22.5+math.sin(q.anim_time*90*2)*1.5"]
        },
        "right_front_hair_3": {
          "position": [0.50021, 0.09895, 0],
          "rotation": [0, "-(math.sin(q.anim_time*90*2+30)*2)", "-22.5+math.sin(q.anim_time*90*2-30)*1.5"]
        },
        "right_front_hair_4": {
          "position": [0.5926, 0.13722, 0],
          "rotation": [0, "-(math.sin(q.anim_time*90*2+60)*2)", "-22.5+math.sin(q.anim_time*90*2-60)*1.5"]
        },
        "right_front_hair_5": {
          "position": [0.46194, -0.19134, 0],
          "rotation": [0, "-(math.sin(q.anim_time*90*2+90)*2)", 22.5]
        },
        "right_front_hair_6": {
          "position": [0.40782, 0.06069, 0],
          "rotation": [0, "-(math.sin(q.anim_time*90*2-30)*5)", -22.5]
        },
        "right_front_hair_7": {
          "position": [0.40782, -0.06069, 0],
          "rotation": [0, "-(math.sin(q.anim_time*90*2-60)*6)", 0]
        },
        "right_front_hair_8": {
          "position": [0.40782, -0.06069, 0],
          "rotation": [0, "-(math.sin(q.anim_time*90*2-90)*7)", -22.5]
        },
        "right_front_knee": {
          "position": {
            "0.0": {
              "lerp_mode": "catmullrom",
              "post": [0, 0.08712, -0.42478]
            },
            "0.25": {
              "lerp_mode": "catmullrom",
              "post": [0, 0, 0]
            },
            "0.5": {
              "lerp_mode": "catmullrom",
              "post": [0, 0, 0]
            },
            "0.75": {
              "lerp_mode": "catmullrom",
              "post": [0, 0.61606, 1.36184]
            },
            "1.0": {
              "lerp_mode": "catmullrom",
              "post": [0, 0.08712, -0.42478]
            },
            "1.25": {
              "lerp_mode": "catmullrom",
              "post": [0, 0, 0]
            },
            "1.5": {
              "lerp_mode": "catmullrom",
              "post": [0, 0, 0]
            },
            "1.75": {
              "lerp_mode": "catmullrom",
              "post": [0, 0.61606, 1.36184]
            },
            "2.0": {
              "lerp_mode": "catmullrom",
              "post": [0, 0.08712, -0.42478]
            }
          },
          "rotation": {
            "0.0": {
              "lerp_mode": "catmullrom",
              "post": [15, 0, 0]
            },
            "0.25": {
              "lerp_mode": "catmullrom",
              "post": [0, 0, 0]
            },
            "0.5": {
              "lerp_mode": "catmullrom",
              "post": [0, 0, 0]
            },
            "0.75": {
              "lerp_mode": "catmullrom",
              "post": [60, 0, 0]
            },
            "1.0": {
              "lerp_mode": "catmullrom",
              "post": [15, 0, 0]
            },
            "1.25": {
              "lerp_mode": "catmullrom",
              "post": [0, 0, 0]
            },
            "1.5": {
              "lerp_mode": "catmullrom",
              "post": [0, 0, 0]
            },
            "1.75": {
              "lerp_mode": "catmullrom",
              "post": [60, 0, 0]
            },
            "2.0": {
              "lerp_mode": "catmullrom",
              "post": [15, 0, 0]
            }
          }
        },
        "right_front_leg": {
          "position": {
            "0.0": {
              "lerp_mode": "catmullrom",
              "post": [0, -0.8, 2]
            },
            "0.25": {
              "lerp_mode": "catmullrom",
              "post": [0, -0.2, 2]
            },
            "0.5": {
              "lerp_mode": "catmullrom",
              "post": [0, -0.3, 1]
            },
            "0.75": {
              "lerp_mode": "catmullrom",
              "post": [0, -1.55, 3]
            },
            "1.0": {
              "lerp_mode": "catmullrom",
              "post": [0, -0.8, 2]
            },
            "1.25": {
              "lerp_mode": "catmullrom",
              "post": [0, -0.2, 2]
            },
            "1.5": {
              "lerp_mode": "catmullrom",
              "post": [0, -0.3, 1]
            },
            "1.75": {
              "lerp_mode": "catmullrom",
              "post": [0, -1.55, 3]
            },
            "2.0": {
              "lerp_mode": "catmullrom",
              "post": [0, -0.8, 2]
            }
          },
          "rotation": {
            "0.0": {
              "lerp_mode": "catmullrom",
              "post": [-20, 0, 0]
            },
            "0.25": {
              "lerp_mode": "catmullrom",
              "post": [2.5, 0, 0]
            },
            "0.5": {
              "lerp_mode": "catmullrom",
              "post": [10, 0, 0]
            },
            "0.75": {
              "lerp_mode": "catmullrom",
              "post": [-30, 0, 0]
            },
            "1.0": {
              "lerp_mode": "catmullrom",
              "post": [-20, 0, 0]
            },
            "1.25": {
              "lerp_mode": "catmullrom",
              "post": [2.5, 0, 0]
            },
            "1.5": {
              "lerp_mode": "catmullrom",
              "post": [10, 0, 0]
            },
            "1.75": {
              "lerp_mode": "catmullrom",
              "post": [-30, 0, 0]
            },
            "2.0": {
              "lerp_mode": "catmullrom",
              "post": [-20, 0, 0]
            }
          }
        },
        "right_middle_hair": {
          "position": [0.08716, 0.91794, 0.93526],
          "rotation": [-3.54002, -28.96671, -45.10922]
        },
        "right_middle_hair_2": {
          "position": [0.5926, 0.13722, 0],
          "rotation": [0, "-(math.sin(q.anim_time*90*2)*2)", "-22.5+math.sin(q.anim_time*90*2)*1.5"]
        },
        "right_middle_hair_3": {
          "position": [0.5926, 0.13722, 0],
          "rotation": [0, "-(math.sin(q.anim_time*90*2+30)*2)", "-22.5+math.sin(q.anim_time*90*2-30)*1.5"]
        },
        "right_middle_hair_4": {
          "position": [0.5926, -0.13722, 0],
          "rotation": [0, "-(math.sin(q.anim_time*90*2+60)*2)", "22.5+math.sin(q.anim_time*90*2-60)*1.5"]
        },
        "right_middle_hair_5": {
          "rotation": [0, "-(math.sin(q.anim_time*90*2+90)*2)", 0]
        },
        "right_middle_hair_6": {
          "rotation": [0, "-(math.sin(q.anim_time*90*2-30)*5)", 0]
        },
        "right_middle_hair_7": {
          "position": [0.5926, -0.13722, 0],
          "rotation": [0, "-(math.sin(q.anim_time*90*2-60)*6)", -22.5]
        },
        "right_middle_hair_8": {
          "rotation": [0, "-(math.sin(q.anim_time*90*2-90)*7)", 0]
        },
        "tail": {
          "position": [0, -1, 1],
          "rotation": ["12.5+math.sin(q.anim_time*90*4)*2", 0, 0]
        },
        "tail_2": {
          "position": [0, 0.1156, -1.11204],
          "rotation": ["-17.5+math.sin(q.anim_time*90*4-90)*2", "math.sin(q.anim_time*90*2)*2", 0]
        },
        "tail_3": {
          "position": [0, -0.34862, -3.98478],
          "rotation": ["-45+math.sin(q.anim_time*90*4-180)*2", "math.sin(q.anim_time*90*2)*2", 0]
        },
        "tail_4": {
          "position": [0, 0.30071, -0.95372],
          "rotation": ["22.5+math.sin(q.anim_time*90*4-270)*2", "math.sin(q.anim_time*90*2-40)*2", 0]
        },
        "tail_5": {
          "position": [0, 0.51953, -2.17488],
          "rotation": ["-17.5+math.sin(q.anim_time*90*4-360)*2", "math.sin(q.anim_time*90*2-80)*2", 0]
        },
        "torso": {
          "rotation": ["-math.sin(q.anim_time*90*4-50)*1", "-math.sin(q.anim_time*90*4+50)*1", "math.sin(q.anim_time*90*4+50)*-1"]
        },
        "wing": {
          "rotation": ["5-math.sin(q.anim_time*90*2)*8", 0, 0],
          "scale": 1
        }
      },
      "loop": true
    }
  },
  "format_version": "1.8.0"
}