{
  "format_version": "1.12.0",
  "minecraft:geometry": [
    {
      "bones": [
        {
          "name": "skuntank",
          "pivot": [0, 0, 0]
        }, {
          "cubes": [
            {
              "origin": [-4.5, 3.999, -0.5],
              "size": [9, 9, 10],
              "uv": [0, 0]
            }
          ],
          "name": "body",
          "parent": "skuntank",
          "pivot": [0, 0, 0]
        }, {
          "cubes": [
            {
              "origin": [-4, 4, -8],
              "size": [8, 8, 9],
              "uv": [-1, 19]
            }
          ],
          "name": "torso",
          "parent": "body",
          "pivot": [0, 8, 0]
        }, {
          "cubes": [
            {
              "origin": [-3, 4.5, -12],
              "size": [6, 5, 5],
              "uv": [18, 56]
            },
            {
              "origin": [-7, 5, -10],
              "pivot": [-3, 7.5, -10],
              "rotation": [0, 35, 0],
              "size": [4, 4, 0],
              "uv": [0, 5]
            },
            {
              "origin": [3, 5, -10],
              "pivot": [3, 7.5, -10],
              "rotation": [0, -35, 0],
              "size": [4, 4, 0],
              "uv": [0, 0]
            }
          ],
          "name": "head",
          "parent": "torso",
          "pivot": [0, 5.5, -8]
        }, {
          "cubes": [
            {
              "origin": [-3.5, 8.5, -10.5],
              "size": [2, 2, 1],
              "uv": [40, 15]
            },
            {
              "origin": [-3, 9, -10.51],
              "size": [1, 1, 0],
              "uv": [106, 2]
            }
          ],
          "name": "ear_r",
          "parent": "head",
          "pivot": [-3, 9.5, -10.5],
          "rotation": [-20, 35, -25]
        }, {
          "cubes": [
            {
              "origin": [1.5, 8.5, -10.5],
              "size": [2, 2, 1],
              "uv": [40, 10]
            },
            {
              "origin": [2, 9, -10.51],
              "size": [1, 1, 0],
              "uv": [106, 4]
            }
          ],
          "name": "ear_l",
          "parent": "head",
          "pivot": [3, 9.5, -10.5],
          "rotation": [-20, -35, 25]
        }, {
          "cubes": [
            {
              "origin": [-3, 5, -13],
              "pivot": [0, 8, -12],
              "rotation": [0, 0, 2.5],
              "size": [3, 3, 2],
              "uv": [74, 29]
            },
            {
              "origin": [0, 5, -13],
              "pivot": [0, 8, -12],
              "rotation": [0, 0, -2.5],
              "size": [3, 3, 2],
              "uv": [0, 74]
            }, {
              "origin": [-0.5, 6.25, -13],
              "pivot": [0, 8, -12],
              "rotation": [-10, 0, 0],
              "size": [1, 2, 1],
              "uv": [0, 20]
            }, {
              "origin": [0.25, 4, -12.5],
              "pivot": [0, 8, -13],
              "rotation": [0, 0, 47.5],
              "size": [1, 1, 0],
              "uv": [3, 26]
            }, {
              "origin": [-1.25, 4, -12.5],
              "pivot": [0, 8, -13],
              "rotation": [0, 0, -47.5],
              "size": [1, 1, 0],
              "uv": [0, 26]
            }
          ],
          "name": "snout",
          "parent": "head",
          "pivot": [0, -1.5, 1]
        }, {
          "cubes": [
            {
              "origin": [-1, 4.5, -11.97],
              "size": [2, 1, 0],
              "uv": [1, 91]
            }
          ],
          "name": "mouth",
          "parent": "snout",
          "pivot": [0, 5, -11.97]
        }, {
          "cubes": [
            {
              "origin": [-2.75, 6.75, -12.01],
              "size": [1, 2, 0],
              "uv": [3, 40]
            },
            {
              "origin": [-2.5, 7.5, -12.02],
              "size": [2, 1, 0],
              "uv": [25, 20]
            }
          ],
          "name": "eye_r",
          "parent": "head",
          "pivot": [0, 8.5, -12],
          "rotation": [0, 0, 10]
        }, {
          "cubes": [
            {
              "origin": [-1.75, 8, -12.03],
              "size": [0.5, 0.5, 0],
              "uv": [127, 1]
            }
          ],
          "name": "pupil_r",
          "parent": "eye_r",
          "pivot": [-0.25, 8.5, -12]
        }, {
          "cubes": [
            {
              "origin": [1.75, 6.75, -12.01],
              "size": [1, 2, 0],
              "uv": [0, 40]
            },
            {
              "origin": [0.5, 7.5, -12.02],
              "size": [2, 1, 0],
              "uv": [0, 24]
            }
          ],
          "name": "eye_l",
          "parent": "head",
          "pivot": [0, 8.5, -12],
          "rotation": [0, 0, -10]
        }, {
          "cubes": [
            {
              "origin": [1.25, 8, -12.03],
              "size": [0.5, 0.5, 0],
              "uv": [127, 1]
            }
          ],
          "name": "pupil_l",
          "parent": "eye_l",
          "pivot": [0.25, 8.5, -12]
        }, {
          "cubes": [
            {
              "origin": [-5.501, 4.5, -6],
              "size": [3, 5, 3],
              "uv": [68, 67]
            }
          ],
          "name": "shoulder_r",
          "parent": "torso",
          "pivot": [-4, 9.5, -5]
        }, {
          "cubes": [
            {
              "origin": [-5.5, 0.5, -6],
              "size": [3, 4, 3],
              "uv": [27, 73]
            }
          ],
          "name": "forearm_r",
          "parent": "shoulder_r",
          "pivot": [-4, 4.5, -3],
          "rotation": [-7.5, 0, 0]
        }, {
          "cubes": [
            {
              "inflate": 0.001,
              "origin": [-5.5, 0, -7],
              "size": [3, 1, 4],
              "uv": [71, 44]
            },
            {
              "origin": [-3, 0, -8],
              "size": [0, 1, 1],
              "uv": [3, 37]
            },
            {
              "origin": [-5, 0, -8],
              "size": [0, 1, 1],
              "uv": [0, 37]
            },
            {
              "origin": [-4, 0, -8],
              "size": [0, 1, 1],
              "uv": [36, 27]
            }
          ],
          "name": "hand_r",
          "parent": "forearm_r",
          "pivot": [-4, 1, -3],
          "rotation": [7.5, 0, 0]
        }, {
          "cubes": [
            {
              "origin": [2.501, 4.5, -6],
              "size": [3, 5, 3],
              "uv": [49, 11]
            }
          ],
          "name": "shoulder_l",
          "parent": "torso",
          "pivot": [4, 9.5, -5]
        }, {
          "cubes": [
            {
              "origin": [2.5, 0.5, -6],
              "size": [3, 4, 3],
              "uv": [72, 0]
            }
          ],
          "name": "forearm_l",
          "parent": "shoulder_l",
          "pivot": [4, 4.5, -3],
          "rotation": [-7.5, 0, 0]
        }, {
          "cubes": [
            {
              "inflate": 0.001,
              "origin": [2.5, 0, -7],
              "size": [3, 1, 4],
              "uv": [69, 36]
            },
            {
              "origin": [5, 0, -8],
              "size": [0, 1, 1],
              "uv": [28, 25]
            },
            {
              "origin": [3, 0, -8],
              "size": [0, 1, 1],
              "uv": [28, 22]
            },
            {
              "origin": [4, 0, -8],
              "size": [0, 1, 1],
              "uv": [25, 25]
            }
          ],
          "name": "hand_l",
          "parent": "forearm_l",
          "pivot": [4, 1, -3],
          "rotation": [7.5, 0, 0]
        }, {
          "cubes": [
            {
              "origin": [-3, 4, 9],
              "size": [6, 5, 5],
              "uv": [51, 37]
            },
            {
              "origin": [0, 4, 9],
              "pivot": [0, 4, 9],
              "rotation": [-42.5, 0, 0],
              "size": [0, 5, 9],
              "uv": [41, 46]
            }
          ],
          "name": "tail",
          "parent": "body",
          "pivot": [0, 4, 9],
          "rotation": [45, 0, 0]
        }, {
          "cubes": [
            {
              "inflate": 0.001,
              "origin": [-3, 4, 14],
              "size": [6, 5, 5],
              "uv": [0, 50]
            },
            {
              "origin": [0, 4, 14],
              "pivot": [0, 4, 14],
              "rotation": [-42.5, 0, 0],
              "size": [0, 5, 7],
              "uv": [0, 61]
            }
          ],
          "name": "tail2",
          "parent": "tail",
          "pivot": [0, 4, 14],
          "rotation": [40, 0, 0]
        }, {
          "cubes": [
            {
              "origin": [-3, 4, 19],
              "size": [6, 5, 5],
              "uv": [49, 0]
            },
            {
              "origin": [0, 4, 19],
              "pivot": [0, 4, 19],
              "rotation": [-45, 0, 0],
              "size": [0, 4, 8],
              "uv": [62, 10]
            }
          ],
          "name": "tail3",
          "parent": "tail2",
          "pivot": [0, 4, 19],
          "rotation": [45, 0, 0]
        }, {
          "cubes": [
            {
              "inflate": 0.002,
              "origin": [-3, 4, 24],
              "size": [6, 6, 6],
              "uv": [25, 42]
            },
            {
              "origin": [0, 4, 24],
              "pivot": [0, 4, 24],
              "rotation": [-20, 0, 0],
              "size": [0, 4, 14],
              "uv": [34, 6]
            }
          ],
          "name": "tail4",
          "parent": "tail3",
          "pivot": [0, 4, 24],
          "rotation": [32.5, 0, 0]
        }, {
          "cubes": [
            {
              "inflate": 0.001,
              "origin": [-3, 4, 30],
              "size": [6, 6, 6],
              "uv": [0, 37]
            }
          ],
          "name": "tail5",
          "parent": "tail4",
          "pivot": [0, 4, 30],
          "rotation": [20, 0, 0]
        }, {
          "cubes": [
            {
              "origin": [-3, 4, 36],
              "size": [6, 6, 5],
              "uv": [34, 25]
            },
            {
              "origin": [-0.001, 3, 32],
              "pivot": [0, 4, 34],
              "rotation": [-15, 0, 0],
              "size": [0, 4, 14],
              "uv": [19, 23]
            }
          ],
          "name": "tail9",
          "parent": "tail5",
          "pivot": [0, 4, 36],
          "rotation": [5, 0, 0]
        }, {
          "cubes": [
            {
              "origin": [-2.5, 5, 41],
              "size": [5, 5, 5],
              "uv": [55, 56]
            }
          ],
          "name": "tail6",
          "parent": "tail9",
          "pivot": [0, 5, 41],
          "rotation": [20, 0, 0]
        }, {
          "name": "head_fixer",
          "parent": "tail6",
          "pivot": [0, 9, 46],
          "rotation": [180, 0, 0]
        }, {
          "cubes": [
            {
              "origin": [-2, 4, 46],
              "size": [4, 4, 4],
              "uv": [29, 0]
            }
          ],
          "name": "tail7",
          "parent": "head_fixer",
          "pivot": [0, 8, 46],
          "rotation": [162.5, 0, 0]
        }, {
          "cubes": [
            {
              "origin": [-1.5, 5, 49],
              "size": [3, 3, 4],
              "uv": [60, 48]
            },
            {
              "origin": [0, 6, 53],
              "pivot": [0, 8, 53],
              "rotation": [-12.5, 0, 0],
              "size": [0, 2, 3],
              "uv": [4, 83]
            }
          ],
          "name": "tail8",
          "parent": "tail7",
          "pivot": [0, 8, 50],
          "rotation": [-15, 0, 0]
        }, {
          "cubes": [
            {
              "origin": [-5.5, 6, 3.5],
              "size": [3, 5, 5],
              "uv": [36, 62]
            }
          ],
          "name": "thigh_r",
          "parent": "body",
          "pivot": [-3.5, 11, 6]
        }, {
          "cubes": [
            {
              "origin": [-5.49, 2, 3.5],
              "size": [3, 4, 4],
              "uv": [53, 67]
            }
          ],
          "name": "knee_r",
          "parent": "thigh_r",
          "pivot": [-2.5, 6, 3.5],
          "rotation": [30, 0, 0]
        }, {
          "cubes": [
            {
              "origin": [-5.48, -2, 4.5],
              "size": [3, 4, 3],
              "uv": [40, 73]
            }
          ],
          "name": "calf_r",
          "parent": "knee_r",
          "pivot": [-3, 2, 7.5],
          "rotation": [-35, 0, 0]
        }, {
          "cubes": [
            {
              "inflate": 0.001,
              "origin": [-5.5, -2.5, 3.5],
              "size": [3, 1, 4],
              "uv": [71, 52]
            },
            {
              "origin": [-4, -2.5, 2.5],
              "size": [0, 1, 1],
              "uv": [29, 0]
            },
            {
              "origin": [-5, -2.5, 2.5],
              "size": [0, 1, 1],
              "uv": [30, 20]
            },
            {
              "origin": [-3, -2.5, 2.5],
              "size": [0, 1, 1],
              "uv": [34, 25]
            }
          ],
          "name": "foot_r",
          "parent": "calf_r",
          "pivot": [-4, -1.5, 7.5],
          "rotation": [5, 0, 0]
        }, {
          "cubes": [
            {
              "origin": [2.5, 6, 3.5],
              "size": [3, 5, 5],
              "uv": [57, 25]
            }
          ],
          "name": "thigh_l",
          "parent": "body",
          "pivot": [3.5, 11, 6]
        }, {
          "cubes": [
            {
              "origin": [2.49, 2, 3.5],
              "size": [3, 4, 4],
              "uv": [15, 67]
            }
          ],
          "name": "knee_l",
          "parent": "thigh_l",
          "pivot": [5.5, 6, 3.5],
          "rotation": [30, 0, 0]
        }, {
          "cubes": [
            {
              "origin": [2.48, -2, 4.5],
              "size": [3, 4, 3],
              "uv": [71, 8]
            }
          ],
          "name": "calf_l",
          "parent": "knee_l",
          "pivot": [5, 2, 7.5],
          "rotation": [-35, 0, 0]
        }, {
          "cubes": [
            {
              "inflate": 0.001,
              "origin": [2.5, -2.5, 3.5],
              "size": [3, 1, 4],
              "uv": [69, 23]
            },
            {
              "origin": [4, -2.5, 2.5],
              "size": [0, 1, 1],
              "uv": [25, 22]
            },
            {
              "origin": [3, -2.5, 2.5],
              "size": [0, 1, 1],
              "uv": [5, 23]
            },
            {
              "origin": [5, -2.5, 2.5],
              "size": [0, 1, 1],
              "uv": [5, 20]
            }
          ],
          "name": "foot_l",
          "parent": "calf_l",
          "pivot": [4, -1.5, 7.5],
          "rotation": [5, 0, 0]
        }
      ],
      "description": {
        "identifier": "geometry.skuntank",
        "texture_height": 128,
        "texture_width": 128,
        "visible_bounds_height": 3.5,
        "visible_bounds_offset": [0, 1.25, 0],
        "visible_bounds_width": 4
      }
    }
  ]
}