{
  "format_version": "1.12.0",
  "minecraft:geometry": [
    {
      "bones": [
        {
          "name": "darmanitan",
          "pivot": [0, 0, 0]
        },
        {
          "locators": {
            "root": [0, 0, 0]
          },
          "name": "locator_root",
          "parent": "darmanitan",
          "pivot": [0, 0, 0]
        },
        {
          "locators": {
            "top": [0, 31, 0]
          },
          "name": "locator_top",
          "parent": "darmanitan",
          "pivot": [0, 31, 0]
        },
        {
          "name": "body",
          "parent": "darmanitan",
          "pivot": [0, 1, 0]
        },
        {
          "locators": {
            "target": [0, 19, -13.5]
          },
          "name": "locator_target",
          "parent": "body",
          "pivot": [0, 19, -13.5]
        },
        {
          "locators": {
            "middle": [0, 17, 0]
          },
          "name": "locator_middle",
          "parent": "body",
          "pivot": [0, 17, 0]
        }, {
          "cubes": [
            {
              "origin": [-8.5, 6.81134, -2.92255],
              "pivot": [1, 13.06134, 6.82745],
              "rotation": [-62.5, 0, 0],
              "size": [17, 12, 15],
              "uv": [1, 39]
            }
          ],
          "name": "torso",
          "parent": "body",
          "pivot": [0, 12, 6]
        }, {
          "locators": {
            "seat_1": [0, 21.08052, 13.027]
          },
          "name": "locator_seat_1",
          "parent": "torso",
          "pivot": [0, 21.08052, 13.027],
          "rotation": [2.5, 0, 0]
        }, {
          "cubes": [
            {
              "origin": [-10, 7, -12],
              "pivot": [0, 18, 0],
              "rotation": [-12.5, 0, 0],
              "size": [20, 20, 18],
              "uv": [0, 0]
            },
            {
              "inflate": 0.01,
              "origin": [-1.75, 9.12582, -14.21491],
              "pivot": [0, 9.12582, -11.21491],
              "rotation": [-90, 77.5, -90],
              "size": [3, 0, 6],
              "uv": [30, 96]
            }, {
              "inflate": 0.01,
              "mirror": true,
              "origin": [-1.25, 12.27582, -16.56491],
              "pivot": [0, 12.27582, -13.56491],
              "rotation": [-90, 12.5, 90],
              "size": [3, 0, 6],
              "uv": [36, 98]
            }
          ],
          "name": "upper_torso",
          "parent": "torso",
          "pivot": [0, 24, 7.5]
        }, {
          "name": "torso_rotation",
          "parent": "upper_torso",
          "pivot": [0, 18, 0],
          "rotation": [-12.5, 0, 0]
        }, {
          "locators": {
            "face": [0, 21, -12],
            "item_face": [0, 21, -12]
          },
          "name": "locator_face",
          "parent": "torso_rotation",
          "pivot": [0, 21, -12]
        }, {
          "locators": {
            "mouth": [0, 11, -12],
            "special": [0, 11, -12]
          },
          "name": "locator_mouth",
          "parent": "torso_rotation",
          "pivot": [0, 11, -12]
        }, {
          "locators": {
            "head": [0, 27, -5]
          },
          "name": "locator_head",
          "parent": "torso_rotation",
          "pivot": [0, 27, -5]
        },
        {
          "locators": {
            "item_hat": [0, 31.375, -3]
          },
          "name": "item_hat",
          "parent": "torso_rotation",
          "pivot": [0, 27, -5]
        },
        {
          "name": "eyes",
          "parent": "torso_rotation",
          "pivot": [0, 16.5, 0]
        }, {
          "cubes": [
            {
              "inflate": 0.01,
              "origin": [3, 19, -12.01],
              "size": [4, 4, 0],
              "uv": [58, 4]
            },
            {
              "inflate": 0.01,
              "origin": [2.5, 18.5, -12],
              "size": [5, 5, 0],
              "uv": [91, 72]
            }
          ],
          "name": "left_eye",
          "parent": "eyes",
          "pivot": [0.5, -1.5, 0.25]
        }, {
          "cubes": [
            {
              "inflate": 0.01,
              "origin": [4, 20, -12.02],
              "size": [2, 2, 0],
              "uv": [0, 2]
            }
          ],
          "name": "left_pupil",
          "parent": "left_eye",
          "pivot": [5, 21, -12.02]
        },
        {
          "locators": {
            "eye2": [5, 21, -12]
          },
          "name": "locator_eye_left",
          "parent": "left_pupil",
          "pivot": [5, 21, -12]
        }, {
          "cubes": [
            {
              "inflate": 0.01,
              "origin": [4, 21.5, -11.92],
              "size": [2, 1, 0],
              "uv": [109, 0]
            },
            {
              "inflate": 0.01,
              "origin": [3, 22, -11.92],
              "size": [1, 1, 0],
              "uv": [111, 5]
            },
            {
              "inflate": 0.01,
              "origin": [6, 21, -11.92],
              "size": [1, 1, 0],
              "uv": [111, 2]
            },
            {
              "inflate": 0.01,
              "origin": [6, 21.5, -11.93],
              "size": [1, 2, 0],
              "uv": [115, 0]
            },
            {
              "inflate": 0.01,
              "origin": [6.5, 21.5, -11.92],
              "size": [1, 2, 0],
              "uv": [115, 2]
            },
            {
              "inflate": 0.01,
              "origin": [4, 22, -11.93],
              "size": [2, 2, 0],
              "uv": [117, 0]
            },
            {
              "inflate": 0.01,
              "origin": [2, 22.5, -11.93],
              "size": [2, 1, 0],
              "uv": [111, 4]
            }
          ],
          "name": "left_eyelid_sad",
          "parent": "left_eye",
          "pivot": [5, 23, -11.92]
        }, {
          "cubes": [
            {
              "inflate": 0.02,
              "origin": [3.5, 20.5, -11.91],
              "size": [3, 1, 0],
              "uv": [0, 76]
            }
          ],
          "name": "left_eye_closed",
          "parent": "left_eye",
          "pivot": [0.5, -1.5, 0.35]
        }, {
          "cubes": [
            {
              "inflate": 0.02,
              "origin": [3.5, 20, -11.91],
              "size": [3, 2, 0],
              "uv": [38, 109]
            }
          ],
          "name": "left_eye_happy",
          "parent": "left_eye",
          "pivot": [0.5, -2, -0.65]
        }, {
          "cubes": [
            {
              "inflate": 0.02,
              "origin": [3.5, 19.5, -11.91],
              "size": [3, 3, 0],
              "uv": [38, 105]
            }
          ],
          "name": "left_eye_closed_pain",
          "parent": "left_eye",
          "pivot": [0.5, -1.5, 0.35]
        }, {
          "cubes": [
            {
              "inflate": 0.01,
              "origin": [-7, 19, -12.01],
              "size": [4, 4, 0],
              "uv": [58, 0]
            },
            {
              "inflate": 0.01,
              "origin": [-7.5, 18.5, -12],
              "size": [5, 5, 0],
              "uv": [97, 29]
            }
          ],
          "name": "right_eye",
          "parent": "eyes",
          "pivot": [-0.5, -1.5, 0.25]
        }, {
          "cubes": [
            {
              "inflate": 0.01,
              "mirror": true,
              "origin": [-6, 20, -12.02],
              "size": [2, 2, 0],
              "uv": [0, 0]
            }
          ],
          "name": "right_pupil",
          "parent": "right_eye",
          "pivot": [-5, 21, -12.02]
        }, {
          "locators": {
            "eye1": [-5, 21, -12]
          },
          "name": "locator_eye_right",
          "parent": "right_pupil",
          "pivot": [-5, 21, -12]
        }, {
          "cubes": [
            {
              "inflate": 0.01,
              "mirror": true,
              "origin": [-6, 21.5, -11.92],
              "size": [2, 1, 0],
              "uv": [109, 0]
            },
            {
              "inflate": 0.01,
              "mirror": true,
              "origin": [-4, 22, -11.92],
              "size": [1, 1, 0],
              "uv": [111, 5]
            },
            {
              "inflate": 0.01,
              "mirror": true,
              "origin": [-7, 21, -11.92],
              "size": [1, 1, 0],
              "uv": [111, 2]
            },
            {
              "inflate": 0.01,
              "mirror": true,
              "origin": [-7, 21.5, -11.93],
              "size": [1, 2, 0],
              "uv": [115, 0]
            },
            {
              "inflate": 0.01,
              "mirror": true,
              "origin": [-7.5, 21.5, -11.92],
              "size": [1, 2, 0],
              "uv": [115, 2]
            },
            {
              "inflate": 0.01,
              "mirror": true,
              "origin": [-6, 22, -11.93],
              "size": [2, 2, 0],
              "uv": [117, 0]
            },
            {
              "inflate": 0.01,
              "mirror": true,
              "origin": [-4, 22.5, -11.93],
              "size": [2, 1, 0],
              "uv": [111, 4]
            }
          ],
          "name": "right_eyelid_sad",
          "parent": "right_eye",
          "pivot": [-5, 23, -11.92]
        }, {
          "cubes": [
            {
              "inflate": 0.02,
              "mirror": true,
              "origin": [-6.5, 20.5, -11.91],
              "size": [3, 1, 0],
              "uv": [0, 77]
            }
          ],
          "name": "right_eye_closed",
          "parent": "right_eye",
          "pivot": [-0.5, -1.5, 0.35]
        }, {
          "cubes": [
            {
              "inflate": 0.02,
              "mirror": true,
              "origin": [-6.5, 20, -11.91],
              "size": [3, 2, 0],
              "uv": [38, 109]
            }
          ],
          "name": "right_eye_happy",
          "parent": "right_eye",
          "pivot": [-0.5, -2, -0.65]
        }, {
          "cubes": [
            {
              "inflate": 0.02,
              "mirror": true,
              "origin": [-6.5, 19.5, -11.91],
              "size": [3, 3, 0],
              "uv": [38, 105]
            }
          ],
          "name": "right_eye_closed_pain",
          "parent": "right_eye",
          "pivot": [-0.5, -1.5, 0.35]
        }, {
          "name": "mouths",
          "parent": "torso_rotation",
          "pivot": [0, 13, -12]
        }, {
          "cubes": [
            {
              "origin": [-10, 8, -11.91],
              "size": [20, 9, 0],
              "uv": [0, 67]
            }
          ],
          "name": "mouth_open",
          "parent": "mouths",
          "pivot": [0, 16.75, 0.1]
        }, {
          "cubes": [
            {
              "origin": [-9, 11, -12.11],
              "size": [18, 8, 0],
              "uv": [0, 102]
            }
          ],
          "name": "mouth_closed",
          "parent": "mouths",
          "pivot": [0, 16.75, 0.1]
        }, {
          "cubes": [
            {
              "origin": [-9, 9, -11.91],
              "size": [18, 8, 0],
              "uv": [0, 111]
            }
          ],
          "name": "mouth_grimace",
          "parent": "mouths",
          "pivot": [0, 16.75, 0.2]
        }, {
          "cubes": [
            {
              "origin": [-9, 8, -11.91],
              "size": [18, 9, 0],
              "uv": [49, 101]
            }
          ],
          "name": "mouth_open_grimace",
          "parent": "mouths",
          "pivot": [0, 16.75, 0.2]
        }, {
          "cubes": [
            {
              "inflate": 0.01,
              "origin": [-1.5, 19, -12],
              "size": [3, 1, 0],
              "uv": [12, 3]
            }
          ],
          "name": "nostrils",
          "parent": "torso_rotation",
          "pivot": [0, 18.6, -12]
        }, {
          "cubes": [
            {
              "origin": [-10.5, 24.01114, -11.36202],
              "size": [21, 21, 21],
              "uv": [0, 212]
            },
            {
              "inflate": 0.25,
              "origin": [-10.5, 24.01114, -11.36202],
              "size": [21, 21, 21],
              "uv": [88, 213]
            },
            {
              "origin": [-10, 22.01114, -10.66202],
              "size": [20, 2, 0],
              "uv": [22, 209]
            }
          ],
          "name": "bone",
          "parent": "upper_torso",
          "pivot": [0, 24.82003, -2.83005],
          "rotation": [-12.5, 0, 0]
        }, {
          "cubes": [
            {
              "origin": [-3, 10.10914, 11.04884],
              "size": [6, 5, 6],
              "uv": [50, 70]
            }
          ],
          "name": "tail",
          "parent": "torso",
          "pivot": [0, 10.75, 11.75],
          "rotation": [10, 0, 0]
        }, {
          "locators": {
            "tail": [0, 13.5, 14.5]
          },
          "name": "locator_tail",
          "parent": "tail",
          "pivot": [0, 13.5, 14.5],
          "rotation": [-180, 0, 180]
        }, {
          "locators": {
            "tail_tip": [0, 14, 17]
          },
          "name": "locator_tail_tip",
          "parent": "tail",
          "pivot": [0, 14, 17],
          "rotation": [-180, 0, 180]
        }, {
          "cubes": [
            {
              "origin": [5.5, 4, 3.5],
              "size": [5, 7, 5],
              "uv": [85, 48]
            }
          ],
          "name": "left_upper_leg",
          "parent": "body",
          "pivot": [8.5, 9, 6],
          "rotation": [-35, 0, 0]
        }, {
          "cubes": [
            {
              "inflate": 0.01,
              "origin": [6, -2, 3.5],
              "size": [4, 6, 4],
              "uv": [0, 38]
            }
          ],
          "name": "left_lower_leg",
          "parent": "left_upper_leg",
          "pivot": [8, 4, 3.5],
          "rotation": [50, 0, 0]
        }, {
          "cubes": [
            {
              "inflate": 0.01,
              "origin": [5, -3, 3],
              "size": [6, 2, 5],
              "uv": [74, 74]
            },
            {
              "inflate": 0.02,
              "origin": [5.5, -1, 2.95],
              "size": [5, 0, 5],
              "uv": [71, 29]
            }
          ],
          "name": "left_foot",
          "parent": "left_lower_leg",
          "pivot": [7.5, -1, 5.5],
          "rotation": [-15, 0, 0]
        }, {
          "locators": {
            "foot_secondary": [8, -2, 4.25]
          },
          "name": "locator_foot_secondary",
          "parent": "left_foot",
          "pivot": [8, -2, 4.25],
          "rotation": [90, 0, 0]
        }, {
          "cubes": [
            {
              "origin": [5, -3, 1.25],
              "size": [6, 2, 2],
              "uv": [20, 78]
            }
          ],
          "name": "left_toes",
          "parent": "left_foot",
          "pivot": [7.5, -2, 3]
        }, {
          "cubes": [
            {
              "origin": [4.38302, -3, 3.32139],
              "size": [2, 2, 4],
              "uv": [90, 0]
            }
          ],
          "name": "left_inner_toe",
          "parent": "left_foot",
          "pivot": [5, -2, 5.5],
          "rotation": [0, 40, 0]
        }, {
          "cubes": [
            {
              "origin": [-10.5, 4, 3.5],
              "size": [5, 7, 5],
              "uv": [82, 29]
            }
          ],
          "name": "right_upper_leg",
          "parent": "body",
          "pivot": [-8.5, 9, 6],
          "rotation": [-35, 0, 0]
        }, {
          "cubes": [
            {
              "inflate": 0.01,
              "origin": [-10, -2, 3.5],
              "size": [4, 6, 4],
              "uv": [0, 0]
            }
          ],
          "name": "right_lower_leg",
          "parent": "right_upper_leg",
          "pivot": [-8, 4, 3.5],
          "rotation": [50, 0, 0]
        }, {
          "cubes": [
            {
              "inflate": 0.01,
              "origin": [-11, -3, 3],
              "size": [6, 2, 5],
              "uv": [0, 89]
            },
            {
              "inflate": 0.02,
              "origin": [-10.5, -1, 2.95],
              "size": [5, 0, 5],
              "uv": [0, 48]
            }
          ],
          "name": "right_foot",
          "parent": "right_lower_leg",
          "pivot": [-7.5, -1, 5.5],
          "rotation": [-15, 0, 0]
        }, {
          "locators": {
            "foot_primary": [-8, -2, 4.25]
          },
          "name": "locator_foot_primary",
          "parent": "right_foot",
          "pivot": [-8, -2, 4.25],
          "rotation": [90, 0, 0]
        }, {
          "cubes": [
            {
              "origin": [-11, -3, 1.25],
              "size": [6, 2, 2],
              "uv": [40, 66]
            }
          ],
          "name": "right_toes",
          "parent": "right_foot",
          "pivot": [-7.5, -2, 3]
        }, {
          "cubes": [
            {
              "origin": [-6.38302, -3, 3.32139],
              "size": [2, 2, 4],
              "uv": [44, 88]
            }
          ],
          "name": "right_inner_toe",
          "parent": "right_foot",
          "pivot": [-5, -2, 5.5],
          "rotation": [0, -40, 0]
        }, {
          "name": "arms_torso",
          "parent": "body",
          "pivot": [0, 12, 6]
        },
        {
          "name": "arms_upper_torso",
          "parent": "arms_torso",
          "pivot": [0, 24, 7.5]
        },
        {
          "name": "shoulder_left",
          "parent": "arms_upper_torso",
          "pivot": [10, 17.5, -5]
        }, {
          "cubes": [
            {
              "origin": [14, 15, -8],
              "size": [7, 5, 6],
              "uv": [59, 81]
            },
            {
              "origin": [7, 15.5, -7],
              "size": [7, 4, 4],
              "uv": [22, 88]
            }
          ],
          "name": "arm_left",
          "parent": "shoulder_left",
          "pivot": [10, 19.5, -5]
        }, {
          "cubes": [
            {
              "origin": [20, 14, -9],
              "size": [12, 7, 8],
              "uv": [58, 0]
            },
            {
              "origin": [31.5, 21, -9],
              "pivot": [31.5, 21, -5],
              "rotation": [0, 0, 60],
              "size": [0, 2, 8],
              "uv": [0, 8]
            },
            {
              "origin": [31.5, 12, -9],
              "pivot": [31.5, 14, -5],
              "rotation": [0, 0, -60],
              "size": [0, 2, 8],
              "uv": [0, 6]
            },
            {
              "origin": [31.5, 14, -1],
              "pivot": [31.5, 17.5, -1],
              "rotation": [0, 40, 0],
              "size": [0, 7, 2],
              "uv": [70, 51]
            }, {
              "origin": [31.5, 14, -11],
              "pivot": [31.5, 17.5, -9],
              "rotation": [0, -37.5, 0],
              "size": [0, 7, 2],
              "uv": [66, 51]
            }
          ],
          "name": "arm_left2",
          "parent": "arm_left",
          "pivot": [20, 17, -2]
        }, {
          "cubes": [
            {
              "origin": [32, 15.5, -9.5],
              "size": [5, 4, 9],
              "uv": [31, 75]
            }
          ],
          "name": "hand_left",
          "parent": "arm_left2",
          "pivot": [32, 17.5, -5.5]
        }, {
          "locators": {
            "hand_secondary": [36, 17.5, -5]
          },
          "name": "locator_hand_secondary",
          "parent": "hand_left",
          "pivot": [36, 17.5, -5],
          "rotation": [0, -90, 0]
        }, {
          "name": "fingers_left",
          "parent": "hand_left",
          "pivot": [37, 19.5, -5]
        }, {
          "cubes": [
            {
              "inflate": 0.01,
              "origin": [37, 17.5, -9],
              "size": [4, 2, 2],
              "uv": [79, 81]
            }
          ],
          "name": "left_index_finger",
          "parent": "fingers_left",
          "pivot": [37, 19.5, -8]
        }, {
          "cubes": [
            {
              "origin": [41, 17.5, -9],
              "size": [4, 2, 2],
              "uv": [78, 92]
            }
          ],
          "name": "left_index_finger2",
          "parent": "left_index_finger",
          "pivot": [41, 19.5, -8]
        }, {
          "cubes": [
            {
              "inflate": 0.01,
              "origin": [37, 17.5, -7],
              "size": [4, 2, 2],
              "uv": [96, 68]
            }
          ],
          "name": "left_middle_finger",
          "parent": "fingers_left",
          "pivot": [37, 19.5, -6]
        }, {
          "cubes": [
            {
              "origin": [41, 17.5, -7],
              "size": [4, 2, 2],
              "uv": [96, 64]
            }
          ],
          "name": "left_middle_finger2",
          "parent": "left_middle_finger",
          "pivot": [41, 19.5, -6]
        }, {
          "cubes": [
            {
              "inflate": 0.01,
              "origin": [37, 17.5, -5],
              "size": [4, 2, 2],
              "uv": [64, 96]
            }
          ],
          "name": "left_ring_finger",
          "parent": "fingers_left",
          "pivot": [37, 19.5, -4]
        }, {
          "cubes": [
            {
              "origin": [41, 17.5, -5],
              "size": [4, 2, 2],
              "uv": [52, 96]
            }
          ],
          "name": "left_ring_finger2",
          "parent": "left_ring_finger",
          "pivot": [41, 19.5, -4]
        }, {
          "cubes": [
            {
              "inflate": 0.01,
              "origin": [37, 17.5, -3],
              "size": [3, 2, 2],
              "uv": [24, 96]
            }
          ],
          "name": "left_pinky_finger",
          "parent": "fingers_left",
          "pivot": [37, 19.5, -2]
        }, {
          "cubes": [
            {
              "origin": [40, 17.5, -3],
              "size": [4, 2, 2],
              "uv": [98, 10]
            }
          ],
          "name": "left_pinky_finger2",
          "parent": "left_pinky_finger",
          "pivot": [40, 19.5, -2]
        }, {
          "cubes": [
            {
              "inflate": 0.01,
              "origin": [33, 16.5, -10.5],
              "size": [4, 2, 2],
              "uv": [12, 96]
            }
          ],
          "name": "left_thumb",
          "parent": "hand_left",
          "pivot": [34, 17.5, -9.5]
        }, {
          "cubes": [
            {
              "origin": [37, 16.5, -10.5],
              "size": [3, 2, 2],
              "uv": [98, 6]
            }
          ],
          "name": "left_thumb2",
          "parent": "left_thumb",
          "pivot": [37, 17.5, -10.5]
        }, {
          "name": "shoulder_right",
          "parent": "arms_upper_torso",
          "pivot": [-10, 17.5, -5]
        }, {
          "cubes": [
            {
              "origin": [-21, 15, -8],
              "size": [7, 5, 6],
              "uv": [0, 78]
            },
            {
              "origin": [-14, 15.5, -7],
              "size": [7, 4, 4],
              "uv": [68, 66]
            }
          ],
          "name": "arm_right",
          "parent": "shoulder_right",
          "pivot": [-10, 19.5, -5]
        }, {
          "cubes": [
            {
              "origin": [-32, 14, -9],
              "size": [12, 7, 8],
              "uv": [50, 38]
            }, {
              "origin": [-31.5, 21, -9],
              "pivot": [-31.5, 21, -5],
              "rotation": [0, 0, -60],
              "size": [0, 2, 8],
              "uv": [0, 4]
            }, {
              "origin": [-31.5, 12, -9],
              "pivot": [-31.5, 14, -5],
              "rotation": [0, 0, 60],
              "size": [0, 2, 8],
              "uv": [0, 2]
            }, {
              "origin": [-31.5, 14, -1],
              "pivot": [-31.5, 17.5, -1],
              "rotation": [0, -40, 0],
              "size": [0, 7, 2],
              "uv": [54, 36]
            }, {
              "origin": [-31.5, 14, -11],
              "pivot": [-31.5, 17.5, -9],
              "rotation": [0, 37.5, 0],
              "size": [0, 7, 2],
              "uv": [50, 36]
            }
          ],
          "name": "arm_right2",
          "parent": "arm_right",
          "pivot": [-20, 17, -2]
        }, {
          "cubes": [
            {
              "origin": [-37, 15.5, -9.5],
              "size": [5, 4, 9],
              "uv": [66, 53]
            }
          ],
          "name": "hand_right",
          "parent": "arm_right2",
          "pivot": [-32, 17.5, -5.5]
        }, {
          "locators": {
            "hand_primary": [-36, 17.5, -5],
            "physical": [-36, 17.5, -5]
          },
          "name": "locator_hand_primary",
          "parent": "hand_right",
          "pivot": [-36, 17.5, -5],
          "rotation": [0, 90, 0]
        }, {
          "locators": {
            "item": [-36.5, 15.5, -6.25]
          },
          "name": "locator_item",
          "parent": "hand_right",
          "pivot": [-36.5, 15.5, -6.25]
        }, {
          "name": "fingers_right",
          "parent": "hand_right",
          "pivot": [-37, 19.5, -5]
        }, {
          "cubes": [
            {
              "inflate": 0.01,
              "origin": [-41, 17.5, -9],
              "size": [4, 2, 2],
              "uv": [0, 96]
            }
          ],
          "name": "right_index_finger",
          "parent": "fingers_right",
          "pivot": [-37, 19.5, -8]
        }, {
          "cubes": [
            {
              "origin": [-45, 17.5, -9],
              "size": [4, 2, 2],
              "uv": [94, 60]
            }
          ],
          "name": "right_index_finger2",
          "parent": "right_index_finger",
          "pivot": [-41, 19.5, -8]
        }, {
          "cubes": [
            {
              "inflate": 0.01,
              "origin": [-41, 17.5, -7],
              "size": [4, 2, 2],
              "uv": [42, 94]
            }
          ],
          "name": "right_middle_finger",
          "parent": "fingers_right",
          "pivot": [-37, 19.5, -6]
        }, {
          "cubes": [
            {
              "origin": [-45, 17.5, -7],
              "size": [4, 2, 2],
              "uv": [66, 92]
            }
          ],
          "name": "right_middle_finger2",
          "parent": "right_middle_finger",
          "pivot": [-41, 19.5, -6]
        }, {
          "cubes": [
            {
              "inflate": 0.01,
              "origin": [-41, 17.5, -5],
              "size": [4, 2, 2],
              "uv": [54, 92]
            }
          ],
          "name": "right_ring_finger",
          "parent": "fingers_right",
          "pivot": [-37, 19.5, -4]
        }, {
          "cubes": [
            {
              "origin": [-45, 17.5, -5],
              "size": [4, 2, 2],
              "uv": [92, 43]
            }
          ],
          "name": "right_ring_finger2",
          "parent": "right_ring_finger",
          "pivot": [-41, 19.5, -4]
        }, {
          "cubes": [
            {
              "inflate": 0.01,
              "origin": [-40, 17.5, -3],
              "size": [3, 2, 2],
              "uv": [82, 41]
            }
          ],
          "name": "right_pinky_finger",
          "parent": "fingers_right",
          "pivot": [-37, 19.5, -2]
        }, {
          "cubes": [
            {
              "origin": [-44, 17.5, -3],
              "size": [4, 2, 2],
              "uv": [98, 0]
            }
          ],
          "name": "right_pinky_finger2",
          "parent": "right_pinky_finger",
          "pivot": [-40, 19.5, -2]
        }, {
          "cubes": [
            {
              "inflate": 0.01,
              "origin": [-37, 16.5, -10.5],
              "size": [4, 2, 2],
              "uv": [40, 70]
            }
          ],
          "name": "right_thumb",
          "parent": "hand_right",
          "pivot": [-34, 17.5, -9.5]
        }, {
          "cubes": [
            {
              "origin": [-40, 16.5, -10.5],
              "size": [3, 2, 2],
              "uv": [56, 66]
            }
          ],
          "name": "right_thumb2",
          "parent": "right_thumb",
          "pivot": [-37, 17.5, -10.5]
        }
      ],
      "description": {
        "identifier": "geometry.darmanitan_galar",
        "texture_height": 256,
        "texture_width": 256,
        "visible_bounds_height": 4.5,
        "visible_bounds_offset": [0, 1.75, 0],
        "visible_bounds_width": 7
      }
    }
  ]
}