{
  "format_version": "1.12.0",
  "minecraft:geometry": [
    {
      "bones": [
        {
          "name": "petilil",
          "pivot": [0, 0, 0]
        }, {
          "cubes": [
            {
              "origin": [-3, 1, -1.5],
              "size": [6, 5, 3],
              "uv": [10, 17]
            },
            {
              "origin": [-2.5, 4, -1.5],
              "pivot": [0, 6, -1.5],
              "rotation": [-5, 0, 0],
              "size": [5, 2, 0],
              "uv": [6, 14]
            },
            {
              "origin": [-2.5, 4, 1.5],
              "pivot": [0, 6, 1.5],
              "rotation": [5, 0, 0],
              "size": [5, 2, 0],
              "uv": [6, 14]
            },
            {
              "origin": [1.5, 6, -1.5],
              "pivot": [3, 6, 0],
              "rotation": [0, -90, 2.5],
              "size": [3, 0, 3],
              "uv": [-3, 14]
            },
            {
              "mirror": true,
              "origin": [-4.5, 6, -1.5],
              "pivot": [-3, 6, 0],
              "rotation": [0, 90, -2.5],
              "size": [3, 0, 3],
              "uv": [-3, 14]
            }, {
              "origin": [-1, 0, -1],
              "size": [2, 2, 2],
              "uv": [15, 25]
            }
          ],
          "name": "body",
          "parent": "petilil",
          "pivot": [0, 9, 0]
        }, {
          "cubes": [
            {
              "inflate": -0.2,
              "origin": [-4.75, 3, -1.5],
              "size": [2, 3, 3],
              "uv": [0, 17]
            }
          ],
          "name": "arm_right",
          "parent": "body",
          "pivot": [0, 0, 0]
        }, {
          "cubes": [
            {
              "inflate": -0.2,
              "origin": [2.75, 3, -1.5],
              "size": [2, 3, 3],
              "uv": [28, 16]
            }
          ],
          "name": "arm_left",
          "parent": "body",
          "pivot": [0, 0, 0]
        }, {
          "cubes": [
            {
              "inflate": 0.05,
              "origin": [-3.5, 6, -3.5],
              "size": [7, 7, 7],
              "uv": [28, 0]
            },
            {
              "origin": [-3.5, 6, -3.5],
              "size": [7, 7, 7],
              "uv": [0, 0]
            }
          ],
          "name": "head",
          "parent": "body",
          "pivot": [0, 6, 0]
        }, {
          "cubes": [
            {
              "inflate": 0.02,
              "origin": [-2.5, 7, -3.525],
              "size": [1, 3, 0],
              "uv": [0, 0]
            }
          ],
          "name": "eye_right",
          "parent": "head",
          "pivot": [-2, 8.5, -3.525]
        }, {
          "cubes": [
            {
              "inflate": 0.02,
              "origin": [1.5, 7, -3.525],
              "size": [1, 3, 0],
              "uv": [3, 0]
            }
          ],
          "name": "eye_left",
          "parent": "head",
          "pivot": [2, 8.5, -3.525]
        }, {
          "cubes": [
            {
              "origin": [-8, 13.1, -2.45],
              "pivot": [0, 13.1, 0.05],
              "rotation": [0, 0, 35],
              "size": [8, 0, 5],
              "uv": [33, 19]
            }
          ],
          "name": "leaf_right",
          "parent": "head",
          "pivot": [0, 13.1, 0.05],
          "rotation": [0, 27.5, 0]
        }, {
          "cubes": [
            {
              "origin": [-2.5, 13.1, -8],
              "pivot": [0, 13.1, 0],
              "rotation": [-35, 0, 0],
              "size": [5, 0, 8],
              "uv": [-8, 23]
            }
          ],
          "name": "leaf_front",
          "parent": "head",
          "pivot": [0, 13.1, 0]
        }, {
          "cubes": [
            {
              "origin": [0, 13.1, -2.45],
              "pivot": [0, 13.1, 0.05],
              "rotation": [0, 0, -35],
              "size": [8, 0, 5],
              "uv": [30, 14]
            }
          ],
          "name": "leaf_left",
          "parent": "head",
          "pivot": [0, 13.1, 0.05],
          "rotation": [0, -27.5, 0]
        }
      ],
      "description": {
        "identifier": "geometry.petilil",
        "texture_height": 32,
        "texture_width": 56,
        "visible_bounds_height": 2.5,
        "visible_bounds_offset": [0, 0.75, 0],
        "visible_bounds_width": 2
      }
    }
  ]
}