{
	"format_version": "1.12.0",
	"minecraft:geometry": [
		{
			"description": {
				"identifier": "geometry.garchomp_male",
				"texture_width": 128,
				"texture_height": 128,
				"visible_bounds_width": 32,
				"visible_bounds_height": 5,
				"visible_bounds_offset": [0, 1.5, 0]
			},
			"bones": [
				{
					"name": "garchomp",
					"pivot": [0, 0, 0]
				},
				{
					"name": "locator_root",
					"parent": "garchomp",
					"pivot": [0, 0, 0],
					"locators": {
						"root": [0, 0, 1]
					}
				},
				{
					"name": "locator_top",
					"parent": "garchomp",
					"pivot": [0, 43, 0],
					"locators": {
						"top": [0, 43, 0]
					}
				},
				{
					"name": "body",
					"parent": "garchomp",
					"pivot": [0, 25.6, 0]
				},
				{
					"name": "locator_target",
					"parent": "body",
					"pivot": [0, 25, -9],
					"locators": {
						"target": [0, 25, -9]
					}
				},
				{
					"name": "locator_middle",
					"parent": "body",
					"pivot": [0, 25, 0],
					"locators": {
						"middle": [0, 25, 0]
					}
				},
				{
					"name": "torso",
					"parent": "body",
					"pivot": [0, 18.4, 0]
				},
				{
					"name": "torso2",
					"parent": "torso",
					"pivot": [0, 18.4, 0],
					"cubes": [
						{"origin": [-4, 17.1, -3], "size": [8, 11, 8], "uv": [0, 39]}
					]
				},
				{
					"name": "torso3",
					"parent": "torso2",
					"pivot": [0, 27.6, 0],
					"cubes": [
						{"origin": [-5, 26.6, -4], "size": [10, 7, 9], "inflate": 0.01, "uv": [0, 23]},
						{"origin": [-5, 26.6, -6], "size": [0, 7, 3], "inflate": 0.01, "pivot": [-5, 30.1, -4.5], "rotation": [0, 50, 0], "uv": [99, 64]},
						{"origin": [5, 26.6, -7], "size": [0, 7, 3], "inflate": 0.01, "pivot": [4.5, 26.6, -5], "rotation": [0, -50, 0], "uv": [99, 64]},
						{"origin": [4, 19.6, -5], "size": [0, 7, 3], "inflate": 0.01, "pivot": [4.5, 26.6, -4], "rotation": [0, -50, 0], "uv": [99, 64]},
						{"origin": [-3.20442, 19.6, -5.56163], "size": [0, 7, 3], "inflate": 0.01, "pivot": [-3.20442, 23.1, -4.06163], "rotation": [0, 50, 0], "uv": [99, 64]}
					]
				},
				{
					"name": "locator_seat_1",
					"parent": "torso3",
					"pivot": [0, 33, 4.5],
					"locators": {
						"seat_1": [0, 33, 4.5]
					}
				},
				{
					"name": "fin",
					"parent": "torso3",
					"pivot": [0, 28.4, 4.35],
					"cubes": [
						{"origin": [0, 21.9, 0.85], "size": [0, 11, 28], "uv": [71, 88]}
					]
				},
				{
					"name": "neck0",
					"parent": "torso3",
					"pivot": [0, 33.35, -0.5]
				},
				{
					"name": "neck",
					"parent": "neck0",
					"pivot": [0, 33.1, 2.75],
					"cubes": [
						{"origin": [-3.5, 33.1, -2.5], "size": [7, 9, 7], "uv": [44, 0]}
					]
				},
				{
					"name": "head",
					"parent": "neck",
					"pivot": [0, 40.1, 1]
				},
				{
					"name": "head_ai",
					"parent": "head",
					"pivot": [0, 40.1, 1]
				},
				{
					"name": "head_angle",
					"parent": "head_ai",
					"pivot": [0, 40.1, 1],
					"cubes": [
						{"origin": [-4, 40.1, -7], "size": [6, 2, 6], "inflate": 0.003, "pivot": [0, 39.1, -3], "rotation": [0, -45, 0], "uv": [66, 10]},
						{"origin": [-4, 42.1, -7], "size": [8, 2, 8], "inflate": 0.004, "pivot": [0, 39.1, -3], "rotation": [0, -45, 0], "uv": [72, 0]},
						{"origin": [-4, 38.6, -7], "size": [0, 2, 3], "pivot": [0, 39.6, -3], "rotation": [0, -45, 0], "uv": [66, -2]},
						{"origin": [-4, 38.6, -7], "size": [3, 2, 0], "pivot": [0, 39.6, -3], "rotation": [0, -45, 0], "uv": [73, 1]},
						{"origin": [-4, 40.1, -4.2], "size": [8, 4, 7], "uv": [37, 16]},
						{"origin": [-3.5, 38.1, -2.515], "size": [7, 3, 4], "inflate": -0.01, "uv": [96, 0]},
						{"origin": [3.22414, 39.6, -4.69534], "size": [0, 1, 1], "pivot": [3.22414, 40.1, -4.19534], "rotation": [-45, 15, 0], "uv": [112, 28]},
						{"origin": [2.60651, 39.6, -6.22719], "size": [0, 1, 1], "pivot": [2.60651, 40.1, -5.72719], "rotation": [-45, 25, 0], "uv": [112, 29]},
						{"origin": [-3.22414, 39.6, -4.69534], "size": [0, 1, 1], "pivot": [-3.22414, 40.1, -4.19534], "rotation": [-45, -15, 0], "uv": [110, 28]},
						{"origin": [-2.60651, 39.6, -6.22719], "size": [0, 1, 1], "pivot": [-2.60651, 40.1, -5.72719], "rotation": [-45, -25, 0], "uv": [110, 29]}
					]
				},
				{
					"name": "locator_head",
					"parent": "head_angle",
					"pivot": [0, 44, -7.5],
					"locators": {
						"head": [0, 44, -7.5]
					}
				},
				{
					"name": "locator_item_head",
					"parent": "head_angle",
					"pivot": [0, 44, -2.5],
					"locators": {
						"item_head": [0, 44, -2.5]
					}
				},
				{
					"name": "locator_face",
					"parent": "head_angle",
					"pivot": [0, 40.95, -8.65],
					"locators": {
						"face": [0, 40.95, -8.65]
					}
				},
				{
					"name": "locator_item_face",
					"parent": "head_angle",
					"pivot": [0, 40.95, -8.65],
					"locators": {
						"item_face": [0, 40.95, -8.65]
					}
				},
				{
					"name": "locator_mouth",
					"parent": "head_angle",
					"pivot": [0, 40.1, -2.8],
					"locators": {
						"mouth": [0, 40.1, -2.8],
						"special": [0, 40.1, -2.8]
					}
				},
				{
					"name": "locator_jaw_upper",
					"parent": "head_angle",
					"pivot": [0, 40.1, -7.25],
					"locators": {
						"jaw1": [0, 40.1, -7.25]
					}
				},
				{
					"name": "eye_left",
					"parent": "head_angle",
					"pivot": [2.8355, 41.35, -5.12839],
					"cubes": [
						{"origin": [2.3355, 40.35, -6.62839], "size": [1, 2, 2], "inflate": 0.01, "pivot": [2.8355, 41.35, -5.12839], "rotation": [0, 45, 0], "uv": [69, 19]},
						{"origin": [2.3355, 40.75, -5.12839], "size": [1, 1, 1], "inflate": 0.015, "pivot": [2.8355, 41.35, -5.12839], "rotation": [0, 45, 0], "uv": [74, 24]}
					]
				},
				{
					"name": "iris_left",
					"parent": "eye_left",
					"pivot": [2.35858, 41.4, -6.64142],
					"rotation": [0, 45, 0],
					"cubes": [
						{"origin": [0.9626, 40.7, -6.34142], "size": [1, 1, 1], "inflate": 0.186, "uv": [74, 27]}
					]
				},
				{
					"name": "locator_eye_left",
					"parent": "iris_left",
					"pivot": [2.2, 41.1, -5.9],
					"locators": {
						"eye2": [2.2, 41.1, -5.9]
					}
				},
				{
					"name": "pupil_left",
					"parent": "iris_left",
					"pivot": [2.35858, 41.4, -6.64142],
					"cubes": [
						{"origin": [1.2436, 40.7, -6.44142], "size": [1, 1, 1], "inflate": -0.085, "uv": [74, 30]}
					]
				},
				{
					"name": "eyelid_left2",
					"parent": "eye_left",
					"pivot": [2.839, 41.65, -5.1319],
					"rotation": [0, 45, 0],
					"cubes": [
						{"origin": [2.33903, 41.35, -6.63193], "size": [1, 1, 3], "inflate": 0.045, "uv": [92, 37]}
					]
				},
				{
					"name": "eyelid_left3",
					"parent": "eye_left",
					"pivot": [2.76829, 41.85, -5.06119],
					"rotation": [0, 45, 0],
					"cubes": [
						{"origin": [2.26832, 41.05, -6.76122], "size": [1, 1, 1], "inflate": 0.04, "uv": [94, 42]}
					]
				},
				{
					"name": "eyelid_left",
					"parent": "eye_left",
					"pivot": [2.7355, 41.6, -5.12839],
					"cubes": [
						{"origin": [2.91, 40.35, -4], "size": [1, 2, 3], "inflate": 0.04, "pivot": [-0.1, 39.1, -3], "rotation": [0, 45, 0], "uv": [92, 25]}
					]
				},
				{
					"name": "eyelid_happy_left",
					"parent": "eye_left",
					"pivot": [2.7355, 41.6, -5.12839],
					"cubes": [
						{"origin": [2.91, 40.35, -4], "size": [1, 2, 3], "inflate": 0.04, "pivot": [-0.1, 39.1, -3], "rotation": [0, 45, 0], "uv": [92, 31]},
						{"origin": [3.91, 40.85, -3], "size": [0, 1, 1], "inflate": 0.05, "pivot": [-0.1, 39.1, -3], "rotation": [0, 45, 0], "uv": [72, 32]}
					]
				},
				{
					"name": "eyelid_recoil_left",
					"parent": "eye_left",
					"pivot": [2.7355, 41.6, -5.12839],
					"cubes": [
						{"origin": [2.91, 40.35, -4], "size": [1, 2, 3], "inflate": 0.04, "pivot": [-0.1, 39.1, -3], "rotation": [0, 45, 0], "uv": [92, 19]}
					]
				},
				{
					"name": "eye_right",
					"parent": "head_angle",
					"pivot": [-2.8355, 41.35, -5.12839],
					"cubes": [
						{"origin": [-3.3355, 40.35, -6.62839], "size": [1, 2, 2], "inflate": 0.01, "pivot": [-2.8355, 41.35, -5.12839], "rotation": [0, -45, 0], "uv": [76, 19], "mirror": true},
						{"origin": [-3.3355, 40.75, -5.12839], "size": [1, 1, 1], "inflate": 0.015, "pivot": [-2.8355, 41.35, -5.12839], "rotation": [0, -45, 0], "uv": [69, 24], "mirror": true}
					]
				},
				{
					"name": "iris_right",
					"parent": "eye_right",
					"pivot": [-2.35858, 41.4, -6.64142],
					"rotation": [0, -45, 0],
					"cubes": [
						{"origin": [-1.9626, 40.7, -6.34142], "size": [1, 1, 1], "inflate": 0.186, "uv": [69, 27], "mirror": true}
					]
				},
				{
					"name": "locator_eye_right",
					"parent": "iris_right",
					"pivot": [-2.2, 41.1, -5.9],
					"locators": {
						"eye1": [-2.2, 41.1, -5.9]
					}
				},
				{
					"name": "pupil_right",
					"parent": "iris_right",
					"pivot": [-2.35858, 41.4, -6.64142],
					"cubes": [
						{"origin": [-2.2436, 40.7, -6.44142], "size": [1, 1, 1], "inflate": -0.085, "uv": [69, 30], "mirror": true}
					]
				},
				{
					"name": "eyelid_right2",
					"parent": "eye_right",
					"pivot": [-2.839, 41.65, -5.1319],
					"rotation": [0, -45, 0],
					"cubes": [
						{"origin": [-3.33903, 41.35, -6.63193], "size": [1, 1, 3], "inflate": 0.045, "uv": [83, 37], "mirror": true}
					]
				},
				{
					"name": "eyelid_right3",
					"parent": "eye_right",
					"pivot": [-2.76829, 41.85, -5.06119],
					"rotation": [0, -45, 0],
					"cubes": [
						{"origin": [-3.26832, 41.05, -6.76122], "size": [1, 1, 1], "inflate": 0.04, "uv": [85, 42], "mirror": true}
					]
				},
				{
					"name": "eyelid_right",
					"parent": "eye_right",
					"pivot": [-2.7355, 41.6, -5.12839],
					"cubes": [
						{"origin": [-3.91, 40.35, -4], "size": [1, 2, 3], "inflate": 0.04, "pivot": [0.1, 39.1, -3], "rotation": [0, -45, 0], "uv": [83, 25], "mirror": true}
					]
				},
				{
					"name": "eyelid_happy_right",
					"parent": "eye_right",
					"pivot": [-2.7355, 41.6, -5.12839],
					"cubes": [
						{"origin": [-3.91, 40.35, -4], "size": [1, 2, 3], "inflate": 0.04, "pivot": [0.1, 39.1, -3], "rotation": [0, -45, 0], "uv": [83, 31], "mirror": true},
						{"origin": [-3.91, 40.85, -3], "size": [0, 1, 1], "inflate": 0.05, "pivot": [0.1, 39.1, -3], "rotation": [0, -45, 0], "uv": [69, 32], "mirror": true}
					]
				},
				{
					"name": "eyelid_recoil_right",
					"parent": "eye_right",
					"pivot": [-2.7355, 41.6, -5.12839],
					"cubes": [
						{"origin": [-3.91, 40.35, -4], "size": [1, 2, 3], "inflate": 0.04, "pivot": [0.1, 39.1, -3], "rotation": [0, -45, 0], "uv": [83, 19], "mirror": true}
					]
				},
				{
					"name": "jaw",
					"parent": "head_angle",
					"pivot": [0, 40.1, -1.75],
					"cubes": [
						{"origin": [-2.5, 38.1, -6], "size": [4, 2, 4], "inflate": -0.0265, "pivot": [0, 39.1, -3.5], "rotation": [0, -45, 0], "uv": [111, 22]},
						{"origin": [-2.75772, 39, -5.2364], "size": [0, 1, 1], "pivot": [-2.75772, 40.1, -4.1364], "rotation": [-45, -45, 0], "uv": [110, 31]},
						{"origin": [-1.3435, 39.1, -6.55061], "size": [0, 1, 1], "pivot": [-1.3435, 40.1, -5.55061], "rotation": [-45, -45, 0], "uv": [110, 32]},
						{"origin": [2.75772, 39, -5.2364], "size": [0, 1, 1], "pivot": [2.75772, 40.1, -4.1364], "rotation": [-45, 45, 0], "uv": [112, 31]},
						{"origin": [2.65772, 40.4, -3.7364], "size": [0, 1, 1], "pivot": [2.75772, 40.1, -4.1364], "rotation": [-45, 0, 0], "uv": [112, 30]},
						{"origin": [-2.65772, 40.4, -3.7364], "size": [0, 1, 1], "pivot": [-2.75772, 40.1, -4.1364], "rotation": [-45, 0, 0], "uv": [110, 30]},
						{"origin": [1.3435, 39.1, -6.55061], "size": [0, 1, 1], "pivot": [1.3435, 40.1, -5.55061], "rotation": [-45, 45, 0], "uv": [112, 32]},
						{"origin": [-2.5, 38.9, -4], "size": [5, 1, 5], "inflate": 0.2, "uv": [107, 15]},
						{"origin": [-2.5, 38.3, -4], "size": [5, 1, 5], "inflate": 0.21, "uv": [107, 8]},
						{"origin": [-2, 39.6, -4.5], "size": [4, 1, 4], "uv": [91, 11]},
						{"origin": [-1.91421, 36.4, -6.17487], "size": [2, 2, 2], "pivot": [0, 38.4, -4.26066], "rotation": [-30.36119, -40.78947, 20.94102], "uv": [117, 24]}
					]
				},
				{
					"name": "locator_jaw_lower",
					"parent": "jaw",
					"pivot": [0, 40.075, -5.95],
					"locators": {
						"jaw2": {
							"offset": [0, 40.075, -5.95],
							"rotation": [-90, 0, 0]
						}
					}
				},
				{
					"name": "jet_left",
					"parent": "head_angle",
					"pivot": [4, 43.1, -2.5],
					"cubes": [
						{"origin": [3.5, 42.1, -4.5], "size": [4, 2, 3], "uv": [18, 98]},
						{"origin": [6.5, 41.6, -7], "size": [3, 3, 8], "uv": [22, 114]}
					]
				},
				{
					"name": "locator_horn_left",
					"parent": "jet_left",
					"pivot": [8, 43.1, -6],
					"locators": {
						"horn2": [8, 43.1, -6]
					}
				},
				{
					"name": "jet_right",
					"parent": "head_angle",
					"pivot": [-4, 43.1, -3.5],
					"cubes": [
						{"origin": [-9.5, 41.6, -7], "size": [3, 3, 8], "uv": [0, 114]},
						{"origin": [-7.5, 42.1, -4.5], "size": [4, 2, 3], "uv": [18, 103]}
					]
				},
				{
					"name": "locator_horn_right",
					"parent": "jet_right",
					"pivot": [-8, 43.1, -6],
					"locators": {
						"horn1": [-8, 43.1, -6]
					}
				},
				{
					"name": "arms",
					"parent": "torso3",
					"pivot": [0, 31.4, 0]
				},
				{
					"name": "arm_left",
					"parent": "arms",
					"pivot": [3.75, 31.4, 0],
					"rotation": [0, 0, -15],
					"cubes": [
						{"origin": [2.75, 29.4, -2], "size": [5, 4, 4], "uv": [42, 39]},
						{"origin": [7.75, 31.4, -1.5], "size": [2, 2, 3], "uv": [43, 30]}
					]
				},
				{
					"name": "arm_left2",
					"parent": "arm_left",
					"pivot": [5.7, 30.75, 0],
					"rotation": [0, 0, 15],
					"cubes": [
						{"origin": [6.2, 29.75, -1], "size": [8, 2, 2], "uv": [32, 51]},
						{"origin": [9.95, 31.75, 0], "size": [2, 2, 0], "pivot": [9.7, 30.75, 0], "rotation": [-62.5, 0, 0], "uv": [118, 42]},
						{"origin": [7.45, 31.75, 0], "size": [2, 2, 0], "pivot": [9.7, 30.75, 0], "rotation": [-62.5, 0, 0], "uv": [123, 42]}
					]
				},
				{
					"name": "arm_left3",
					"parent": "arm_left2",
					"pivot": [13.7, 30.75, 0],
					"cubes": [
						{"origin": [13.2, 29.25, -1.5], "size": [12, 3, 3], "uv": [38, 33]}
					]
				},
				{
					"name": "arm_fin_left",
					"parent": "arm_left3",
					"pivot": [18.7, 29.75, 0],
					"cubes": [
						{"origin": [19.65, 9.6, 0], "size": [13, 26, 0], "uv": [68, 48], "mirror": true},
						{"origin": [18.7, 16.25, 0], "size": [8, 16, 0], "inflate": 0.01, "pivot": [24.2, 25.75, 0], "rotation": [0, 180, 0], "uv": [99, 84]}
					]
				},
				{
					"name": "locator_blade_secondary",
					"parent": "arm_fin_left",
					"pivot": [18.2, 21.5, 0],
					"rotation": [0, -90, 0],
					"locators": {
						"blade_secondary": [18.2, 21.5, 0]
					}
				},
				{
					"name": "hand_left",
					"parent": "arm_left3",
					"pivot": [25.2, 30.75, 0]
				},
				{
					"name": "locator_hand_secondary",
					"parent": "hand_left",
					"pivot": [28.2, 30.5, 0],
					"rotation": [0, -90, 0],
					"locators": {
						"hand_secondary": [28.2, 30.5, 0]
					}
				},
				{
					"name": "arm_right",
					"parent": "arms",
					"pivot": [-3.75, 31.4, 0],
					"rotation": [0, 0, 15],
					"cubes": [
						{"origin": [-7.75, 29.4, -2], "size": [5, 4, 4], "uv": [24, 39]},
						{"origin": [-9.75, 31.4, -1.5], "size": [2, 2, 3], "uv": [43, 30]}
					]
				},
				{
					"name": "arm_right2",
					"parent": "arm_right",
					"pivot": [-5.7, 30.75, 0],
					"rotation": [0, 0, -15],
					"cubes": [
						{"origin": [-14.2, 29.75, -1], "size": [8, 2, 2], "uv": [32, 47]},
						{"origin": [-11.95, 31.75, 0], "size": [2, 2, 0], "pivot": [-9.7, 30.75, 0], "rotation": [-62.5, 0, 0], "uv": [118, 39]},
						{"origin": [-9.45, 31.75, 0], "size": [2, 2, 0], "pivot": [-9.7, 30.75, 0], "rotation": [-62.5, 0, 0], "uv": [123, 39]}
					]
				},
				{
					"name": "arm_right3",
					"parent": "arm_right2",
					"pivot": [-13.7, 30.75, 0],
					"cubes": [
						{"origin": [-25.2, 29.25, -1.5], "size": [12, 3, 3], "uv": [38, 27]}
					]
				},
				{
					"name": "locator_item",
					"parent": "arm_right3",
					"pivot": [-25.2, 29.75, 0],
					"rotation": [0, 90, 0],
					"locators": {
						"item": [-25.2, 29.75, 0]
					}
				},
				{
					"name": "arm_fin_right",
					"parent": "arm_right3",
					"pivot": [-18.7, 29.75, 0],
					"cubes": [
						{"origin": [-16.35, 9.6, 0], "size": [13, 26, 0], "pivot": [-17.85, 17.6, 0], "rotation": [0, 180, 0], "uv": [68, 48], "mirror": true},
						{"origin": [-29.7, 16.25, 0], "size": [8, 16, 0], "inflate": 0.01, "uv": [99, 84]}
					]
				},
				{
					"name": "locator_blade_primary",
					"parent": "arm_fin_right",
					"pivot": [-18.2, 21.5, 0],
					"rotation": [0, 90, 0],
					"locators": {
						"blade_primary": [-18.2, 21.5, 0]
					}
				},
				{
					"name": "hand_right",
					"parent": "arm_right3",
					"pivot": [-25.2, 30.75, 0]
				},
				{
					"name": "locator_hand_primary",
					"parent": "hand_right",
					"pivot": [-28.2, 30.5, 0],
					"rotation": [0, 90, 0],
					"locators": {
						"hand_primary": [-28.2, 30.5, 0],
						"physical": [-28.2, 30.5, 0]
					}
				},
				{
					"name": "tail",
					"parent": "torso",
					"pivot": [0, 18.8, 0.7],
					"rotation": [-45, 0, 0],
					"cubes": [
						{"origin": [-5, 13, -2.3], "size": [10, 11, 12], "uv": [0, 0]}
					]
				},
				{
					"name": "tail2",
					"parent": "tail",
					"pivot": [0, 18.4, 10.2],
					"cubes": [
						{"origin": [-4, 14.9, 8.7], "size": [8, 8, 9], "uv": [32, 55]}
					]
				},
				{
					"name": "tail3",
					"parent": "tail2",
					"pivot": [0, 18.4, 17.2],
					"cubes": [
						{"origin": [-2.5, 16.4, 16.7], "size": [5, 5, 7], "uv": [45, 72]}
					]
				},
				{
					"name": "locator_tail",
					"parent": "tail3",
					"pivot": [0, 19, 20],
					"rotation": [-180, 0, 180],
					"locators": {
						"tail": [0, 19, 20]
					}
				},
				{
					"name": "tail4",
					"parent": "tail3",
					"pivot": [0, 18.4, 23.2],
					"cubes": [
						{"origin": [-1.5, 17.4, 21.45], "size": [3, 3, 9], "uv": [44, 114]},
						{"origin": [-1, 17.9, 30.45], "size": [2, 2, 2], "uv": [32, 72]},
						{"origin": [0, 17.9, 32.45], "size": [0, 2, 2], "uv": [123, 63]}
					]
				},
				{
					"name": "locator_tail_tip",
					"parent": "tail4",
					"pivot": [0, 19, 33.5],
					"rotation": [-180, 0, 180],
					"locators": {
						"tail_tip": [0, 19, 33.5]
					}
				},
				{
					"name": "tail_fin",
					"parent": "tail4",
					"pivot": [0, 20.4, 20.45],
					"cubes": [
						{"origin": [0, 12.50711, 24.95711], "size": [0, 13, 8], "uv": [52, 89]},
						{"origin": [0, 12.50711, 32.95711], "size": [0, 13, 4], "uv": [68, 93]}
					]
				},
				{
					"name": "legs",
					"parent": "body",
					"pivot": [0, 17.9, 0.25]
				},
				{
					"name": "leg_left0",
					"parent": "legs",
					"pivot": [4, 17.9, 0.25],
					"rotation": [0, 0, -12.5]
				},
				{
					"name": "leg_left1",
					"parent": "leg_left0",
					"pivot": [4, 17.9, 0.25],
					"rotation": [-45, -17.5, 0],
					"cubes": [
						{"origin": [2, 7.4, -2.75], "size": [6, 13, 7], "uv": [26, 78]},
						{"origin": [5, 13.4, -6.25], "size": [0, 3, 4], "uv": [119, 49]},
						{"origin": [5, 9.4, -6.25], "size": [0, 3, 4], "uv": [119, 53]}
					]
				},
				{
					"name": "leg_left2",
					"parent": "leg_left1",
					"pivot": [5, 7.5, -0.25],
					"rotation": [-0.01893, -0.43523, 4.98107],
					"cubes": [
						{"origin": [5, 3.4, -7.25], "size": [0, 4, 7], "pivot": [5, 4.9, -4.25], "rotation": [37.5, 0, 0], "uv": [95, 68]},
						{"origin": [3.5, 5.5, -1.75], "size": [3, 4, 12], "uv": [30, 98]}
					]
				},
				{
					"name": "foot_left",
					"parent": "leg_left2",
					"pivot": [4.82899, 8.67365, 10.71985],
					"rotation": [8.5, -10, 0],
					"cubes": [
						{"origin": [2.52899, 3.67365, 7.71985], "size": [4, 6, 4], "uv": [16, 60]}
					]
				},
				{
					"name": "foot_left2",
					"parent": "foot_left",
					"pivot": [4.52899, 3.67365, 11.71985],
					"rotation": [-50, 0, 0],
					"cubes": [
						{"origin": [2.02899, -1.32635, 8.71985], "size": [5, 5, 3], "uv": [16, 70]}
					]
				},
				{
					"name": "locator_foot_secondary",
					"parent": "foot_left2",
					"pivot": [4.525, 1.175, 10.3],
					"locators": {
						"foot_secondary": [4.525, 1.175, 10.3]
					}
				},
				{
					"name": "toes_left",
					"parent": "foot_left2",
					"pivot": [4.52899, -1.27479, 11.71985],
					"cubes": [
						{"origin": [6.02899, -4.12635, 9.71985], "size": [0, 3, 2], "pivot": [6.02899, -0.32635, 10.71985], "rotation": [0, 0, -10], "uv": [123, 47]},
						{"origin": [3.02899, -4.12635, 9.71985], "size": [0, 3, 2], "pivot": [3.02899, -0.32635, 10.71985], "rotation": [0, 0, 10], "uv": [113, 47]},
						{"origin": [4.52899, -4.32635, 9.71985], "size": [0, 3, 2], "uv": [118, 47]}
					]
				},
				{
					"name": "leg_right0",
					"parent": "legs",
					"pivot": [-4, 17.9, 0.25],
					"rotation": [0, 0, 12.5]
				},
				{
					"name": "leg_right1",
					"parent": "leg_right0",
					"pivot": [-4, 17.9, 0.25],
					"rotation": [-45, 17.5, 0],
					"cubes": [
						{"origin": [-8, 7.4, -2.75], "size": [6, 13, 7], "uv": [0, 78]},
						{"origin": [-5, 13.4, -6.25], "size": [0, 3, 4], "uv": [110, 49]},
						{"origin": [-5, 9.4, -6.25], "size": [0, 3, 4], "uv": [110, 53]}
					]
				},
				{
					"name": "leg_right2",
					"parent": "leg_right1",
					"pivot": [-5, 7.5, -0.25],
					"rotation": [-0.01893, 0.43523, -4.98107],
					"cubes": [
						{"origin": [-5, 5.4, -7.25], "size": [0, 4, 7], "pivot": [-5, 6.9, -2.25], "rotation": [40, 0, 0], "uv": [95, 68], "mirror": true},
						{"origin": [-6.5, 5.5, -1.75], "size": [3, 4, 12], "uv": [0, 98]}
					]
				},
				{
					"name": "foot_right",
					"parent": "leg_right2",
					"pivot": [-4.82899, 8.67365, 10.71985],
					"rotation": [8.5, 10, 0],
					"cubes": [
						{"origin": [-6.52899, 3.67365, 7.71985], "size": [4, 6, 4], "uv": [0, 60]}
					]
				},
				{
					"name": "foot_right2",
					"parent": "foot_right",
					"pivot": [-4.52899, 3.67365, 11.71985],
					"rotation": [-50, 0, 0],
					"cubes": [
						{"origin": [-7.02899, -1.32635, 8.71985], "size": [5, 5, 3], "uv": [0, 70]}
					]
				},
				{
					"name": "locator_foot_primary",
					"parent": "foot_right2",
					"pivot": [-4.525, 1.175, 10.3],
					"locators": {
						"foot_primary": [-4.525, 1.175, 10.3]
					}
				},
				{
					"name": "toes_right",
					"parent": "foot_right2",
					"pivot": [-4.52899, -1.27479, 11.71985],
					"cubes": [
						{"origin": [-3.02899, -4.12635, 9.71985], "size": [0, 3, 2], "pivot": [-3.02899, -0.32635, 10.71985], "rotation": [0, 0, -10], "uv": [113, 43]},
						{"origin": [-4.52899, -4.32635, 9.71985], "size": [0, 3, 2], "uv": [118, 43]},
						{"origin": [-6.02899, -4.12635, 9.71985], "size": [0, 3, 2], "pivot": [-6.02899, -0.32635, 10.71985], "rotation": [0, 0, 10], "uv": [123, 43]}
					]
				}
			]
		}
	]
}