{
  "format_version": "1.12.0",
  "minecraft:geometry": [
    {
      "bones": [
        {
          "locators": {
            "root": [0, 0, 0]
          },
          "name": "giratina",
          "pivot": [0, 0, 0]
        }, {
          "name": "body",
          "parent": "giratina",
          "pivot": [1, 20.25, 3.25]
        }, {
          "name": "torso",
          "parent": "body",
          "pivot": [1.75, 31.25, 11.85],
          "rotation": [-2.5, 0, 0]
        }, {
          "cubes": [
            {
              "origin": [-16.75, 16.85847, -7.13382],
              "size": [33, 29, 40],
              "uv": [366, 443]
            }
          ],
          "name": "bone7",
          "parent": "torso",
          "pivot": [-0.25, 31.35847, -7.13382]
        }, {
          "cubes": [
            {
              "origin": [-12.25, 18.50847, 24.86618],
              "size": [24, 23, 20],
              "uv": [424, 32]
            }
          ],
          "name": "bone106",
          "parent": "bone7",
          "pivot": [-0.25, 28.50847, 24.86618]
        }, {
          "cubes": [
            {
              "origin": [-10.25, 20.50847, 40.86618],
              "size": [20, 19, 20],
              "uv": [430, 75]
            }
          ],
          "name": "bone107",
          "parent": "bone106",
          "pivot": [-0.25, 30.50847, 40.86618]
        }, {
          "cubes": [
            {
              "origin": [-8.25, 22.00847, 58.86618],
              "size": [16, 16, 16],
              "uv": [447, 118]
            }
          ],
          "name": "bone108",
          "parent": "bone107",
          "pivot": [-0.25, 29.50847, 59.86618]
        }, {
          "cubes": [
            {
              "origin": [-6, 24.00847, 72.86618],
              "size": [12, 11, 16],
              "uv": [451, 150]
            }
          ],
          "name": "bone109",
          "parent": "bone108",
          "pivot": [-0.25, 29.50847, 73.61618]
        }, {
          "cubes": [
            {
              "origin": [-17.75, 16.10847, -38.13382],
              "size": [35, 32, 33],
              "uv": [0, 66]
            }
          ],
          "name": "bone27",
          "parent": "bone7",
          "pivot": [0.25, 21.10847, -5.13382]
        }, {
          "cubes": [
            {
              "origin": [-11.75, 24.39957, -38.98489],
              "size": [23, 29, 31],
              "uv": [0, 131]
            }
          ],
          "name": "bone6",
          "parent": "bone27",
          "pivot": [0.25, 25.15847, -24.38382],
          "rotation": [17.5, 0, 0]
        }, {
          "cubes": [
            {
              "origin": [-10.25, 48.60967, -36.62824],
              "size": [20, 16, 23],
              "uv": [426, 178]
            }
          ],
          "name": "neck",
          "parent": "bone6",
          "pivot": [-0.25, 48.76532, -18.90741],
          "rotation": [-12.5, 0, 0]
        }, {
          "cubes": [
            {
              "origin": [-9.25, 63.06371, -33.39906],
              "size": [18, 14, 18],
              "uv": [440, 0]
            }
          ],
          "name": "neck2",
          "parent": "neck",
          "pivot": [-0.775, 63.50967, -21.87824],
          "rotation": [-2.5, 0, 0]
        }, {
          "cubes": [
            {
              "origin": [4.25, 65.03871, -31.89906],
              "size": [12, 6, 12],
              "uv": [240, 136]
            }, {
              "inflate": 0.02,
              "origin": [6.75, 66.01371, -23.39906],
              "pivot": [12.725, 67.51371, -22.57406],
              "rotation": [0, -45, 0],
              "size": [10, 4, 11],
              "uv": [266, 32]
            }, {
              "origin": [1, 66.03871, -16.89906],
              "pivot": [6.975, 69.53871, -15.07406],
              "rotation": [0, -105, 0],
              "size": [8, 4, 6],
              "uv": [278, 100]
            }
          ],
          "name": "bone10",
          "parent": "neck2",
          "pivot": [4.80566, 68.03871, -27.81705],
          "rotation": [10, 0, 0]
        }, {
          "cubes": [
            {
              "origin": [9.19289, 66.03871, -39.93459],
              "pivot": [13.9, 67.53871, -31.39906],
              "rotation": [0, 45, 0],
              "size": [6, 4, 9],
              "uv": [110, 285]
            }, {
              "origin": [3.75, 67.03871, -40.64906],
              "pivot": [6.75, 68.53871, -36.64906],
              "rotation": [0, 60, 0],
              "size": [4, 2, 5],
              "uv": [136, 124]
            }
          ],
          "name": "bone12",
          "parent": "bone10",
          "pivot": [14, 67.53871, -31.64906],
          "rotation": [0, -5, 0]
        }, {
          "cubes": [
            {
              "mirror": true,
              "origin": [-16.75, 65.03871, -31.89906],
              "size": [12, 6, 12],
              "uv": [240, 136]
            }, {
              "inflate": 0.02,
              "mirror": true,
              "origin": [-17.25, 66.01371, -23.39906],
              "pivot": [-13.225, 67.51371, -22.57406],
              "rotation": [0, 45, 0],
              "size": [10, 4, 11],
              "uv": [266, 32]
            }, {
              "mirror": true,
              "origin": [-9.5, 66.03871, -16.89906],
              "pivot": [-7.475, 69.53871, -15.07406],
              "rotation": [0, 105, 0],
              "size": [8, 4, 6],
              "uv": [278, 100]
            }
          ],
          "name": "bone11",
          "parent": "neck2",
          "pivot": [-5.30566, 68.03871, -27.81705],
          "rotation": [10, 0, 0]
        }, {
          "cubes": [
            {
              "mirror": true,
              "origin": [-15.69289, 66.03871, -39.93459],
              "pivot": [-14.4, 67.53871, -31.39906],
              "rotation": [0, -45, 0],
              "size": [6, 4, 9],
              "uv": [110, 285]
            }, {
              "mirror": true,
              "origin": [-8.25, 67.03871, -40.64906],
              "pivot": [-7.25, 68.53871, -36.64906],
              "rotation": [0, -60, 0],
              "size": [4, 2, 5],
              "uv": [136, 124]
            }
          ],
          "name": "bone13",
          "parent": "bone11",
          "pivot": [-14.5, 67.53871, -31.64906],
          "rotation": [0, 5, 0]
        }, {
          "cubes": [
            {
              "origin": [-7.25, 75.56371, -31.89906],
              "size": [14, 8, 15],
              "uv": [232, 192]
            }
          ],
          "name": "neck3",
          "parent": "neck2",
          "pivot": [-0.75, 75.68871, -24.29906]
        }, {
          "cubes": [
            {
              "mirror": true,
              "origin": [-16.25, 81.26371, -33.42406],
              "size": [10, 11, 18],
              "uv": [222, 83]
            }, {
              "origin": [5.75, 81.26371, -33.42406],
              "size": [10, 11, 18],
              "uv": [222, 83]
            }, {
              "origin": [-6.25, 81.26371, -33.39906],
              "size": [12, 12, 13],
              "uv": [133, 225]
            }, {
              "origin": [-6.25, 81.26371, -20.42406],
              "size": [12, 11, 5],
              "uv": [313, 88]
            }, {
              "origin": [-12.25, 83.26371, -15.42406],
              "size": [23, 7, 2],
              "uv": [252, 231]
            }, {
              "origin": [15.75, 83.26371, -31.42406],
              "size": [6, 7, 15],
              "uv": [0, 250]
            }, {
              "origin": [21.75, 84.26371, -29.42406],
              "size": [4, 5, 11],
              "uv": [0, 281]
            }, {
              "mirror": true,
              "origin": [-26.25, 84.26371, -29.42406],
              "size": [4, 5, 11],
              "uv": [0, 281]
            }, {
              "mirror": true,
              "origin": [-22.25, 83.26371, -31.49906],
              "size": [6, 7, 15],
              "uv": [0, 250]
            }
          ],
          "name": "head",
          "parent": "neck3",
          "pivot": [-0.25, 82.56371, -23.24906]
        }, {
          "cubes": [
            {
              "inflate": -0.01,
              "origin": [-4.7, 81.27621, -39.21156],
              "pivot": [0.8, 77.52621, -33.21156],
              "rotation": [0, 45, 0],
              "size": [10, 3, 10],
              "uv": [266, 62]
            }, {
              "origin": [-7.25, 81.27121, -33.67906],
              "size": [14, 3, 7],
              "uv": [80, 275]
            }
          ],
          "name": "mouth",
          "parent": "head",
          "pivot": [-0.075, 84.28871, -33.17406]
        }, {
          "cubes": [
            {
              "origin": [7.275, 76.28871, -32.74906],
              "size": [5, 11, 6],
              "uv": [166, 268]
            }
          ],
          "name": "bone",
          "parent": "head",
          "pivot": [9.775, 87.53871, -29.74906],
          "rotation": [-24.97742, 0.75709, 3.41724]
        }, {
          "cubes": [
            {
              "origin": [8.1375, 74.11371, -31.27406],
              "size": [3, 7, 4],
              "uv": [84, 250]
            }, {
              "origin": [8.2625, 71.11371, -30.32406],
              "size": [2, 3, 3],
              "uv": [98, 191]
            }
          ],
          "name": "bone4",
          "parent": "bone",
          "pivot": [8.6375, 79.11371, -30.77406],
          "rotation": [-49.28083, 29.19991, 24.26705]
        }, {
          "cubes": [
            {
              "mirror": true,
              "origin": [-12.775, 76.28871, -32.74906],
              "size": [5, 11, 6],
              "uv": [166, 268]
            }
          ],
          "name": "bone3",
          "parent": "head",
          "pivot": [-10.275, 87.53871, -29.74906],
          "rotation": [-24.97742, -0.75709, -3.41724]
        }, {
          "cubes": [
            {
              "mirror": true,
              "origin": [-11.6375, 74.11371, -31.27406],
              "size": [3, 7, 4],
              "uv": [84, 250]
            }, {
              "mirror": true,
              "origin": [-10.7625, 71.11371, -30.32406],
              "size": [2, 3, 3],
              "uv": [98, 191]
            }
          ],
          "name": "bone5",
          "parent": "bone3",
          "pivot": [-9.1375, 79.11371, -30.77406],
          "rotation": [-49.28083, -29.19991, -24.26705]
        }, {
          "cubes": [
            {
              "origin": [-1.33252, 84.62371, -37.38804],
              "pivot": [-0.325, 92.26371, -27.48656],
              "rotation": [0, 45, 0],
              "size": [11, 7, 11],
              "uv": [130, 250]
            }, {
              "origin": [9.69248, 83.64871, -31.41304],
              "pivot": [-0.3, 85.28871, -27.51156],
              "rotation": [0, 45, 0],
              "size": [0, 1, 6],
              "uv": [154, 124]
            }, {
              "origin": [-10.19248, 83.62371, -31.38804],
              "pivot": [-0.2, 85.26371, -27.48656],
              "rotation": [0, -45, 0],
              "size": [0, 1, 6],
              "uv": [84, 261]
            }
          ],
          "name": "bone2",
          "parent": "head",
          "pivot": [-0.1875, 93.80121, -28.93656],
          "rotation": [3.5, 0, 0]
        }, {
          "cubes": [
            {
              "origin": [3.82443, 87.26371, -36.49862],
              "size": [2, 2, 0],
              "uv": [2, 2]
            }, {
              "origin": [4.32443, 88.03871, -36.52362],
              "size": [1, 1, 0],
              "uv": [3, 4]
            }
          ],
          "name": "bone48",
          "parent": "bone2",
          "pivot": [4.82443, 88.38871, -36.51112],
          "rotation": [0, -45, 0]
        }, {
          "cubes": [
            {
              "origin": [2.82443, 87.26371, -35.49862],
              "size": [3, 1, 0],
              "uv": [1, 6]
            }
          ],
          "name": "bone47",
          "parent": "bone48",
          "pivot": [4.82443, 87.26371, -32.49862]
        }, {
          "cubes": [
            {
              "mirror": true,
              "origin": [-6.32443, 87.26371, -36.49862],
              "size": [2, 2, 0],
              "uv": [2, 2]
            }, {
              "mirror": true,
              "origin": [-5.82443, 88.03871, -36.52362],
              "size": [1, 1, 0],
              "uv": [3, 4]
            }
          ],
          "name": "bone49",
          "parent": "bone2",
          "pivot": [-5.32443, 88.38871, -36.51112],
          "rotation": [0, 45, 0]
        }, {
          "cubes": [
            {
              "origin": [-6.32443, 87.26371, -35.49862],
              "size": [3, 1, 0],
              "uv": [1, 6]
            }
          ],
          "name": "bone111",
          "parent": "bone49",
          "pivot": [-5.32443, 87.26371, -32.49862]
        }, {
          "cubes": [
            {
              "mirror": true,
              "origin": [-4.30459, 92.12371, -39.28379],
              "pivot": [-4.3, 92.11371, -37.53656],
              "rotation": [-34.54176, -30.85833, 53.30891],
              "size": [0, 9, 10],
              "uv": [294, 107]
            }, {
              "origin": [3.77959, 92.12371, -39.30879],
              "pivot": [3.775, 92.11371, -37.56156],
              "rotation": [-34.54176, 30.85833, -53.30891],
              "size": [0, 9, 10],
              "uv": [294, 107]
            }, {
              "inflate": 0.01,
              "origin": [9.6505, 88.12371, -37.43804],
              "pivot": [-0.325, 95.76371, -27.53656],
              "rotation": [0, 45, 0],
              "size": [0, 4, 12],
              "uv": [264, 292]
            }, {
              "inflate": 0.01,
              "mirror": true,
              "origin": [-10.16748, 88.12371, -37.43804],
              "pivot": [-0.175, 95.76371, -27.53656],
              "rotation": [0, -45, 0],
              "size": [0, 4, 12],
              "uv": [264, 292]
            }
          ],
          "name": "crest",
          "parent": "bone2",
          "pivot": [-0.2, 95.76371, -27.53656]
        }, {
          "cubes": [
            {
              "origin": [9.66748, 82.64871, -37.41304],
              "pivot": [-0.325, 90.28871, -27.51156],
              "rotation": [0, 45, 0],
              "size": [0, 2, 4],
              "uv": [98, 210]
            }, {
              "origin": [-10.1875, 82.64871, -37.41304],
              "pivot": [-0.175, 90.28871, -27.51156],
              "rotation": [0, -45, 0],
              "size": [0, 2, 4],
              "uv": [56, 221]
            }
          ],
          "name": "bone110",
          "parent": "bone2",
          "pivot": [-0.2, 90.28871, -27.51156]
        }, {
          "locators": {
            "seat_1": [0, 93.35, -24]
          },
          "name": "locator_seat_1",
          "parent": "head",
          "pivot": [0, 93.35, -24]
        }, {
          "cubes": [
            {
              "origin": [7.25, 53.88119, -31.71804],
              "size": [11, 8, 16],
              "uv": [238, 160]
            }
          ],
          "name": "bone14",
          "parent": "neck",
          "pivot": [6.80566, 59.08491, -28.28533],
          "rotation": [10, 0, 0]
        }, {
          "cubes": [
            {
              "origin": [9.87595, 54.88119, -41.39143],
              "pivot": [16.4, 59.33491, -32.61733],
              "rotation": [0, 45, 0],
              "size": [7, 6, 11],
              "uv": [130, 268]
            }, {
              "origin": [3.02782, 55.88119, -41.93241],
              "pivot": [6.75, 60.33491, -39.81733],
              "rotation": [0, 75, 0],
              "size": [4, 4, 6],
              "uv": [206, 295]
            }
          ],
          "name": "bone15",
          "parent": "bone14",
          "pivot": [16.5, 58.83491, -32.86733],
          "rotation": [-5, -7.5, 0]
        }, {
          "cubes": [
            {
              "origin": [8, 54.96273, -19.6822],
              "pivot": [11.975, 60.46273, -17.8572],
              "rotation": [0, -30, 0],
              "size": [9, 6, 10],
              "uv": [255, 215]
            }
          ],
          "name": "bone16",
          "parent": "bone14",
          "pivot": [6.225, 56.58491, -17.79233],
          "rotation": [12.52485, -1.78661, 2.04805]
        }, {
          "cubes": [
            {
              "inflate": 0.01,
              "origin": [4.25, 56.36289, -15.3249],
              "pivot": [10.225, 59.86289, -14.4999],
              "rotation": [0, -80, 0],
              "size": [12, 4, 6],
              "uv": [241, 278]
            }, {
              "inflate": -0.02,
              "origin": [4.29066, 56.36289, -9.02932],
              "pivot": [9.475, 61.86289, -10.2499],
              "rotation": [0, -87.5, 0],
              "size": [12, 4, 4],
              "uv": [130, 216]
            }
          ],
          "name": "bone17",
          "parent": "bone16",
          "pivot": [6.425, 59.53773, -6.8572],
          "rotation": [5, 0, 0]
        }, {
          "cubes": [
            {
              "origin": [6.475, 50.86289, -5.2499],
              "size": [0, 14, 8],
              "uv": [170, 285]
            }
          ],
          "name": "bone30",
          "parent": "bone17",
          "pivot": [6.475, 59.36289, -4.2499]
        }, {
          "cubes": [
            {
              "origin": [6.475, 25.86289, 2.7501],
              "size": [0, 41, 13],
              "uv": [188, 241]
            }
          ],
          "name": "bone28",
          "parent": "bone30",
          "pivot": [6.475, 54.61289, 2.7501]
        }, {
          "cubes": [
            {
              "origin": [6.55, 44.61289, 6.2501],
              "size": [7, 6, 6],
              "uv": [290, 184]
            }, {
              "origin": [11.55, 45.61289, 7.2501],
              "size": [7, 4, 4],
              "uv": [132, 298]
            }, {
              "origin": [18.55, 46.61289, 8.2501],
              "size": [5, 2, 2],
              "uv": [254, 154]
            }
          ],
          "name": "bone34",
          "parent": "bone28",
          "pivot": [6.55, 46.61289, 9.2501]
        }, {
          "cubes": [
            {
              "origin": [6.475, 25.86289, 15.7501],
              "size": [0, 44, 16],
              "uv": [66, 190]
            }
          ],
          "name": "bone29",
          "parent": "bone28",
          "pivot": [6.475, 44.86289, 15.7501]
        }, {
          "cubes": [
            {
              "origin": [6.475, 25.86289, 31.7501],
              "size": [0, 58, 30],
              "uv": [108, 128]
            }
          ],
          "name": "bone31",
          "parent": "bone29",
          "pivot": [6.5, 47.86289, 31.7501]
        }, {
          "cubes": [
            {
              "origin": [6.55, 43.61289, 33.7501],
              "size": [7, 6, 6],
              "uv": [290, 184]
            }, {
              "origin": [11.55, 44.61289, 34.7501],
              "size": [7, 4, 4],
              "uv": [132, 298]
            }, {
              "origin": [18.55, 45.61289, 35.7501],
              "size": [5, 2, 2],
              "uv": [254, 154]
            }
          ],
          "name": "bone36",
          "parent": "bone31",
          "pivot": [6.55, 45.61289, 36.7501]
        }, {
          "cubes": [
            {
              "origin": [6.6, 42.36289, 21.7501],
              "size": [7, 6, 6],
              "uv": [290, 184]
            }, {
              "origin": [11.6, 43.36289, 22.7501],
              "size": [7, 4, 4],
              "uv": [132, 298]
            }, {
              "origin": [18.6, 44.36289, 23.7501],
              "size": [5, 2, 2],
              "uv": [254, 154]
            }
          ],
          "name": "bone35",
          "parent": "bone29",
          "pivot": [6.6, 44.36289, 24.7501]
        }, {
          "cubes": [
            {
              "mirror": true,
              "origin": [-18.75, 53.88119, -31.71804],
              "size": [11, 8, 16],
              "uv": [238, 160]
            }
          ],
          "name": "bone32",
          "parent": "neck",
          "pivot": [-7.30566, 59.08491, -28.28533],
          "rotation": [10, 0, 0]
        }, {
          "cubes": [
            {
              "mirror": true,
              "origin": [-17.37595, 54.88119, -41.39143],
              "pivot": [-16.9, 59.33491, -32.61733],
              "rotation": [0, -45, 0],
              "size": [7, 6, 11],
              "uv": [130, 268]
            }, {
              "mirror": true,
              "origin": [-7.52782, 55.88119, -41.93241],
              "pivot": [-7.25, 60.33491, -39.81733],
              "rotation": [0, -75, 0],
              "size": [4, 4, 6],
              "uv": [206, 295]
            }
          ],
          "name": "bone37",
          "parent": "bone32",
          "pivot": [-17, 58.83491, -32.86733],
          "rotation": [-5, 7.5, 0]
        }, {
          "cubes": [
            {
              "mirror": true,
              "origin": [-17.5, 54.96273, -19.6822],
              "pivot": [-12.475, 60.46273, -17.8572],
              "rotation": [0, 30, 0],
              "size": [9, 6, 10],
              "uv": [252, 215]
            }
          ],
          "name": "bone38",
          "parent": "bone32",
          "pivot": [-6.725, 56.58491, -17.79233],
          "rotation": [12.52485, 1.78661, -2.04805]
        }, {
          "cubes": [
            {
              "inflate": 0.01,
              "mirror": true,
              "origin": [-16.75, 56.36289, -15.3249],
              "pivot": [-10.725, 59.86289, -14.4999],
              "rotation": [0, 80, 0],
              "size": [12, 4, 6],
              "uv": [241, 278]
            }, {
              "inflate": -0.02,
              "mirror": true,
              "origin": [-16.79066, 56.36289, -9.02932],
              "pivot": [-9.975, 61.86289, -10.2499],
              "rotation": [0, 87.5, 0],
              "size": [12, 4, 4],
              "uv": [130, 216]
            }
          ],
          "name": "bone39",
          "parent": "bone38",
          "pivot": [-6.925, 59.53773, -6.8572],
          "rotation": [5, 0, 0]
        }, {
          "cubes": [
            {
              "mirror": true,
              "origin": [-6.975, 50.86289, -5.2499],
              "size": [0, 14, 8],
              "uv": [170, 285]
            }
          ],
          "name": "bone40",
          "parent": "bone39",
          "pivot": [-6.975, 59.36289, -4.2499]
        }, {
          "cubes": [
            {
              "mirror": true,
              "origin": [-6.975, 25.86289, 2.7501],
              "size": [0, 41, 13],
              "uv": [188, 241]
            }
          ],
          "name": "bone41",
          "parent": "bone40",
          "pivot": [-6.975, 54.61289, 2.7501]
        }, {
          "cubes": [
            {
              "mirror": true,
              "origin": [-14.05, 44.61289, 6.2501],
              "size": [7, 6, 6],
              "uv": [290, 184]
            }, {
              "mirror": true,
              "origin": [-19.05, 45.61289, 7.2501],
              "size": [7, 4, 4],
              "uv": [132, 298]
            }, {
              "mirror": true,
              "origin": [-24.05, 46.61289, 8.2501],
              "size": [5, 2, 2],
              "uv": [254, 154]
            }
          ],
          "name": "bone42",
          "parent": "bone41",
          "pivot": [-7.05, 46.61289, 9.2501]
        }, {
          "cubes": [
            {
              "mirror": true,
              "origin": [-6.975, 25.86289, 15.7501],
              "size": [0, 44, 16],
              "uv": [66, 190]
            }
          ],
          "name": "bone43",
          "parent": "bone41",
          "pivot": [-6.975, 44.86289, 15.7501]
        }, {
          "cubes": [
            {
              "mirror": true,
              "origin": [-6.975, 25.86289, 31.7501],
              "size": [0, 58, 30],
              "uv": [108, 128]
            }
          ],
          "name": "bone44",
          "parent": "bone43",
          "pivot": [-6.975, 47.86289, 31.7501]
        }, {
          "cubes": [
            {
              "mirror": true,
              "origin": [-14.05, 43.61289, 33.7501],
              "size": [7, 6, 6],
              "uv": [290, 184]
            }, {
              "mirror": true,
              "origin": [-19.05, 44.61289, 34.7501],
              "size": [7, 4, 4],
              "uv": [132, 298]
            }, {
              "mirror": true,
              "origin": [-24.05, 45.61289, 35.7501],
              "size": [5, 2, 2],
              "uv": [254, 154]
            }
          ],
          "name": "bone45",
          "parent": "bone44",
          "pivot": [-7.05, 45.61289, 36.7501]
        }, {
          "cubes": [
            {
              "mirror": true,
              "origin": [-14.1, 42.36289, 21.7501],
              "size": [7, 6, 6],
              "uv": [290, 184]
            }, {
              "mirror": true,
              "origin": [-19.1, 43.36289, 22.7501],
              "size": [7, 4, 4],
              "uv": [132, 298]
            }, {
              "mirror": true,
              "origin": [-24.1, 44.36289, 23.7501],
              "size": [5, 2, 2],
              "uv": [254, 154]
            }
          ],
          "name": "bone46",
          "parent": "bone43",
          "pivot": [-7.1, 44.36289, 24.7501]
        }, {
          "cubes": [
            {
              "origin": [9.75, 43.2759, -33.38238],
              "size": [11, 8, 22],
              "uv": [0, 191]
            }
          ],
          "name": "bone18",
          "parent": "bone6",
          "pivot": [10.30566, 48.2759, -22.30038],
          "rotation": [-5, 0, 0]
        }, {
          "cubes": [
            {
              "origin": [13.69289, 44.2759, -42.66791],
              "pivot": [18.4, 47.7759, -34.13238],
              "rotation": [0, 45, 0],
              "size": [5, 6, 10],
              "uv": [278, 277]
            }, {
              "origin": [8.25, 45.2759, -44.38238],
              "pivot": [11.25, 48.7759, -39.38238],
              "rotation": [0, 60, 0],
              "size": [4, 4, 6],
              "uv": [296, 208]
            }
          ],
          "name": "bone19",
          "parent": "bone18",
          "pivot": [18.5, 47.7759, -34.38238],
          "rotation": [0, -5, 0]
        }, {
          "cubes": [
            {
              "inflate": -0.02,
              "origin": [12, 44.2509, -14.00738],
              "pivot": [17.975, 47.7509, -17.18238],
              "rotation": [0, -45, 0],
              "size": [11, 6, 10],
              "uv": [266, 0]
            }, {
              "origin": [5.25, 45.2759, -6.50738],
              "pivot": [11.225, 47.7759, -5.68238],
              "rotation": [0, -90, 0],
              "size": [7, 4, 5],
              "uv": [288, 250]
            }
          ],
          "name": "bone23",
          "parent": "bone18",
          "pivot": [18.975, 47.7759, -11.68238],
          "rotation": [0, -10, 0]
        }, {
          "cubes": [
            {
              "mirror": true,
              "origin": [-20.75, 43.2759, -33.38238],
              "size": [11, 8, 22],
              "uv": [0, 191]
            }
          ],
          "name": "bone24",
          "parent": "bone6",
          "pivot": [-10.30566, 48.2759, -22.30038],
          "rotation": [-5, 0, 0]
        }, {
          "cubes": [
            {
              "mirror": true,
              "origin": [-18.69289, 44.2759, -42.66791],
              "pivot": [-18.4, 47.7759, -34.13238],
              "rotation": [0, -45, 0],
              "size": [5, 6, 10],
              "uv": [278, 277]
            }, {
              "mirror": true,
              "origin": [-12.25, 45.2759, -44.38238],
              "pivot": [-11.25, 48.7759, -39.38238],
              "rotation": [0, -60, 0],
              "size": [4, 4, 6],
              "uv": [296, 208]
            }
          ],
          "name": "bone25",
          "parent": "bone24",
          "pivot": [-18.5, 47.7759, -34.38238],
          "rotation": [0, 5, 0]
        }, {
          "cubes": [
            {
              "inflate": -0.02,
              "mirror": true,
              "origin": [-23, 44.2509, -14.00738],
              "pivot": [-17.975, 47.7509, -17.18238],
              "rotation": [0, 45, 0],
              "size": [11, 6, 10],
              "uv": [266, 0]
            }, {
              "mirror": true,
              "origin": [-12.25, 45.2759, -6.50738],
              "pivot": [-11.225, 47.7759, -5.68238],
              "rotation": [0, 90, 0],
              "size": [7, 4, 5],
              "uv": [288, 250]
            }
          ],
          "name": "bone26",
          "parent": "bone24",
          "pivot": [-18.975, 47.7759, -11.68238],
          "rotation": [0, 10, 0]
        }, {
          "cubes": [
            {
              "inflate": 0.01,
              "origin": [5.13397, 13.30705, -36.75],
              "size": [19, 19, 17],
              "uv": [168, 124]
            }
          ],
          "name": "bone20",
          "parent": "body",
          "pivot": [9.5, 27.075, -27.75],
          "rotation": [0, 0, -30]
        }, {
          "cubes": [
            {
              "origin": [6.38397, 0.30705, -36.25],
              "size": [17, 13, 16],
              "uv": [374, 0]
            }
          ],
          "name": "bone21",
          "parent": "bone20",
          "pivot": [22.38397, 13.30705, -36.25]
        }, {
          "cubes": [
            {
              "inflate": 0.02,
              "origin": [6.38397, -8.19295, -36.25],
              "size": [17, 9, 16],
              "uv": [200, 58]
            }
          ],
          "name": "bone22",
          "parent": "bone21",
          "pivot": [14.88397, 0.30705, -28.25]
        }, {
          "cubes": [
            {
              "origin": [11.88397, -8.19295, -40.25],
              "size": [6, 5, 4],
              "uv": [232, 215]
            }, {
              "inflate": -0.01,
              "origin": [17.88397, -8.19295, -37.25],
              "size": [2, 1, 1],
              "uv": [57, 309]
            }, {
              "inflate": -0.01,
              "origin": [9.88397, -8.19295, -37.25],
              "size": [2, 1, 1],
              "uv": [57, 309]
            }, {
              "origin": [13.38397, -8.19295, -43.25],
              "size": [3, 3, 3],
              "uv": [156, 300]
            }, {
              "origin": [14.88397, -8.19295, -45.25],
              "size": [0, 3, 3],
              "uv": [158, 306]
            }, {
              "origin": [19.88397, -8.19295, -42.25],
              "pivot": [22.88397, -8.19295, -36.25],
              "rotation": [0, 17.5, 0],
              "size": [3, 2, 6],
              "uv": [222, 112]
            }, {
              "origin": [6.88397, -8.19295, -42.25],
              "pivot": [7.13397, -8.39295, -35.95],
              "rotation": [0, -17.5, 0],
              "size": [3, 2, 6],
              "uv": [270, 184]
            }, {
              "origin": [13.88397, -4.19295, -38.25],
              "size": [2, 5, 2],
              "uv": [98, 203]
            }
          ],
          "name": "bone33",
          "parent": "bone22",
          "pivot": [0.38397, -23.19295, -43.25]
        }, {
          "cubes": [
            {
              "origin": [22.13397, 6.80705, -34.25],
              "size": [5, 4, 11],
              "uv": [115, 306]
            }
          ],
          "name": "bone50",
          "parent": "bone21",
          "pivot": [21.13397, 12.80705, -36.25]
        }, {
          "cubes": [
            {
              "inflate": -0.02,
              "origin": [22.88397, 6.80705, -41.25],
              "pivot": [26.88397, 8.80705, -34.25],
              "rotation": [0, 55, 0],
              "size": [4, 4, 7],
              "uv": [0, 307]
            }, {
              "inflate": -0.03,
              "origin": [17.18397, 7.80705, -44.25],
              "pivot": [21.18397, 8.80705, -38.25],
              "rotation": [0, 90, 0],
              "size": [4, 2, 6],
              "uv": [0, 318]
            }
          ],
          "name": "bone51",
          "parent": "bone50",
          "pivot": [26.93397, 8.80705, -34.25],
          "rotation": [0, -7.5, 0]
        }, {
          "cubes": [
            {
              "inflate": -0.02,
              "origin": [22.38397, 6.80705, -23.75],
              "pivot": [26.38397, 8.80705, -22.75],
              "rotation": [0, -55, 0],
              "size": [4, 4, 8],
              "uv": [22, 309]
            }, {
              "inflate": -0.03,
              "origin": [16.68397, 7.80705, -18.75],
              "pivot": [20.68397, 8.80705, -18.75],
              "rotation": [0, -90, 0],
              "size": [4, 2, 6],
              "uv": [0, 299]
            }
          ],
          "name": "bone52",
          "parent": "bone50",
          "pivot": [26.43397, 8.80705, -22.75],
          "rotation": [0, 7.5, 0]
        }, {
          "cubes": [
            {
              "mirror": true,
              "origin": [2.81218, 3.80705, -34.25],
              "size": [5, 4, 11],
              "uv": [115, 306]
            }
          ],
          "name": "bone53",
          "parent": "bone21",
          "pivot": [8.81218, 9.80705, -36.25]
        }, {
          "cubes": [
            {
              "inflate": -0.02,
              "mirror": true,
              "origin": [3.06218, 3.80705, -41.25],
              "pivot": [3.06218, 5.80705, -34.25],
              "rotation": [0, -55, 0],
              "size": [4, 4, 7],
              "uv": [0, 307]
            }, {
              "inflate": -0.03,
              "mirror": true,
              "origin": [8.76218, 4.80705, -44.25],
              "pivot": [8.76218, 5.80705, -38.25],
              "rotation": [0, -90, 0],
              "size": [4, 2, 6],
              "uv": [0, 318]
            }
          ],
          "name": "bone54",
          "parent": "bone53",
          "pivot": [3.01218, 5.80705, -34.25],
          "rotation": [0, 7.5, 0]
        }, {
          "cubes": [
            {
              "inflate": -0.02,
              "mirror": true,
              "origin": [3.81218, 3.80705, -23.5],
              "pivot": [3.81218, 5.80705, -22.5],
              "rotation": [0, 55, 0],
              "size": [4, 4, 8],
              "uv": [22, 309]
            }, {
              "inflate": -0.03,
              "mirror": true,
              "origin": [9.51218, 4.80705, -18.5],
              "pivot": [9.51218, 5.80705, -18.5],
              "rotation": [0, 90, 0],
              "size": [4, 2, 6],
              "uv": [0, 299]
            }
          ],
          "name": "bone55",
          "parent": "bone53",
          "pivot": [3.76218, 5.80705, -22.5],
          "rotation": [0, -7.5, 0]
        }, {
          "cubes": [
            {
              "inflate": 0.01,
              "mirror": true,
              "origin": [-24.63397, 13.30705, -36.75],
              "size": [19, 19, 17],
              "uv": [168, 124]
            }
          ],
          "name": "bone96",
          "parent": "body",
          "pivot": [-10, 27.075, -27.75],
          "rotation": [0, 0, 30]
        }, {
          "cubes": [
            {
              "mirror": true,
              "origin": [-23.88397, 0.30705, -36.25],
              "size": [17, 13, 16],
              "uv": [374, 0]
            }
          ],
          "name": "bone97",
          "parent": "bone96",
          "pivot": [-22.88397, 13.30705, -36.25]
        }, {
          "cubes": [
            {
              "inflate": 0.02,
              "mirror": true,
              "origin": [-23.88397, -8.19295, -36.25],
              "size": [17, 9, 16],
              "uv": [200, 58]
            }
          ],
          "name": "bone98",
          "parent": "bone97",
          "pivot": [-15.38397, 0.85705, -28.25]
        }, {
          "cubes": [
            {
              "mirror": true,
              "origin": [-18.38397, -8.19295, -40.25],
              "size": [6, 5, 4],
              "uv": [232, 215]
            }, {
              "inflate": -0.01,
              "mirror": true,
              "origin": [-20.38397, -8.19295, -37.25],
              "size": [2, 1, 1],
              "uv": [57, 309]
            }, {
              "inflate": -0.01,
              "mirror": true,
              "origin": [-12.38397, -8.19295, -37.25],
              "size": [2, 1, 1],
              "uv": [57, 309]
            }, {
              "mirror": true,
              "origin": [-16.88397, -8.19295, -43.25],
              "size": [3, 3, 3],
              "uv": [156, 300]
            }, {
              "mirror": true,
              "origin": [-15.38397, -8.19295, -45.25],
              "size": [0, 3, 3],
              "uv": [158, 306]
            }, {
              "mirror": true,
              "origin": [-23.38397, -8.19295, -42.25],
              "pivot": [-23.38397, -8.19295, -36.25],
              "rotation": [0, -17.5, 0],
              "size": [3, 2, 6],
              "uv": [222, 112]
            }, {
              "mirror": true,
              "origin": [-10.38397, -8.19295, -42.25],
              "pivot": [-7.63397, -8.39295, -35.95],
              "rotation": [0, 17.5, 0],
              "size": [3, 2, 6],
              "uv": [270, 184]
            }, {
              "mirror": true,
              "origin": [-16.38397, -4.19295, -38.25],
              "size": [2, 5, 2],
              "uv": [98, 203]
            }
          ],
          "name": "bone99",
          "parent": "bone98",
          "pivot": [-15.3967, -6.31795, -38.98518]
        }, {
          "cubes": [
            {
              "mirror": true,
              "origin": [-27.63397, 6.80705, -34.25],
              "size": [5, 4, 11],
              "uv": [115, 306]
            }
          ],
          "name": "bone100",
          "parent": "bone97",
          "pivot": [-21.63397, 12.80705, -36.25]
        }, {
          "cubes": [
            {
              "inflate": -0.02,
              "mirror": true,
              "origin": [-27.38397, 6.80705, -41.25],
              "pivot": [-27.38397, 8.80705, -34.25],
              "rotation": [0, -55, 0],
              "size": [4, 4, 7],
              "uv": [0, 307]
            }, {
              "inflate": -0.03,
              "mirror": true,
              "origin": [-21.68397, 7.80705, -44.25],
              "pivot": [-21.68397, 8.80705, -38.25],
              "rotation": [0, -90, 0],
              "size": [4, 2, 6],
              "uv": [0, 318]
            }
          ],
          "name": "bone101",
          "parent": "bone100",
          "pivot": [-27.43397, 8.80705, -34.25],
          "rotation": [0, 7.5, 0]
        }, {
          "cubes": [
            {
              "inflate": -0.02,
              "mirror": true,
              "origin": [-26.88397, 6.80705, -23.75],
              "pivot": [-26.88397, 8.80705, -22.75],
              "rotation": [0, 55, 0],
              "size": [4, 4, 8],
              "uv": [22, 309]
            }, {
              "inflate": -0.03,
              "mirror": true,
              "origin": [-21.18397, 7.80705, -18.75],
              "pivot": [-21.18397, 8.80705, -18.75],
              "rotation": [0, 90, 0],
              "size": [4, 2, 6],
              "uv": [0, 299]
            }
          ],
          "name": "bone102",
          "parent": "bone100",
          "pivot": [-26.93397, 8.80705, -22.75],
          "rotation": [0, -7.5, 0]
        }, {
          "cubes": [
            {
              "origin": [-8.31218, 3.80705, -34.25],
              "size": [5, 4, 11],
              "uv": [115, 306]
            }
          ],
          "name": "bone103",
          "parent": "bone97",
          "pivot": [-9.31218, 9.80705, -36.25]
        }, {
          "cubes": [
            {
              "inflate": -0.02,
              "origin": [-7.56218, 3.80705, -41.25],
              "pivot": [-3.56218, 5.80705, -34.25],
              "rotation": [0, 55, 0],
              "size": [4, 4, 7],
              "uv": [0, 307]
            }, {
              "inflate": -0.03,
              "origin": [-13.26218, 4.80705, -44.25],
              "pivot": [-9.26218, 5.80705, -38.25],
              "rotation": [0, 90, 0],
              "size": [4, 2, 6],
              "uv": [0, 318]
            }
          ],
          "name": "bone104",
          "parent": "bone103",
          "pivot": [-3.51218, 5.80705, -34.25],
          "rotation": [0, -7.5, 0]
        }, {
          "cubes": [
            {
              "inflate": -0.02,
              "origin": [-8.31218, 3.80705, -23.5],
              "pivot": [-4.31218, 5.80705, -22.5],
              "rotation": [0, -55, 0],
              "size": [4, 4, 8],
              "uv": [22, 309]
            }, {
              "inflate": -0.03,
              "origin": [-14.01218, 4.80705, -18.5],
              "pivot": [-10.01218, 5.80705, -18.5],
              "rotation": [0, -90, 0],
              "size": [4, 2, 6],
              "uv": [0, 299]
            }
          ],
          "name": "bone105",
          "parent": "bone103",
          "pivot": [-4.26218, 5.80705, -22.5],
          "rotation": [0, 7.5, 0]
        }, {
          "cubes": [
            {
              "inflate": 0.01,
              "origin": [5.13397, 13.30705, -10.5],
              "size": [19, 19, 17],
              "uv": [168, 124]
            }
          ],
          "name": "bone56",
          "parent": "body",
          "pivot": [9.5, 27.075, -1.5],
          "rotation": [0, 0, -30]
        }, {
          "cubes": [
            {
              "origin": [6.38397, 0.30705, -10],
              "size": [17, 13, 16],
              "uv": [374, 0]
            }
          ],
          "name": "bone57",
          "parent": "bone56",
          "pivot": [22.38397, 13.30705, -10]
        }, {
          "cubes": [
            {
              "inflate": 0.02,
              "origin": [6.38397, -8.19295, -10],
              "size": [17, 9, 16],
              "uv": [200, 58]
            }
          ],
          "name": "bone58",
          "parent": "bone57",
          "pivot": [14.88397, 0.85705, -2]
        }, {
          "cubes": [
            {
              "origin": [11.88397, -8.19295, -14],
              "size": [6, 5, 4],
              "uv": [232, 215]
            }, {
              "inflate": -0.01,
              "origin": [17.88397, -8.19295, -11],
              "size": [2, 1, 1],
              "uv": [57, 309]
            }, {
              "inflate": -0.01,
              "origin": [9.88397, -8.19295, -11],
              "size": [2, 1, 1],
              "uv": [57, 309]
            }, {
              "origin": [13.38397, -8.19295, -17],
              "size": [3, 3, 3],
              "uv": [156, 300]
            }, {
              "origin": [14.88397, -8.19295, -19],
              "size": [0, 3, 3],
              "uv": [158, 306]
            }, {
              "origin": [19.88397, -8.19295, -16],
              "pivot": [22.88397, -8.19295, -10],
              "rotation": [0, 17.5, 0],
              "size": [3, 2, 6],
              "uv": [222, 112]
            }, {
              "origin": [6.88397, -8.19295, -16],
              "pivot": [7.13397, -8.39295, -9.7],
              "rotation": [0, -17.5, 0],
              "size": [3, 2, 6],
              "uv": [270, 184]
            }, {
              "origin": [13.88397, -4.19295, -12],
              "size": [2, 5, 2],
              "uv": [98, 203]
            }
          ],
          "name": "bone59",
          "parent": "bone58",
          "pivot": [14.8967, -6.31795, -12.73518]
        }, {
          "cubes": [
            {
              "origin": [22.13397, 6.80705, -8],
              "size": [5, 4, 11],
              "uv": [115, 306]
            }
          ],
          "name": "bone60",
          "parent": "bone57",
          "pivot": [21.13397, 12.80705, -10]
        }, {
          "cubes": [
            {
              "inflate": -0.02,
              "origin": [22.88397, 6.80705, -15],
              "pivot": [26.88397, 8.80705, -8],
              "rotation": [0, 55, 0],
              "size": [4, 4, 7],
              "uv": [0, 307]
            }, {
              "inflate": -0.03,
              "origin": [17.18397, 7.80705, -18],
              "pivot": [21.18397, 8.80705, -12],
              "rotation": [0, 90, 0],
              "size": [4, 2, 6],
              "uv": [0, 318]
            }
          ],
          "name": "bone61",
          "parent": "bone60",
          "pivot": [26.93397, 8.80705, -8],
          "rotation": [0, -7.5, 0]
        }, {
          "cubes": [
            {
              "inflate": -0.02,
              "origin": [22.38397, 6.80705, 2.5],
              "pivot": [26.38397, 8.80705, 3.5],
              "rotation": [0, -55, 0],
              "size": [4, 4, 8],
              "uv": [22, 309]
            }, {
              "inflate": -0.03,
              "origin": [16.68397, 7.80705, 7.5],
              "pivot": [20.68397, 8.80705, 7.5],
              "rotation": [0, -90, 0],
              "size": [4, 2, 6],
              "uv": [0, 299]
            }
          ],
          "name": "bone62",
          "parent": "bone60",
          "pivot": [26.43397, 8.80705, 3.5],
          "rotation": [0, 7.5, 0]
        }, {
          "cubes": [
            {
              "mirror": true,
              "origin": [2.81218, 3.80705, -8],
              "size": [5, 4, 11],
              "uv": [115, 306]
            }
          ],
          "name": "bone63",
          "parent": "bone57",
          "pivot": [8.81218, 9.80705, -10]
        }, {
          "cubes": [
            {
              "inflate": -0.02,
              "mirror": true,
              "origin": [3.06218, 3.80705, -15],
              "pivot": [3.06218, 5.80705, -8],
              "rotation": [0, -55, 0],
              "size": [4, 4, 7],
              "uv": [0, 307]
            }, {
              "inflate": -0.03,
              "mirror": true,
              "origin": [8.76218, 4.80705, -18],
              "pivot": [8.76218, 5.80705, -12],
              "rotation": [0, -90, 0],
              "size": [4, 2, 6],
              "uv": [0, 318]
            }
          ],
          "name": "bone64",
          "parent": "bone63",
          "pivot": [3.01218, 5.80705, -8],
          "rotation": [0, 7.5, 0]
        }, {
          "cubes": [
            {
              "inflate": -0.02,
              "mirror": true,
              "origin": [3.81218, 3.80705, 2.75],
              "pivot": [3.81218, 5.80705, 3.75],
              "rotation": [0, 55, 0],
              "size": [4, 4, 8],
              "uv": [22, 309]
            }, {
              "inflate": -0.03,
              "mirror": true,
              "origin": [9.51218, 4.80705, 7.75],
              "pivot": [9.51218, 5.80705, 7.75],
              "rotation": [0, 90, 0],
              "size": [4, 2, 6],
              "uv": [0, 299]
            }
          ],
          "name": "bone65",
          "parent": "bone63",
          "pivot": [3.76218, 5.80705, 3.75],
          "rotation": [0, -7.5, 0]
        }, {
          "cubes": [
            {
              "inflate": 0.01,
              "mirror": true,
              "origin": [-24.63397, 13.30705, -10.5],
              "size": [19, 19, 17],
              "uv": [168, 124]
            }
          ],
          "name": "bone86",
          "parent": "body",
          "pivot": [-10, 27.075, -1.5],
          "rotation": [0, 0, 30]
        }, {
          "cubes": [
            {
              "mirror": true,
              "origin": [-23.88397, 0.30705, -10],
              "size": [17, 13, 16],
              "uv": [374, 0]
            }
          ],
          "name": "bone87",
          "parent": "bone86",
          "pivot": [-22.88397, 13.30705, -10]
        }, {
          "cubes": [
            {
              "inflate": 0.02,
              "mirror": true,
              "origin": [-23.88397, -8.19295, -10],
              "size": [17, 9, 16],
              "uv": [200, 58]
            }
          ],
          "name": "bone88",
          "parent": "bone87",
          "pivot": [-15.38397, 0.85705, -2]
        }, {
          "cubes": [
            {
              "mirror": true,
              "origin": [-18.38397, -8.19295, -14],
              "size": [6, 5, 4],
              "uv": [232, 215]
            }, {
              "inflate": -0.01,
              "mirror": true,
              "origin": [-20.38397, -8.19295, -11],
              "size": [2, 1, 1],
              "uv": [57, 309]
            }, {
              "inflate": -0.01,
              "mirror": true,
              "origin": [-12.38397, -8.19295, -11],
              "size": [2, 1, 1],
              "uv": [57, 309]
            }, {
              "mirror": true,
              "origin": [-16.88397, -8.19295, -17],
              "size": [3, 3, 3],
              "uv": [156, 300]
            }, {
              "mirror": true,
              "origin": [-15.38397, -8.19295, -19],
              "size": [0, 3, 3],
              "uv": [158, 306]
            }, {
              "mirror": true,
              "origin": [-23.38397, -8.19295, -16],
              "pivot": [-23.38397, -8.19295, -10],
              "rotation": [0, -17.5, 0],
              "size": [3, 2, 6],
              "uv": [222, 112]
            }, {
              "mirror": true,
              "origin": [-10.38397, -8.19295, -16],
              "pivot": [-7.63397, -8.39295, -9.7],
              "rotation": [0, 17.5, 0],
              "size": [3, 2, 6],
              "uv": [270, 184]
            }, {
              "mirror": true,
              "origin": [-16.38397, -4.19295, -12],
              "size": [2, 5, 2],
              "uv": [98, 203]
            }
          ],
          "name": "bone89",
          "parent": "bone88",
          "pivot": [-15.3967, -6.31795, -12.73518]
        }, {
          "cubes": [
            {
              "mirror": true,
              "origin": [-27.63397, 6.80705, -8],
              "size": [5, 4, 11],
              "uv": [115, 306]
            }
          ],
          "name": "bone90",
          "parent": "bone87",
          "pivot": [-21.63397, 12.80705, -10]
        }, {
          "cubes": [
            {
              "inflate": -0.02,
              "mirror": true,
              "origin": [-27.38397, 6.80705, -15],
              "pivot": [-27.38397, 8.80705, -8],
              "rotation": [0, -55, 0],
              "size": [4, 4, 7],
              "uv": [0, 307]
            }, {
              "inflate": -0.03,
              "mirror": true,
              "origin": [-21.68397, 7.80705, -18],
              "pivot": [-21.68397, 8.80705, -12],
              "rotation": [0, -90, 0],
              "size": [4, 2, 6],
              "uv": [0, 318]
            }
          ],
          "name": "bone91",
          "parent": "bone90",
          "pivot": [-27.43397, 8.80705, -8],
          "rotation": [0, 7.5, 0]
        }, {
          "cubes": [
            {
              "inflate": -0.02,
              "mirror": true,
              "origin": [-26.88397, 6.80705, 2.5],
              "pivot": [-26.88397, 8.80705, 3.5],
              "rotation": [0, 55, 0],
              "size": [4, 4, 8],
              "uv": [22, 309]
            }, {
              "inflate": -0.03,
              "mirror": true,
              "origin": [-21.18397, 7.80705, 7.5],
              "pivot": [-21.18397, 8.80705, 7.5],
              "rotation": [0, 90, 0],
              "size": [4, 2, 6],
              "uv": [0, 299]
            }
          ],
          "name": "bone92",
          "parent": "bone90",
          "pivot": [-26.93397, 8.80705, 3.5],
          "rotation": [0, -7.5, 0]
        }, {
          "cubes": [
            {
              "origin": [-8.31218, 3.80705, -8],
              "size": [5, 4, 11],
              "uv": [115, 306]
            }
          ],
          "name": "bone93",
          "parent": "bone87",
          "pivot": [-9.31218, 9.80705, -10]
        }, {
          "cubes": [
            {
              "inflate": -0.02,
              "origin": [-7.56218, 3.80705, -15],
              "pivot": [-3.56218, 5.80705, -8],
              "rotation": [0, 55, 0],
              "size": [4, 4, 7],
              "uv": [0, 307]
            }, {
              "inflate": -0.03,
              "origin": [-13.26218, 4.80705, -18],
              "pivot": [-9.26218, 5.80705, -12],
              "rotation": [0, 90, 0],
              "size": [4, 2, 6],
              "uv": [0, 318]
            }
          ],
          "name": "bone94",
          "parent": "bone93",
          "pivot": [-3.51218, 5.80705, -8],
          "rotation": [0, -7.5, 0]
        }, {
          "cubes": [
            {
              "inflate": -0.02,
              "origin": [-8.31218, 3.80705, 2.75],
              "pivot": [-4.31218, 5.80705, 3.75],
              "rotation": [0, -55, 0],
              "size": [4, 4, 8],
              "uv": [22, 309]
            }, {
              "inflate": -0.03,
              "origin": [-14.01218, 4.80705, 7.75],
              "pivot": [-10.01218, 5.80705, 7.75],
              "rotation": [0, -90, 0],
              "size": [4, 2, 6],
              "uv": [0, 299]
            }
          ],
          "name": "bone95",
          "parent": "bone93",
          "pivot": [-4.26218, 5.80705, 3.75],
          "rotation": [0, 7.5, 0]
        }, {
          "cubes": [
            {
              "inflate": 0.01,
              "origin": [5, 12.80705, 15.25],
              "size": [19, 19, 17],
              "uv": [168, 124]
            }
          ],
          "name": "bone66",
          "parent": "body",
          "pivot": [8.5, 27.075, 24.25],
          "rotation": [0, 0, -30]
        }, {
          "cubes": [
            {
              "origin": [6.25, -0.19295, 16.25],
              "size": [17, 13, 16],
              "uv": [374, 0]
            }
          ],
          "name": "bone67",
          "parent": "bone66",
          "pivot": [22.25, 12.80705, 16.25]
        }, {
          "cubes": [
            {
              "inflate": 0.02,
              "origin": [6.25, -8.69295, 16.25],
              "size": [17, 9, 16],
              "uv": [200, 58]
            }
          ],
          "name": "bone68",
          "parent": "bone67",
          "pivot": [14.75, 0.35705, 24.25]
        }, {
          "cubes": [
            {
              "origin": [11.75, -8.69295, 12.25],
              "size": [6, 5, 4],
              "uv": [232, 215]
            }, {
              "inflate": -0.01,
              "origin": [17.75, -8.69295, 15.25],
              "size": [2, 1, 1],
              "uv": [57, 309]
            }, {
              "inflate": -0.01,
              "origin": [9.75, -8.69295, 15.25],
              "size": [2, 1, 1],
              "uv": [57, 309]
            }, {
              "origin": [13.25, -8.69295, 9.25],
              "size": [3, 3, 3],
              "uv": [156, 300]
            }, {
              "origin": [14.75, -8.69295, 7.25],
              "size": [0, 3, 3],
              "uv": [158, 306]
            }, {
              "origin": [19.75, -8.69295, 10.25],
              "pivot": [22.75, -8.69295, 16.25],
              "rotation": [0, 17.5, 0],
              "size": [3, 2, 6],
              "uv": [222, 112]
            }, {
              "origin": [6.75, -8.69295, 10.25],
              "pivot": [7, -8.89295, 16.55],
              "rotation": [0, -17.5, 0],
              "size": [3, 2, 6],
              "uv": [270, 184]
            }, {
              "origin": [13.75, -4.69295, 14.25],
              "size": [2, 5, 2],
              "uv": [98, 203]
            }
          ],
          "name": "bone69",
          "parent": "bone68",
          "pivot": [14.76273, -6.81795, 13.51482]
        }, {
          "cubes": [
            {
              "origin": [22, 6.30705, 18.25],
              "size": [5, 4, 11],
              "uv": [115, 306]
            }
          ],
          "name": "bone70",
          "parent": "bone67",
          "pivot": [21, 12.30705, 16.25]
        }, {
          "cubes": [
            {
              "inflate": -0.02,
              "origin": [22.75, 6.30705, 11.25],
              "pivot": [26.75, 8.30705, 18.25],
              "rotation": [0, 55, 0],
              "size": [4, 4, 7],
              "uv": [0, 307]
            }, {
              "inflate": -0.03,
              "origin": [17.05, 7.30705, 8.25],
              "pivot": [21.05, 8.30705, 14.25],
              "rotation": [0, 90, 0],
              "size": [4, 2, 6],
              "uv": [0, 318]
            }
          ],
          "name": "bone71",
          "parent": "bone70",
          "pivot": [26.8, 8.30705, 18.25],
          "rotation": [0, -7.5, 0]
        }, {
          "cubes": [
            {
              "inflate": -0.02,
              "origin": [22.25, 6.30705, 28.75],
              "pivot": [26.25, 8.30705, 29.75],
              "rotation": [0, -55, 0],
              "size": [4, 4, 8],
              "uv": [22, 309]
            }, {
              "inflate": -0.03,
              "origin": [16.55, 7.30705, 33.75],
              "pivot": [20.55, 8.30705, 33.75],
              "rotation": [0, -90, 0],
              "size": [4, 2, 6],
              "uv": [0, 299]
            }
          ],
          "name": "bone72",
          "parent": "bone70",
          "pivot": [26.3, 8.30705, 29.75],
          "rotation": [0, 7.5, 0]
        }, {
          "cubes": [
            {
              "mirror": true,
              "origin": [2.67821, 3.30705, 18.25],
              "size": [5, 4, 11],
              "uv": [115, 306]
            }
          ],
          "name": "bone73",
          "parent": "bone67",
          "pivot": [8.67821, 9.30705, 16.25]
        }, {
          "cubes": [
            {
              "inflate": -0.02,
              "mirror": true,
              "origin": [2.92821, 3.30705, 11.25],
              "pivot": [2.92821, 5.30705, 18.25],
              "rotation": [0, -55, 0],
              "size": [4, 4, 7],
              "uv": [0, 307]
            }, {
              "inflate": -0.03,
              "mirror": true,
              "origin": [8.62821, 4.30705, 8.25],
              "pivot": [8.62821, 5.30705, 14.25],
              "rotation": [0, -90, 0],
              "size": [4, 2, 6],
              "uv": [0, 318]
            }
          ],
          "name": "bone74",
          "parent": "bone73",
          "pivot": [2.87821, 5.30705, 18.25],
          "rotation": [0, 7.5, 0]
        }, {
          "cubes": [
            {
              "inflate": -0.02,
              "mirror": true,
              "origin": [3.67821, 3.30705, 29],
              "pivot": [3.67821, 5.30705, 30],
              "rotation": [0, 55, 0],
              "size": [4, 4, 8],
              "uv": [22, 309]
            }, {
              "inflate": -0.03,
              "mirror": true,
              "origin": [9.37821, 4.30705, 34],
              "pivot": [9.37821, 5.30705, 34],
              "rotation": [0, 90, 0],
              "size": [4, 2, 6],
              "uv": [0, 299]
            }
          ],
          "name": "bone75",
          "parent": "bone73",
          "pivot": [3.62821, 5.30705, 30],
          "rotation": [0, -7.5, 0]
        }, {
          "cubes": [
            {
              "inflate": 0.01,
              "mirror": true,
              "origin": [-24.5, 12.80705, 15.25],
              "size": [19, 19, 17],
              "uv": [168, 124]
            }
          ],
          "name": "bone76",
          "parent": "body",
          "pivot": [-9, 27.075, 24.25],
          "rotation": [0, 0, 30]
        }, {
          "cubes": [
            {
              "mirror": true,
              "origin": [-23.75, -0.19295, 16.25],
              "size": [17, 13, 16],
              "uv": [374, 0]
            }
          ],
          "name": "bone77",
          "parent": "bone76",
          "pivot": [-22.75, 12.80705, 16.25]
        }, {
          "cubes": [
            {
              "inflate": 0.02,
              "mirror": true,
              "origin": [-23.75, -8.69295, 16.25],
              "size": [17, 9, 16],
              "uv": [200, 58]
            }
          ],
          "name": "bone78",
          "parent": "bone77",
          "pivot": [-15.25, 0.35705, 24.25]
        }, {
          "cubes": [
            {
              "mirror": true,
              "origin": [-18.25, -8.69295, 12.25],
              "size": [6, 5, 4],
              "uv": [232, 215]
            }, {
              "inflate": -0.01,
              "mirror": true,
              "origin": [-20.25, -8.69295, 15.25],
              "size": [2, 1, 1],
              "uv": [57, 309]
            }, {
              "inflate": -0.01,
              "mirror": true,
              "origin": [-12.25, -8.69295, 15.25],
              "size": [2, 1, 1],
              "uv": [57, 309]
            }, {
              "mirror": true,
              "origin": [-16.75, -8.69295, 9.25],
              "size": [3, 3, 3],
              "uv": [156, 300]
            }, {
              "mirror": true,
              "origin": [-15.25, -8.69295, 7.25],
              "size": [0, 3, 3],
              "uv": [158, 306]
            }, {
              "mirror": true,
              "origin": [-23.25, -8.69295, 10.25],
              "pivot": [-23.25, -8.69295, 16.25],
              "rotation": [0, -17.5, 0],
              "size": [3, 2, 6],
              "uv": [222, 112]
            }, {
              "mirror": true,
              "origin": [-10.25, -8.69295, 10.25],
              "pivot": [-7.5, -8.89295, 16.55],
              "rotation": [0, 17.5, 0],
              "size": [3, 2, 6],
              "uv": [270, 184]
            }, {
              "mirror": true,
              "origin": [-16.25, -4.69295, 14.25],
              "size": [2, 5, 2],
              "uv": [98, 203]
            }
          ],
          "name": "bone79",
          "parent": "bone78",
          "pivot": [-15.26273, -6.81795, 13.51482]
        }, {
          "cubes": [
            {
              "mirror": true,
              "origin": [-27.5, 6.30705, 18.25],
              "size": [5, 4, 11],
              "uv": [115, 306]
            }
          ],
          "name": "bone80",
          "parent": "bone77",
          "pivot": [-21.5, 12.30705, 16.25]
        }, {
          "cubes": [
            {
              "inflate": -0.02,
              "mirror": true,
              "origin": [-27.25, 6.30705, 11.25],
              "pivot": [-27.25, 8.30705, 18.25],
              "rotation": [0, -55, 0],
              "size": [4, 4, 7],
              "uv": [0, 307]
            }, {
              "inflate": -0.03,
              "mirror": true,
              "origin": [-21.55, 7.30705, 8.25],
              "pivot": [-21.55, 8.30705, 14.25],
              "rotation": [0, -90, 0],
              "size": [4, 2, 6],
              "uv": [0, 318]
            }
          ],
          "name": "bone81",
          "parent": "bone80",
          "pivot": [-27.3, 8.30705, 18.25],
          "rotation": [0, 7.5, 0]
        }, {
          "cubes": [
            {
              "inflate": -0.02,
              "mirror": true,
              "origin": [-26.75, 6.30705, 28.75],
              "pivot": [-26.75, 8.30705, 29.75],
              "rotation": [0, 55, 0],
              "size": [4, 4, 8],
              "uv": [22, 309]
            }, {
              "inflate": -0.03,
              "mirror": true,
              "origin": [-21.05, 7.30705, 33.75],
              "pivot": [-21.05, 8.30705, 33.75],
              "rotation": [0, 90, 0],
              "size": [4, 2, 6],
              "uv": [0, 299]
            }
          ],
          "name": "bone82",
          "parent": "bone80",
          "pivot": [-26.8, 8.30705, 29.75],
          "rotation": [0, -7.5, 0]
        }, {
          "cubes": [
            {
              "origin": [-8.17821, 3.30705, 18.25],
              "size": [5, 4, 11],
              "uv": [115, 306]
            }
          ],
          "name": "bone83",
          "parent": "bone77",
          "pivot": [-9.17821, 9.30705, 16.25]
        }, {
          "cubes": [
            {
              "inflate": -0.02,
              "origin": [-7.42821, 3.30705, 11.25],
              "pivot": [-3.42821, 5.30705, 18.25],
              "rotation": [0, 55, 0],
              "size": [4, 4, 7],
              "uv": [0, 307]
            }, {
              "inflate": -0.03,
              "origin": [-13.12821, 4.30705, 8.25],
              "pivot": [-9.12821, 5.30705, 14.25],
              "rotation": [0, 90, 0],
              "size": [4, 2, 6],
              "uv": [0, 318]
            }
          ],
          "name": "bone84",
          "parent": "bone83",
          "pivot": [-3.37821, 5.30705, 18.25],
          "rotation": [0, -7.5, 0]
        }, {
          "cubes": [
            {
              "inflate": -0.02,
              "origin": [-8.17821, 3.30705, 29],
              "pivot": [-4.17821, 5.30705, 30],
              "rotation": [0, -55, 0],
              "size": [4, 4, 8],
              "uv": [22, 309]
            }, {
              "inflate": -0.03,
              "origin": [-13.87821, 4.30705, 34],
              "pivot": [-9.87821, 5.30705, 34],
              "rotation": [0, -90, 0],
              "size": [4, 2, 6],
              "uv": [0, 299]
            }
          ],
          "name": "bone85",
          "parent": "bone83",
          "pivot": [-4.12821, 5.30705, 30],
          "rotation": [0, 7.5, 0]
        }
      ],
      "description": {
        "identifier": "geometry.giratina",
        "texture_height": 512,
        "texture_width": 512,
        "visible_bounds_height": 10,
        "visible_bounds_offset": [0, 4, 0],
        "visible_bounds_width": 13
      }
    }
  ]
}