{
  "animations": {
    "animation.arctibax.cry": {
      "animation_length": 1.5,
      "bones": {
        "head": {
          "rotation": {
            "0.0": {
              "lerp_mode": "catmullrom",
              "post": [0, 0, 0]
            },
            "0.25": {
              "lerp_mode": "catmullrom",
              "post": [-17.5, 0, 0]
            },
            "0.5833": {
              "lerp_mode": "catmullrom",
              "post": [2.5, 0, 0]
            },
            "1.0": {
              "lerp_mode": "catmullrom",
              "post": [2.5, 0, 0]
            },
            "1.5": {
              "lerp_mode": "catmullrom",
              "post": [0, 0, 0]
            }
          }
        },
        "jaw": {
          "rotation": {
            "0.0833": {
              "lerp_mode": "catmullrom",
              "post": [0, 0, 0],
              "pre": [0, 0, 0]
            },
            "0.25": {
              "lerp_mode": "catmullrom",
              "post": [40, 0, 0]
            },
            "1.0": {
              "lerp_mode": "catmullrom",
              "post": [40, 0, 0]
            },
            "1.5": {
              "lerp_mode": "catmullrom",
              "post": [0, 0, 0]
            }
          }
        }
      },
      "sound_effects": {
        "0.0833": {
          "effect": "pokemon.arctibax.cry"
        }
      }
    },
    "animation.arctibax.ground_idle": {
      "bones": {
        "arm_left": {
          "position": [0, 0, 1],
          "rotation": [3.82591, "9.8386+Math.cos((query.anim_time - 0.5) * 90) * 2", 61.9507]
        },
        "arm_left2": {
          "position": [-0.5, 0, 0.75],
          "rotation": [0, 47.5, 0]
        },
        "arm_right": {
          "position": [0, 0, 1],
          "rotation": [3.82591, "-9.8386-Math.cos((query.anim_time - 0.5) * 90) * 2", -61.9507]
        },
        "arm_right2": {
          "position": [0.5, 0, 0.75],
          "rotation": [0, -47.5, 0]
        },
        "head": {
          "rotation": ["0-Math.cos((query.anim_time - 0.8) * 90) * 2", 0, 0]
        },
        "jaw": {
          "rotation": ["0-Math.cos((query.anim_time - 0.5) * 90) * 2", 0, 0]
        },
        "neck": {
          "rotation": ["7.5-Math.cos((query.anim_time - 0.5) * 90) * 2", 0, 0]
        },
        "tail": {
          "rotation": ["0-Math.cos((query.anim_time - 0.5) * 90) * 2", 0, 0]
        },
        "tail2": {
          "rotation": ["0-Math.cos((query.anim_time - 0.8) * 90) * 2", 0, 0]
        },
        "torso": {
          "rotation": ["0-Math.cos((query.anim_time - 0.2) * 90) * 2", 0, 0]
        }
      },
      "loop": true
    },
    "animation.arctibax.ground_walk": {
      "bones": {
        "arm_left": {
          "rotation": [0, "-math.sin(query.anim_time*90*3*1.5)*10", "35+2*(math.sin(q.anim_time*90*9)*1+1)"]
        },
        "arm_left2": {
          "position": [-0.5, 0, 0.75],
          "rotation": [0, 47.5, 0]
        },
        "arm_right": {
          "rotation": [0, "-math.sin(query.anim_time*90*3*1.5+30)*10", "-35-2*(math.sin(q.anim_time*90*9)*1+1)"]
        },
        "arm_right2": {
          "position": [0.5, 0, 0.75],
          "rotation": [0, -47.5, 0]
        },
        "body": {
          "position": [0, "-math.clamp(math.sin(-query.anim_time*90*3*1.5-90+45/2)*0.5,0,1)-math.clamp(math.sin(-query.anim_time*90*3*1.5-90+45/2+180)*0.5,0,1)+0.3", "-math.clamp(math.sin(query.anim_time*90*3*1.5+90)*0.2,0,0.2)-math.clamp(math.sin(-query.anim_time*90*3*1.5-90)*0.2,0,0.2)"],
          "rotation": ["math.clamp(math.sin(query.anim_time*180*3*1.5/2+20)*1,0.2,0.9)+math.clamp(-math.sin(query.anim_time*180*3*1.5/2)*1,0.2,0.9)-0.8", 0, 0]
        },
        "fire": {
          "rotation": [-20, 0, 0]
        },
        "foot_left": {
          "rotation": ["math.clamp(math.sin(query.anim_time*90*3*1.5+45)*15,-14,14)+math.clamp(math.sin(query.anim_time*90*3*1.5+45)*15,0,8)", 0, 0]
        },
        "foot_right": {
          "rotation": ["math.clamp(math.sin(query.anim_time*90*3*1.5+45+180)*15,-14,14)+math.clamp(math.sin(query.anim_time*90*3*1.5+45+180)*15,0,8)", 0, 0]
        },
        "forearm_left": {
          "rotation": [0, "5-math.sin(query.anim_time*90*3*1.5)*6", 0]
        },
        "forearm_right": {
          "rotation": [0, "-5-math.sin(query.anim_time*90*3*1.5+30)*6", 0]
        },
        "hand_left": {
          "rotation": [0, 0, 15]
        },
        "hand_right": {
          "rotation": [0, 0, -15]
        },
        "leg_left": {
          "position": [0, "-math.clamp(math.sin(query.anim_time*90*3*1.5+25)*0.2,0,0.2)-math.clamp(-math.sin(query.anim_time*90*3*1.5+25)*0.4,0,0.3)+math.clamp(-math.sin(query.anim_time*90*3*1.5+25)*0.8,0.5,0.8)-math.clamp(-math.sin(query.anim_time*90*3*1.5+25+180)*0.8,0.5,0.8)", "-math.clamp(math.sin(query.anim_time*90*3*1.5)*0.5,-0.25,1)-math.clamp(math.sin(query.anim_time*90*3*1.5)*0.25,-0.8,0)"],
          "rotation": ["-math.clamp(math.sin(query.anim_time*90*3*1.5+45)*20,-15,14)-math.clamp(math.sin(query.anim_time*90*3*1.5+45)*20,0,20)+math.clamp(-math.sin(query.anim_time*90*3*1.5+180)*15,5,15)-5", 0, 0]
        },
        "leg_right": {
          "position": [0, "0.2-math.clamp(math.sin(query.anim_time*90*3*1.5+25+180)*0.2,0,0.2)-math.clamp(-math.sin(query.anim_time*90*3*1.5+25+180)*0.4,0,0.3)+math.clamp(-math.sin(query.anim_time*90*3*1.5+25+180)*0.8,0.5,0.8)-math.clamp(-math.sin(query.anim_time*90*3*1.5+25+180*2)*0.8,0.5,0.8)", "-math.clamp(math.sin(query.anim_time*90*3*1.5+180)*0.5,-0.25,1)-math.clamp(math.sin(query.anim_time*90*3*1.5+180)*0.25,-0.8,0)"],
          "rotation": ["-math.clamp(math.sin(query.anim_time*90*3*1.5+45+180)*20,-15,14)-math.clamp(math.sin(query.anim_time*90*3*1.5+45+180)*20,0,20)+math.clamp(-math.sin(query.anim_time*90*3*1.5+180*2)*15,5,15)-5", 0, 0]
        },
        "tail": {
          "rotation": ["math.clamp(math.sin(query.anim_time*180*3*1.5/2+20)*1,0.2,0.9)+math.clamp(-math.sin(query.anim_time*180*3*1.5/2)*1,0.2,0.9)-0.8", 0, 0]
        },
        "tail2": {
          "rotation": ["math.clamp(math.sin(query.anim_time*180*3*1.5/2+20)*1,0.2,0.9)+math.clamp(-math.sin(query.anim_time*180*3*1.5/2)*1,0.2,0.9)-0.8", 0, 0]
        },
        "wing_left": {
          "rotation": [0, -10, 0]
        },
        "wing_right": {
          "rotation": [0, 10, 0]
        }
      },
      "loop": true
    }
  },
  "format_version": "1.8.0"
}