{
  "format_version": "1.12.0",
  "minecraft:geometry": [
    {
      "bones": [
        {
          "name": "kyogre",
          "pivot": [0, 0, 0]
        }, {
          "name": "body",
          "parent": "kyogre",
          "pivot": [0, 13, -4]
        }, {
          "cubes": [
            {
              "origin": [-26, -3.26502, -30],
              "size": [52, 35, 33],
              "uv": [0, 120]
            }
          ],
          "name": "torso",
          "parent": "body",
          "pivot": [0, 14.23498, -1.5]
        }, {
          "cubes": [
            {
              "origin": [-23.5, -1.76502, -50],
              "size": [47, 32, 32],
              "uv": [138, 156]
            }
          ],
          "name": "body_font",
          "parent": "torso",
          "pivot": [0, 17.65777, -23.54431]
        }, {
          "cubes": [
            {
              "origin": [-20, 9.81498, -75.73],
              "size": [40, 2, 1],
              "uv": [150, 49]
            },
            {
              "inflate": -0.001,
              "origin": [19.3, 9.81498, -75.74],
              "size": [1, 2, 8],
              "uv": [150, 60]
            },
            {
              "inflate": -0.001,
              "origin": [-20.31, 9.81498, -59.28],
              "size": [1, 2, 9],
              "uv": [33, 42]
            },
            {
              "inflate": -0.001,
              "origin": [-20.3, 9.81498, -75.74],
              "size": [1, 2, 8],
              "uv": [150, 21]
            },
            {
              "inflate": -0.001,
              "origin": [19.31, 9.81498, -59.28],
              "size": [1, 2, 9],
              "uv": [137, 141]
            }, {
              "inflate": 0.01,
              "origin": [-20, 11.82233, -73.49779],
              "pivot": [0, 12.35843, -62.1],
              "rotation": [9, 0, 0],
              "size": [40, 14, 35],
              "uv": [150, 0]
            }, {
              "inflate": 0.01,
              "origin": [15, 20.68174, -59.84337],
              "pivot": [17, 23.18174, -55.34337],
              "rotation": [24, 0, 0],
              "size": [4, 5, 9],
              "uv": [0, 79]
            }, {
              "inflate": 0.01,
              "origin": [14.34, 18.68174, -65.84337],
              "pivot": [16.34, 20.18174, -61.34337],
              "rotation": [24, 0, 0],
              "size": [4, 3, 9],
              "uv": [0, 0]
            }, {
              "inflate": 0.01,
              "mirror": true,
              "origin": [-19, 20.68174, -59.84337],
              "pivot": [-17, 23.18174, -55.34337],
              "rotation": [24, 0, 0],
              "size": [4, 5, 9],
              "uv": [0, 79]
            }, {
              "inflate": 0.01,
              "mirror": true,
              "origin": [-18.34, 18.68174, -65.84337],
              "pivot": [-16.34, 20.18174, -61.34337],
              "rotation": [24, 0, 0],
              "size": [4, 3, 9],
              "uv": [0, 0]
            }, {
              "inflate": -0.001,
              "origin": [-20, 9.87498, -75.5],
              "size": [40, 14, 28],
              "uv": [176, 111]
            }, {
              "inflate": -0.1,
              "origin": [-20, 0.10498, -63.82],
              "pivot": [0, 13.53843, -60.66],
              "rotation": [-5, 0, 0],
              "size": [40, 20, 24],
              "uv": [100, 220]
            }, {
              "inflate": -0.001,
              "origin": [-12, 2.81498, -70.5],
              "size": [24, 9, 27],
              "uv": [190, 270]
            }
          ],
          "name": "head",
          "parent": "body_font",
          "pivot": [0, 13.22843, -42.66],
          "rotation": [-2.5, 0, 0]
        }, {
          "cubes": [
            {
              "origin": [20.06, 8.25498, -69.52],
              "size": [0, 8, 12],
              "uv": [0, 8]
            },
            {
              "origin": [18.37, 13.29498, -60.52],
              "size": [2, 2, 1],
              "uv": [20, 60]
            },
            {
              "origin": [18.37, 13.29498, -59.52],
              "size": [2, 1, 1],
              "uv": [0, 36]
            },
            {
              "origin": [18.37, 13.29498, -68.52],
              "size": [2, 1, 1],
              "uv": [12, 36]
            },
            {
              "origin": [18.37, 13.29498, -67.52],
              "size": [2, 2, 1],
              "uv": [47, 60]
            },
            {
              "origin": [18.37, 11.29498, -59.52],
              "size": [2, 2, 2],
              "uv": [42, 29]
            },
            {
              "origin": [18.37, 11.29498, -69.52],
              "size": [2, 2, 2],
              "uv": [42, 33]
            },
            {
              "origin": [18.37, 14.29498, -66.52],
              "size": [2, 2, 6],
              "uv": [0, 188]
            }
          ],
          "name": "eye_right",
          "parent": "head",
          "pivot": [0.08, 16.20843, -62.16]
        }, {
          "cubes": [
            {
              "origin": [17.37, 10.29498, -67.52],
              "size": [2, 5, 8],
              "uv": [149, 133]
            }
          ],
          "name": "eye_right_lid",
          "parent": "eye_right",
          "pivot": [18.37, 12.79498, -63.52]
        }, {
          "cubes": [
            {
              "origin": [-20.37, 14.29498, -66.52],
              "size": [2, 2, 6],
              "uv": [160, 21]
            },
            {
              "origin": [-20.37, 11.29498, -69.52],
              "size": [2, 2, 2],
              "uv": [0, 0]
            },
            {
              "origin": [-20.37, 11.29498, -59.52],
              "size": [2, 2, 2],
              "uv": [17, 0]
            },
            {
              "origin": [-20.37, 13.29498, -67.52],
              "size": [2, 2, 1],
              "uv": [48, 28]
            },
            {
              "origin": [-20.37, 13.29498, -68.52],
              "size": [2, 1, 1],
              "uv": [23, 0]
            },
            {
              "origin": [-20.37, 13.29498, -59.52],
              "size": [2, 1, 1],
              "uv": [23, 27]
            },
            {
              "origin": [-20.37, 13.29498, -60.52],
              "size": [2, 2, 1],
              "uv": [24, 51]
            },
            {
              "origin": [-20.06, 8.25498, -69.52],
              "size": [0, 8, 12],
              "uv": [0, 0]
            }
          ],
          "name": "eye_left",
          "parent": "head",
          "pivot": [-0.08, 16.20843, -62.16]
        }, {
          "cubes": [
            {
              "origin": [-19.37, 10.29498, -67.52],
              "size": [2, 5, 8],
              "uv": [0, 93]
            }
          ],
          "name": "eye_left_lid",
          "parent": "eye_left",
          "pivot": [-18.37, 12.79498, -63.52]
        }, {
          "cubes": [
            {
              "inflate": -0.09,
              "origin": [-20, 0.49962, -75.51205],
              "pivot": [0, 10.89843, -60.12],
              "rotation": [1.5, 0, 0],
              "size": [40, 10, 16],
              "uv": [263, 49]
            }
          ],
          "name": "maxilla",
          "parent": "head",
          "pivot": [0, 10.89843, -60.12]
        }, {
          "cubes": [
            {
              "origin": [1.23, -4.18502, -74.641],
              "pivot": [21.23, -7.59157, -60.97],
              "rotation": [0, 0, 45],
              "size": [4, 4, 0],
              "uv": [17, 79]
            }, {
              "origin": [-3.94, -4.18502, -74.639],
              "pivot": [16.06, -7.59157, -60.97],
              "rotation": [0, 0, 45],
              "size": [4, 4, 0],
              "uv": [0, 83]
            }, {
              "origin": [6.07, -4.18502, -74.643],
              "pivot": [26.07, -7.59157, -60.97],
              "rotation": [0, 0, 45],
              "size": [4, 4, 0],
              "uv": [0, 79]
            }, {
              "origin": [19.78, -2.08502, -75.3],
              "pivot": [-0.22, 2.50843, -61.64],
              "rotation": [-45, 0, 0],
              "size": [0, 4, 4],
              "uv": [12, 28]
            }, {
              "origin": [19.8, -2.08502, -70.47],
              "pivot": [-0.2, 2.50843, -56.81],
              "rotation": [-45, 0, 0],
              "size": [0, 4, 4],
              "uv": [0, 28]
            }, {
              "origin": [-8.88, -4.18502, -74.638],
              "pivot": [11.12, -7.59157, -60.97],
              "rotation": [0, 0, 45],
              "size": [4, 4, 0],
              "uv": [17, 83]
            }, {
              "origin": [-13.78, -4.18502, -74.635],
              "pivot": [6.22, -7.59157, -60.97],
              "rotation": [0, 0, 45],
              "size": [4, 4, 0],
              "uv": [46, 87]
            }, {
              "origin": [-18.71, -4.18502, -74.63],
              "pivot": [1.29, -7.59157, -60.97],
              "rotation": [0, 0, 45],
              "size": [4, 4, 0],
              "uv": [46, 91]
            }, {
              "origin": [-23.66, -4.18502, -74.632],
              "pivot": [-3.66, -7.59157, -60.97],
              "rotation": [0, 0, 45],
              "size": [4, 4, 0],
              "uv": [0, 93]
            }, {
              "origin": [-19.8, -2.08502, -70.47],
              "pivot": [0.2, 2.50843, -56.81],
              "rotation": [-45, 0, 0],
              "size": [0, 4, 4],
              "uv": [12, 24]
            }, {
              "origin": [-19.78, -2.08502, -75.3],
              "pivot": [0.22, 2.50843, -61.64],
              "rotation": [-45, 0, 0],
              "size": [0, 4, 4],
              "uv": [0, 24]
            }, {
              "origin": [-28.29, -4.18502, -74.63],
              "pivot": [-8.29, -7.59157, -60.97],
              "rotation": [0, 0, 45],
              "size": [4, 4, 0],
              "uv": [12, 93]
            }
          ],
          "name": "teeth_down",
          "parent": "maxilla",
          "pivot": [-0.11661, 8.94606, -72.85457]
        }, {
          "cubes": [
            {
              "origin": [19.781, -1.08502, -73.3],
              "pivot": [-0.22, 3.50843, -59.64],
              "rotation": [-45, 0, 0],
              "size": [0, 4, 4],
              "uv": [17, 0]
            }, {
              "origin": [3.71, -3.45502, -74.642],
              "pivot": [23.71, -6.86157, -60.97],
              "rotation": [0, 0, 45],
              "size": [4, 4, 0],
              "uv": [44, 41]
            }, {
              "origin": [-1.46, -3.45502, -74.64],
              "pivot": [18.54, -6.86157, -60.97],
              "rotation": [0, 0, 45],
              "size": [4, 4, 0],
              "uv": [44, 45]
            }, {
              "origin": [-6.4, -3.45502, -74.63],
              "pivot": [13.6, -6.86157, -60.97],
              "rotation": [0, 0, 45],
              "size": [4, 4, 0],
              "uv": [0, 60]
            }, {
              "origin": [-11.3, -3.45502, -74.636],
              "pivot": [8.7, -6.86157, -60.97],
              "rotation": [0, 0, 45],
              "size": [4, 4, 0],
              "uv": [12, 64]
            }, {
              "origin": [-16.23, -3.45502, -74.634],
              "pivot": [3.77, -6.86157, -60.97],
              "rotation": [0, 0, 45],
              "size": [4, 4, 0],
              "uv": [0, 64]
            }, {
              "origin": [-21.18, -3.45502, -74.633],
              "pivot": [-1.18, -6.86157, -60.97],
              "rotation": [0, 0, 45],
              "size": [4, 4, 0],
              "uv": [12, 60]
            }, {
              "origin": [-26.01, -3.45502, -74.631],
              "pivot": [-6.01, -6.86157, -60.97],
              "rotation": [0, 0, 45],
              "size": [4, 4, 0],
              "uv": [42, 37]
            }, {
              "origin": [-19.78, -1.08502, -73.3],
              "pivot": [0.22, 3.50843, -59.64],
              "rotation": [-45, 0, 0],
              "size": [0, 4, 4],
              "uv": [0, 0]
            }
          ],
          "name": "teeth",
          "parent": "head",
          "pivot": [0.22, 10.50843, -58.64]
        }, {
          "cubes": [
            {
              "origin": [16.24, -0.5, -41.01],
              "pivot": [28.24, -0.5, -40.01],
              "rotation": [1.86702, -50.78506, 29.93305],
              "size": [13, 2, 13],
              "uv": [157, 318]
            }
          ],
          "name": "fin_down_left",
          "parent": "body_font",
          "pivot": [22.14567, 4.36916, -40.81646]
        }, {
          "cubes": [
            {
              "origin": [-29.24, -0.5, -41.01],
              "pivot": [-28.24, -0.5, -40.01],
              "rotation": [1.86702, 50.78506, -29.93305],
              "size": [13, 2, 13],
              "uv": [162, 270]
            }
          ],
          "name": "fin_down_right",
          "parent": "body_font",
          "pivot": [-22.14567, 4.36916, -40.81646]
        }, {
          "cubes": [
            {
              "origin": [16.95156, 9.73498, -28],
              "size": [25, 4, 17],
              "uv": [284, 94]
            }
          ],
          "name": "fin_right",
          "parent": "torso",
          "pivot": [29.22341, 10.67632, -10.23781]
        }, {
          "cubes": [
            {
              "inflate": 0.1,
              "origin": [39.83156, 9.40498, -34.23],
              "size": [16, 5, 30],
              "uv": [265, 0]
            }
          ],
          "name": "fin_right1",
          "parent": "fin_right",
          "pivot": [39.83156, 11.90498, -19.23]
        }, {
          "cubes": [
            {
              "inflate": 0.2,
              "origin": [54.37156, 8.99498, -38.23],
              "size": [19, 6, 37],
              "uv": [0, 240]
            }
          ],
          "name": "fin_right2",
          "parent": "fin_right1",
          "pivot": [53.87156, 11.99498, -19.73]
        }, {
          "cubes": [
            {
              "inflate": 0.3,
              "origin": [72.37156, 8.99498, -47.23],
              "size": [48, 6, 54],
              "uv": [0, 60]
            }, {
              "inflate": 0.3,
              "origin": [82.37156, 10.69498, -28.23],
              "pivot": [89.87156, 12.19498, -20.73],
              "rotation": [0, 45, 0],
              "size": [15, 3, 15],
              "uv": [284, 115]
            }, {
              "inflate": 0.2,
              "origin": [93.37156, 10.69498, -13.78],
              "pivot": [100.87156, 12.19498, -12.28],
              "rotation": [0, -25, 0],
              "size": [8, 3, 3],
              "uv": [0, 106]
            }, {
              "inflate": 0.5,
              "origin": [100.89156, 10.69498, -33.41],
              "pivot": [106.39156, 12.19498, -31.91],
              "rotation": [0, 25, 0],
              "size": [6, 3, 3],
              "uv": [150, 70]
            }, {
              "inflate": 0.2,
              "origin": [93.37156, 10.69498, -30.78],
              "pivot": [100.87156, 12.19498, -29.28],
              "rotation": [0, 25, 0],
              "size": [8, 3, 3],
              "uv": [0, 106]
            }, {
              "inflate": 0.5,
              "origin": [100.89156, 10.69498, -11.13],
              "pivot": [106.39156, 12.19498, -9.63],
              "rotation": [0, -25, 0],
              "size": [6, 3, 3],
              "uv": [150, 70]
            }, {
              "inflate": 0.2,
              "origin": [74.37156, 10.69498, -22.64],
              "size": [8, 3, 4],
              "uv": [0, 47]
            }, {
              "inflate": 0.3,
              "origin": [111.08156, 10.99498, -47.56],
              "pivot": [122.58156, 11.99498, -42.55],
              "rotation": [0, 20, 0],
              "size": [20, 2, 10],
              "uv": [50, 310]
            }, {
              "inflate": 0.3,
              "origin": [113.81156, 10.99498, -32.23],
              "pivot": [125.31156, 11.99498, -27.23],
              "rotation": [0, 3, 0],
              "size": [20, 2, 10],
              "uv": [110, 310]
            }, {
              "inflate": 0.3,
              "origin": [113.81156, 10.99498, -17.23],
              "pivot": [125.31156, 11.99498, -12.23],
              "rotation": [0, -5, 0],
              "size": [20, 2, 10],
              "uv": [312, 133]
            }, {
              "inflate": 0.3,
              "origin": [111.45156, 10.99498, -2.9],
              "pivot": [122.95156, 11.99498, 2.1],
              "rotation": [0, -20, 0],
              "size": [20, 2, 10],
              "uv": [0, 316]
            }
          ],
          "name": "fin_right3",
          "parent": "fin_right2",
          "pivot": [72.18748, 11.99498, -20.2817]
        }, {
          "cubes": [
            {
              "origin": [-41.95156, 9.73498, -28],
              "size": [25, 4, 17],
              "uv": [0, 283]
            }
          ],
          "name": "fin_left",
          "parent": "torso",
          "pivot": [-29.22341, 10.67632, -10.23781]
        }, {
          "cubes": [
            {
              "inflate": 0.1,
              "origin": [-56.83156, 9.40498, -34.23],
              "size": [16, 5, 30],
              "uv": [264, 153]
            }
          ],
          "name": "fin_left1",
          "parent": "fin_left",
          "pivot": [-40.83156, 11.90498, -19.23]
        }, {
          "cubes": [
            {
              "inflate": 0.2,
              "origin": [-74.37156, 8.99498, -38.23],
              "size": [19, 6, 37],
              "uv": [191, 227]
            }
          ],
          "name": "fin_left2",
          "parent": "fin_left1",
          "pivot": [-54.87156, 11.99498, -19.73]
        }, {
          "cubes": [
            {
              "inflate": 0.2,
              "mirror": true,
              "origin": [-82.37156, 10.69498, -22.64],
              "size": [8, 3, 4],
              "uv": [0, 47]
            }, {
              "inflate": 0.3,
              "mirror": true,
              "origin": [-97.37156, 10.69498, -28.23],
              "pivot": [-89.87156, 12.19498, -20.73],
              "rotation": [0, 45, 0],
              "size": [15, 3, 15],
              "uv": [284, 115]
            }, {
              "inflate": 0.2,
              "mirror": true,
              "origin": [-101.37156, 10.69498, -30.78],
              "pivot": [-100.87156, 12.19498, -29.28],
              "rotation": [0, -25, 0],
              "size": [8, 3, 3],
              "uv": [0, 106]
            }, {
              "inflate": 0.5,
              "mirror": true,
              "origin": [-106.89156, 10.69498, -33.41],
              "pivot": [-106.39156, 12.19498, -31.91],
              "rotation": [0, -25, 0],
              "size": [6, 3, 3],
              "uv": [150, 70]
            }, {
              "inflate": 0.5,
              "mirror": true,
              "origin": [-106.89156, 10.69498, -11.13],
              "pivot": [-106.39156, 12.19498, -9.63],
              "rotation": [0, 25, 0],
              "size": [6, 3, 3],
              "uv": [150, 70]
            }, {
              "inflate": 0.2,
              "mirror": true,
              "origin": [-101.37156, 10.69498, -13.78],
              "pivot": [-100.87156, 12.19498, -12.28],
              "rotation": [0, 25, 0],
              "size": [8, 3, 3],
              "uv": [0, 106]
            }, {
              "inflate": 0.3,
              "origin": [-121.37156, 8.99498, -47.23],
              "size": [48, 6, 54],
              "uv": [0, 0]
            }, {
              "inflate": 0.3,
              "mirror": true,
              "origin": [-131.08156, 10.99498, -47.56],
              "pivot": [-122.58156, 11.99498, -42.55],
              "rotation": [0, -20, 0],
              "size": [20, 2, 10],
              "uv": [50, 310]
            }, {
              "inflate": 0.3,
              "mirror": true,
              "origin": [-133.81156, 10.99498, -32.23],
              "pivot": [-125.31156, 11.99498, -27.23],
              "rotation": [0, -3, 0],
              "size": [20, 2, 10],
              "uv": [110, 310]
            }, {
              "inflate": 0.3,
              "mirror": true,
              "origin": [-133.81156, 10.99498, -17.23],
              "pivot": [-125.31156, 11.99498, -12.23],
              "rotation": [0, 5, 0],
              "size": [20, 2, 10],
              "uv": [312, 133]
            }, {
              "inflate": 0.3,
              "mirror": true,
              "origin": [-131.45156, 10.99498, -2.9],
              "pivot": [-122.95156, 11.99498, 2.1],
              "rotation": [0, 20, 0],
              "size": [20, 2, 10],
              "uv": [0, 316]
            }
          ],
          "name": "fin_left3",
          "parent": "fin_left2",
          "pivot": [-73.18748, 11.99498, -20.2817]
        }, {
          "cubes": [
            {
              "origin": [-17.66, 19.92, 7.75],
              "pivot": [-16.66, 31.92, 16.25],
              "rotation": [-19.88487, 3.24199, -4.24018],
              "size": [0, 12, 20],
              "uv": [96, 168]
            }, {
              "origin": [-18.26, 25.28, -1.76],
              "pivot": [-17.76, 36.28, 4.74],
              "rotation": [-12.49658, -0.1308, -2.99715],
              "size": [0, 10, 15],
              "uv": [75, 249]
            }, {
              "inflate": 0.1,
              "origin": [-16.66, 12.88, -7.56],
              "pivot": [-16.16, 21.88, -1.06],
              "rotation": [-93.8576, -0.30203, -15.88992],
              "size": [1, 18, 14],
              "uv": [286, 318]
            }, {
              "inflate": 0.1,
              "origin": [-13.21, 0.74, -8.5],
              "pivot": [-12.71, 9.74, -2],
              "rotation": [-93.8576, -0.30203, -15.88992],
              "size": [1, 18, 14],
              "uv": [256, 318]
            }, {
              "inflate": 0.1,
              "origin": [-13.21, 0.74, -8.5],
              "pivot": [-12.71, 9.74, -2],
              "rotation": [-93.8576, -0.30203, -15.88992],
              "size": [1, 18, 14],
              "uv": [226, 306]
            }, {
              "origin": [-17.57, 17.68, -14.97],
              "pivot": [-16.57, 27.18, -7.97],
              "rotation": [0, 0, -4],
              "size": [0, 19, 14],
              "uv": [0, 120]
            }
          ],
          "name": "fin_upper_left",
          "parent": "torso",
          "pivot": [-17.36, 27.18, -8.99],
          "rotation": [42.2224, 3.15856, -26.48831]
        }, {
          "cubes": [
            {
              "mirror": true,
              "origin": [17.66, 19.92, 7.75],
              "pivot": [16.66, 31.92, 16.25],
              "rotation": [-19.88487, -3.24199, 4.24018],
              "size": [0, 12, 20],
              "uv": [96, 168]
            }, {
              "mirror": true,
              "origin": [18.26, 25.28, -1.76],
              "pivot": [17.76, 36.28, 4.74],
              "rotation": [-12.49658, 0.1308, 2.99715],
              "size": [0, 10, 15],
              "uv": [75, 249]
            }, {
              "inflate": 0.1,
              "mirror": true,
              "origin": [15.66, 12.88, -7.56],
              "pivot": [16.16, 21.88, -1.06],
              "rotation": [-93.8576, 0.30203, 15.88992],
              "size": [1, 18, 14],
              "uv": [286, 318]
            }, {
              "inflate": 0.1,
              "mirror": true,
              "origin": [12.21, 0.74, -8.5],
              "pivot": [12.71, 9.74, -2],
              "rotation": [-93.8576, 0.30203, 15.88992],
              "size": [1, 18, 14],
              "uv": [256, 318]
            }, {
              "inflate": 0.1,
              "mirror": true,
              "origin": [12.21, 0.74, -8.5],
              "pivot": [12.71, 9.74, -2],
              "rotation": [-93.8576, 0.30203, 15.88992],
              "size": [1, 18, 14],
              "uv": [226, 306]
            }, {
              "mirror": true,
              "origin": [17.57, 17.68, -14.97],
              "pivot": [16.57, 27.18, -7.97],
              "rotation": [0, 0, 4],
              "size": [0, 19, 14],
              "uv": [0, 120]
            }
          ],
          "name": "fin_upper_right",
          "parent": "torso",
          "pivot": [17.36, 27.18, -8.99],
          "rotation": [42.2224, -3.15856, 26.48831]
        }, {
          "locators": {
            "seat_1": [0, 32, -9]
          },
          "name": "locator_seat_1",
          "parent": "torso",
          "pivot": [0, 31, -12]
        }, {
          "cubes": [
            {
              "origin": [-23, -1.25538, 0],
              "size": [46, 30, 21],
              "uv": [150, 60]
            },
            {
              "inflate": -0.1,
              "origin": [-23, -1.25538, -9.33],
              "size": [46, 30, 10],
              "uv": [266, 220]
            }
          ],
          "name": "body_rear",
          "parent": "body",
          "pivot": [0, 12.73498, -2.24]
        }, {
          "cubes": [
            {
              "origin": [-17, 1.73498, 15],
              "size": [34, 24, 28],
              "uv": [0, 188]
            }
          ],
          "name": "body_rear1",
          "parent": "body_rear",
          "pivot": [0, 13.73498, 23.76]
        }, {
          "cubes": [
            {
              "origin": [-12.5, 4.73498, 34.76],
              "size": [25, 18, 28],
              "uv": [84, 264]
            }
          ],
          "name": "tail",
          "parent": "body_rear1",
          "pivot": [0, 13.73498, 38.76]
        }, {
          "cubes": [
            {
              "origin": [-8.5, 7.73498, 53.15],
              "size": [17, 12, 27],
              "uv": [265, 279]
            }
          ],
          "name": "tail_main1",
          "parent": "tail",
          "pivot": [0, 15.07498, 57.77]
        }, {
          "cubes": [
            {
              "inflate": -1.5,
              "origin": [-6.5, 8.07498, 72.27],
              "size": [13, 12, 20],
              "uv": [296, 188]
            }
          ],
          "name": "bone16",
          "parent": "tail_main1",
          "pivot": [0, 16.07498, 75.77]
        }, {
          "name": "tail_main2",
          "parent": "tail",
          "pivot": [0, 14, 56]
        }, {
          "cubes": [
            {
              "origin": [-37.75, 8.73498, 57.75],
              "pivot": [-26.25, 11.73498, 64.25],
              "rotation": [0, 18, 0],
              "size": [32, 6, 13],
              "uv": [284, 75]
            }
          ],
          "name": "tail_main_left",
          "parent": "tail_main2",
          "pivot": [-12.03284, 11.98272, 59.34503]
        }, {
          "cubes": [
            {
              "origin": [-26.51, 11.73498, 67.74],
              "size": [10, 0, 26],
              "uv": [0, 87]
            }
          ],
          "name": "tail_main_left1",
          "parent": "tail_main_left",
          "pivot": [-20.66284, 11.98272, 69.34503]
        }, {
          "cubes": [
            {
              "origin": [-26.51, 11.73498, 93.74],
              "size": [10, 0, 27],
              "uv": [0, 60]
            }
          ],
          "name": "tail_main_left1_1",
          "parent": "tail_main_left1",
          "pivot": [-21.66284, 11.73272, 93.71503]
        }, {
          "cubes": [
            {
              "origin": [-26.51, 11.73498, 120.74],
              "size": [10, 0, 22],
              "uv": [0, 29]
            }
          ],
          "name": "tail_main_left1_2",
          "parent": "tail_main_left1_1",
          "pivot": [-21.66284, 10.98272, 121.34503]
        }, {
          "cubes": [
            {
              "origin": [-44.2, 10.26498, 61.26],
              "pivot": [-34.7, 13.26498, 67.76],
              "rotation": [0, 58, 0],
              "size": [13, 3, 9],
              "uv": [62, 322]
            }
          ],
          "name": "tail_main_left2",
          "parent": "tail_main_left",
          "pivot": [-33.03284, 11.98272, 54.34503]
        }, {
          "cubes": [
            {
              "origin": [-44.88, 11.73498, 71.74],
              "size": [10, 0, 21],
              "uv": [129, 0]
            }
          ],
          "name": "tail_main_left2_1",
          "parent": "tail_main_left2",
          "pivot": [-43.03284, 11.98272, 72.34503]
        }, {
          "cubes": [
            {
              "origin": [-44.88, 11.73498, 92.74],
              "size": [10, 0, 21],
              "uv": [116, 120]
            }
          ],
          "name": "tail_main_left2_2",
          "parent": "tail_main_left2_1",
          "pivot": [-40.03284, 11.71272, 92.75503]
        }, {
          "cubes": [
            {
              "origin": [-44.88, 11.73498, 113.74],
              "size": [10, 0, 29],
              "uv": [0, 0]
            }
          ],
          "name": "tail_main_left2_3",
          "parent": "tail_main_left2_2",
          "pivot": [-41.03284, 11.98272, 114.34503]
        }, {
          "cubes": [
            {
              "mirror": true,
              "origin": [5.75, 8.73498, 57.75],
              "pivot": [26.25, 11.73498, 64.25],
              "rotation": [0, -18, 0],
              "size": [32, 6, 13],
              "uv": [284, 75]
            }
          ],
          "name": "tail_main_right",
          "parent": "tail_main2",
          "pivot": [12.03284, 11.98272, 59.34503]
        }, {
          "cubes": [
            {
              "mirror": true,
              "origin": [16.51, 11.73498, 67.74],
              "size": [10, 0, 26],
              "uv": [0, 87]
            }
          ],
          "name": "tail_main_right1",
          "parent": "tail_main_right",
          "pivot": [20.66284, 11.98272, 69.34503]
        }, {
          "cubes": [
            {
              "mirror": true,
              "origin": [16.51, 11.73498, 93.74],
              "size": [10, 0, 27],
              "uv": [0, 60]
            }
          ],
          "name": "tail_main_right1_1",
          "parent": "tail_main_right1",
          "pivot": [21.66284, 11.73272, 93.71503]
        }, {
          "cubes": [
            {
              "mirror": true,
              "origin": [16.51, 11.73498, 120.74],
              "size": [10, 0, 22],
              "uv": [0, 29]
            }
          ],
          "name": "tail_main_right1_2",
          "parent": "tail_main_right1_1",
          "pivot": [23.66284, 11.98272, 120.34503]
        }, {
          "cubes": [
            {
              "mirror": true,
              "origin": [31.2, 10.26498, 61.26],
              "pivot": [34.7, 13.26498, 67.76],
              "rotation": [0, -58, 0],
              "size": [13, 3, 9],
              "uv": [62, 322]
            }
          ],
          "name": "tail_main_right2",
          "parent": "tail_main_right",
          "pivot": [33.03284, 11.98272, 54.34503]
        }, {
          "cubes": [
            {
              "mirror": true,
              "origin": [34.88, 11.73498, 71.74],
              "size": [10, 0, 21],
              "uv": [129, 0]
            }
          ],
          "name": "tail_main_right2_1",
          "parent": "tail_main_right2",
          "pivot": [43.03284, 11.98272, 72.34503]
        }, {
          "cubes": [
            {
              "mirror": true,
              "origin": [34.88, 11.73498, 92.74],
              "size": [10, 0, 21],
              "uv": [116, 120]
            }
          ],
          "name": "tail_main_right2_2",
          "parent": "tail_main_right2_1",
          "pivot": [40.03284, 11.71272, 92.75503]
        }, {
          "cubes": [
            {
              "mirror": true,
              "origin": [34.88, 11.73498, 113.74],
              "size": [10, 0, 29],
              "uv": [0, 0]
            }
          ],
          "name": "tail_main_right2_3",
          "parent": "tail_main_right2_2",
          "pivot": [42.03284, 12.98272, 113.34503]
        }
      ],
      "description": {
        "identifier": "geometry.unknown",
        "texture_height": 512,
        "texture_width": 512,
        "visible_bounds_height": 17,
        "visible_bounds_offset": [0, 3.5, 0],
        "visible_bounds_width": 22
      }
    }
  ]
}