{
  "format_version": "1.12.0",
  "minecraft:geometry": [
    {
      "bones": [
        {
          "name": "kyogre",
          "pivot": [0, 0, 0]
        }, {
          "name": "body",
          "parent": "kyogre",
          "pivot": [0, 13, -9]
        },
        {
          "name": "torso",
          "parent": "body",
          "pivot": [0, 14.23498, -6.5]
        }, {
          "cubes": [
            {
              "origin": [-26, -3.26502, -35],
              "size": [52, 35, 33],
              "uv": [0, 60]
            }
          ],
          "name": "worm",
          "parent": "torso",
          "pivot": [12.52624, 2.02735, -3.88028]
        }, {
          "cubes": [
            {
              "mirror": true,
              "origin": [-16.36, 11.68, -24.99],
              "pivot": [-17.36, 24.18, -17.99],
              "rotation": [12.5, 0, -4],
              "size": [0, 24, 41],
              "uv": [4, 277]
            }
          ],
          "name": "fin_upper_left",
          "parent": "worm",
          "pivot": [-17.36, 27.18, -13.99],
          "rotation": [34.7224, 3.15856, -26.48831]
        }, {
          "cubes": [
            {
              "origin": [16.36, 10.68, -24.99],
              "pivot": [17.36, 26.18, -17.99],
              "rotation": [12.5, 0, 4],
              "size": [0, 25, 41],
              "uv": [4, 277]
            }
          ],
          "name": "fin_upper_right",
          "parent": "worm",
          "pivot": [17.36, 27.18, -13.99],
          "rotation": [34.7224, -3.15856, 26.48831]
        }, {
          "cubes": [
            {
              "origin": [-23.5, -1.76502, -55],
              "size": [47, 32, 32],
              "uv": [0, 128]
            }
          ],
          "name": "body_font",
          "parent": "worm",
          "pivot": [0, 17.65777, -28.54431]
        }, {
          "cubes": [
            {
              "origin": [-20, 10.81498, -80.73],
              "size": [40, 2, 1],
              "uv": [226, 184]
            },
            {
              "inflate": -0.001,
              "origin": [19.3, 10.81498, -80.74],
              "size": [1, 2, 8],
              "uv": [138, 147]
            },
            {
              "inflate": -0.001,
              "mirror": true,
              "origin": [-20.31, 10.81498, -64.28],
              "size": [1, 2, 9],
              "uv": [0, 0]
            },
            {
              "inflate": -0.001,
              "mirror": true,
              "origin": [-20.3, 10.81498, -80.74],
              "size": [1, 2, 8],
              "uv": [138, 147]
            },
            {
              "inflate": -0.001,
              "origin": [19.31, 10.81498, -64.28],
              "size": [1, 2, 9],
              "uv": [0, 0]
            },
            {
              "inflate": 0.01,
              "origin": [-20, 12.69734, -80.5],
              "size": [40, 14, 35],
              "uv": [135, 93]
            },
            {
              "inflate": -0.001,
              "origin": [-20, 10.87498, -80.5],
              "size": [40, 14, 28],
              "uv": [158, 142]
            }, {
              "inflate": -0.1,
              "origin": [-20, 1.10498, -68.82],
              "pivot": [0, 14.53843, -65.66],
              "rotation": [-5, 0, 0],
              "size": [40, 20, 24],
              "uv": [0, 192]
            }
          ],
          "name": "head",
          "parent": "body_font",
          "pivot": [0, 14.22843, -47.66]
        }, {
          "cubes": [
            {
              "origin": [20.06, 9.25498, -74.52],
              "size": [0, 8, 12],
              "uv": [0, 8]
            },
            {
              "origin": [18.37, 14.29498, -65.52],
              "size": [2, 2, 1],
              "uv": [11, 0]
            },
            {
              "origin": [18.37, 14.29498, -64.52],
              "size": [2, 1, 1],
              "uv": [11, 3]
            },
            {
              "origin": [18.37, 14.29498, -73.52],
              "size": [2, 1, 1],
              "uv": [11, 3]
            },
            {
              "origin": [18.37, 14.29498, -72.52],
              "size": [2, 2, 1],
              "uv": [11, 0]
            },
            {
              "origin": [18.37, 12.29498, -64.52],
              "size": [2, 2, 2],
              "uv": [0, 0]
            },
            {
              "origin": [18.37, 12.29498, -74.52],
              "size": [2, 2, 2],
              "uv": [0, 0]
            },
            {
              "origin": [18.37, 15.29498, -71.52],
              "size": [2, 2, 6],
              "uv": [11, 0]
            }
          ],
          "name": "eye_right",
          "parent": "head",
          "pivot": [0.08, 17.20843, -67.16]
        }, {
          "cubes": [
            {
              "origin": [17.37, 11.29498, -72.52],
              "size": [2, 5, 8],
              "uv": [126, 142]
            }
          ],
          "name": "eye_right_lid",
          "parent": "eye_right",
          "pivot": [18.37, 13.79498, -68.52]
        }, {
          "cubes": [
            {
              "mirror": true,
              "origin": [-20.37, 15.29498, -71.52],
              "size": [2, 2, 6],
              "uv": [11, 0]
            },
            {
              "mirror": true,
              "origin": [-20.37, 12.29498, -74.52],
              "size": [2, 2, 2],
              "uv": [0, 0]
            },
            {
              "mirror": true,
              "origin": [-20.37, 12.29498, -64.52],
              "size": [2, 2, 2],
              "uv": [0, 0]
            },
            {
              "mirror": true,
              "origin": [-20.37, 14.29498, -72.52],
              "size": [2, 2, 1],
              "uv": [11, 0]
            },
            {
              "mirror": true,
              "origin": [-20.37, 14.29498, -73.52],
              "size": [2, 1, 1],
              "uv": [11, 3]
            },
            {
              "mirror": true,
              "origin": [-20.37, 14.29498, -64.52],
              "size": [2, 1, 1],
              "uv": [11, 3]
            },
            {
              "mirror": true,
              "origin": [-20.37, 14.29498, -65.52],
              "size": [2, 2, 1],
              "uv": [11, 0]
            },
            {
              "origin": [-20.06, 9.25498, -74.52],
              "size": [0, 8, 12],
              "uv": [0, 0]
            }
          ],
          "name": "eye_left",
          "parent": "head",
          "pivot": [-0.08, 17.20843, -67.16]
        }, {
          "cubes": [
            {
              "mirror": true,
              "origin": [-19.37, 11.29498, -72.52],
              "size": [2, 5, 8],
              "uv": [126, 142]
            }
          ],
          "name": "eye_left_lid",
          "parent": "eye_left",
          "pivot": [-18.37, 13.79498, -68.52]
        }, {
          "cubes": [
            {
              "inflate": -0.09,
              "origin": [-20, 1.49962, -80.51205],
              "pivot": [0, 11.89843, -65.12],
              "rotation": [1.5, 0, 0],
              "size": [40, 10, 16],
              "uv": [208, 242]
            }, {
              "inflate": -0.001,
              "origin": [-12, 5.81498, -78.5],
              "pivot": [0, 10.31498, -65],
              "rotation": [0, 0, -180],
              "size": [24, 9, 27],
              "uv": [106, 236]
            }
          ],
          "name": "maxilla",
          "parent": "head",
          "pivot": [0, 11.89843, -65.12]
        }, {
          "cubes": [
            {
              "origin": [1.23, -3.18502, -79.63],
              "pivot": [21.23, -6.59157, -65.97],
              "rotation": [0, 0, 45],
              "size": [4, 4, 0],
              "uv": [0, 128]
            }, {
              "origin": [-3.94, -3.18502, -79.63],
              "pivot": [16.06, -6.59157, -65.97],
              "rotation": [0, 0, 45],
              "size": [4, 4, 0],
              "uv": [16, 128]
            }, {
              "origin": [6.07, -3.18502, -79.63],
              "pivot": [26.07, -6.59157, -65.97],
              "rotation": [0, 0, 45],
              "size": [4, 4, 0],
              "uv": [18, 68]
            }, {
              "origin": [19.78, -1.08502, -80.3],
              "pivot": [-0.22, 3.50843, -66.64],
              "rotation": [-45, 0, 0],
              "size": [0, 4, 4],
              "uv": [0, 43]
            }, {
              "origin": [19.8, -1.08502, -75.47],
              "pivot": [-0.2, 3.50843, -61.81],
              "rotation": [-45, 0, 0],
              "size": [0, 4, 4],
              "uv": [12, 28]
            }, {
              "origin": [-8.88, -3.18502, -79.63],
              "pivot": [11.12, -6.59157, -65.97],
              "rotation": [0, 0, 45],
              "size": [4, 4, 0],
              "uv": [24, 128]
            }, {
              "origin": [-13.78, -3.18502, -79.63],
              "pivot": [6.22, -6.59157, -65.97],
              "rotation": [0, 0, 45],
              "size": [4, 4, 0],
              "uv": [126, 128]
            }, {
              "origin": [-18.71, -3.18502, -79.63],
              "pivot": [1.29, -6.59157, -65.97],
              "rotation": [0, 0, 45],
              "size": [4, 4, 0],
              "uv": [0, 132]
            }, {
              "origin": [-23.66, -3.18502, -79.63],
              "pivot": [-3.66, -6.59157, -65.97],
              "rotation": [0, 0, 45],
              "size": [4, 4, 0],
              "uv": [16, 132]
            }, {
              "origin": [-19.8, -1.08502, -75.47],
              "pivot": [0.2, 3.50843, -61.81],
              "rotation": [-45, 0, 0],
              "size": [0, 4, 4],
              "uv": [0, 28]
            }, {
              "origin": [-19.78, -1.08502, -80.3],
              "pivot": [0.22, 3.50843, -66.64],
              "rotation": [-45, 0, 0],
              "size": [0, 4, 4],
              "uv": [12, 24]
            }, {
              "origin": [-28.49, -3.18502, -79.63],
              "pivot": [-8.49, -6.59157, -65.97],
              "rotation": [0, 0, 45],
              "size": [4, 4, 0],
              "uv": [24, 132]
            }
          ],
          "name": "teeth_down",
          "parent": "maxilla",
          "pivot": [-0.11661, 9.94606, -77.85457]
        }, {
          "cubes": [
            {
              "origin": [19.78, 0.91498, -78.3],
              "pivot": [-0.22, 5.50843, -64.64],
              "rotation": [-45, 0, 0],
              "size": [0, 4, 4],
              "uv": [0, 24]
            }, {
              "origin": [3.71, -1.45502, -79.63],
              "pivot": [23.71, -4.86157, -65.97],
              "rotation": [0, 0, 45],
              "size": [4, 4, 0],
              "uv": [16, 47]
            }, {
              "origin": [-1.46, -1.45502, -79.63],
              "pivot": [18.54, -4.86157, -65.97],
              "rotation": [0, 0, 45],
              "size": [4, 4, 0],
              "uv": [0, 60]
            }, {
              "origin": [-6.4, -1.45502, -79.63],
              "pivot": [13.6, -4.86157, -65.97],
              "rotation": [0, 0, 45],
              "size": [4, 4, 0],
              "uv": [18, 60]
            }, {
              "origin": [-11.3, -1.45502, -79.63],
              "pivot": [8.7, -4.86157, -65.97],
              "rotation": [0, 0, 45],
              "size": [4, 4, 0],
              "uv": [0, 68]
            }, {
              "origin": [-16.23, -1.45502, -79.63],
              "pivot": [3.77, -4.86157, -65.97],
              "rotation": [0, 0, 45],
              "size": [4, 4, 0],
              "uv": [18, 64]
            }, {
              "origin": [-21.18, -1.45502, -79.63],
              "pivot": [-1.18, -4.86157, -65.97],
              "rotation": [0, 0, 45],
              "size": [4, 4, 0],
              "uv": [0, 64]
            }, {
              "origin": [-26.01, -1.45502, -79.63],
              "pivot": [-6.01, -4.86157, -65.97],
              "rotation": [0, 0, 45],
              "size": [4, 4, 0],
              "uv": [8, 47]
            }, {
              "origin": [-19.78, 0.91498, -78.3],
              "pivot": [0.22, 5.50843, -64.64],
              "rotation": [-45, 0, 0],
              "size": [0, 4, 4],
              "uv": [0, 0]
            }
          ],
          "name": "teeth",
          "parent": "head",
          "pivot": [0.22, 12.50843, -63.64]
        }, {
          "cubes": [
            {
              "origin": [16.24, -0.5, -46.01],
              "pivot": [28.24, -0.5, -45.01],
              "rotation": [1.86702, -50.78506, 29.93305],
              "size": [13, 2, 13],
              "uv": [213, 287]
            }
          ],
          "name": "fin_down_left",
          "parent": "body_font",
          "pivot": [22.14567, 4.36916, -45.81646]
        }, {
          "cubes": [
            {
              "origin": [-29.24, -0.5, -46.01],
              "pivot": [-28.24, -0.5, -45.01],
              "rotation": [1.86702, 50.78506, -29.93305],
              "size": [13, 2, 13],
              "uv": [78, 236]
            }
          ],
          "name": "fin_down_right",
          "parent": "body_font",
          "pivot": [-22.14567, 4.36916, -45.81646]
        }, {
          "locators": {
            "seat_1": [0, 33, -9]
          },
          "name": "locator_seat_1",
          "parent": "worm",
          "pivot": [0, 32, -12]
        }, {
          "cubes": [
            {
              "origin": [16.95156, 9.73498, -33],
              "size": [25, 4, 17],
              "uv": [263, 0]
            }
          ],
          "name": "fin_right",
          "parent": "torso",
          "pivot": [29.22341, 10.67632, -15.23781]
        }, {
          "cubes": [
            {
              "inflate": 0.1,
              "origin": [39.83156, 9.40498, -39.23],
              "size": [16, 5, 30],
              "uv": [250, 91]
            }
          ],
          "name": "fin_right1",
          "parent": "fin_right",
          "pivot": [39.83156, 11.90498, -24.23]
        }, {
          "cubes": [
            {
              "inflate": 0.2,
              "origin": [54.37156, 8.99498, -43.23],
              "size": [19, 6, 37],
              "uv": [217, 199]
            }
          ],
          "name": "fin_right2",
          "parent": "fin_right1",
          "pivot": [53.87156, 11.99498, -24.73]
        }, {
          "cubes": [
            {
              "inflate": 0.3,
              "origin": [72.37156, 8.99498, -52.23],
              "size": [48, 6, 54],
              "uv": [0, 0]
            }, {
              "inflate": 0.3,
              "origin": [111.08156, 10.99498, -52.23],
              "pivot": [122.58156, 11.99498, -47.23],
              "rotation": [0, 10, 0],
              "size": [20, 2, 10],
              "uv": [284, 33]
            }, {
              "inflate": 0.3,
              "origin": [112.81156, 10.99498, -37.23],
              "pivot": [124.31156, 11.99498, -32.23],
              "rotation": [0, 3, 0],
              "size": [20, 2, 10],
              "uv": [284, 21]
            }, {
              "inflate": 0.3,
              "origin": [112.81156, 10.99498, -23.23],
              "pivot": [124.31156, 11.99498, -18.23],
              "rotation": [0, -5, 0],
              "size": [20, 2, 10],
              "uv": [0, 282]
            }, {
              "inflate": 0.3,
              "origin": [109.45156, 10.99498, -8.47],
              "pivot": [120.95156, 11.99498, -3.47],
              "rotation": [0, -15, 0],
              "size": [20, 2, 10],
              "uv": [246, 187]
            }
          ],
          "name": "fin_right3",
          "parent": "fin_right2",
          "pivot": [72.18748, 11.99498, -25.2817]
        }, {
          "cubes": [
            {
              "mirror": true,
              "origin": [-41.95156, 9.73498, -33],
              "size": [25, 4, 17],
              "uv": [263, 0]
            }
          ],
          "name": "fin_left",
          "parent": "torso",
          "pivot": [-29.22341, 10.67632, -15.23781]
        }, {
          "cubes": [
            {
              "inflate": 0.1,
              "mirror": true,
              "origin": [-56.83156, 9.40498, -39.23],
              "size": [16, 5, 30],
              "uv": [250, 91]
            }
          ],
          "name": "fin_left1",
          "parent": "fin_left",
          "pivot": [-40.83156, 11.90498, -24.23]
        }, {
          "cubes": [
            {
              "inflate": 0.2,
              "mirror": true,
              "origin": [-74.37156, 8.99498, -43.23],
              "size": [19, 6, 37],
              "uv": [217, 199]
            }
          ],
          "name": "fin_left2",
          "parent": "fin_left1",
          "pivot": [-54.87156, 11.99498, -24.73]
        }, {
          "cubes": [
            {
              "inflate": 0.3,
              "mirror": true,
              "origin": [-121.37156, 8.99498, -52.23],
              "size": [48, 6, 54],
              "uv": [0, 0]
            },
            {
              "inflate": 0.3,
              "mirror": true,
              "origin": [-132.08156, 10.99498, -52.23],
              "pivot": [-123.58156, 11.99498, -47.23],
              "rotation": [0, -10, 0],
              "size": [20, 2, 10],
              "uv": [284, 33]
            }, {
              "inflate": 0.3,
              "mirror": true,
              "origin": [-133.81156, 10.99498, -37.23],
              "pivot": [-125.31156, 11.99498, -32.23],
              "rotation": [0, -3, 0],
              "size": [20, 2, 10],
              "uv": [284, 21]
            }, {
              "inflate": 0.3,
              "mirror": true,
              "origin": [-133.81156, 10.99498, -23.23],
              "pivot": [-125.31156, 11.99498, -18.23],
              "rotation": [0, 5, 0],
              "size": [20, 2, 10],
              "uv": [0, 282]
            }, {
              "inflate": 0.3,
              "mirror": true,
              "origin": [-130.45156, 10.99498, -8.47],
              "pivot": [-121.95156, 11.99498, -3.47],
              "rotation": [0, 15, 0],
              "size": [20, 2, 10],
              "uv": [246, 187]
            }
          ],
          "name": "fin_left3",
          "parent": "fin_left2",
          "pivot": [-73.18748, 11.99498, -25.2817]
        }, {
          "cubes": [
            {
              "origin": [-23, -1.25538, -5],
              "size": [46, 30, 21],
              "uv": [150, 0]
            },
            {
              "inflate": -0.1,
              "origin": [-23, -1.25538, -14.33],
              "size": [46, 30, 10],
              "uv": [194, 51]
            }
          ],
          "name": "body_rear",
          "parent": "body",
          "pivot": [0, 12.73498, -7.24]
        }, {
          "cubes": [
            {
              "origin": [-17, 1.73498, 10],
              "size": [34, 24, 28],
              "uv": [130, 184]
            }
          ],
          "name": "body_rear1",
          "parent": "body_rear",
          "pivot": [0, 13.73498, 18.76]
        }, {
          "cubes": [
            {
              "origin": [-12.5, 4.73498, 29.76],
              "size": [25, 18, 28],
              "uv": [0, 236]
            }
          ],
          "name": "tail",
          "parent": "body_rear1",
          "pivot": [0, 13.73498, 33.76]
        }, {
          "cubes": [
            {
              "origin": [-8.5, 7.73498, 48.15],
              "size": [17, 12, 27],
              "uv": [266, 126]
            }
          ],
          "name": "tail_main1",
          "parent": "tail",
          "pivot": [0, 15.07498, 52.77]
        }, {
          "cubes": [
            {
              "inflate": -1.5,
              "origin": [-6.5, 8.07498, 67.27],
              "size": [13, 12, 20],
              "uv": [257, 268]
            }
          ],
          "name": "bone16",
          "parent": "tail_main1",
          "pivot": [0, 16.07498, 70.77]
        }, {
          "name": "tail_main2",
          "parent": "tail",
          "pivot": [0, 14, 51]
        }, {
          "cubes": [
            {
              "origin": [6.75, 8.73498, 52.75],
              "pivot": [23.25, 11.73498, 59.25],
              "rotation": [0, -18, 0],
              "size": [28, 6, 13],
              "uv": [93, 272]
            }
          ],
          "name": "tail_main_right",
          "parent": "tail_main2",
          "pivot": [9.03284, 11.98272, 54.34503]
        }, {
          "cubes": [
            {
              "origin": [13.51, 11.73498, 62.74],
              "size": [10, 0, 26],
              "uv": [131, 60]
            }
          ],
          "name": "tail_main_right1",
          "parent": "tail_main_right",
          "pivot": [17.66284, 11.98272, 64.34503]
        }, {
          "cubes": [
            {
              "origin": [13.51, 11.73498, 88.74],
              "size": [10, 0, 27],
              "uv": [0, 27]
            }
          ],
          "name": "tail_main_right1_1",
          "parent": "tail_main_right1",
          "pivot": [18.66284, 11.73272, 88.71503]
        }, {
          "cubes": [
            {
              "origin": [25.2, 10.26498, 63.26],
              "pivot": [36.7, 13.26498, 69.76],
              "rotation": [0, -58, 0],
              "size": [21, 3, 9],
              "uv": [51, 291]
            }
          ],
          "name": "tail_main_right2",
          "parent": "tail_main_right",
          "pivot": [35.03284, 11.98272, 56.34503]
        }, {
          "cubes": [
            {
              "origin": [36.88, 11.73498, 73.74],
              "size": [10, 0, 21],
              "uv": [205, 187]
            }
          ],
          "name": "tail_main_right2_1",
          "parent": "tail_main_right2",
          "pivot": [45.03284, 11.98272, 74.34503]
        }, {
          "cubes": [
            {
              "origin": [36.88, 11.73498, 94.74],
              "size": [10, 0, 21],
              "uv": [83, 192]
            }
          ],
          "name": "tail_main_right2_2",
          "parent": "tail_main_right2_1",
          "pivot": [42.03284, 11.71272, 94.75503]
        }, {
          "cubes": [
            {
              "origin": [-34.75, 8.73498, 52.75],
              "pivot": [-23.25, 11.73498, 59.25],
              "rotation": [0, 18, 0],
              "size": [28, 6, 13],
              "uv": [195, 268]
            }
          ],
          "name": "tail_main_left",
          "parent": "tail_main2",
          "pivot": [-9.03284, 11.98272, 54.34503]
        }, {
          "cubes": [
            {
              "origin": [-23.51, 11.73498, 62.74],
              "size": [10, 0, 26],
              "uv": [111, 60]
            }
          ],
          "name": "tail_main_left1",
          "parent": "tail_main_left",
          "pivot": [-17.66284, 11.98272, 64.34503]
        }, {
          "cubes": [
            {
              "origin": [-23.51, 11.73498, 88.74],
              "size": [10, 0, 27],
              "uv": [0, 0]
            }
          ],
          "name": "tail_main_left1_1",
          "parent": "tail_main_left1",
          "pivot": [-18.66284, 11.73272, 88.71503]
        }, {
          "cubes": [
            {
              "origin": [-46.2, 10.26498, 63.26],
              "pivot": [-36.7, 13.26498, 69.76],
              "rotation": [0, 58, 0],
              "size": [21, 3, 9],
              "uv": [166, 287]
            }
          ],
          "name": "tail_main_left2",
          "parent": "tail_main_left",
          "pivot": [-35.03284, 11.98272, 56.34503]
        }, {
          "cubes": [
            {
              "origin": [-46.88, 11.73498, 73.74],
              "size": [10, 0, 21],
              "uv": [137, 142]
            }
          ],
          "name": "tail_main_left2_1",
          "parent": "tail_main_left2",
          "pivot": [-45.03284, 11.98272, 74.34503]
        }, {
          "cubes": [
            {
              "origin": [-46.88, 11.73498, 94.74],
              "size": [10, 0, 21],
              "uv": [129, 0]
            }
          ],
          "name": "tail_main_left2_2",
          "parent": "tail_main_left2_1",
          "pivot": [-42.03284, 11.71272, 94.75503]
        }
      ],
      "description": {
        "identifier": "geometry.unknown",
        "texture_height": 512,
        "texture_width": 512,
        "visible_bounds_height": 5,
        "visible_bounds_offset": [0, 1.5, 0],
        "visible_bounds_width": 21
      }
    }
  ]
}