{
  "animations": {
    "animation.dartrix.air_fly": {
      "bones": {
        "body": {
          "position": [0, "1.5+math.sin(q.anim_time*90*5-35)*3", 0],
          "rotation": [35, 0, 0]
        },
        "chest": {
          "rotation": [-7.5, 0, 0]
        },
        "foot_left": {
          "rotation": [15, 0, 0]
        },
        "foot_right": {
          "rotation": [15, 0, 0]
        },
        "torso": {
          "rotation": ["-5+math.sin(q.anim_time*90*5-5)*5", 0, 0]
        },
        "wing_left_closed": {
          "rotation": [0, 0, -82.5]
        },
        "wing_left_open": {
          "rotation": [0, 0, "0+math.sin(q.anim_time*90*5+15)*24"]
        },
        "wing_left_open_feather": {
          "rotation": [0, 15, "math.sin(q.anim_time*90*5-60)*24"]
        },
        "wing_left_open_feather2": {
          "rotation": [0, 7.5, "math.sin(q.anim_time*90*5-60)*24"]
        },
        "wing_left_open_feather3": {
          "rotation": [0, 0, "0+math.sin(q.anim_time*90*5-60)*24"]
        },
        "wing_left_open_feather4": {
          "rotation": [0, -7.5, "math.sin(q.anim_time*90*5-60)*24"]
        },
        "wing_left_open_feather5": {
          "rotation": [0, -10, "math.sin(q.anim_time*90*5-60)*24"]
        },
        "wing_right_closed": {
          "rotation": [0, 0, 82.5]
        },
        "wing_right_open": {
          "rotation": [0, 0, "0-math.sin(q.anim_time*90*5+15)*24"]
        },
        "wing_right_open_feather": {
          "rotation": [0, -15, "-math.sin(q.anim_time*90*5-60)*24"]
        },
        "wing_right_open_feather2": {
          "rotation": [0, -7.5, "-math.sin(q.anim_time*90*5-60)*24"]
        },
        "wing_right_open_feather3": {
          "rotation": [0, 0, "0-math.sin(q.anim_time*90*5-60)*24 "]
        },
        "wing_right_open_feather4": {
          "rotation": [0, 7.5, "-math.sin(q.anim_time*90*5-60)*24"]
        },
        "wing_right_open_feather5": {
          "rotation": [0, 10, "-math.sin(q.anim_time*90*5-60)*24"]
        }
      },
      "loop": true
    },
    "animation.dartrix.air_idle": {
      "bones": {
        "body": {
          "position": [0, "1.5+math.sin(q.anim_time*90*4-35)*1", 0]
        },
        "foot_left": {
          "rotation": [15, 0, 0]
        },
        "foot_right": {
          "rotation": [15, 0, 0]
        },
        "torso": {
          "rotation": ["0+math.sin(q.anim_time*90*4-5)*3", 0, 0]
        },
        "wing_left_closed": {
          "rotation": [0, 0, -82.5]
        },
        "wing_left_open": {
          "rotation": [0, 0, "0+math.sin(q.anim_time*90*4+15)*24"]
        },
        "wing_left_open_feather": {
          "rotation": [0, 15, "math.sin(q.anim_time*90*4-60)*24"]
        },
        "wing_left_open_feather2": {
          "rotation": [0, 7.5, "math.sin(q.anim_time*90*4-60)*24"]
        },
        "wing_left_open_feather3": {
          "rotation": [0, 0, "0+math.sin(q.anim_time*90*4-60)*24"]
        },
        "wing_left_open_feather4": {
          "rotation": [0, -7.5, "math.sin(q.anim_time*90*4-60)*24"]
        },
        "wing_left_open_feather5": {
          "rotation": [0, -10, "math.sin(q.anim_time*90*4-60)*24"]
        },
        "wing_right_closed": {
          "rotation": [0, 0, 82.5]
        },
        "wing_right_open": {
          "rotation": [0, 0, "0-math.sin(q.anim_time*90*4+15)*24"]
        },
        "wing_right_open_feather": {
          "rotation": [0, -15, "-math.sin(q.anim_time*90*4-60)*24"]
        },
        "wing_right_open_feather2": {
          "rotation": [0, -7.5, "-math.sin(q.anim_time*90*4-60)*24"]
        },
        "wing_right_open_feather3": {
          "rotation": [0, 0, "0-math.sin(q.anim_time*90*4-60)*24 "]
        },
        "wing_right_open_feather4": {
          "rotation": [0, 7.5, "-math.sin(q.anim_time*90*4-60)*24"]
        },
        "wing_right_open_feather5": {
          "rotation": [0, 10, "-math.sin(q.anim_time*90*4-60)*24"]
        }
      },
      "loop": true
    },
    "animation.dartrix.cry": {
      "animation_length": 1.375,
      "bones": {
        "jaw": {
          "position": [0, 0, 0],
          "rotation": {
            "0.0": [0, 0, 0],
            "0.0833": {
              "lerp_mode": "catmullrom",
              "post": [20, 0, 0],
              "pre": [20, 0, 0]
            },
            "0.2083": {
              "lerp_mode": "catmullrom",
              "post": [20, 0, 0]
            },
            "0.3333": {
              "lerp_mode": "catmullrom",
              "post": [10, 0, 0]
            },
            "0.4583": {
              "lerp_mode": "catmullrom",
              "post": [20, 0, 0]
            },
            "0.5833": {
              "lerp_mode": "catmullrom",
              "post": [12.5, 0, 0]
            },
            "0.7083": {
              "lerp_mode": "catmullrom",
              "post": [32.5, 0, 0]
            },
            "1.0833": {
              "lerp_mode": "catmullrom",
              "post": [32.5, 0, 0]
            },
            "1.375": [0, 0, 0]
          }
        }
      },
      "sound_effects": {
        "0.0417": {
          "effect": "pokemon.dartrix.cry"
        }
      }
    },
    "animation.dartrix.ground_idle": {
      "bones": {
        "chest": {
          "rotation": [0, 0, 0]
        },
        "toe_front_left": {
          "rotation": [0, 12.5, 0]
        },
        "toe_front_left2": {
          "rotation": [0, -12.5, 0]
        },
        "toe_front_right": {
          "rotation": [0, -12.5, 0]
        },
        "toe_front_right2": {
          "rotation": [0, 12.5, 0]
        },
        "torso": {
          "rotation": ["0+math.sin(q.anim_time*90*4-15)*1.5", "0+math.sin(q.anim_time*90*2-15)*1", 0]
        },
        "wing_left_closed": {
          "rotation": [0, 0, 0]
        },
        "wing_left_closed2": {
          "rotation": [0, 0, 2.5]
        },
        "wing_left_closed_tip": {
          "rotation": [7.5, 0, 0]
        },
        "wing_left_closed_tip4": {
          "rotation": [-7.5, 0, 0]
        },
        "wing_left_closed_tips_main": {
          "rotation": [0, 0, 5]
        },
        "wing_right_closed2": {
          "rotation": [0, 0, -2.5]
        },
        "wing_right_closed_tip": {
          "rotation": [7.5, 0, 0]
        },
        "wing_right_closed_tip4": {
          "rotation": [-7.5, 0, 0]
        },
        "wing_right_closed_tips_main": {
          "rotation": [0, 0, -5]
        }
      },
      "loop": true
    },
    "animation.dartrix.ground_walk": {
      "animation_length": 1,
      "bones": {
        "foot_left": {
          "rotation": {
            "0.0": [0, 0, 0],
            "0.1667": {
              "lerp_mode": "catmullrom",
              "post": [20, 0, 0],
              "pre": [20, 0, 0]
            },
            "0.375": {
              "lerp_mode": "catmullrom",
              "post": [4.29, 0, 0]
            },
            "0.5": {
              "lerp_mode": "catmullrom",
              "post": [0, 0, 0]
            },
            "1.0": [0, 0, 0]
          }
        },
        "foot_right": {
          "rotation": {
            "0.0": [0, 0, 0],
            "0.5": {
              "lerp_mode": "catmullrom",
              "post": [0, 0, 0],
              "pre": [0, 0, 0]
            },
            "0.6667": {
              "lerp_mode": "catmullrom",
              "post": [20, 0, 0]
            },
            "0.875": {
              "lerp_mode": "catmullrom",
              "post": [4.29, 0, 0]
            },
            "1.0": [0, 0, 0]
          }
        },
        "leg_left": {
          "position": {
            "0.0": [0, 0, 3.5],
            "0.25": {
              "lerp_mode": "catmullrom",
              "post": [0, 2, 0],
              "pre": [0, 2, 0]
            },
            "0.5": {
              "lerp_mode": "catmullrom",
              "post": [0, 0, -3.5]
            },
            "1.0": [0, 0, 3.5]
          },
          "rotation": {
            "0.0": [0, 0, 0],
            "0.25": {
              "lerp_mode": "catmullrom",
              "post": [-7.5, 0, 0],
              "pre": [-7.5, 0, 0]
            },
            "0.5": {
              "lerp_mode": "catmullrom",
              "post": [0, 0, 0]
            },
            "1.0": [0, 0, 0]
          }
        },
        "leg_right": {
          "position": {
            "0.0": [0, 0, -3.5],
            "0.5": {
              "lerp_mode": "catmullrom",
              "post": [0, 0, 3.5],
              "pre": [0, 0, 3.5]
            },
            "0.75": {
              "lerp_mode": "catmullrom",
              "post": [0, 2, 0]
            },
            "1.0": [0, 0, -3.5]
          },
          "rotation": {
            "0.0": [0, 0, 0],
            "0.5": {
              "lerp_mode": "catmullrom",
              "post": [0, 0, 0],
              "pre": [0, 0, 0]
            },
            "0.75": {
              "lerp_mode": "catmullrom",
              "post": [-7.5, 0, 0]
            },
            "1.0": [0, 0, 0]
          }
        },
        "toe_front_left": {
          "rotation": [0, 12.5, 0]
        },
        "toe_front_left2": {
          "rotation": [0, -12.5, 0]
        },
        "toe_front_right": {
          "rotation": [0, -12.5, 0]
        },
        "toe_front_right2": {
          "rotation": [0, 12.5, 0]
        },
        "torso": {
          "position": [0, "math.sin(q.anim_time*90*8+0)*0.5", 0],
          "rotation": ["0-math.cos(q.anim_time*90*8-0)*1.5", "0-math.cos(q.anim_time*90*4+0)*6", "0+math.cos(q.anim_time*90*4-0)*4"]
        },
        "wing_left_closed": {
          "rotation": [0, 0, 0]
        },
        "wing_left_closed2": {
          "rotation": [0, 0, 2.5]
        },
        "wing_left_closed_tip": {
          "rotation": [7.5, 0, 0]
        },
        "wing_left_closed_tip4": {
          "rotation": [-7.5, 0, 0]
        },
        "wing_left_closed_tips_main": {
          "rotation": [0, 0, 5]
        },
        "wing_right_closed2": {
          "rotation": [0, 0, -2.5]
        },
        "wing_right_closed_tip": {
          "rotation": [7.5, 0, 0]
        },
        "wing_right_closed_tip4": {
          "rotation": [-7.5, 0, 0]
        },
        "wing_right_closed_tips_main": {
          "rotation": [0, 0, -5]
        }
      },
      "loop": true
    },
    "animation.dartrix.speed": {
      "bones": {
        "dartrix": {
          "position": [0, 0, "00+((query.anim_time) * 90 * 1) * -0.25"]
        }
      },
      "loop": true
    }
  },
  "format_version": "1.8.0"
}