{
  "animations": {
    "animation.eternamax_eternatus.cry": {
      "animation_length": 2.5,
      "bones": {
        "bone55": {
          "position": {
            "0.0": [0, 0, 0],
            "0.2083": [0, -1, 1],
            "0.7083": [0, -1, 1],
            "2.5": [0, 0, 0]
          },
          "rotation": {
            "0.0": [0, 0, 0],
            "0.2083": [22.5, 0, 0],
            "0.7083": [22.5, 0, 0],
            "2.5": [0, 0, 0]
          }
        },
        "bone56": {
          "rotation": {
            "0.0": [0, 0, 0],
            "0.2083": [15, 0, 0],
            "0.7083": [15, 0, 0],
            "1.5": [0, 0, 0]
          }
        },
        "bone57": {
          "rotation": {
            "0.0": [0, 0, 0],
            "0.2083": [-20, 0, 0],
            "0.2917": [-25, 0, 0],
            "0.375": [-20, 0, 0],
            "0.4583": [-25, 0, 0],
            "0.5417": [-20, 0, 0],
            "0.625": [-25, 0, 0],
            "0.7083": [-20, 0, 0],
            "1.5": [0, 0, 0]
          }
        },
        "bone58": {
          "rotation": {
            "0.0": [0, 0, 0],
            "0.2083": [15, 0, 0],
            "0.2917": [20, 0, 0],
            "0.375": [15, 0, 0],
            "0.4583": [20, 0, 0],
            "0.5417": [15, 0, 0],
            "0.625": [20, 0, 0],
            "0.7083": [15, 0, 0],
            "1.5": [0, 0, 0],
            "2.5": [0, 0, 0]
          }
        },
        "bottom_finger_left": {
          "rotation": {
            "0.0": [0, 0, 0],
            "0.2083": [25, 0, 0],
            "0.2917": [20, 0, 0],
            "0.375": [25, 0, 0],
            "0.4583": [20, 0, 0],
            "0.5417": [25, 0, 0],
            "0.625": [20, 0, 0],
            "0.7083": [25, 0, 0],
            "2.5": [0, 0, 0]
          }
        },
        "bottom_finger_right": {
          "rotation": {
            "0.0": [0, 0, 0],
            "0.2083": [25, 0, 0],
            "0.2917": [22.5, 0, 0],
            "0.375": [25, 0, 0],
            "0.4583": [22.5, 0, 0],
            "0.5417": [25, 0, 0],
            "0.625": [22.5, 0, 0],
            "0.7083": [25, 0, 0],
            "2.5": [0, 0, 0]
          }
        },
        "finger_left2": {
          "position": {
            "0.0": [0, 0, 0],
            "0.2083": [0, -1, 0.5],
            "0.7083": [0, -1, 0.5],
            "2.5": [0, 0, 0]
          },
          "rotation": {
            "0.0": [0, 0, 0],
            "0.2083": [22.5, 0, 0],
            "0.7083": [22.5, 0, 0],
            "2.5": [0, 0, 0]
          }
        },
        "finger_left3": {
          "rotation": {
            "0.0": [0, 0, 0],
            "0.2083": [15, 0, 0],
            "0.7083": [15, 0, 0],
            "1.5": [0, 0, 0]
          }
        },
        "finger_left4": {
          "rotation": {
            "0.0": [0, 0, 0],
            "0.2083": [-20, 0, 0],
            "0.2917": [-25, 0, 0],
            "0.375": [-20, 0, 0],
            "0.4583": [-25, 0, 0],
            "0.5417": [-20, 0, 0],
            "0.625": [-25, 0, 0],
            "0.7083": [-20, 0, 0],
            "1.5": [0, 0, 0]
          }
        },
        "finger_left5": {
          "rotation": {
            "0.0": [0, 0, 0],
            "0.2083": [15, 0, 0],
            "0.2917": [20, 0, 0],
            "0.375": [15, 0, 0],
            "0.4583": [20, 0, 0],
            "0.5417": [15, 0, 0],
            "0.625": [20, 0, 0],
            "0.7083": [15, 0, 0],
            "1.5": [0, 0, 0],
            "2.5": [0, 0, 0]
          }
        },
        "finger_right2": {
          "position": {
            "0.0": [0, 0, 0],
            "0.2083": [0, -1, 0.5],
            "0.7083": [0, -1, 0.5],
            "2.5": [0, 0, 0]
          },
          "rotation": {
            "0.0": [0, 0, 0],
            "0.2083": [22.5, 0, 0],
            "0.7083": [22.5, 0, 0],
            "2.5": [0, 0, 0]
          }
        },
        "finger_right3": {
          "rotation": {
            "0.0": [0, 0, 0],
            "0.2083": [15, 0, 0],
            "0.7083": [15, 0, 0],
            "1.5": [0, 0, 0]
          }
        },
        "finger_right4": {
          "rotation": {
            "0.0": [0, 0, 0],
            "0.2083": [-20, 0, 0],
            "0.2917": [-25, 0, 0],
            "0.375": [-20, 0, 0],
            "0.4583": [-25, 0, 0],
            "0.5417": [-20, 0, 0],
            "0.625": [-25, 0, 0],
            "0.7083": [-20, 0, 0],
            "1.5": [0, 0, 0]
          }
        },
        "finger_right5": {
          "rotation": {
            "0.0": [0, 0, 0],
            "0.2083": [15, 0, 0],
            "0.2917": [20, 0, 0],
            "0.375": [15, 0, 0],
            "0.4583": [20, 0, 0],
            "0.5417": [15, 0, 0],
            "0.625": [20, 0, 0],
            "0.7083": [15, 0, 0],
            "1.5": [0, 0, 0],
            "2.5": [0, 0, 0]
          }
        },
        "left_finger2": {
          "position": {
            "0.0": [0, 0, 0],
            "0.2083": [0, 1, 0],
            "0.7083": [0, 1, 0],
            "2.5": [0, 0, 0]
          },
          "rotation": {
            "0.0": [0, 0, 0],
            "0.2083": [-22.5, 0, 0],
            "0.7083": [-22.5, 0, 0],
            "2.5": [0, 0, 0]
          }
        },
        "left_finger3": {
          "rotation": {
            "0.0": [0, 0, 0],
            "0.2083": [-15, 0, 0],
            "0.7083": [-15, 0, 0],
            "1.5": [0, 0, 0]
          }
        },
        "left_finger4": {
          "rotation": {
            "0.0": [0, 0, 0],
            "0.2083": [15, 0, 0],
            "0.2917": [20, 0, 0],
            "0.375": [15, 0, 0],
            "0.4583": [20, 0, 0],
            "0.5417": [15, 0, 0],
            "0.625": [20, 0, 0],
            "0.7083": [15, 0, 0],
            "1.5": [0, 0, 0],
            "2.5": [0, 0, 0]
          }
        },
        "left_finger5": {
          "rotation": {
            "0.0": [0, 0, 0],
            "0.2083": [-20, 0, 0],
            "0.2917": [-25, 0, 0],
            "0.375": [-20, 0, 0],
            "0.4583": [-25, 0, 0],
            "0.5417": [-20, 0, 0],
            "0.625": [-25, 0, 0],
            "0.7083": [-20, 0, 0],
            "1.5": [0, 0, 0]
          }
        },
        "middle_finger": {
          "rotation": {
            "0.0": [0, 0, 0],
            "0.2083": [-25, 0, 0],
            "0.2917": [-20, 0, 0],
            "0.375": [-25, 0, 0],
            "0.4583": [-20, 0, 0],
            "0.5417": [-25, 0, 0],
            "0.625": [-20, 0, 0],
            "0.7083": [-25, 0, 0],
            "2.5": [0, 0, 0]
          }
        },
        "right_finger2": {
          "position": {
            "0.0": [0, 0, 0],
            "0.2083": [0, 1, 0],
            "0.7083": [0, 1, 0],
            "2.5": [0, 0, 0]
          },
          "rotation": {
            "0.0": [0, 0, 0],
            "0.2083": [-22.5, 0, 0],
            "0.7083": [-22.5, 0, 0],
            "2.5": [0, 0, 0]
          }
        },
        "right_finger3": {
          "rotation": {
            "0.0": [0, 0, 0],
            "0.2083": [-15, 0, 0],
            "0.7083": [-15, 0, 0],
            "1.5": [0, 0, 0]
          }
        },
        "right_finger4": {
          "rotation": {
            "0.0": [0, 0, 0],
            "0.2083": [15, 0, 0],
            "0.2917": [20, 0, 0],
            "0.375": [15, 0, 0],
            "0.4583": [20, 0, 0],
            "0.5417": [15, 0, 0],
            "0.625": [20, 0, 0],
            "0.7083": [15, 0, 0],
            "1.5": [0, 0, 0],
            "2.5": [0, 0, 0]
          }
        },
        "right_finger5": {
          "rotation": {
            "0.0": [0, 0, 0],
            "0.2083": [-20, 0, 0],
            "0.2917": [-25, 0, 0],
            "0.375": [-20, 0, 0],
            "0.4583": [-25, 0, 0],
            "0.5417": [-20, 0, 0],
            "0.625": [-25, 0, 0],
            "0.7083": [-20, 0, 0],
            "1.5": [0, 0, 0]
          }
        },
        "top_finger_left": {
          "rotation": {
            "0.0": [0, 0, 0],
            "0.2083": [-25, 0, 0],
            "0.2917": [-20, 0, 0],
            "0.375": [-25, 0, 0],
            "0.4583": [-20, 0, 0],
            "0.5417": [-25, 0, 0],
            "0.625": [-20, 0, 0],
            "0.7083": [-25, 0, 0],
            "2.5": [0, 0, 0]
          }
        },
        "top_finger_right": {
          "rotation": {
            "0.0": [0, 0, 0],
            "0.2083": [-25, 0, 0],
            "0.2917": [-20, 0, 0],
            "0.375": [-25, 0, 0],
            "0.4583": [-20, 0, 0],
            "0.5417": [-25, 0, 0],
            "0.625": [-20, 0, 0],
            "0.7083": [-25, 0, 0],
            "2.5": [0, 0, 0]
          }
        }
      }
    },
    "animation.eternamax_eternatus.faint": {
      "animation_length": 4,
      "bones": {
        "back_shield": {
          "position": {
            "0.0": [0, 0, 0],
            "1.0": [0, 2, 31]
          },
          "rotation": {
            "0.0": [0, 0, 0],
            "1.0": [90, -35, 90]
          }
        },
        "body": {
          "position": [0, 47, 0],
          "scale": {
            "3.5": [1, 1, 1],
            "4.0": [0, 0, 0]
          }
        },
        "bone34": {
          "rotation": {
            "0.0": {
              "lerp_mode": "catmullrom",
              "post": [0, 0, 2.5]
            },
            "1.0": [0, 0, 7.5]
          }
        },
        "bone36": {
          "rotation": {
            "0.0": {
              "lerp_mode": "catmullrom",
              "post": [2.5, 0, 0]
            },
            "1.0": [2.4905, -0.21782, 4.99527]
          }
        },
        "bone37": {
          "rotation": {
            "0.0": {
              "lerp_mode": "catmullrom",
              "post": [2.5, 0, 0]
            },
            "1.0": [7.4347, 0.59689, -12.48597]
          }
        },
        "bone38": {
          "rotation": {
            "0.0": {
              "lerp_mode": "catmullrom",
              "post": [2.5, 0, 0]
            },
            "1.0": [12.5, 0, 0]
          }
        },
        "bone39": {
          "rotation": [5, 0, 0]
        },
        "bone40": {
          "rotation": {
            "0.0": {
              "lerp_mode": "catmullrom",
              "post": [0, 0, 0]
            },
            "1.0": [10, 0, 0]
          }
        },
        "bone41": {
          "rotation": {
            "0.0": {
              "lerp_mode": "catmullrom",
              "post": [-7.5, 0, 0]
            },
            "1.0": [5, 0, 0]
          }
        },
        "bone47": {
          "rotation": {
            "0.0": {
              "lerp_mode": "catmullrom",
              "post": [-2.5, 0, 0]
            },
            "1.0": [15, 0, 0]
          }
        },
        "bone48": {
          "rotation": {
            "0.0": {
              "lerp_mode": "catmullrom",
              "post": [-2.5, 0, 0]
            },
            "1.0": [12.5, 0, 0]
          }
        },
        "bone54": {
          "position": [0, -3.69552, 1.53074],
          "rotation": {
            "0.3": {
              "lerp_mode": "catmullrom",
              "post": [22.5, 0, 0],
              "pre": [22.5, 0, 0]
            },
            "1.0": {
              "lerp_mode": "catmullrom",
              "post": [0, 0, 0]
            }
          }
        },
        "bone55": {
          "position": [0, -2, 0],
          "rotation": {
            "0.5": {
              "lerp_mode": "catmullrom",
              "post": [25, 0, 0],
              "pre": [25, 0, 0]
            },
            "1.0": {
              "lerp_mode": "catmullrom",
              "post": [0, 0, 0]
            }
          }
        },
        "bone56": {
          "position": [0, -0.93969, 0.34202],
          "rotation": {
            "0.7": {
              "lerp_mode": "catmullrom",
              "post": [20, 0, 0],
              "pre": [20, 0, 0]
            },
            "1.0": {
              "lerp_mode": "catmullrom",
              "post": [0, 0, 0]
            }
          }
        },
        "bottom_finger_left": {
          "position": {
            "0.0": [-0.68128, -2.53342, 1.45521],
            "1.0": [0, 0, 0]
          },
          "rotation": {
            "0.2": {
              "lerp_mode": "catmullrom",
              "post": [-46.7754, -2.44811, -60.68561],
              "pre": [-46.7754, -2.44811, -60.68561]
            },
            "1.0": [0, 0, -60.68561]
          }
        },
        "bottom_finger_right": {
          "position": {
            "0.0": [0.68128, -2.53342, 1.45521],
            "1.0": [0.68, 0, 0]
          },
          "rotation": {
            "0.2": {
              "lerp_mode": "catmullrom",
              "post": [-46.7754, 2.44811, 60.68561],
              "pre": [-46.7754, 2.44811, 60.68561]
            },
            "1.0": [0, 0, 60.68561]
          }
        },
        "core": {
          "rotation": {
            "0.0": [0, "q.anim_time*-360", 0],
            "1.0": [0, "q.anim_time*-720", 0],
            "3.0": [0, "q.anim_time*-1080", 0]
          },
          "scale": {
            "0.0": [1, 1, 1],
            "1.0": [2, 2, 2],
            "2.5": [35, 35, 35],
            "3.5": [35, 35, 35]
          }
        },
        "core2": {
          "rotation": {
            "0.0": [0, "q.anim_time*540", 0],
            "1.0": [0, "q.anim_time*1080", 0],
            "3.0": [0, "q.anim_time*1620", 0]
          }
        },
        "finger_left": {
          "position": {
            "0.0": [0, -1.84776, 0.76537],
            "1.0": [0, 0, 0]
          },
          "rotation": {
            "0.3": {
              "lerp_mode": "catmullrom",
              "post": [22.5, 0, 0],
              "pre": [22.5, 0, 0]
            },
            "1.0": {
              "lerp_mode": "catmullrom",
              "post": [0, 0, 0]
            }
          }
        },
        "finger_left2": {
          "position": {
            "0.0": [0, -2.04349, 0.40173],
            "1.0": [0, 0, 0]
          },
          "rotation": {
            "0.5": {
              "lerp_mode": "catmullrom",
              "post": [25, 0, 0],
              "pre": [25, 0, 0]
            },
            "1.0": {
              "lerp_mode": "catmullrom",
              "post": [0, 0, 0]
            }
          }
        },
        "finger_left3": {
          "position": {
            "0.0": [0, -0.93969, 0.34202],
            "1.0": [0, 0, 0]
          },
          "rotation": {
            "0.7": {
              "lerp_mode": "catmullrom",
              "post": [20, 0, 0],
              "pre": [20, 0, 0]
            },
            "1.0": {
              "lerp_mode": "catmullrom",
              "post": [0, 0, 0]
            }
          }
        },
        "finger_right": {
          "position": {
            "0.0": [0, -3.69552, 1.53074],
            "1.0": [0, 0, 0]
          },
          "rotation": {
            "0.3": {
              "lerp_mode": "catmullrom",
              "post": [22.5, 0, 0],
              "pre": [22.5, 0, 0]
            },
            "1.0": {
              "lerp_mode": "catmullrom",
              "post": [0, 0, 0]
            }
          }
        },
        "finger_right2": {
          "position": {
            "0.0": [0, -2.04349, 0.40173],
            "1.0": [0, 0, 0]
          },
          "rotation": {
            "0.5": {
              "lerp_mode": "catmullrom",
              "post": [25, 0, 0],
              "pre": [25, 0, 0]
            },
            "1.0": {
              "lerp_mode": "catmullrom",
              "post": [0, 0, 0]
            }
          }
        },
        "finger_right3": {
          "position": {
            "0.0": [0, -0.93969, 0.34202],
            "1.0": [0, 0, 0]
          },
          "rotation": {
            "0.7": [20, 0, 0],
            "1.0": [0, 0, 0]
          }
        },
        "front_shield": {
          "position": {
            "0.0": [0, 0, 0],
            "1.0": [0, 6, -25]
          },
          "rotation": {
            "0.0": [0, 0, 0],
            "1.0": [-90, -35, -90]
          }
        },
        "left_finger": {
          "position": [0, 1.84776, 0.76537],
          "rotation": {
            "0.3": {
              "lerp_mode": "catmullrom",
              "post": [-22.5, 0, 0],
              "pre": [-22.5, 0, 0]
            },
            "1.0": [0, 0, 0]
          }
        },
        "left_finger2": {
          "position": [0, 1.81262, 0.84524],
          "rotation": {
            "0.5": {
              "lerp_mode": "catmullrom",
              "post": [-25, 0, 0],
              "pre": [-25, 0, 0]
            },
            "1.0": [0, 0, 0]
          }
        },
        "left_finger3": {
          "position": {
            "0.0": [0, 0.93969, 0.34202],
            "1.0": [0, 0, 0]
          },
          "rotation": {
            "0.3": {
              "lerp_mode": "catmullrom",
              "post": [-20, 0, 0],
              "pre": [-20, 0, 0]
            },
            "1.0": [0, 0, 0]
          }
        },
        "left_shield": {
          "position": {
            "0.0": [0, 0, 0],
            "1.0": [-25, 6, 0]
          },
          "rotation": {
            "0.0": [0, 0, 0],
            "1.0": [-35, 0, 0]
          }
        },
        "middle_finger": {
          "position": [0, -1.72288, -0.99036],
          "rotation": {
            "0.2": {
              "lerp_mode": "catmullrom",
              "post": [40, 0, 0],
              "pre": [40, 0, 0]
            },
            "1.0": {
              "lerp_mode": "catmullrom",
              "post": [0, 0, 0]
            }
          }
        },
        "right_finger": {
          "position": {
            "0.0": [0, 1.84776, 0.76537],
            "1.0": [0, 0, 0]
          },
          "rotation": {
            "0.3": {
              "lerp_mode": "catmullrom",
              "post": [-22.5, 0, 0],
              "pre": [-22.5, 0, 0]
            },
            "1.0": [0, 0, 0]
          }
        },
        "right_finger2": {
          "position": {
            "0.0": [0, 1.81262, 0.84524],
            "1.0": [0, 0, 0]
          },
          "rotation": {
            "0.5": {
              "lerp_mode": "catmullrom",
              "post": [-25, 0, 0],
              "pre": [-25, 0, 0]
            },
            "1.0": [0, 0, 0]
          }
        },
        "right_finger3": {
          "position": {
            "0.0": [0, 0.93969, 0.34202],
            "1.0": [0, 0, 0]
          },
          "rotation": {
            "0.7": {
              "lerp_mode": "catmullrom",
              "post": [-20, 0, 0],
              "pre": [-20, 0, 0]
            },
            "1.0": [0, 0, 0]
          }
        },
        "right_shield": {
          "position": {
            "0.0": [0, 0, 0],
            "1.0": [25, 6, 0]
          },
          "rotation": {
            "0.0": [0, 0, 0],
            "1.0": [35, 0, 0]
          }
        },
        "shield": {
          "rotation": [0, 0, 0]
        },
        "top_finger_left": {
          "position": {
            "0.0": [-1.83188, -3.11678, 0.42411],
            "1.0": [0, 0, 0]
          },
          "rotation": {
            "0.2": {
              "lerp_mode": "catmullrom",
              "post": [47.67352, -2.86313, -6.93488],
              "pre": [47.67352, -2.86313, -6.93488]
            },
            "1.0": {
              "lerp_mode": "catmullrom",
              "post": [0, 0, 0]
            }
          }
        },
        "top_finger_right": {
          "position": {
            "0.0": [1.83188, -3.11678, 0.42411],
            "1.0": [0, 0, 0]
          },
          "rotation": {
            "0.2": {
              "lerp_mode": "catmullrom",
              "post": [47.67352, 2.86313, 6.93488],
              "pre": [47.67352, 2.86313, 6.93488]
            },
            "1.0": {
              "lerp_mode": "catmullrom",
              "post": [0, 0, 0]
            }
          }
        },
        "torso": {
          "rotation": {
            "0.0": {
              "lerp_mode": "catmullrom",
              "post": [0, 0, 0]
            },
            "1.0": [10, 0, 0]
          }
        }
      },
      "loop": true
    },
    "animation.eternamax_eternatus.ground_idle": {
      "bones": {
        "body": {
          "position": [0, 47, 0]
        },
        "bone34": {
          "rotation": [0, 0, 2.5]
        },
        "bone36": {
          "rotation": [2.5, 0, 0]
        },
        "bone37": {
          "rotation": ["2.5+math.sin(q.anim_time*60)", 0, 0]
        },
        "bone38": {
          "rotation": ["2.5+math.sin(q.anim_time*60-45)", 0, 0]
        },
        "bone39": {
          "rotation": ["5-math.sin(q.anim_time*60)", 0, 0]
        },
        "bone40": {
          "rotation": ["0-math.sin(q.anim_time*60-45)", 0, 0]
        },
        "bone41": {
          "rotation": ["-7.5-math.sin(q.anim_time*60-90)", 0, 0]
        },
        "bone47": {
          "rotation": ["-2.5+math.sin(q.anim_time*60-90)", 0, 0]
        },
        "bone48": {
          "rotation": ["-2.5+math.sin(q.anim_time*60-135)/2", 0, 0]
        },
        "bone54": {
          "position": [0, -3.69552, 1.53074],
          "rotation": ["22.5-math.sin(q.anim_time*60-20)*5", 0, 0]
        },
        "bone55": {
          "position": [0, -1.77402, 0.9235],
          "rotation": ["25-math.sin(q.anim_time*60-30)*5", 0, 0]
        },
        "bone56": {
          "position": [0, -0.93969, 0.34202],
          "rotation": ["20-math.sin(q.anim_time*60-40)*5", 0, 0]
        },
        "bottom_finger_left": {
          "position": [-0.68128, -2.53342, 1.45521],
          "rotation": ["-46.77556+math.sin(q.anim_time*60-10)*5", -2.4481, "299.31438+math.sin(q.anim_time*60-10)*4"]
        },
        "bottom_finger_right": {
          "position": [0.68128, -2.53342, 1.45521],
          "rotation": ["-46.77556+math.sin(q.anim_time*60-10)*5", 2.4481, "-299.31438+math.sin(q.anim_time*60-10)*4"]
        },
        "core": {
          "rotation": [0, "q.anim_time*-360", 0]
        },
        "core2": {
          "rotation": [0, "q.anim_time*540", 0]
        },
        "finger_left": {
          "position": [0, -1.84776, 0.76537],
          "rotation": ["22.5-math.sin(q.anim_time*60-20)*5", 0, 0]
        },
        "finger_left2": {
          "position": [0, -1.81262, 0.84524],
          "rotation": ["25-math.sin(q.anim_time*60-30)*5", 0, 0]
        },
        "finger_left3": {
          "position": [0, -0.93969, 0.34202],
          "rotation": ["20-math.sin(q.anim_time*60-40)*5", 0, 0]
        },
        "finger_right": {
          "position": [0, -3.69552, 1.53074],
          "rotation": ["22.5-math.sin(q.anim_time*60-20)*5", 0, 0]
        },
        "finger_right2": {
          "position": [0, -1.77402, 0.9235],
          "rotation": ["25-math.sin(q.anim_time*60-30)*5", 0, 0]
        },
        "finger_right3": {
          "position": [0, -0.93969, 0.34202],
          "rotation": ["20-math.sin(q.anim_time*60-40)*5", 0, 0]
        },
        "left_finger": {
          "position": [0, 1.84776, 0.76537],
          "rotation": ["-22.5+math.sin(q.anim_time*60-20)*5", 0, 0]
        },
        "left_finger2": {
          "position": [0, 1.81262, 0.84524],
          "rotation": ["-25+math.sin(q.anim_time*60-30)*5", 0, 0]
        },
        "left_finger3": {
          "position": [0, 0.93969, 0.34202],
          "rotation": ["-20+math.sin(q.anim_time*60-40)*5", 0, 0]
        },
        "middle_finger": {
          "position": [0, -1.72288, -0.99036],
          "rotation": ["40-math.sin(q.anim_time*60-10)*5", 0, 0]
        },
        "right_finger": {
          "position": [0, 1.84776, 0.76537],
          "rotation": ["-22.5+math.sin(q.anim_time*60-20)*5", 0, 0]
        },
        "right_finger2": {
          "position": [0, 1.81262, 0.84524],
          "rotation": ["-25+math.sin(q.anim_time*60-30)*5", 0, 0]
        },
        "right_finger3": {
          "position": [0, 0.93969, 0.34202],
          "rotation": ["-20+math.sin(q.anim_time*60-40)*5", 0, 0]
        },
        "shield": {
          "rotation": [0, "q.anim_time*5.625", 0]
        },
        "top_finger_left": {
          "position": [-1.83188, -3.11678, 0.42411],
          "rotation": ["47.67352-math.sin(q.anim_time*60-10)*5", -2.86313, "-6.93488-math.sin(q.anim_time*60-10)*4"]
        },
        "top_finger_right": {
          "position": [1.83188, -3.11678, 0.42411],
          "rotation": ["47.67352-math.sin(q.anim_time*60-10)*5", 2.86313, "6.93488-math.sin(q.anim_time*60-10)*4"]
        },
        "torso": {
          "rotation": ["0+math.sin(q.anim_time*60-180)", 0, 0]
        }
      },
      "loop": true
    },
    "animation.eternamax_eternatus.ground_walk": {
      "bones": {
        "body": {
          "position": [0, 47, 0]
        },
        "bone34": {
          "rotation": [0, 0, 2.5]
        },
        "bone36": {
          "rotation": [2.5, 0, 0]
        },
        "bone37": {
          "rotation": ["math.sin(q.anim_time*60)", 0, 0]
        },
        "bone38": {
          "rotation": ["math.sin(q.anim_time*60-45)", 0, 0]
        },
        "bone39": {
          "rotation": ["5-math.sin(q.anim_time*60)", 0, 0]
        },
        "bone40": {
          "rotation": ["0-math.sin(q.anim_time*60-45)", 0, 0]
        },
        "bone41": {
          "rotation": ["-7.5-math.sin(q.anim_time*60-90)", 0, 0]
        },
        "bone47": {
          "rotation": ["-5+math.sin(q.anim_time*60-90)", 0, 0]
        },
        "bone48": {
          "rotation": ["-5+math.sin(q.anim_time*60-135)/2", 0, 0]
        },
        "bone54": {
          "position": [0, -3.69552, 1.53074],
          "rotation": ["22.5-math.sin(q.anim_time*60-20)*5", 0, 0]
        },
        "bone55": {
          "position": [0, -1.77402, 0.9235],
          "rotation": ["25-math.sin(q.anim_time*60-30)*5", 0, 0]
        },
        "bone56": {
          "position": [0, -0.93969, 0.34202],
          "rotation": ["20-math.sin(q.anim_time*60-40)*5", 0, 0]
        },
        "bottom_finger_left": {
          "position": [-0.68128, -2.53342, 1.45521],
          "rotation": ["-46.77556+math.sin(q.anim_time*60-10)*5", -2.4481, 299.31438]
        },
        "bottom_finger_right": {
          "position": [0.68128, -2.53342, 1.45521],
          "rotation": ["-46.77556+math.sin(q.anim_time*60-10)*5", 2.4481, -299.31438]
        },
        "core": {
          "rotation": [0, "q.anim_time*-360", 0]
        },
        "core2": {
          "rotation": [0, "q.anim_time*540", 0]
        },
        "finger_left": {
          "position": [0, -1.84776, 0.76537],
          "rotation": ["22.5-math.sin(q.anim_time*60-20)*5", 0, 0]
        },
        "finger_left2": {
          "position": [0, -1.77402, 0.9235],
          "rotation": ["25-math.sin(q.anim_time*60-30)*5", 0, 0]
        },
        "finger_left3": {
          "position": [0, -0.93969, 0.34202],
          "rotation": ["20-math.sin(q.anim_time*60-40)*5", 0, 0]
        },
        "finger_right": {
          "position": [0, -1.8241, 0.82017],
          "rotation": ["22.5-math.sin(q.anim_time*60-20)*5", 0, 0]
        },
        "finger_right2": {
          "position": [0, -1.77402, 0.9235],
          "rotation": ["25-math.sin(q.anim_time*60-30)*5", 0, 0]
        },
        "finger_right3": {
          "position": [0, -0.93969, 0.34202],
          "rotation": ["20-math.sin(q.anim_time*60-40)*5", 0, 0]
        },
        "left_finger": {
          "position": [0, 1.84776, 0.76537],
          "rotation": ["-22.5+math.sin(q.anim_time*60-20)*5", 0, 0]
        },
        "left_finger2": {
          "position": [0, 1.81262, 0.84524],
          "rotation": ["-25+math.sin(q.anim_time*60-30)*5", 0, 0]
        },
        "left_finger3": {
          "position": [0, 0.93969, 0.34202],
          "rotation": ["-20+math.sin(q.anim_time*60-40)*5", 0, 0]
        },
        "middle_finger": {
          "position": [0, -1.72288, -0.99036],
          "rotation": ["40-math.sin(q.anim_time*60-10)*5", 0, 0]
        },
        "right_finger": {
          "position": [0, 1.84776, 0.76537],
          "rotation": ["-22.5+math.sin(q.anim_time*60-20)*5", 0, 0]
        },
        "right_finger2": {
          "position": [0, 1.77402, 0.9235],
          "rotation": ["-25+math.sin(q.anim_time*60-30)*5", 0, 0]
        },
        "right_finger3": {
          "position": [0, 0.93969, 0.34202],
          "rotation": ["-20+math.sin(q.anim_time*60-40)*5", 0, 0]
        },
        "shield": {
          "rotation": [0, "q.anim_time*5.625", 0]
        },
        "top_finger_left": {
          "position": [-1.83188, -3.11678, 0.42411],
          "rotation": ["47.67352-math.sin(q.anim_time*60-10)*5", -2.86313, -6.93488]
        },
        "top_finger_right": {
          "position": [1.83188, -3.11678, 0.42411],
          "rotation": ["47.67352-math.sin(q.anim_time*60-10)*5", 2.86313, 6.93488]
        },
        "torso": {
          "rotation": ["0+math.sin(q.anim_time*60-180)", 0, 0]
        }
      },
      "loop": true
    },
    "animation.eternamax_eternatus.pose": {
      "bones": {
        "body": {
          "position": [0, 47, 0]
        },
        "bone34": {
          "rotation": [0, 0, 2.5]
        },
        "bone36": {
          "rotation": [2.5, 0, 0]
        },
        "bone37": {
          "rotation": [2.5, 0, 0]
        },
        "bone38": {
          "rotation": [2.5, 0, 0]
        },
        "bone39": {
          "rotation": [5, 0, 0]
        },
        "bone40": {
          "rotation": [0, 0, 0]
        },
        "bone41": {
          "rotation": [-7.5, 0, 0]
        },
        "bone47": {
          "rotation": [-2.5, 0, 0]
        },
        "bone48": {
          "rotation": [-2.5, 0, 0]
        },
        "bone54": {
          "position": [0, -3.69552, 1.53074],
          "rotation": [22.5, 0, 0]
        },
        "bone55": {
          "position": [0, -3.62524, 1.69048],
          "rotation": [25, 0, 0]
        },
        "bone56": {
          "position": [0, -0.93969, 0.34202],
          "rotation": [20, 0, 0]
        },
        "bottom_finger_left": {
          "position": [-0.68128, -2.53342, 1.45521],
          "rotation": [-46.77556, -2.4481, -60.68562]
        },
        "bottom_finger_right": {
          "position": [0.68128, -2.53342, 1.45521],
          "rotation": [-46.77556, 2.4481, 60.68562]
        },
        "core": {
          "rotation": [0, 0, 0]
        },
        "finger_left": {
          "position": [0, -1.84776, 0.76537],
          "rotation": [22.5, 0, 0]
        },
        "finger_left2": {
          "position": [0, -1.81262, 0.84524],
          "rotation": [25, 0, 0]
        },
        "finger_left3": {
          "position": [0, -0.93969, 0.34202],
          "rotation": [20, 0, 0]
        },
        "finger_right": {
          "position": [0, -3.69552, 1.53074],
          "rotation": [22.5, 0, 0]
        },
        "finger_right2": {
          "position": [0, -1.81262, 0.84524],
          "rotation": [25, 0, 0]
        },
        "finger_right3": {
          "position": [0, -0.93969, 0.34202],
          "rotation": [20, 0, 0]
        },
        "left_finger": {
          "position": [0, 1.84776, 0.76537],
          "rotation": [-22.5, 0, 0]
        },
        "left_finger2": {
          "position": [0, 1.81262, 0.84524],
          "rotation": [-25, 0, 0]
        },
        "left_finger3": {
          "position": [0, 0.93969, 0.34202],
          "rotation": [-20, 0, 0]
        },
        "middle_finger": {
          "position": [0, -1.72288, -0.99036],
          "rotation": [40, 0, 0]
        },
        "right_finger": {
          "position": [0, 1.84776, 0.76537],
          "rotation": [-22.5, 0, 0]
        },
        "right_finger2": {
          "position": [0, 1.81262, 0.84524],
          "rotation": [-25, 0, 0]
        },
        "right_finger3": {
          "position": [0, 0.93969, 0.34202],
          "rotation": [-20, 0, 0]
        },
        "top_finger_left": {
          "position": [-1.83188, -3.11678, 0.42411],
          "rotation": [47.67352, -2.86313, -6.93488]
        },
        "top_finger_right": {
          "position": [1.83188, -3.11678, 0.42411],
          "rotation": [47.67352, 2.86313, 6.93488]
        },
        "torso": {
          "rotation": [0, 0, 0]
        }
      },
      "loop": true
    }
  },
  "format_version": "1.8.0"
}