{
  "animations": {
    "animation.rotom.battle_idle": {
      "animation_length": 2.5,
      "bones": {
        "arm_left": {
          "rotation": [0, 0, "2.5+Math.cos((query.anim_time) * 90 * 52) * 10"],
          "scale": [1, -1, 1]
        },
        "arm_left2": {
          "rotation": [0, 0, "17.5-Math.cos((query.anim_time) * 90 * 52) * 6"]
        },
        "arm_right": {
          "rotation": [0, 0, "2.5-Math.cos((query.anim_time) * 90 * 52) * 10"],
          "scale": [1, -1, 1]
        },
        "arm_right2": {
          "rotation": [0, 0, "-17.5+Math.cos((query.anim_time) * 90 * 52) * 6"]
        },
        "body": {
          "position": {
            "0.0": [0, 0, 0],
            "0.1786": [0, -0.5, 6.85],
            "0.25": [0, -0.15, 8.875],
            "0.3571": {
              "lerp_mode": "catmullrom",
              "post": [0, 1, 10],
              "pre": [0, 1, 10]
            },
            "0.4286": {
              "lerp_mode": "catmullrom",
              "post": [0, 1.25, 10.675]
            },
            "0.4643": {
              "lerp_mode": "catmullrom",
              "post": [1.25, -0.25, 15.425]
            },
            "0.5": {
              "lerp_mode": "catmullrom",
              "post": [8, 1.25, 6.675]
            },
            "0.5357": [-22, 16.25, 8.175],
            "0.6429": [-23, 17.25, 8.1],
            "0.75": {
              "post": [-22, 6.25, 4.6],
              "pre": [-23, 17.25, 8.1]
            },
            "0.7857": [24, -0.75, -5.9],
            "0.8929": [25.425, -1.85, -7],
            "1.0": {
              "lerp_mode": "catmullrom",
              "post": [21.25, 9.5, -2.9],
              "pre": [21.25, 9.5, -2.9]
            },
            "1.0357": {
              "lerp_mode": "catmullrom",
              "post": [10, 18.25, -12.9]
            },
            "1.1429": {
              "lerp_mode": "catmullrom",
              "post": [10, 18.25, -12.9]
            },
            "1.2857": {
              "lerp_mode": "catmullrom",
              "post": [-1.25, 18.5, 1.1]
            },
            "1.4286": {
              "lerp_mode": "catmullrom",
              "post": [-2.25, 17.75, 1.1]
            },
            "1.6429": [-2.25, 17.75, 1.1],
            "1.6786": [0, 0, 0],
            "2.0714": [0, 0, 0],
            "2.1071": [-18, 31, 0],
            "2.3571": [-18, 31, 0],
            "2.3929": [0, 0, 0],
            "2.5": [0, 0, 0]
          },
          "rotation": {
            "0.0": [7.5, 0, 0],
            "0.1071": [-9.75, 0, 0],
            "0.1786": [-11.19, 0, 0],
            "0.3571": [-18.95, 0, 0],
            "0.4286": [-20, 0, 0],
            "0.5": [-18.75928, 28.01575, 3.8417],
            "0.5357": [-10, 0, 13.75],
            "0.5714": [-15, 0, 0],
            "0.6786": [-15, 0, -5],
            "0.7143": [-15, 0, -3.75],
            "0.75": [-15, 0, 2.5],
            "0.7857": [-10, 0, 16.75],
            "0.8214": [-15, 0, 11.5],
            "0.8929": [-15, 0, 3],
            "0.9643": [-15, 0, -2.5],
            "1.0": [-10, 0, 19.75],
            "1.0357": [-15, 0, 17.25],
            "1.0714": [-15, 0, 0],
            "1.1429": [-2.58514, -7.63134, 20.07106],
            "1.2857": [14.91486, -7.63134, 20.07106],
            "1.5357": [-10.08514, -7.63134, 20.07106],
            "1.6786": [16.69926, 0.71879, -8.82307],
            "1.7857": [11.54318, 0.8253, -13.16807],
            "1.8929": [6.17502, -4.26883, 7.96456],
            "2.0714": [6.94889, -2.83471, -4.47722],
            "2.1071": [7.50214, 0.0316, -26.803],
            "2.3571": [6.52205, -3.7156, 2.98314],
            "2.3929": [7.49372, 0.35788, -29.28164],
            "2.5": [7.5, 0, 0]
          },
          "scale": {
            "0.5": [1, 1, 1],
            "0.5357": {
              "post": [1.6, 0.9, 0.8],
              "pre": [1, 1, 1]
            },
            "0.6429": [1, 1, 1],
            "0.75": [1, 1, 1],
            "0.7857": {
              "post": [1.6, 0.9, 0.8],
              "pre": [1, 1, 1]
            },
            "0.8929": [1, 1, 1],
            "0.9643": [1, 1, 1],
            "1.0": {
              "post": [1.6, 0.9, 0.8],
              "pre": [1, 1, 1]
            },
            "1.1429": [1, 1, 1],
            "1.6429": [1, 1, 1],
            "1.6786": {
              "post": [0.9, 1.6, 0.8],
              "pre": [1, 1, 1]
            },
            "1.7857": [1, 1, 1],
            "2.0714": [1, 1, 1],
            "2.1071": {
              "post": [0.9, 1.6, 0.8],
              "pre": [1, 1, 1]
            },
            "2.2143": [1, 1, 1],
            "2.3571": [1, 1, 1],
            "2.3929": {
              "post": [0.9, 1.6, 0.8],
              "pre": [1, 1, 1]
            },
            "2.5": [1, 1, 1]
          }
        },
        "bodyposition": {
          "position": [0, 10, 0]
        },
        "bodyrotation": {
          "position": {
            "0.0": [
              "0+math.cos(q.anim_time*90*3-150)*7", "24+math.cos(q.anim_time*90*3-150)*7",
              "0+math.cos(q.anim_time*90*3-150)*7"
            ],
            "0.1429": [0, -0.5, 6.85],
            "0.2143": [0, -0.15, 8.875],
            "0.3214": {
              "lerp_mode": "catmullrom",
              "post": [0, 1, 10],
              "pre": [0, 1, 10]
            },
            "0.3929": {
              "lerp_mode": "catmullrom",
              "post": [0, 1.25, 10.675]
            },
            "0.4286": {
              "lerp_mode": "catmullrom",
              "post": [1.25, -0.25, 15.425]
            },
            "0.4643": {
              "lerp_mode": "catmullrom",
              "post": [8, 1.25, 6.675]
            },
            "0.5": [-22, 16.25, 8.175],
            "0.6071": [-23, 17.25, 8.1],
            "0.7143": {
              "post": [-22, 6.25, 4.6],
              "pre": [-23, 17.25, 8.1]
            },
            "0.75": [24, -0.75, -5.9],
            "0.8571": [25.425, -1.85, -7],
            "0.9643": {
              "lerp_mode": "catmullrom",
              "post": [21.25, 9.5, -2.9],
              "pre": [21.25, 9.5, -2.9]
            },
            "1.0": {
              "lerp_mode": "catmullrom",
              "post": [10, 18.25, -12.9]
            },
            "1.1071": {
              "lerp_mode": "catmullrom",
              "post": [10, 18.25, -12.9]
            },
            "1.25": {
              "lerp_mode": "catmullrom",
              "post": [-1.25, 18.5, 1.1]
            },
            "1.3929": {
              "lerp_mode": "catmullrom",
              "post": [-2.25, 17.75, 1.1]
            },
            "1.6071": [-2.25, 17.75, 1.1],
            "1.6429": [0, 0, 0],
            "2.0357": [0, 0, 0],
            "2.0714": [-18, 31, 0],
            "2.25": [-18, 31, 0],
            "2.2857": [0, 0, 0],
            "2.3929": [0, 0, 0],
            "2.5": [
              "0+math.cos(q.anim_time*90*3-150)*7", "24+math.cos(q.anim_time*90*3-150)*7",
              "0+math.cos(q.anim_time*90*3-150)*7"
            ]
          },
          "rotation": [
            "-6.4349-math.cos(q.anim_time*90*3-150)*7", "14.4192+math.cos(q.anim_time*90*3-150)*25",
            "-8.5769-math.cos(q.anim_time*90*3-150)*15"
          ],
          "scale": {
            "0.5": [1, 1, 1],
            "0.5357": {
              "post": [1.6, 0.9, 0.8],
              "pre": [1, 1, 1]
            },
            "0.6429": [1, 1, 1],
            "0.75": [1, 1, 1],
            "0.7857": {
              "post": [1.6, 0.9, 0.8],
              "pre": [1, 1, 1]
            },
            "0.8929": [1, 1, 1],
            "0.9643": [1, 1, 1],
            "1.0": {
              "post": [1.6, 0.9, 0.8],
              "pre": [1, 1, 1]
            },
            "1.1429": [1, 1, 1],
            "1.6429": [1, 1, 1],
            "1.6786": {
              "post": [0.9, 1.6, 0.8],
              "pre": [1, 1, 1]
            },
            "1.7857": [1, 1, 1],
            "2.0714": [1, 1, 1],
            "2.1071": {
              "post": [0.9, 1.6, 0.8],
              "pre": [1, 1, 1]
            },
            "2.2143": [1, 1, 1],
            "2.3571": [1, 1, 1],
            "2.3929": {
              "post": [0.9, 1.6, 0.8],
              "pre": [1, 1, 1]
            },
            "2.5": [1, 1, 1]
          }
        },
        "light_trail": {
          "position": [0, 0, -7]
        },
        "light_trail2": {
          "position": [0, 0, -6]
        },
        "light_trail3": {
          "position": [0, 0, -6]
        },
        "light_trail4": {
          "position": [0, 0, -6]
        },
        "light_trail5": {
          "position": [0, 0, -6]
        },
        "light_trail6": {
          "position": [0, 0, -6]
        },
        "light_trail7": {
          "position": [0, 0, -6]
        },
        "light_trail8": {
          "position": [0, 0, -6]
        },
        "mouth_closed": {
          "position": [0, 0, 0.1]
        },
        "mouth_open": {
          "position": [0, 0, 0]
        },
        "mouth_smile": {
          "position": [0, 0, -0.1]
        }
      },
      "loop": true
    },
    "animation.rotom.blink": {
      "animation_length": 0.1667,
      "bones": {
        "eyelid_left": {
          "position": {
            "0.0": [0, 0, -0.1],
            "0.125": [0, 0, -0.1],
            "0.1667": [0, 0, 0]
          }
        },
        "eyelid_right": {
          "position": {
            "0.0": [0, 0, -0.1],
            "0.125": [0, 0, -0.1],
            "0.1667": [0, 0, 0]
          }
        }
      }
    },
    "animation.rotom.cry": {
      "animation_length": 1.5,
      "bones": {
        "body": {
          "position": {
            "0.0": {
              "lerp_mode": "catmullrom",
              "post": [0, 0, 0]
            },
            "0.0417": {
              "lerp_mode": "catmullrom",
              "post": [0, 1.25, 10.675]
            },
            "0.0833": {
              "lerp_mode": "catmullrom",
              "post": [1.25, -0.25, 15.425]
            },
            "0.125": {
              "lerp_mode": "catmullrom",
              "post": [8, 1.25, 6.675]
            },
            "0.1667": [-22, 16.25, 8.175],
            "0.25": [-23, 17.25, 8.1],
            "0.375": {
              "post": [-22, 6.25, 4.6],
              "pre": [-23, 17.25, 8.1]
            },
            "0.4167": [24, -0.75, -5.9],
            "0.5": [25.425, -1.85, -7],
            "0.625": {
              "lerp_mode": "catmullrom",
              "post": [21.25, 9.5, -2.9],
              "pre": [21.25, 9.5, -2.9]
            },
            "0.6667": {
              "lerp_mode": "catmullrom",
              "post": [10, 18.25, -12.9]
            },
            "0.75": {
              "lerp_mode": "catmullrom",
              "post": [10, 18.25, -12.9]
            },
            "0.9167": {
              "lerp_mode": "catmullrom",
              "post": [-1.25, 18.5, 1.1]
            },
            "1.0417": {
              "lerp_mode": "catmullrom",
              "post": [-2.25, 17.75, 1.1]
            },
            "1.25": [-2.25, 17.75, 1.1],
            "1.2917": [0, 0, 0],
            "1.5": [0, 0, 0]
          },
          "rotation": {
            "0.0": [0, 0, 0],
            "0.0417": [-20, 0, 0],
            "0.125": [-18.75928, 28.01575, 3.8417],
            "0.1667": [-10, 0, 13.75],
            "0.2083": [-15, 0, 0],
            "0.2917": [-15, 0, -5],
            "0.3333": [-15, 0, -3.75],
            "0.375": [-15, 0, 2.5],
            "0.4167": [-10, 0, 16.75],
            "0.4583": [-15, 0, 11.5],
            "0.5": [-15, 0, 3],
            "0.5833": [-15, 0, -2.5],
            "0.625": [-10, 0, 19.75],
            "0.6667": [-15, 0, 17.25],
            "0.7083": [-15, 0, 0],
            "0.75": [-2.58514, -7.63134, 20.07106],
            "0.9167": [14.91486, -7.63134, 20.07106],
            "1.1667": [-10.08514, -7.63134, 20.07106],
            "1.2917": [16.69926, 0.71879, -8.82307],
            "1.4167": [11.54318, 0.8253, -13.16807],
            "1.5": [0, 0, 0]
          },
          "scale": {
            "0.125": [1, 1, 1],
            "0.1667": {
              "post": [1.6, 0.9, 0.8],
              "pre": [1, 1, 1]
            },
            "0.25": [1, 1, 1],
            "0.375": [1, 1, 1],
            "0.4167": {
              "post": [1.6, 0.9, 0.8],
              "pre": [1, 1, 1]
            },
            "0.5": [1, 1, 1],
            "0.5833": [1, 1, 1],
            "0.625": {
              "post": [1.6, 0.9, 0.8],
              "pre": [1, 1, 1]
            },
            "0.75": [1, 1, 1],
            "1.25": [1, 1, 1],
            "1.2917": {
              "post": [0.9, 1.6, 0.8],
              "pre": [1, 1, 1]
            },
            "1.4167": [1, 1, 1]
          }
        }
      },
      "sound_effects": {
        "0.0": {
          "effect": "pokemon.rotom.cry"
        }
      }
    },
    "animation.rotom.ground_idle": {
      "bones": {
        "arm_left": {
          "rotation": [0, 0, "2.5+Math.cos((query.anim_time) * 90 * 52) * 10"],
          "scale": [1, -1, 1]
        },
        "arm_left2": {
          "rotation": [0, 0, "17.5-Math.cos((query.anim_time) * 90 * 52) * 6"]
        },
        "arm_right": {
          "rotation": [0, 0, "2.5-Math.cos((query.anim_time) * 90 * 52) * 10"],
          "scale": [1, -1, 1]
        },
        "arm_right2": {
          "rotation": [0, 0, "-17.5+Math.cos((query.anim_time) * 90 * 52) * 6"]
        },
        "body_bottom": {
          "rotation": ["2.5*math.sin(q.anim_time*90*2)*1", 0, "2.5*math.sin(q.anim_time*90*2+90)*1"]
        },
        "bodyrotation": {
          "position": [0, "0+math.sin(q.anim_time*90*4-90)*0.8", 0],
          "rotation": ["2.5*math.sin(q.anim_time*90*2)*1", 0, "2.5*math.sin(q.anim_time*90*2+90)*1"]
        },
        "light_trail": {
          "position": [0, 0, -7]
        },
        "light_trail2": {
          "position": [0, 0, -6]
        },
        "light_trail3": {
          "position": [0, 0, -6]
        },
        "light_trail4": {
          "position": [0, 0, -6]
        },
        "light_trail5": {
          "position": [0, 0, -6]
        },
        "light_trail6": {
          "position": [0, 0, -6]
        },
        "light_trail7": {
          "position": [0, 0, -6]
        },
        "light_trail8": {
          "position": [0, 0, -6]
        },
        "mouth_closed": {
          "position": [0, 0, 0.1]
        },
        "mouth_open": {
          "position": [0, 0, 0]
        },
        "mouth_smile": {
          "position": [0, 0, -0.1]
        }
      },
      "loop": true
    },
    "animation.rotom.ground_walk": {
      "bones": {
        "arm_left": {
          "rotation": [0, 0, "2.5+Math.cos((query.anim_time) * 90 * 52) * 10"],
          "scale": [1, -1, 1]
        },
        "arm_left2": {
          "rotation": [0, 0, "17.5-Math.cos((query.anim_time) * 90 * 52) * 6"]
        },
        "arm_right": {
          "rotation": [0, 0, "2.5-Math.cos((query.anim_time) * 90 * 52) * 10"],
          "scale": [1, -1, 1]
        },
        "arm_right2": {
          "rotation": [0, 0, "-17.5+Math.cos((query.anim_time) * 90 * 52) * 6"]
        },
        "body": {
          "position": [0, "0+math.sin(q.anim_time*90*4-90)*0.5", 0],
          "rotation": ["8+2.5*math.sin(q.anim_time*90*4)*1", 0, "2.5*math.sin(q.anim_time*90*2+90)*1"]
        },
        "body_bottom": {
          "position": [0, 0.5, 0],
          "rotation": ["7.5 + math.sin(q.anim_time*90*2-90)*2", 0, "5*math.sin(q.anim_time*90*2)"]
        },
        "bodyrotation": {
          "position": [
            "math.clamp(math.sin(q.anim_time*90*4*0.5)*0.6,-0.5,0)+math.clamp(math.sin(q.anim_time*90*4*0.5)*0.6,0,0.5)",
            "0+(math.clamp(math.sin(q.anim_time*90*4*2)*2,-1.5,0)+math.clamp(math.sin(q.anim_time*90*4*2)*2,0,1.5)+math.sin(q.anim_time*90*4*2)*2)*0.1",
            "math.sin(q.anim_time*90*2)*1"
          ],
          "rotation": ["math.sin(q.anim_time*90*2)*2+10", 0, 0]
        },
        "light_trail": {
          "position": [0, 0, -7]
        },
        "light_trail2": {
          "position": [0, 0, -6]
        },
        "light_trail3": {
          "position": [0, 0, -6]
        },
        "light_trail4": {
          "position": [0, 0, -6]
        },
        "light_trail5": {
          "position": [0, 0, -6]
        },
        "light_trail6": {
          "position": [0, 0, -6]
        },
        "light_trail7": {
          "position": [0, 0, -6]
        },
        "light_trail8": {
          "position": [0, 0, -6]
        },
        "mouth_closed": {
          "position": [0, 0, 0.1]
        },
        "mouth_open": {
          "position": [0, 0, 0]
        },
        "mouth_smile": {
          "position": [0, 0, -0.1]
        }
      },
      "loop": true
    },
    "animation.rotom.quirk": {
      "animation_length": 2.5,
      "bones": {
        "arm_left": {
          "rotation": [0, 0, "2.5+Math.cos((query.anim_time) * 90 * 52) * 10"],
          "scale": [1, -1, 1]
        },
        "arm_left2": {
          "rotation": [0, 0, "17.5-Math.cos((query.anim_time) * 90 * 52) * 6"]
        },
        "arm_right": {
          "rotation": [0, 0, "2.5-Math.cos((query.anim_time) * 90 * 52) * 10"],
          "scale": [1, -1, 1]
        },
        "arm_right2": {
          "rotation": [0, 0, "-17.5+Math.cos((query.anim_time) * 90 * 52) * 6"]
        },
        "body": {
          "position": {
            "0.0": [0, 0, 0],
            "0.1786": [0, -0.5, 6.85],
            "0.25": [0, -0.15, 8.875],
            "0.3571": {
              "lerp_mode": "catmullrom",
              "post": [0, 1, 10],
              "pre": [0, 1, 10]
            },
            "0.4286": {
              "lerp_mode": "catmullrom",
              "post": [0, 1.25, 10.675]
            },
            "0.4643": {
              "lerp_mode": "catmullrom",
              "post": [1.25, -0.25, 15.425]
            },
            "0.5": {
              "lerp_mode": "catmullrom",
              "post": [8, 1.25, 6.675]
            },
            "0.5357": [-22, 16.25, 8.175],
            "0.6429": [-23, 17.25, 8.1],
            "0.75": {
              "post": [-22, 6.25, 4.6],
              "pre": [-23, 17.25, 8.1]
            },
            "0.7857": [24, -0.75, -5.9],
            "0.8929": [25.425, -1.85, -7],
            "1.0": {
              "lerp_mode": "catmullrom",
              "post": [21.25, 9.5, -2.9],
              "pre": [21.25, 9.5, -2.9]
            },
            "1.0357": {
              "lerp_mode": "catmullrom",
              "post": [10, 18.25, -12.9]
            },
            "1.1429": {
              "lerp_mode": "catmullrom",
              "post": [10, 18.25, -12.9]
            },
            "1.2857": {
              "lerp_mode": "catmullrom",
              "post": [-1.25, 18.5, 1.1]
            },
            "1.4286": {
              "lerp_mode": "catmullrom",
              "post": [-2.25, 17.75, 1.1]
            },
            "1.6429": [-2.25, 17.75, 1.1],
            "1.6786": [0, 0, 0],
            "2.0714": [0, 0, 0],
            "2.1071": [-18, 31, 0],
            "2.3571": [-18, 31, 0],
            "2.3929": [0, 0, 0],
            "2.5": [0, 0, 0]
          },
          "rotation": {
            "0.0": [7.5, 0, 0],
            "0.1071": [-9.75, 0, 0],
            "0.1786": [-11.19, 0, 0],
            "0.3571": [-18.95, 0, 0],
            "0.4286": [-20, 0, 0],
            "0.5": [-18.75928, 28.01575, 3.8417],
            "0.5357": [-10, 0, 13.75],
            "0.5714": [-15, 0, 0],
            "0.6786": [-15, 0, -5],
            "0.7143": [-15, 0, -3.75],
            "0.75": [-15, 0, 2.5],
            "0.7857": [-10, 0, 16.75],
            "0.8214": [-15, 0, 11.5],
            "0.8929": [-15, 0, 3],
            "0.9643": [-15, 0, -2.5],
            "1.0": [-10, 0, 19.75],
            "1.0357": [-15, 0, 17.25],
            "1.0714": [-15, 0, 0],
            "1.1429": [-2.58514, -7.63134, 20.07106],
            "1.2857": [14.91486, -7.63134, 20.07106],
            "1.5357": [-10.08514, -7.63134, 20.07106],
            "1.6786": [16.69926, 0.71879, -8.82307],
            "1.7857": [11.54318, 0.8253, -13.16807],
            "1.8929": [6.17502, -4.26883, 7.96456],
            "2.0714": [6.94889, -2.83471, -4.47722],
            "2.1071": [7.50214, 0.0316, -26.803],
            "2.3571": [6.52205, -3.7156, 2.98314],
            "2.3929": [7.49372, 0.35788, -29.28164],
            "2.5": [7.5, 0, 0]
          },
          "scale": {
            "0.5": [1, 1, 1],
            "0.5357": {
              "post": [1.6, 0.9, 0.8],
              "pre": [1, 1, 1]
            },
            "0.6429": [1, 1, 1],
            "0.75": [1, 1, 1],
            "0.7857": {
              "post": [1.6, 0.9, 0.8],
              "pre": [1, 1, 1]
            },
            "0.8929": [1, 1, 1],
            "0.9643": [1, 1, 1],
            "1.0": {
              "post": [1.6, 0.9, 0.8],
              "pre": [1, 1, 1]
            },
            "1.1429": [1, 1, 1],
            "1.6429": [1, 1, 1],
            "1.6786": {
              "post": [0.9, 1.6, 0.8],
              "pre": [1, 1, 1]
            },
            "1.7857": [1, 1, 1],
            "2.0714": [1, 1, 1],
            "2.1071": {
              "post": [0.9, 1.6, 0.8],
              "pre": [1, 1, 1]
            },
            "2.2143": [1, 1, 1],
            "2.3571": [1, 1, 1],
            "2.3929": {
              "post": [0.9, 1.6, 0.8],
              "pre": [1, 1, 1]
            },
            "2.5": [1, 1, 1]
          }
        },
        "light_trail": {
          "position": [0, 0, -7]
        },
        "light_trail2": {
          "position": [0, 0, -6]
        },
        "light_trail3": {
          "position": [0, 0, -6]
        },
        "light_trail4": {
          "position": [0, 0, -6]
        },
        "light_trail5": {
          "position": [0, 0, -6]
        },
        "light_trail6": {
          "position": [0, 0, -6]
        },
        "light_trail7": {
          "position": [0, 0, -6]
        },
        "light_trail8": {
          "position": [0, 0, -6]
        },
        "mouth_closed": {
          "position": [0, 0, 0.1]
        },
        "mouth_open": {
          "position": [0, 0, 0]
        },
        "mouth_smile": {
          "position": [0, 0, -0.1]
        }
      },
      "loop": true
    }
  },
  "format_version": "1.8.0"
}