{
  "animations": {
    "animation.rotom_wash.blink": {
      "animation_length": 0.1667,
      "bones": {
        "eyelid_left": {
          "position": {
            "0.0": [0, 0, -0.1],
            "0.125": [0, 0, -0.1],
            "0.1667": [0, 0, 0]
          }
        },
        "eyelid_right": {
          "position": {
            "0.0": [0, 0, -0.1],
            "0.125": [0, 0, -0.1],
            "0.1667": [0, 0, 0]
          }
        }
      }
    },
    "animation.rotom_wash.cry": {
      "animation_length": 1.5,
      "bones": {
        "body": {
          "position": {
            "0.0": {
              "lerp_mode": "catmullrom",
              "post": [0, 0, 0]
            },
            "0.0417": {
              "lerp_mode": "catmullrom",
              "post": [0, 1.25, 10.675]
            },
            "0.0833": {
              "lerp_mode": "catmullrom",
              "post": [1.25, -0.25, 15.425]
            },
            "0.125": {
              "lerp_mode": "catmullrom",
              "post": [8, 1.25, 6.675]
            },
            "0.1667": [-22, 16.25, 8.175],
            "0.25": [-23, 17.25, 8.1],
            "0.375": {
              "post": [-22, 6.25, 4.6],
              "pre": [-23, 17.25, 8.1]
            },
            "0.4167": [24, -0.75, -5.9],
            "0.5": [25.425, -1.85, -7],
            "0.625": {
              "lerp_mode": "catmullrom",
              "post": [21.25, 9.5, -2.9],
              "pre": [21.25, 9.5, -2.9]
            },
            "0.6667": {
              "lerp_mode": "catmullrom",
              "post": [10, 18.25, -12.9]
            },
            "0.75": {
              "lerp_mode": "catmullrom",
              "post": [10, 18.25, -12.9]
            },
            "0.9167": {
              "lerp_mode": "catmullrom",
              "post": [-1.25, 18.5, 1.1]
            },
            "1.0417": {
              "lerp_mode": "catmullrom",
              "post": [-2.25, 17.75, 1.1]
            },
            "1.25": [-2.25, 17.75, 1.1],
            "1.2917": [0, 0, 0],
            "1.5": [0, 0, 0]
          },
          "rotation": {
            "0.0": [0, 0, 0],
            "0.0417": [-20, 0, 0],
            "0.125": [-18.75928, 28.01575, 3.8417],
            "0.1667": [-10, 0, 13.75],
            "0.2083": [-15, 0, 0],
            "0.2917": [-15, 0, -5],
            "0.3333": [-15, 0, -3.75],
            "0.375": [-15, 0, 2.5],
            "0.4167": [-10, 0, 16.75],
            "0.4583": [-15, 0, 11.5],
            "0.5": [-15, 0, 3],
            "0.5833": [-15, 0, -2.5],
            "0.625": [-10, 0, 19.75],
            "0.6667": [-15, 0, 17.25],
            "0.7083": [-15, 0, 0],
            "0.75": [-2.58514, -7.63134, 20.07106],
            "0.9167": [14.91486, -7.63134, 20.07106],
            "1.1667": [-10.08514, -7.63134, 20.07106],
            "1.2917": [16.69926, 0.71879, -8.82307],
            "1.4167": [11.54318, 0.8253, -13.16807],
            "1.5": [0, 0, 0]
          },
          "scale": {
            "0.125": [1, 1, 1],
            "0.1667": {
              "post": [1.6, 0.9, 0.8],
              "pre": [1, 1, 1]
            },
            "0.25": [1, 1, 1],
            "0.375": [1, 1, 1],
            "0.4167": {
              "post": [1.6, 0.9, 0.8],
              "pre": [1, 1, 1]
            },
            "0.5": [1, 1, 1],
            "0.5833": [1, 1, 1],
            "0.625": {
              "post": [1.6, 0.9, 0.8],
              "pre": [1, 1, 1]
            },
            "0.75": [1, 1, 1],
            "1.25": [1, 1, 1],
            "1.2917": {
              "post": [0.9, 1.6, 0.8],
              "pre": [1, 1, 1]
            },
            "1.4167": [1, 1, 1]
          }
        }
      },
      "sound_effects": {
        "0.0": {
          "effect": "pokemon.rotom.cry"
        }
      }
    },
    "animation.rotom_wash.ground_idle": {
      "bones": {
        "arm_left": {
          "rotation": [
            "1.3845-Math.cos((query.anim_time) * 90 * 10) * 360", "8.4096+Math.cos((query.anim_time) * 90 * 10) * 4",
            "26.2722+Math.cos((query.anim_time) * 90 * 10) * 5"
          ]
        },
        "arm_right": {
          "rotation": [
            "-22.5-math.cos((q.anim_time-0.6)*360*4)*12", "0+Math.cos((query.anim_time) * 90 * 20) * 4",
            "20-math.cos((q.anim_time-0.6)*360*4)*8"
          ]
        },
        "body": {
          "position": [0, "4-math.cos(q.anim_time*90*2-150)*1.2", 0],
          "rotation": [0, 0, "2.5-math.cos((q.anim_time-0.6)*360*1)*12"]
        },
        "body_shake": {
          "rotation": [
            "2.5+math.cos((q.anim_time-0.3)*360*2)*5-math.cos((q.anim_time-1.8)*360*2)*11",
            "math.cos((q.anim_time-0.3)*360*2)*9-math.cos((q.anim_time-0.8)*360*2)*19",
            "-2.5+math.cos((q.anim_time-0.3)*360*4)*3"
          ]
        },
        "door": {
          "rotation": [
            "0+Math.cos((query.anim_time) * 90 * 20) * 2", "0+Math.cos((query.anim_time) * 90 * 20) * 2",
            "0+Math.cos((query.anim_time) * 90 * 20) * 1"
          ]
        },
        "door_outline": {
          "position": [2, 0, 0],
          "scale": 0.5
        },
        "leg_left": {
          "rotation": [0, 0, "-2.5-math.cos((q.anim_time-0.4)*360*4)*6"]
        },
        "leg_right": {
          "rotation": [0, 0, "2.5-math.cos((q.anim_time-0.55)*360*4)*6"]
        },
        "legs": {
          "rotation": [
            "0+Math.cos((query.anim_time) * 90 * 20) * 2", "0+Math.cos((query.anim_time) * 90 * 20) * 2",
            "0+Math.cos((query.anim_time) * 90 * 20) * 2"
          ]
        },
        "mouth_closed": {
          "position": [0, 0, 0.1]
        },
        "mouth_smile": {
          "position": [0, 0, -0.1]
        },
        "tail": {
          "position": [1, 0, 0],
          "rotation": [
            "8.7047-math.cos((q.anim_time-0.3)*360*2)*5", "-16.6406-math.cos((q.anim_time-0.2)*360*2)*8",
            "-20.8555-math.cos((q.anim_time-0.1)*360*2)*7"
          ]
        },
        "tail2": {
          "position": [0.5, 0, 0],
          "rotation": [
            "-3.4144-math.cos((q.anim_time-0.4)*360*4)*2", "-37.4851-math.cos((q.anim_time-0.3)*360*4)*3",
            "0.5179-math.cos((q.anim_time-0.2)*360*4)*1"
          ]
        },
        "tail3": {
          "position": [0.5, -0.2, 0],
          "relative_to": {
            "rotation": "entity"
          },
          "rotation": [
            -3.83696, "-47.6462-math.cos((q.anim_time-0.5)*360*4)*3", "15.77-math.cos((q.anim_time-0.3)*360*4)*5 "
          ]
        },
        "tail4": {
          "position": [0.5, 0, 0],
          "rotation": [
            -7.78905, "-35.3923-math.cos((q.anim_time-0.6)*360*4)*3", "11.8495-math.cos((q.anim_time-0.4)*360*4)*6"
          ]
        },
        "tail_rotate": {
          "rotation": [0, 27.5, 0]
        }
      },
      "loop": true
    },
    "animation.rotom_wash.ground_walk": {
      "bones": {
        "arm_left": {
          "rotation": [
            "1.3845-Math.cos((query.anim_time) * 90 * 10) * 360", "8.4096+Math.cos((query.anim_time) * 90 * 10) * 4",
            "26.2722+Math.cos((query.anim_time) * 90 * 10) * 5"
          ]
        },
        "arm_right": {
          "rotation": [
            "-22.5-math.cos((q.anim_time-0.6)*360*4)*12", "0+Math.cos((query.anim_time) * 90 * 20) * 4",
            "20-math.cos((q.anim_time-0.6)*360*4)*8"
          ]
        },
        "body": {
          "position": [0, "4-math.cos(q.anim_time*90*2-150)*1.2", "0-math.cos(q.anim_time*90*4-150)*2"],
          "rotation": [0, 0, "2.5-math.cos((q.anim_time-0.6)*360*1)*12"]
        },
        "body_shake": {
          "rotation": [
            "2.5+math.cos((q.anim_time-0.3)*360*2)*5-math.cos((q.anim_time-1.8)*360*2)*11",
            "math.cos((q.anim_time-0.3)*360*2)*9-math.cos((q.anim_time-0.8)*360*2)*19",
            "-2.5+math.cos((q.anim_time-0.3)*360*4)*3"
          ]
        },
        "door": {
          "rotation": [
            "0+Math.cos((query.anim_time) * 90 * 20) * 2", "0+Math.cos((query.anim_time) * 90 * 20) * 2",
            "0+Math.cos((query.anim_time) * 90 * 20) * 1"
          ]
        },
        "door_outline": {
          "position": [2, 0, 0],
          "scale": 0.5
        },
        "leg_left": {
          "rotation": [0, 0, "-2.5-math.cos((q.anim_time-0.4)*360*4)*6"]
        },
        "leg_right": {
          "rotation": [0, 0, "2.5-math.cos((q.anim_time-0.55)*360*4)*6"]
        },
        "legs": {
          "rotation": [
            "0+Math.cos((query.anim_time) * 90 * 20) * 2", "0+Math.cos((query.anim_time) * 90 * 20) * 2",
            "0+Math.cos((query.anim_time) * 90 * 20) * 2"
          ]
        },
        "mouth_closed": {
          "position": [0, 0, 0.1]
        },
        "mouth_smile": {
          "position": [0, 0, -0.1]
        },
        "tail": {
          "position": [1, 0, 0],
          "rotation": [
            "8.7047-math.cos((q.anim_time-0.3)*360*2)*5", "-16.6406-math.cos((q.anim_time-0.2)*360*2)*8",
            "-20.8555-math.cos((q.anim_time-0.1)*360*2)*7"
          ]
        },
        "tail2": {
          "position": [0.5, 0, 0],
          "rotation": [
            "-3.4144-math.cos((q.anim_time-0.4)*360*4)*2", "-37.4851-math.cos((q.anim_time-0.3)*360*4)*3",
            "0.5179-math.cos((q.anim_time-0.2)*360*4)*1"
          ]
        },
        "tail3": {
          "position": [0.5, -0.2, 0],
          "relative_to": {
            "rotation": "entity"
          },
          "rotation": [
            -3.83696, "-47.6462-math.cos((q.anim_time-0.5)*360*4)*3", "15.77-math.cos((q.anim_time-0.3)*360*4)*5 "
          ]
        },
        "tail4": {
          "position": [0.5, 0, 0],
          "rotation": [
            -7.78905, "-35.3923-math.cos((q.anim_time-0.6)*360*4)*3", "11.8495-math.cos((q.anim_time-0.4)*360*4)*6"
          ]
        },
        "tail_rotate": {
          "rotation": [0, 27.5, 0]
        }
      },
      "loop": true
    },
    "animation.rotom_wash.special": {
      "animation_length": 1.125,
      "bones": {
        "door": {
          "rotation": {
            "0.0": [0, 0, 0],
            "0.4583": [0, 157.5, 0],
            "0.7083": {
              "lerp_mode": "catmullrom",
              "post": [0, 132.5, 0],
              "pre": [0, 132.5, 0]
            },
            "1.125": [0, 0, 0]
          }
        },
        "door_outline": {
          "position": {
            "0.0": [0, 0, 0],
            "0.0417": [1, 0, 0],
            "0.9583": [0, 0, 0],
            "1.0": [1, 0, 0]
          },
          "scale": {
            "0.0": [0.5, 0.5, 0.5],
            "0.0417": [1, 1, 1],
            "0.9583": [1, 1, 1],
            "1.0": [0.5, 0.5, 0.5]
          }
        }
      }
    }
  },
  "format_version": "1.8.0"
}