{
  "animations": {
    "animation.rotom_frost.blink": {
      "animation_length": 0.1667,
      "bones": {
        "eyelid_left": {
          "position": {
            "0.0": [0, 0, -0.1],
            "0.125": [0, 0, -0.1],
            "0.1667": [0, 0, 0]
          }
        },
        "eyelid_right": {
          "position": {
            "0.0": [0, 0, -0.1],
            "0.125": [0, 0, -0.1],
            "0.1667": [0, 0, 0]
          }
        }
      }
    },
    "animation.rotom_frost.cry": {
      "animation_length": 1.5,
      "bones": {
        "body": {
          "position": {
            "0.0": {
              "lerp_mode": "catmullrom",
              "post": [0, 0, 0]
            },
            "0.0417": {
              "lerp_mode": "catmullrom",
              "post": [0, 1.25, 10.675]
            },
            "0.0833": {
              "lerp_mode": "catmullrom",
              "post": [1.25, -0.25, 15.425]
            },
            "0.125": {
              "lerp_mode": "catmullrom",
              "post": [8, 1.25, 6.675]
            },
            "0.1667": [-22, 16.25, 8.175],
            "0.25": [-23, 17.25, 8.1],
            "0.375": {
              "post": [-22, 6.25, 4.6],
              "pre": [-23, 17.25, 8.1]
            },
            "0.4167": [24, -0.75, -5.9],
            "0.5": [25.425, -1.85, -7],
            "0.625": {
              "lerp_mode": "catmullrom",
              "post": [21.25, 9.5, -2.9],
              "pre": [21.25, 9.5, -2.9]
            },
            "0.6667": {
              "lerp_mode": "catmullrom",
              "post": [10, 18.25, -12.9]
            },
            "0.75": {
              "lerp_mode": "catmullrom",
              "post": [10, 18.25, -12.9]
            },
            "0.9167": {
              "lerp_mode": "catmullrom",
              "post": [-1.25, 18.5, 1.1]
            },
            "1.0417": {
              "lerp_mode": "catmullrom",
              "post": [-2.25, 17.75, 1.1]
            },
            "1.25": [-2.25, 17.75, 1.1],
            "1.2917": [0, 0, 0],
            "1.5": [0, 0, 0]
          },
          "rotation": {
            "0.0": [0, 0, 0],
            "0.0417": [-20, 0, 0],
            "0.125": [-18.75928, 28.01575, 3.8417],
            "0.1667": [-10, 0, 13.75],
            "0.2083": [-15, 0, 0],
            "0.2917": [-15, 0, -5],
            "0.3333": [-15, 0, -3.75],
            "0.375": [-15, 0, 2.5],
            "0.4167": [-10, 0, 16.75],
            "0.4583": [-15, 0, 11.5],
            "0.5": [-15, 0, 3],
            "0.5833": [-15, 0, -2.5],
            "0.625": [-10, 0, 19.75],
            "0.6667": [-15, 0, 17.25],
            "0.7083": [-15, 0, 0],
            "0.75": [-2.58514, -7.63134, 20.07106],
            "0.9167": [14.91486, -7.63134, 20.07106],
            "1.1667": [-10.08514, -7.63134, 20.07106],
            "1.2917": [16.69926, 0.71879, -8.82307],
            "1.4167": [11.54318, 0.8253, -13.16807],
            "1.5": [0, 0, 0]
          },
          "scale": {
            "0.125": [1, 1, 1],
            "0.1667": {
              "post": [1.6, 0.9, 0.8],
              "pre": [1, 1, 1]
            },
            "0.25": [1, 1, 1],
            "0.375": [1, 1, 1],
            "0.4167": {
              "post": [1.6, 0.9, 0.8],
              "pre": [1, 1, 1]
            },
            "0.5": [1, 1, 1],
            "0.5833": [1, 1, 1],
            "0.625": {
              "post": [1.6, 0.9, 0.8],
              "pre": [1, 1, 1]
            },
            "0.75": [1, 1, 1],
            "1.25": [1, 1, 1],
            "1.2917": {
              "post": [0.9, 1.6, 0.8],
              "pre": [1, 1, 1]
            },
            "1.4167": [1, 1, 1]
          }
        }
      },
      "sound_effects": {
        "0.0": {
          "effect": "pokemon.rotom.cry"
        }
      }
    },
    "animation.rotom_frost.ground_idle": {
      "bones": {
        "arm_left": {
          "rotation": [
            "4.3255-math.cos((q.anim_time-0.6)*360*2)*3", "-3.529+Math.cos((query.anim_time) * 90 * 20) * 4",
            "2.8436-math.cos((q.anim_time-0.6)*360*8)*8"
          ]
        },
        "arm_left2": {
          "rotation": [
            0, "-8.083+Math.cos((query.anim_time) * 90 * 20) * 4", "-19.2076-math.cos((q.anim_time-0.6)*360*8)*8"
          ]
        },
        "arm_right": {
          "rotation": [
            "4.0952+math.cos((q.anim_time-0.6)*360*2)*3", "1.1165-Math.cos((query.anim_time) * 90 * 20) * 4",
            "-5.0142+math.cos((q.anim_time-0.6)*360*8)*8"
          ]
        },
        "arm_right2": {
          "rotation": [
            0, "-3.0149-Math.cos((query.anim_time) * 90 * 20) * 4", "5.2905+math.cos((q.anim_time-0.6)*360*8)*8"
          ]
        },
        "body": {
          "position": [0, "3+math.sin(q.anim_time*90*4-90)*0.8", 0],
          "rotation": ["2.5*math.sin(q.anim_time*90*2)*1", 0, "2.5*math.sin(q.anim_time*90*2+90)*1"]
        },
        "mouth_closed": {
          "position": [0, 0, 1]
        },
        "mouth_smile": {
          "position": [0, 0, -0.2]
        }
      },
      "loop": true
    },
    "animation.rotom_frost.ground_walk": {
      "bones": {
        "arm_left": {
          "rotation": [
            "4.3255-math.cos((q.anim_time-0.6)*360*2)*3", "-3.529+Math.cos((query.anim_time) * 90 * 20) * 4",
            "2.8436-math.cos((q.anim_time-0.6)*360*8)*8"
          ]
        },
        "arm_left2": {
          "rotation": [
            0, "-8.083+Math.cos((query.anim_time) * 90 * 20) * 4", "-19.2076-math.cos((q.anim_time-0.6)*360*8)*8"
          ]
        },
        "arm_right": {
          "rotation": [
            "4.0952+math.cos((q.anim_time-0.6)*360*2)*3", "1.1165-Math.cos((query.anim_time) * 90 * 20) * 4",
            "-5.0142+math.cos((q.anim_time-0.6)*360*8)*8"
          ]
        },
        "arm_right2": {
          "rotation": [
            0, "-3.0149-Math.cos((query.anim_time) * 90 * 20) * 4", "5.2905+math.cos((q.anim_time-0.6)*360*8)*8"
          ]
        },
        "body": {
          "position": [0, "4-math.cos(q.anim_time*90*4-350)*1.2", "0+math.cos(q.anim_time*90*2-350)*1.2"],
          "rotation": ["15+math.sin(q.anim_time*90*8)*6", 0, "math.sin(q.anim_time*90*2)*6"]
        },
        "door_left_outline": {
          "scale": 0.5
        },
        "door_right_outline": {
          "scale": 0.5
        },
        "mouth_closed": {
          "position": [0, 0, 1]
        },
        "mouth_smile": {
          "position": [0, 0, -0.2]
        }
      },
      "loop": true
    },
    "animation.rotom_frost.special": {
      "animation_length": 1.2083,
      "bones": {
        "body": {
          "position": {
            "0.0": [0, 0, 0],
            "0.0833": [0, 0, 0],
            "0.2083": [0, 0, -1.6],
            "0.3333": [0, 0, 0],
            "0.8333": [0, 0, 0],
            "0.9167": [0, 0, 0],
            "1.0417": [0, 0, -1.6],
            "1.1667": [0, 0, 0]
          }
        },
        "door_left": {
          "rotation": {
            "0.0": [0, 0, 0],
            "0.2917": [0, -90, 0],
            "0.7083": [0, -90, 0],
            "1.0": [0, 0, 0]
          }
        },
        "door_right": {
          "rotation": {
            "0.0": [0, 0, 0],
            "0.2917": [0, 90, 0],
            "0.7083": [0, 90, 0],
            "1.0": [0, 0, 0]
          }
        }
      }
    }
  },
  "format_version": "1.8.0"
}