{
  "animations": {
    "animation.stunfisk.battle_idle": {
      "bones": {
        "down": {
          "rotation": ["1+math.sin(q.anim_time*90*1.5)*3+math.cos(q.anim_time*90*1.5)*1.25", 0, 0]
        },
        "fin_left": {
          "position": [0.4, 0, 0],
          "rotation": [0, 17.5, "0+math.sin(q.anim_time*90*1.5)*-3.5"]
        },
        "fin_right": {
          "position": [-0.4, 0, 0],
          "rotation": [0, -17.5, "0-math.sin(q.anim_time*90*1.5)*-3.5"]
        },
        "head": {
          "position": [0, "0+math.sin(q.anim_time*90*1.5)*0.2", 0],
          "rotation": ["0-math.sin(q.anim_time*90*1.5)*1.25", 0, 0]
        },
        "in": {
          "position": [0, "0+math.sin(q.anim_time*90*1.5)*0.02+math.sin(q.anim_time*90*1.5)*0.02", 0]
        },
        "irises": {
          "position": [0, 0, -0.4]
        },
        "left": {
          "position": [0.1, 1.02, 1.6],
          "rotation": [0, 22.5, 0],
          "scale": [1.1, 1, 0.6]
        },
        "right": {
          "position": [-0.1, 1.02, 1.6],
          "rotation": [0, -22.5, 0],
          "scale": [1.1, 1, 0.6]
        },
        "tail": {
          "rotation": ["0+math.sin(q.anim_time*90*1.5)*1.5", 0, 0]
        },
        "torso": {
          "rotation": ["0+math.sin(q.anim_time*90*1.5)*1.5", 0, 0]
        },
        "torso_2": {
          "rotation": ["0+math.sin(q.anim_time*90*1.5)*1.5", 0, 0]
        },
        "up": {
          "rotation": ["-1-math.sin(q.anim_time*90*1.5)*3-math.cos(q.anim_time*90*1.5)*1.25", 0, 0]
        }
      },
      "loop": true
    },
    "animation.stunfisk.blink": {
      "animation_length": 0.25,
      "bones": {
        "eye_lid": {
          "position": {
            "0.0": [0, 0, 0],
            "0.0625": [0, 1.02, 0],
            "0.1875": [0, 1.02, 0],
            "0.25": [0, 0, 0]
          }
        }
      }
    },
    "animation.stunfisk.cry": {
      "animation_length": 2.5,
      "bones": {
        "body": {
          "position": {
            "0.0": [0, 0, 0],
            "0.3333": [0, 0, 0],
            "0.4167": [0, -0.5, 0],
            "0.6667": [0, 2, 0],
            "0.7083": [0, 2, 0],
            "0.75": [0, 1.7, 0],
            "0.7917": [0, 1.9, 0],
            "0.8333": [0, 1.7, 0],
            "0.875": [0, 1.9, 0],
            "0.9167": [0, 1.5, 0],
            "0.9583": [0, 1.7, 0],
            "1.0": [0, 1.5, 0],
            "1.0417": [0, 1.7, 0],
            "1.0833": [0, 1.5, 0],
            "1.125": [0, 1.4, 0],
            "1.1667": [0, 1.7, 0],
            "1.2083": [0, 1.5, 0],
            "1.25": [0, 1.4, 0],
            "1.2917": [0, 1.5, 0],
            "1.3333": [0, 1.2, 0],
            "1.375": [0, 1.3, 0],
            "1.4167": [0, 1.1, 0],
            "1.4583": [0, 1.2, 0],
            "2.2083": [0, 0, 0]
          },
          "rotation": {
            "0.6667": [0, 0, 0],
            "0.7083": [0, 0, "math.sin(query.anim_time * 2160) * 2"],
            "1.5": [0, 0, "math.sin(query.anim_time * 2160) * 2"],
            "1.5417": [0, 0, 0]
          }
        },
        "down": {
          "position": {
            "0.0": [0, 0, -0.05],
            "2.125": [0, 0, -0.05]
          },
          "rotation": {
            "0.0": [-2.4805, 0, 0],
            "0.4583": [-2.4805, 0, 0],
            "0.6667": [17.5, 0, 0],
            "1.5833": [17.5, 0, 0],
            "2.125": [-2.4805, 0, 0]
          }
        },
        "face": {
          "rotation": {
            "0.0": [0, 0, 0],
            "0.1667": [0, 0, 0],
            "0.2083": [-5, 0, 0],
            "0.4167": [0, 0, 0],
            "2.0": [0, 0, 0]
          }
        },
        "fin_left": {
          "position": {
            "0.0": [0.4, 0, 0],
            "0.4167": [0.4, 0, 0],
            "0.625": [0.4, 3, 0],
            "1.75": [0.4, 3, 0],
            "2.2083": [0.4, 0, 0]
          },
          "rotation": {
            "0.0": [0, 0, 0],
            "0.1667": [0, 17.5, 0],
            "0.25": [0, 17.5, 31.1894],
            "0.4167": [0, 17.5, 0],
            "0.4583": [4.56577, 18.58126, -10.45699],
            "0.625": [63.49256, -9.35551, 13.5319],
            "0.6667": [63.49256, -9, 13.5319],
            "0.7083": [63.49256, "-9+math.sin(query.anim_time * 2160) * 20", "13.53189582513005-math.sin(query.anim_time * 2160) * 12"],
            "1.5": [63.49256, "-9+math.sin(query.anim_time * 2160) * 20", "13.53189582513005-math.sin(query.anim_time * 2160) * 12"],
            "1.625": [63.49256, -9, 13.5319],
            "1.9583": [35.84485, -29.92529, 42.88237],
            "2.2083": [0, 0, 0]
          }
        },
        "fin_right": {
          "position": {
            "0.0": [-0.4, 0, 0],
            "0.4167": [-0.4, 0, 0],
            "0.625": [-0.4, 3, 0],
            "1.75": [-0.4, 3, 0],
            "2.2083": [-0.4, 0, 0]
          },
          "rotation": {
            "0.0": [0, 0, 0],
            "0.1667": [0, -17.5, 0],
            "0.25": [8.95891, -15.09492, -31.18939],
            "0.4167": [0, -17.5, 0],
            "0.4583": [3.72056, -18.76142, 13.08904],
            "0.625": [63.84235, 2.63183, -13.5319],
            "0.6667": [63.84235, 9, -13.5319],
            "0.7083": [63.84235, "9-math.sin(query.anim_time * 2160) * 20", "-13.53189582513005+math.sin(query.anim_time * 2160) * 12"],
            "1.5": [63.84235, "9-math.sin(query.anim_time * 2160) * 20", "-13.53189582513005+math.sin(query.anim_time * 2160) * 12"],
            "1.625": [63.84235, 9, -13.5319],
            "1.9583": [36.08376, 30.06218, -42.77349],
            "2.2083": [0, 0, 0]
          }
        },
        "fin_tail": {
          "rotation": {
            "0.0": [0, 0, 0],
            "0.1667": [0, 0, 0],
            "0.25": [7.5, 0, 0],
            "0.4167": [-9.37, 0, 0],
            "0.6667": [0, 0, 0],
            "0.7083": ["-math.sin(query.anim_time * 2160) * 12", 0, 0],
            "1.5": ["-math.sin(query.anim_time * 2160) * 12", 0, 0],
            "1.5417": [0, 0, 0],
            "1.7083": [0, 0, 0],
            "1.7917": [2.5, 0, 0],
            "1.9167": [-0.09, 0, 0],
            "1.9583": [0, 0, 0]
          }
        },
        "head": {
          "position": {
            "0.0": [0, 0, 0],
            "0.4167": [0, 0, 0],
            "0.625": [0, 7, 0],
            "1.75": [0, 7, 0],
            "2.0": [0, 0, 0]
          },
          "rotation": {
            "0.0": [0, 0, 0],
            "0.4167": [0, 0, 0],
            "0.625": [72.5, 0, 0],
            "1.75": [72.5, 0, 0],
            "2.0": [0, 0, 0]
          }
        },
        "tail": {
          "rotation": {
            "0.0": [0, 0, 0],
            "0.1667": [0, 0, 0],
            "0.25": [12.5, 0, 0],
            "0.4167": [0, 0, 0],
            "0.6667": [0, 0, 0],
            "0.7083": ["-math.sin(query.anim_time * 2160) * 8", 0, 0],
            "1.5": ["-math.sin(query.anim_time * 2160) * 8", 0, 0],
            "1.5417": [0, 0, 0],
            "1.7083": [0, 0, 0],
            "1.7917": [20, 0, 0],
            "1.9167": [-2.5, 0, 0],
            "1.9583": [0, 0, 0]
          }
        },
        "torso": {
          "rotation": {
            "0.0": [0, 0, 0],
            "0.1667": [0, 0, 0],
            "0.25": [7.5, 0, 0],
            "0.4167": [0, 0, 0],
            "0.625": [0, 0, 0],
            "0.7083": ["-math.sin(query.anim_time * 2160) * 5", 0, 0],
            "1.5": ["-math.sin(query.anim_time * 2160) * 5", 0, 0],
            "1.5417": [0, 0, 0],
            "1.7083": [0, 0, 0],
            "1.7917": [20, 0, 0],
            "1.9167": [-2.5, 0, 0],
            "1.9583": [0, 0, 0]
          }
        },
        "torso_2": {
          "rotation": {
            "0.0": [0, 0, 0],
            "0.1667": [0, 0, 0],
            "0.25": [20, 0, 0],
            "0.4167": [0, 0, 0],
            "0.6667": [0, 0, 0],
            "0.7083": ["-math.sin(query.anim_time * 2160) * 6", 0, 0],
            "1.5": ["-math.sin(query.anim_time * 2160) * 6", 0, 0],
            "1.5417": [0, 0, 0],
            "1.7083": [0, 0, 0],
            "1.7917": [22.5, 0, 0],
            "1.9167": [-2.5, 0, 0],
            "1.9583": [0, 0, 0]
          }
        },
        "up": {
          "position": {
            "0.0": [0, 0, 0.05],
            "2.0833": [0, 0, 0.05]
          },
          "rotation": {
            "0.0": [5, 0, 0],
            "0.4583": [0, 0, 0],
            "0.625": [-20, 0, 0],
            "1.5417": [-20, 0, 0],
            "2.0833": [5, 0, 0]
          }
        }
      },
      "sound_effects": {
        "0.6667": {
          "effect": "stunfisk"
        }
      }
    },
    "animation.stunfisk.faint": {
      "animation_length": 2.5,
      "bones": {
        "body": {
          "position": {
            "0.0": [0, 0, 0],
            "0.3333": [0, 0, 0],
            "0.4167": [0, -0.5, 0],
            "0.6667": [0, 2, 0],
            "0.7083": [0, 2, 0],
            "0.75": [0, 1.7, 0],
            "0.7917": [0, 1.9, 0],
            "0.8333": [0, 1.7, 0],
            "0.875": [0, 1.9, 0],
            "0.9167": [0, 1.5, 0],
            "0.9583": [0, 1.7, 0],
            "1.0": [0, 1.5, 0],
            "1.0417": [0, 1.7, 0],
            "1.0833": [0, 1.5, 0],
            "1.125": [0, 1.4, 0],
            "1.1667": [0, 1.7, 0],
            "1.2083": [0, 1.5, 0],
            "1.25": [0, 1.4, 0],
            "1.2917": [0, 1.5, 0],
            "1.3333": [0, 1.2, 0],
            "1.375": [0, 1.3, 0],
            "1.4167": [0, 1.1, 0],
            "1.4583": [0, 1.2, 0],
            "2.2083": [0, 0, 0]
          },
          "rotation": {
            "0.6667": [0, 0, 0],
            "0.7083": [0, 0, "math.sin(query.anim_time * 2160) * 2"],
            "1.5": [0, 0, "math.sin(query.anim_time * 2160) * 2"],
            "1.5417": [0, 0, 0]
          }
        },
        "down": {
          "position": {
            "0.7083": [0, 0, -0.05],
            "1.7917": [0, 0, -0.05]
          },
          "rotation": {
            "0.0": [17.5, 0, 0],
            "0.625": [17.5, 0, 0],
            "0.7083": [-2.4805, 0, 0],
            "1.7917": [-2.4805, 0, 0],
            "2.1667": [17.5, 0, 0],
            "2.5": [17.5, 0, 0]
          }
        },
        "face": {
          "rotation": {
            "0.0": [0, 0, 0],
            "0.1667": [0, 0, 0],
            "0.2083": [-5, 0, 0],
            "0.4167": [0, 0, 0],
            "2.0": [0, 0, 0]
          }
        },
        "fin_left": {
          "position": {
            "0.0": [0.4, 0, 0],
            "0.4167": [0.4, 0, 0],
            "0.625": [0.4, 3, 0],
            "1.75": [0.4, 3, 0],
            "2.2083": [0.4, 0, 0]
          },
          "rotation": {
            "0.0": [0, 17.5, 0],
            "0.1667": [0, 17.5, 0],
            "0.25": [0, 17.5, 31.1894],
            "0.4167": [0, 17.5, 0],
            "0.4583": [4.56577, 18.58126, -10.45699],
            "0.625": [63.49256, -9.35551, 13.5319],
            "0.6667": [63.49256, -9, 13.5319],
            "0.7083": [63.49256, "-9+math.sin(query.anim_time * 2160) * 20", "13.53189582513005-math.sin(query.anim_time * 2160) * 12"],
            "1.5": [63.49256, "-9+math.sin(query.anim_time * 2160) * 20", "13.53189582513005-math.sin(query.anim_time * 2160) * 12"],
            "1.625": [63.49256, -9, 13.5319],
            "1.9583": [35.84485, -29.92529, 42.88237],
            "2.2083": [0, 17.5, 0]
          }
        },
        "fin_right": {
          "position": {
            "0.0": [-0.4, 0, 0],
            "0.4167": [-0.4, 0, 0],
            "0.625": [-0.4, 3, 0],
            "1.75": [-0.4, 3, 0],
            "2.2083": [-0.4, 0, 0]
          },
          "rotation": {
            "0.0": [0, -17.5, 0],
            "0.1667": [0, -17.5, 0],
            "0.25": [8.95891, -15.09492, -31.18939],
            "0.4167": [0, -17.5, 0],
            "0.4583": [3.72056, -18.76142, 13.08904],
            "0.625": [63.84235, 2.63183, -13.5319],
            "0.6667": [63.84235, 9, -13.5319],
            "0.7083": [63.84235, "9-math.sin(query.anim_time * 2160) * 20", "-13.53189582513005+math.sin(query.anim_time * 2160) * 12"],
            "1.5": [63.84235, "9-math.sin(query.anim_time * 2160) * 20", "-13.53189582513005+math.sin(query.anim_time * 2160) * 12"],
            "1.625": [63.84235, 9, -13.5319],
            "1.9583": [36.08376, 30.06218, -42.77349],
            "2.2083": [0, -17.5, 0]
          }
        },
        "fin_tail": {
          "rotation": {
            "0.0": [0, 0, 0],
            "0.1667": [0, 0, 0],
            "0.25": [7.5, 0, 0],
            "0.4167": [-9.37, 0, 0],
            "0.6667": [0, 0, 0],
            "0.7083": ["-math.sin(query.anim_time * 2160) * 12", 0, 0],
            "1.5": ["-math.sin(query.anim_time * 2160) * 12", 0, 0],
            "1.5417": [0, 0, 0],
            "1.7083": [0, 0, 0],
            "1.7917": [2.5, 0, 0],
            "1.9167": [-0.09, 0, 0],
            "1.9583": [0, 0, 0]
          }
        },
        "head": {
          "position": {
            "0.0": [0, 0, 0],
            "0.4167": [0, 0, 0],
            "0.625": [0, 7, 0],
            "1.75": [0, 7, 0],
            "2.0": [0, 0, 0]
          },
          "rotation": {
            "0.0": [0, 0, 0],
            "0.4167": [0, 0, 0],
            "0.625": [72.5, 0, 0],
            "1.75": [72.5, 0, 0],
            "2.0": [0, 0, 0]
          }
        },
        "left": {
          "position": {
            "0.0": [0, 0, 0],
            "0.7083": [-0.2, 1.02, 1.3],
            "1.5833": [-0.2, 1.02, 1.3],
            "1.875": [0, 1.02, 0]
          },
          "rotation": {
            "0.0": [0, 0, 0],
            "0.7083": [0, -12.5, 0],
            "1.5833": [0, -12.5, 0],
            "1.875": [0, 0, 0]
          },
          "scale": {
            "0.0": [0, 0, 0],
            "0.7083": [1.2, 1, 0.6],
            "1.5833": [1.2, 1, 0.6],
            "1.875": [1, 1, 1]
          }
        },
        "right": {
          "position": {
            "0.0": [0, 0, 0],
            "0.7083": [0.2, 1.02, 1.3],
            "1.5833": [0.2, 1.02, 1.3],
            "1.875": [0, 1.02, 0]
          },
          "rotation": {
            "0.0": [0, 0, 0],
            "0.7083": [0, 12.5, 0],
            "1.5833": [0, 12.5, 0],
            "1.875": [0, 0, 0]
          },
          "scale": {
            "0.0": [0, 0, 0],
            "0.7083": [1.2, 1, 0.6],
            "1.5833": [1.2, 1, 0.6],
            "1.875": [1, 1, 1]
          }
        },
        "tail": {
          "rotation": {
            "0.0": [0, 0, 0],
            "0.1667": [0, 0, 0],
            "0.25": [12.5, 0, 0],
            "0.4167": [0, 0, 0],
            "0.6667": [0, 0, 0],
            "0.7083": ["-math.sin(query.anim_time * 2160) * 8", 0, 0],
            "1.5": ["-math.sin(query.anim_time * 2160) * 8", 0, 0],
            "1.5417": [0, 0, 0],
            "1.7083": [0, 0, 0],
            "1.7917": [20, 0, 0],
            "1.9167": [-2.5, 0, 0],
            "1.9583": [0, 0, 0]
          }
        },
        "torso": {
          "rotation": {
            "0.0": [0, 0, 0],
            "0.1667": [0, 0, 0],
            "0.25": [7.5, 0, 0],
            "0.4167": [0, 0, 0],
            "0.6667": [0, 0, 0],
            "0.7083": ["-math.sin(query.anim_time * 2160) * 5", 0, 0],
            "1.5": ["-math.sin(query.anim_time * 2160) * 5", 0, 0],
            "1.5417": [0, 0, 0],
            "1.7083": [0, 0, 0],
            "1.7917": [20, 0, 0],
            "1.9167": [-2.5, 0, 0],
            "1.9583": [0, 0, 0]
          }
        },
        "torso_2": {
          "rotation": {
            "0.0": [0, 0, 0],
            "0.1667": [0, 0, 0],
            "0.25": [20, 0, 0],
            "0.4167": [0, 0, 0],
            "0.6667": [0, 0, 0],
            "0.7083": ["-math.sin(query.anim_time * 2160) * 6", 0, 0],
            "1.5": ["-math.sin(query.anim_time * 2160) * 6", 0, 0],
            "1.5417": [0, 0, 0],
            "1.7083": [0, 0, 0],
            "1.7917": [22.5, 0, 0],
            "1.9167": [-2.5, 0, 0],
            "1.9583": [0, 0, 0]
          }
        },
        "up": {
          "position": {
            "0.0": [0, 0, 0],
            "0.7083": [0, 0, 0.05],
            "1.7917": [0, 0, 0.05]
          },
          "rotation": {
            "0.0": [-20, 0, 0],
            "0.625": [-20, 0, 0],
            "0.7083": [5, 0, 0],
            "1.7917": [5, 0, 0],
            "2.1667": [-20, 0, 0],
            "2.5": [-20, 0, 0]
          }
        }
      }
    },
    "animation.stunfisk.ground_idle": {
      "bones": {
        "down": {
          "position": [0, 0, -0.1],
          "rotation": ["1+math.sin(q.anim_time*90*1.5)*3+math.cos(q.anim_time*90*1.5)*1.25", 0, 0]
        },
        "fin_left": {
          "position": [0.4, 0, 0],
          "rotation": [0, 17.5, "0+math.sin(q.anim_time*90*1.5)*-3.5"]
        },
        "fin_right": {
          "position": [-0.4, 0, 0],
          "rotation": [0, -17.5, "0-math.sin(q.anim_time*90*1.5)*-3.5"]
        },
        "head": {
          "position": [0, "0+math.sin(q.anim_time*90*1.5)*0.2", 0],
          "rotation": ["0-math.sin(q.anim_time*90*1.5)*1.25", 0, 0]
        },
        "tail": {
          "rotation": ["0+math.sin(q.anim_time*90*1.5)*1.25", 0, 0]
        },
        "torso": {
          "rotation": ["0+math.sin(q.anim_time*90*1.5)*1.25", 0, 0]
        },
        "torso_2": {
          "rotation": ["0+math.sin(q.anim_time*90*1.5)*1.25", 0, 0]
        },
        "up": {
          "position": [0, 0, 0.1],
          "rotation": ["-1-math.sin(q.anim_time*90*1.5)*3-math.cos(q.anim_time*90*1.5)*1.25", 0, 0]
        }
      },
      "loop": true
    },
    "animation.stunfisk.ground_walk": {
      "animation_length": 0.5833,
      "bones": {
        "body": {
          "position": [0, 1, 0]
        },
        "down": {
          "rotation": [17.5, 0, 0]
        },
        "fin": {
          "position": [0, "0+math.sin(q.anim_time*90*3*2.2)*2", 0]
        },
        "fin_left": {
          "position": {
            "0.0": [1, 0, 0],
            "0.0417": [1, 0, 0]
          },
          "rotation": [0, "0+math.sin(q.anim_time*90*3*2.2)*10", "0-math.sin(q.anim_time*90*3*2.2)*35"]
        },
        "fin_right": {
          "position": {
            "0.0": [-1, 0, 0],
            "0.0417": [-1, 0, 0]
          },
          "rotation": [0, "0-math.sin(q.anim_time*90*3*2.2)*10", "0+math.sin(q.anim_time*90*3*2.2)*35"]
        },
        "fin_tail": {
          "rotation": ["0-math.cos(q.anim_time*90*3*2.2)*2", 0, 0]
        },
        "head": {
          "position": [0, "0.5+math.sin(q.anim_time*90*3*2.2)*2", 0],
          "rotation": ["0+math.cos(q.anim_time*90*3*2.2)*5", 0, 0]
        },
        "tail": {
          "rotation": ["0-math.cos(q.anim_time*90*3*2.2)*1.5", 0, 0]
        },
        "torso": {
          "position": {
            "0.0": [0, -0.1, 0],
            "0.25": [0, 0.1, 0],
            "0.5833": [0, -0.1, 0]
          },
          "rotation": ["0-math.cos(q.anim_time*90*3*2.2)*7", 0, 0]
        },
        "torso_2": {
          "rotation": ["0-math.cos(q.anim_time*90*3*2.2)*5", 0, 0]
        },
        "up": {
          "rotation": [-20, 0, 0]
        }
      },
      "loop": true
    },
    "animation.stunfisk.physical": {
      "animation_length": 2.1667,
      "bones": {
        "body": {
          "position": [0, 0, 0],
          "rotation": {
            "0.0": [0, 0, 0],
            "0.5": [0, -180, 0],
            "1.3333": [0, -180, 0],
            "2.1667": [0, 0, 0]
          }
        },
        "fin_left": {
          "position": {
            "0.0": [0, 0, 0],
            "0.0833": [1, 0, 0],
            "1.3333": [1, 0, 0],
            "2.1667": [0, 0, 0]
          },
          "rotation": {
            "0.0": [0, "0+math.sin(q.anim_time*90*3*2.2)*10", "0-math.sin(q.anim_time*90*3*4.2)*25"],
            "0.625": [0, 0, 0],
            "1.125": [0, 0, 0],
            "1.3333": [0, "0+math.sin(q.anim_time*90*3*2.2)*10", "0-math.sin(q.anim_time*90*3*2.2)*15"],
            "2.1667": [0, 0, 0]
          }
        },
        "fin_right": {
          "position": {
            "0.0": [0, 0, 0],
            "0.0833": [-1, 0, 0],
            "1.3333": [-1, 0, 0],
            "2.1667": [0, 0, 0]
          },
          "rotation": {
            "0.0": [0, "0-math.sin(q.anim_time*90*3*2.2)*10", "0+math.sin(q.anim_time*90*3*4.2)*25"],
            "0.625": [0, 0, 0],
            "1.125": [0, 0, 0],
            "1.3333": [0, "0-math.sin(q.anim_time*90*3*2.2)*10", "0+math.sin(q.anim_time*90*3*2.2)*15"],
            "2.1667": [0, 0, 0]
          }
        },
        "fin_tail": {
          "rotation": {
            "0.0": [0, 0, 0],
            "0.125": ["0-math.cos(q.anim_time*90*3*2.2)*2", 0, 0],
            "2.1667": [0, 0, 0]
          }
        },
        "head": {
          "position": {
            "0.0": [0, "0.5+math.sin(q.anim_time*90*3*2.2)*0.5", 0],
            "0.625": [0, 0, 0],
            "1.5833": [0, "0.5+math.sin(q.anim_time*90*3*2.2)*0.5", 0],
            "2.1667": [0, 0, 0]
          },
          "rotation": {
            "0.0": ["0+math.cos(q.anim_time*90*3*2.2)*5", 0, 0],
            "0.625": [0, 0, 0],
            "0.7083": {
              "lerp_mode": "catmullrom",
              "post": [20, 0, 0],
              "pre": [20, 0, 0]
            },
            "0.8333": {
              "lerp_mode": "catmullrom",
              "post": [-15.5, 0, 0]
            },
            "1.25": [0, 0, 0],
            "1.5": [0, 0, 0],
            "1.5833": ["0+math.cos(q.anim_time*90*3*2.2)*5", 0, 0],
            "2.1667": [0, 0, 0]
          }
        },
        "left": {
          "position": [0.1, 1.02, 1.6],
          "rotation": [0, 22.5, 0],
          "scale": [1.1, 1, 0.6]
        },
        "right": {
          "position": [-0.1, 1.02, 1.6],
          "rotation": [0, -22.5, 0],
          "scale": [1.1, 1, 0.6]
        },
        "tail": {
          "rotation": {
            "0.0": [0, 0, 0],
            "0.125": ["0-math.cos(q.anim_time*90*3*2.2)*1.5", 0, 0],
            "2.1667": [0, 0, 0]
          }
        },
        "torso": {
          "position": {
            "0.0": [0, -0.3, -0.1],
            "0.25": [0, 0.1, 0],
            "0.5833": [0, -0.1, 0],
            "0.625": [0, -0.03, 0],
            "0.7083": [0, 0.7, -0.5],
            "0.8333": [0, 0.3, -0.5],
            "1.25": [0, 0, -0.5]
          },
          "rotation": {
            "0.0": ["0-math.cos(q.anim_time*90*3*2.2)*7", 0, 0],
            "0.625": [0, 0, 0],
            "0.7083": {
              "lerp_mode": "catmullrom",
              "post": [20, 0, 0],
              "pre": [20, 0, 0]
            },
            "0.8333": {
              "lerp_mode": "catmullrom",
              "post": [15, 0, 0]
            },
            "1.25": [0, 0, 0]
          }
        },
        "torso_2": {
          "rotation": {
            "0.0": [0, 0, 0],
            "0.125": ["0-math.cos(q.anim_time*90*3*2.2)*5", 0, 0],
            "2.1667": [0, 0, 0]
          }
        }
      }
    },
    "animation.stunfisk.recoil": {
      "animation_length": 0.625,
      "bones": {
        "fin_left": {
          "rotation": {
            "0.0": [0, 0, 0],
            "0.0625": {
              "lerp_mode": "catmullrom",
              "post": [0, 0, -15.5],
              "pre": [0, 0, -15.5]
            },
            "0.1875": {
              "lerp_mode": "catmullrom",
              "post": [0, 0, 20]
            },
            "0.625": [0, 0, 0]
          }
        },
        "fin_right": {
          "rotation": {
            "0.0": [0, 0, 0],
            "0.0625": {
              "lerp_mode": "catmullrom",
              "post": [0, 0, 20],
              "pre": [0, 0, 20]
            },
            "0.1875": {
              "lerp_mode": "catmullrom",
              "post": [0, 0, -15.5]
            },
            "0.625": [0, 0, 0]
          }
        },
        "head": {
          "rotation": {
            "0.0": [0, 0, 0],
            "0.0625": {
              "lerp_mode": "catmullrom",
              "post": [20, 0, 0],
              "pre": [20, 0, 0]
            },
            "0.1875": {
              "lerp_mode": "catmullrom",
              "post": [-15.5, 0, 0]
            },
            "0.625": [0, 0, 0]
          }
        },
        "left2": {
          "position": {
            "0.0": [0, 0, 0],
            "0.0625": [0, 1.02, 0],
            "0.1875": [0, 1.02, 0],
            "0.25": [0, 0, 0]
          }
        },
        "right2": {
          "position": {
            "0.0": [0, 0, 0],
            "0.0625": [0, 1.02, 0],
            "0.1875": [0, 1.02, 0],
            "0.25": [0, 0, 0]
          }
        },
        "torso": {
          "rotation": {
            "0.0": [0, 0, 0],
            "0.0625": {
              "lerp_mode": "catmullrom",
              "post": [20, 0, 0],
              "pre": [20, 0, 0]
            },
            "0.1875": {
              "lerp_mode": "catmullrom",
              "post": [22.5, 0, 0]
            },
            "0.625": [0, 0, 0]
          }
        },
        "up": {
          "position": [0, 0, 0]
        }
      }
    },
    "animation.stunfisk.sleep": {
      "bones": {
        "down": {
          "rotation": ["0-math.sin(q.anim_time*45*1.5)*2", 0, 0]
        },
        "eye_lid": {
          "position": [0, 1.02, 0]
        },
        "fin_left": {
          "position": [0.5, 0, 0],
          "rotation": [0, 0, "-5+math.sin(q.anim_time*45*-1.55)*2"]
        },
        "fin_right": {
          "position": [-0.5, 0, 0],
          "rotation": [0, 0, "5+math.sin(q.anim_time*45*1.55)*2"]
        },
        "head": {
          "rotation": ["0+math.sin(q.anim_time*45*1.55)*2", 0, 0]
        },
        "in": {
          "position": [0, -1, 0]
        },
        "irises": {
          "position": [0, -1, 0]
        },
        "tail": {
          "rotation": ["0+math.sin(q.anim_time*45*-1.55)*2", 0, 0]
        },
        "torso": {
          "rotation": ["0+math.sin(q.anim_time*45*-1.55)*2", 0, 0]
        },
        "up": {
          "rotation": ["0+math.sin(q.anim_time*45*1.5)*2", 0, 0]
        },
        "white": {
          "position": [0, -1, 0]
        }
      },
      "loop": true
    },
    "animation.stunfisk.special": {
      "animation_length": 2.5,
      "bones": {
        "body": {
          "position": {
            "0.0": [0, 0, 0],
            "0.3333": [0, 0, 0],
            "0.4167": [0, -0.5, 0],
            "0.625": [0, 2, 0],
            "0.7083": [0, 2, 0],
            "0.75": [0, 1.7, 0],
            "0.7917": [0, 1.9, 0],
            "0.8333": [0, 1.7, 0],
            "0.875": [0, 1.9, 0],
            "0.9167": [0, 1.5, 0],
            "0.9583": [0, 1.7, 0],
            "1.0": [0, 1.5, 0],
            "1.0417": [0, 1.7, 0],
            "1.0833": [0, 1.5, 0],
            "1.125": [0, 1.4, 0],
            "1.1667": [0, 1.7, 0],
            "1.2083": [0, 1.5, 0],
            "1.25": [0, 1.4, 0],
            "1.2917": [0, 1.5, 0],
            "1.3333": [0, 1.2, 0],
            "1.375": [0, 1.3, 0],
            "1.4167": [0, 1.1, 0],
            "1.4583": [0, 1.2, 0],
            "2.2083": [0, 0, 0]
          },
          "rotation": {
            "0.625": [0, 0, 0],
            "0.7083": [0, 0, "math.sin(query.anim_time * 706) * 12"],
            "1.5": [0, 0, "math.sin(query.anim_time * 706) * 12"],
            "1.5417": [0, 0, 0]
          }
        },
        "down": {
          "position": {
            "0.7083": [0, 0, -0.05],
            "1.7917": [0, 0, -0.05]
          },
          "rotation": {
            "0.0": [17.5, 0, 0],
            "0.625": [17.5, 0, 0],
            "0.7083": [-2.4805, 0, 0],
            "1.7917": [-2.4805, 0, 0],
            "2.1667": [17.5, 0, 0],
            "2.5": [17.5, 0, 0]
          }
        },
        "face": {
          "rotation": {
            "0.0": [0, 0, 0],
            "0.1667": [0, 0, 0],
            "0.2083": [-5, 0, 0],
            "0.4167": [0, 0, 0],
            "2.0": [0, 0, 0]
          }
        },
        "fin_left": {
          "position": {
            "0.0": [0.4, 0, 0],
            "0.4167": [0.4, 0, 0],
            "0.625": [0.4, 3, 0],
            "1.75": [0.4, 3, 0],
            "2.2083": [0.4, 0, 0]
          },
          "rotation": {
            "0.0": [0, 17.5, 0],
            "0.1667": [0, 17.5, 0],
            "0.25": [0, 17.5, 31.1894],
            "0.4167": [0, 17.5, 0],
            "0.4583": [4.56577, 18.58126, -10.45699],
            "0.625": [63.49256, -9.35551, 13.5319],
            "0.6667": [63.49256, -9, 13.5319],
            "0.7083": [63.49256, "-9-math.sin(query.anim_time * 560) * 20", "13.53189582513005-math.sin(query.anim_time * 560) * 15"],
            "1.5": [63.49256, "-9+math.sin(query.anim_time * 560) * 20", "13.53189582513005-math.sin(query.anim_time * 560) * 15"],
            "1.625": [63.49256, -9, 13.5319],
            "1.9583": [35.84485, -29.92529, 42.88237],
            "2.2083": [0, 17.5, 0]
          }
        },
        "fin_right": {
          "position": {
            "0.0": [-0.4, 0, 0],
            "0.4167": [-0.4, 0, 0],
            "0.625": [-0.4, 3, 0],
            "1.75": [-0.4, 3, 0],
            "2.2083": [-0.4, 0, 0]
          },
          "rotation": {
            "0.0": [0, -17.5, 0],
            "0.1667": [0, -17.5, 0],
            "0.25": [8.95891, -15.09492, -31.18939],
            "0.4167": [0, -17.5, 0],
            "0.4583": [3.72056, -18.76142, 13.08904],
            "0.625": [63.84235, 2.63183, -13.5319],
            "0.6667": [63.84235, 9, -13.5319],
            "0.7083": [63.84235, "9+math.sin(query.anim_time * 560) * 20", "-13.53189582513005+math.sin(query.anim_time * 560) * 15"],
            "1.5": [63.84235, "9-math.sin(query.anim_time * 560) * 20", "-13.53189582513005+math.sin(query.anim_time * 560) * 15"],
            "1.625": [63.84235, 9, -13.5319],
            "1.9583": [36.08376, 30.06218, -42.77349],
            "2.2083": [0, -17.5, 0]
          }
        },
        "fin_tail": {
          "rotation": {
            "0.0": [0, 0, 0],
            "0.1667": [0, 0, 0],
            "0.25": [7.5, 0, 0],
            "0.4167": [-9.37, 0, 0],
            "0.6667": [0, 0, 0],
            "0.7083": ["-math.sin(query.anim_time * 560) * 12", 0, 0],
            "1.5": ["-math.sin(query.anim_time * 560) * 12", 0, 0],
            "1.5417": [0, 0, 0],
            "1.7083": [0, 0, 0],
            "1.7917": [2.5, 0, 0],
            "1.9167": [-0.09, 0, 0],
            "1.9583": [0, 0, 0]
          }
        },
        "head": {
          "position": {
            "0.0": [0, 0, 0],
            "0.4167": [0, 0, 0],
            "0.625": [0, 6, 0],
            "1.75": [0, 7, 0],
            "2.0": [0, 0, 0]
          },
          "rotation": {
            "0.0": [0, 0, 0],
            "0.4167": [0, 0, 0],
            "0.625": [52.5, 0, 0],
            "1.75": [72.5, 0, 0],
            "2.0": [0, 0, 0]
          }
        },
        "left": {
          "position": [0.1, 1.02, 1.6],
          "rotation": [0, 22.5, 0],
          "scale": [1.1, 1, 0.6]
        },
        "right": {
          "position": [-0.1, 1.02, 1.6],
          "rotation": [0, -22.5, 0],
          "scale": [1.1, 1, 0.6]
        },
        "tail": {
          "rotation": {
            "0.0": [0, 0, 0],
            "0.1667": [0, 0, 0],
            "0.25": [12.5, 0, 0],
            "0.4167": [0, 0, 0],
            "0.6667": [0, 0, 0],
            "0.7083": ["-math.sin(query.anim_time * 2160) * 8", 0, 0],
            "1.5": ["-math.sin(query.anim_time * 760) * 8", 0, 0],
            "1.5417": [0, 0, 0],
            "1.7083": [0, 0, 0],
            "1.7917": [20, 0, 0],
            "1.9167": [-2.5, 0, 0],
            "1.9583": [0, 0, 0]
          }
        },
        "torso": {
          "rotation": {
            "0.0": [0, 0, 0],
            "0.1667": [0, 0, 0],
            "0.25": [7.5, 0, 0],
            "0.4167": [0, 0, 0],
            "0.6667": [0, 0, 0],
            "0.7083": ["-math.sin(query.anim_time * 560) * 10", 0, 0],
            "1.5": ["-math.sin(query.anim_time * 560) * 10", 0, 0],
            "1.5417": [0, 0, 0],
            "1.7083": [0, 0, 0],
            "1.7917": [20, 0, 0],
            "1.9167": [-2.5, 0, 0],
            "1.9583": [0, 0, 0]
          }
        },
        "torso_2": {
          "rotation": {
            "0.0": [0, 0, 0],
            "0.1667": [0, 0, 0],
            "0.25": [20, 0, 0],
            "0.4167": [0, 0, 0],
            "0.6667": [0, 0, 0],
            "0.7083": ["-math.sin(query.anim_time * 560) * 8", 0, 0],
            "1.5": ["-math.sin(query.anim_time * 560) * 8", 0, 0],
            "1.5417": [0, 0, 0],
            "1.7083": [0, 0, 0],
            "1.7917": [22.5, 0, 0],
            "1.9167": [-2.5, 0, 0],
            "1.9583": [0, 0, 0]
          }
        },
        "up": {
          "position": {
            "0.0": [0, 0, 0],
            "0.7083": [0, 0, 0.05],
            "1.7917": [0, 0, 0.05]
          },
          "rotation": {
            "0.0": [-20, 0, 0],
            "0.625": [-20, 0, 0],
            "0.7083": [5, 0, 0],
            "1.7917": [5, 0, 0],
            "2.1667": [-20, 0, 0],
            "2.5": [-20, 0, 0]
          }
        }
      }
    },
    "animation.stunfisk.status": {
      "animation_length": 2.5,
      "bones": {
        "body": {
          "position": {
            "0.0": [0, 0, 0],
            "0.3333": [0, 0, 0],
            "0.4167": [0, -0.5, 0],
            "0.6667": [0, 2, 0],
            "0.7083": [0, 2, 0],
            "0.75": [0, 1.7, 0],
            "0.7917": [0, 1.9, 0],
            "0.8333": [0, 1.7, 0],
            "0.875": [0, 1.9, 0],
            "0.9167": [0, 1.5, 0],
            "0.9583": [0, 1.7, 0],
            "1.0": [0, 1.5, 0],
            "1.0417": [0, 1.7, 0],
            "1.0833": [0, 1.5, 0],
            "1.125": [0, 1.4, 0],
            "1.1667": [0, 1.7, 0],
            "1.2083": [0, 1.5, 0],
            "1.25": [0, 1.4, 0],
            "1.2917": [0, 1.5, 0],
            "1.3333": [0, 1.2, 0],
            "1.375": [0, 1.3, 0],
            "1.4167": [0, 1.1, 0],
            "1.4583": [0, 1.2, 0],
            "2.2083": [0, 0, 0]
          },
          "rotation": {
            "0.6667": [0, 0, 0],
            "0.7083": [0, 0, "math.sin(query.anim_time * 2160) * 2"],
            "1.5": [0, 0, "math.sin(query.anim_time * 2160) * 2"],
            "1.5417": [0, 0, 0]
          }
        },
        "down": {
          "position": {
            "0.7083": [0, 0, -0.05],
            "1.7917": [0, 0, -0.05]
          },
          "rotation": {
            "0.0": [17.5, 0, 0],
            "0.625": [17.5, 0, 0],
            "0.7083": [-2.4805, 0, 0],
            "1.7917": [-2.4805, 0, 0],
            "2.1667": [17.5, 0, 0],
            "2.5": [17.5, 0, 0]
          }
        },
        "face": {
          "rotation": {
            "0.0": [0, 0, 0],
            "0.1667": [0, 0, 0],
            "0.2083": [-5, 0, 0],
            "0.4167": [0, 0, 0],
            "2.0": [0, 0, 0]
          }
        },
        "fin_left": {
          "position": {
            "0.0": [0.4, 0, 0],
            "0.4167": [0.4, 0, 0],
            "0.625": [0.4, 3, 0],
            "1.75": [0.4, 3, 0],
            "2.2083": [0.4, 0, 0]
          },
          "rotation": {
            "0.0": [0, 17.5, 0],
            "0.1667": [0, 17.5, 0],
            "0.25": [0, 17.5, 31.1894],
            "0.4167": [0, 17.5, 0],
            "0.4583": [4.56577, 18.58126, -10.45699],
            "0.625": [63.49256, -9.35551, 13.5319],
            "0.6667": [63.49256, -9, 13.5319],
            "0.7083": [63.49256, "-9+math.sin(query.anim_time * 2160) * 20", "13.53189582513005-math.sin(query.anim_time * 2160) * 12"],
            "1.5": [63.49256, "-9+math.sin(query.anim_time * 2160) * 20", "13.53189582513005-math.sin(query.anim_time * 2160) * 12"],
            "1.625": [63.49256, -9, 13.5319],
            "1.9583": [35.84485, -29.92529, 42.88237],
            "2.2083": [0, 17.5, 0]
          }
        },
        "fin_right": {
          "position": {
            "0.0": [-0.4, 0, 0],
            "0.4167": [-0.4, 0, 0],
            "0.625": [-0.4, 3, 0],
            "1.75": [-0.4, 3, 0],
            "2.2083": [-0.4, 0, 0]
          },
          "rotation": {
            "0.0": [0, -17.5, 0],
            "0.1667": [0, -17.5, 0],
            "0.25": [8.95891, -15.09492, -31.18939],
            "0.4167": [0, -17.5, 0],
            "0.4583": [3.72056, -18.76142, 13.08904],
            "0.625": [63.84235, 2.63183, -13.5319],
            "0.6667": [63.84235, 9, -13.5319],
            "0.7083": [63.84235, "9-math.sin(query.anim_time * 2160) * 20", "-13.53189582513005+math.sin(query.anim_time * 2160) * 12"],
            "1.5": [63.84235, "9-math.sin(query.anim_time * 2160) * 20", "-13.53189582513005+math.sin(query.anim_time * 2160) * 12"],
            "1.625": [63.84235, 9, -13.5319],
            "1.9583": [36.08376, 30.06218, -42.77349],
            "2.2083": [0, -17.5, 0]
          }
        },
        "fin_tail": {
          "rotation": {
            "0.0": [0, 0, 0],
            "0.1667": [0, 0, 0],
            "0.25": [7.5, 0, 0],
            "0.4167": [-9.37, 0, 0],
            "0.6667": [0, 0, 0],
            "0.7083": ["-math.sin(query.anim_time * 2160) * 12", 0, 0],
            "1.5": ["-math.sin(query.anim_time * 2160) * 12", 0, 0],
            "1.5417": [0, 0, 0],
            "1.7083": [0, 0, 0],
            "1.7917": [2.5, 0, 0],
            "1.9167": [-0.09, 0, 0],
            "1.9583": [0, 0, 0]
          }
        },
        "head": {
          "position": {
            "0.0": [0, 0, 0],
            "0.4167": [0, 0, 0],
            "0.625": [0, 7, 0],
            "1.75": [0, 7, 0],
            "2.0": [0, 0, 0]
          },
          "rotation": {
            "0.0": [0, 0, 0],
            "0.4167": [0, 0, 0],
            "0.625": [72.5, 0, 0],
            "1.75": [72.5, 0, 0],
            "2.0": [0, 0, 0]
          }
        },
        "left": {
          "position": {
            "0.0": [0, 0, 0],
            "0.7083": [0.5, 1.02, -0.65],
            "1.875": [0.5, 1.02, -0.65],
            "2.375": [0, 0, 0]
          },
          "rotation": {
            "0.0": [0, 0, 0],
            "0.7083": [0, 9.5, 0],
            "1.875": [0, 9.5, 0],
            "2.375": [0, 0, 0]
          },
          "scale": {
            "0.0": [0, 0, 0],
            "0.7083": [0.6, 1, 0.5],
            "1.875": [0.6, 1, 0.5],
            "2.375": [0, 0, 0]
          }
        },
        "left2": {
          "position": {
            "0.0": [0, 0, 0],
            "0.7083": [-0.56, 1.02, -0.67],
            "1.875": [-0.56, 1.02, -0.67],
            "2.375": [0, 0, 0]
          },
          "rotation": {
            "0.0": [0, -5, 0],
            "0.7083": [0, -9, 0],
            "1.875": [0, -9, 0],
            "2.375": [0, 0, 0]
          },
          "scale": {
            "0.0": [0, 0, 0],
            "0.7083": [0.7, 1, 0.5],
            "1.875": [0.7, 1, 0.5],
            "2.375": [0, 0, 0]
          }
        },
        "right": {
          "position": {
            "0.0": [0, 0, 0],
            "0.7083": [-0.5, 1.02, -0.65],
            "1.875": [-0.5, 1.02, -0.65],
            "2.375": [0, 0, 0]
          },
          "rotation": {
            "0.0": [0, 0, 0],
            "0.7083": [0, -9.5, 0],
            "1.875": [0, -9.5, 0],
            "2.375": [0, 0, 0]
          },
          "scale": {
            "0.0": [0, 0, 0],
            "0.7083": [0.6, 1, 0.5],
            "1.875": [0.6, 1, 0.5],
            "2.375": [0, 0, 0]
          }
        },
        "right2": {
          "position": {
            "0.0": [0, 0, 0],
            "0.7083": [0.56, 1.02, -0.67],
            "1.875": [0.56, 1.02, -0.67],
            "2.375": [0, 0, 0]
          },
          "rotation": {
            "0.0": [0, 5, 0],
            "0.7083": [0, 9, 0],
            "1.875": [0, 9, 0],
            "2.375": [0, 0, 0]
          },
          "scale": {
            "0.0": [0, 0, 0],
            "0.7083": [0.7, 1, 0.5],
            "1.875": [0.7, 1, 0.5],
            "2.375": [0, 0, 0]
          }
        },
        "tail": {
          "rotation": {
            "0.0": [0, 0, 0],
            "0.1667": [0, 0, 0],
            "0.25": [12.5, 0, 0],
            "0.4167": [0, 0, 0],
            "0.6667": [0, 0, 0],
            "0.7083": ["-math.sin(query.anim_time * 2160) * 8", 0, 0],
            "1.5": ["-math.sin(query.anim_time * 2160) * 8", 0, 0],
            "1.5417": [0, 0, 0],
            "1.7083": [0, 0, 0],
            "1.7917": [20, 0, 0],
            "1.9167": [-2.5, 0, 0],
            "1.9583": [0, 0, 0]
          }
        },
        "torso": {
          "rotation": {
            "0.0": [0, 0, 0],
            "0.1667": [0, 0, 0],
            "0.25": [7.5, 0, 0],
            "0.4167": [0, 0, 0],
            "0.6667": [0, 0, 0],
            "0.7083": ["-math.sin(query.anim_time * 2160) * 5", 0, 0],
            "1.5": ["-math.sin(query.anim_time * 2160) * 5", 0, 0],
            "1.5417": [0, 0, 0],
            "1.7083": [0, 0, 0],
            "1.7917": [20, 0, 0],
            "1.9167": [-2.5, 0, 0],
            "1.9583": [0, 0, 0]
          }
        },
        "torso_2": {
          "rotation": {
            "0.0": [0, 0, 0],
            "0.1667": [0, 0, 0],
            "0.25": [20, 0, 0],
            "0.4167": [0, 0, 0],
            "0.6667": [0, 0, 0],
            "0.7083": ["-math.sin(query.anim_time * 2160) * 6", 0, 0],
            "1.5": ["-math.sin(query.anim_time * 2160) * 6", 0, 0],
            "1.5417": [0, 0, 0],
            "1.7083": [0, 0, 0],
            "1.7917": [22.5, 0, 0],
            "1.9167": [-2.5, 0, 0],
            "1.9583": [0, 0, 0]
          }
        },
        "up": {
          "position": {
            "0.0": [0, 0, 0],
            "0.7083": [0, 0, 0.05],
            "1.7917": [0, 0, 0.05]
          },
          "rotation": {
            "0.0": [-20, 0, 0],
            "0.625": [-20, 0, 0],
            "0.7083": [5, 0, 0],
            "1.7917": [5, 0, 0],
            "2.1667": [-20, 0, 0],
            "2.5": [-20, 0, 0]
          }
        }
      }
    }
  },
  "format_version": "1.8.0"
}