{
  "animations": {
    "animation.palkia_origin.battle_idle": {
      "bones": {
        "body": {
          "position": [0, 3, 0]
        },
        "bone100": {
          "rotation": ["27.5+math.sin(q.anim_time*90*1-90)*1.3", 0, 0]
        },
        "bone101": {
          "rotation": ["17.5+math.sin(q.anim_time*90*1-90)*1.3", 0, 0]
        },
        "bone102": {
          "rotation": ["17.5+math.sin(q.anim_time*90*1-90)*1.3", 0, 0]
        },
        "bone103": {
          "rotation": ["20+math.sin(q.anim_time*90*1-90)*1.3", 0, 0]
        },
        "bone104": {
          "rotation": ["17.5+math.sin(q.anim_time*90*1-90)*1.3", 0, 0]
        },
        "bone105": {
          "rotation": ["-17.5+math.sin(q.anim_time*90*1-90)*1.3", 0, 0]
        },
        "bone106": {
          "rotation": ["-12.5+math.sin(q.anim_time*90*1-90)*1.3", 0, 0]
        },
        "bone107": {
          "rotation": ["-10+math.sin(q.anim_time*90*1-90)*1.3", 0, 0]
        },
        "bone108": {
          "rotation": ["15+math.sin(q.anim_time*90*1-90)*1.3", 0, 0]
        },
        "bone109": {
          "rotation": ["22.5+math.sin(q.anim_time*90*1-90)*1.3", 0, 0]
        },
        "bone110": {
          "rotation": ["20+math.sin(q.anim_time*90*1-90)*1.3", 0, 0]
        },
        "bone111": {
          "rotation": ["15+math.sin(q.anim_time*90*1-90)*1.3", 0, 0]
        },
        "bone112": {
          "rotation": ["17.5+math.sin(q.anim_time*90*1)*1.3", 0, 0]
        },
        "bone113": {
          "rotation": ["-17.5+math.sin(q.anim_time*90*1-90)*1.3", 0, 0]
        },
        "bone114": {
          "rotation": ["-12.5+math.sin(q.anim_time*90*1-90)*1.3", 0, 0]
        },
        "bone115": {
          "rotation": ["-10+math.sin(q.anim_time*90*1-90)*1.3", 0, 0]
        },
        "bone116": {
          "rotation": ["15+math.sin(q.anim_time*90*1-90)*1.3", 0, 0]
        },
        "bone117": {
          "rotation": ["22.5+math.sin(q.anim_time*90*1-90)*1.3", 0, 0]
        },
        "bone118": {
          "rotation": ["20+math.sin(q.anim_time*90*1-90)*1.3", 0, 0]
        },
        "bone119": {
          "rotation": ["15+math.sin(q.anim_time*90*1-90)*1.3", 0, 0]
        },
        "bone120": {
          "rotation": ["17.5+math.sin(q.anim_time*90*1-90)*1.3", 0, 0]
        },
        "bone22": {
          "position": [0, "0-math.sin(q.anim_time*90*1)*0.2", 0],
          "rotation": ["2.5-math.sin(q.anim_time*90*1)*1.3", 0, 0]
        },
        "bone23": {
          "rotation": ["0+math.sin(q.anim_time*90*1)*2.7", 0, 0]
        },
        "bone25": {
          "rotation": ["-2.5-math.sin(q.anim_time*90*1)*1.2", 0, 0]
        },
        "bone26": {
          "rotation": [0, 0, 0]
        },
        "bone3": {
          "rotation": ["0+math.sin(q.anim_time*90*1-90)*2", 0, 0]
        },
        "bone32": {
          "position": [0, "0-math.sin(q.anim_time*90*1)*0.2", 0],
          "rotation": ["-49.595-math.sin(q.anim_time*90*1-90)*2", 7.08966, 4.24639]
        },
        "bone37": {
          "rotation": ["62.5+math.sin(q.anim_time*90*1)*2", 0, 0]
        },
        "bone38": {
          "rotation": [22.5, 0, 0]
        },
        "bone39": {
          "rotation": ["5-math.sin(q.anim_time*90*1)*1.2", 0, 0]
        },
        "bone40": {
          "rotation": [37.50238, 0.10901, 2.49762]
        },
        "bone47": {
          "rotation": ["-5-math.sin(q.anim_time*90*1-90)*1.3", 0, -7.5]
        },
        "bone48": {
          "rotation": ["-2.75+math.sin(q.anim_time*90*1-90)*2.7", 0, 0]
        },
        "bone49": {
          "rotation": [-3.5, 0, 0]
        },
        "bone50": {
          "rotation": [12.5, 0, 0]
        },
        "bone53": {
          "rotation": [-2.5, 0, 0]
        },
        "bone55": {
          "rotation": [0, 7.5, 0]
        },
        "bone58": {
          "rotation": ["5-math.sin(q.anim_time*90*1-90)*1.3", 0, 7.5]
        },
        "bone59": {
          "rotation": ["-2.5+math.sin(q.anim_time*90*1-90)*2.7", 0, 0]
        },
        "bone63": {
          "rotation": [7.5, 0, 0]
        },
        "bone68": {
          "rotation": [-3.25, -8.5, 0]
        },
        "bone75": {
          "rotation": [-7.5, 0, 0]
        },
        "bone77": {
          "rotation": ["-17.5+math.sin(q.anim_time*90*1-90)*1.3", 0, 0]
        },
        "bone78": {
          "rotation": ["-12.5+math.sin(q.anim_time*90*1-90)*1.3", 0, 0]
        },
        "bone79": {
          "rotation": ["-10+math.sin(q.anim_time*90*1-90)*1.3", 0, 0]
        },
        "bone80": {
          "rotation": ["22.5+math.sin(q.anim_time*90*1-90)*1.3", 0, 0]
        },
        "bone81": {
          "rotation": ["20+math.sin(q.anim_time*90*1-90)*1.3", 0, 0]
        },
        "bone82": {
          "rotation": ["20+math.sin(q.anim_time*90*1-90)*1.3", 0, 0]
        },
        "bone83": {
          "rotation": ["17.5+math.sin(q.anim_time*90*1-90)*1.3", 0, 0]
        },
        "bone84": {
          "rotation": ["17.5+math.sin(q.anim_time*90*1-90)*1.3", 0, 0]
        },
        "bone85": {
          "rotation": ["17.5+math.sin(q.anim_time*90*1-90)*1.3", 0, 0]
        },
        "bone86": {
          "rotation": ["-17.5+math.sin(q.anim_time*90*1-90)*1.3", 0, 0]
        },
        "bone87": {
          "rotation": ["-12.5+math.sin(q.anim_time*90*1-90)*1.3", 0, 0]
        },
        "bone88": {
          "rotation": ["-10+math.sin(q.anim_time*90*1-90)*1.3", 0, 0]
        },
        "bone89": {
          "rotation": ["12.5+math.sin(q.anim_time*90*1-90)*1.3", 0, 0]
        },
        "bone90": {
          "rotation": ["27.5+math.sin(q.anim_time*90*1-90)*1.3", 0, 0]
        },
        "bone91": {
          "rotation": ["17.5+math.sin(q.anim_time*90*1-90)*1.3", 0, 0]
        },
        "bone92": {
          "rotation": ["20+math.sin(q.anim_time*90*1-90)*1.3", 0, 0]
        },
        "bone93": {
          "rotation": ["17.5+math.sin(q.anim_time*90*1-90)*1.3", 0, 0]
        },
        "bone94": {
          "rotation": [12.5, 0, 0]
        },
        "bone95": {
          "rotation": ["20+math.sin(q.anim_time*90*1-90)*1.3", 0, 0]
        },
        "bone96": {
          "rotation": ["-17.5+math.sin(q.anim_time*90*1-90)*1.3", 0, 0]
        },
        "bone97": {
          "rotation": ["-12.5+math.sin(q.anim_time*90*1-90)*1.3", 0, 0]
        },
        "bone98": {
          "rotation": ["-10+math.sin(q.anim_time*90*1-90)*1.3", 0, 0]
        },
        "bone99": {
          "rotation": ["12.5+math.sin(q.anim_time*90*1-90)*1.3", 0, 0]
        },
        "chest": {
          "rotation": ["12.5+math.sin(q.anim_time*90*1-90)*2", 0, 0]
        },
        "head": {
          "rotation": ["10+math.sin(q.anim_time*90*1-90)*2", 0, 0]
        },
        "head_proper": {
          "rotation": [-12.5, 0, 0]
        },
        "i": {
          "rotation": ["-7.5+math.sin(q.anim_time*90*1)*2", 0, 0]
        },
        "i2": {
          "rotation": [-5.25, 0, 0]
        },
        "torso": {
          "position": [0, "0-math.sin(q.anim_time*90*1)*0.8", 0],
          "rotation": ["0+math.sin(q.anim_time*90*1-90)*1", 0, 0]
        }
      },
      "loop": true
    },
    "animation.palkia_origin.cry": {
      "animation_length": 3.5,
      "bones": {
        "bone13": {
          "rotation": {
            "0.0": {
              "lerp_mode": "catmullrom",
              "post": [0, 0, 0]
            },
            "0.625": {
              "lerp_mode": "catmullrom",
              "post": [0, 10, 0]
            },
            "2.0417": {
              "lerp_mode": "catmullrom",
              "post": [0, 10, 0]
            },
            "2.5": {
              "lerp_mode": "catmullrom",
              "post": [0, 0, 0]
            },
            "3.0": {
              "lerp_mode": "catmullrom",
              "post": [0, 0, 0]
            }
          }
        },
        "bone3": {
          "rotation": {
            "0.0": {
              "lerp_mode": "catmullrom",
              "post": [0, 0, 0]
            },
            "0.25": {
              "lerp_mode": "catmullrom",
              "post": [12.5, 0, 0]
            },
            "0.625": {
              "lerp_mode": "catmullrom",
              "post": [-5, 0, 0]
            },
            "2.2083": {
              "lerp_mode": "catmullrom",
              "post": [0, 0, 0]
            },
            "2.5": {
              "lerp_mode": "catmullrom",
              "post": [0, 0, 0]
            }
          }
        },
        "bone4": {
          "rotation": {
            "0.0": {
              "lerp_mode": "catmullrom",
              "post": [0, 0, 0]
            },
            "0.25": {
              "lerp_mode": "catmullrom",
              "post": [12.5, 0, 0]
            },
            "2.2083": {
              "lerp_mode": "catmullrom",
              "post": [0, 0, 0]
            },
            "2.5": {
              "lerp_mode": "catmullrom",
              "post": [0, 0, 0]
            }
          }
        },
        "bone5": {
          "rotation": {
            "0.0": {
              "lerp_mode": "catmullrom",
              "post": [0, 0, 0]
            },
            "0.625": {
              "lerp_mode": "catmullrom",
              "post": [0, -10, 0]
            },
            "2.0417": {
              "lerp_mode": "catmullrom",
              "post": [0, -10, 0]
            },
            "2.5": {
              "lerp_mode": "catmullrom",
              "post": [0, 0, 0]
            },
            "3.0": {
              "lerp_mode": "catmullrom",
              "post": [0, 0, 0]
            }
          }
        },
        "bone6": {
          "rotation": {
            "0.0": {
              "lerp_mode": "catmullrom",
              "post": [0, 0, 0]
            },
            "0.25": {
              "lerp_mode": "catmullrom",
              "post": [7.5, 0, 0]
            },
            "0.625": {
              "lerp_mode": "catmullrom",
              "post": [-10, 0, 0]
            },
            "2.0417": {
              "lerp_mode": "catmullrom",
              "post": [-10, 0, 0]
            },
            "2.5": {
              "lerp_mode": "catmullrom",
              "post": [0, 0, 0]
            },
            "3.0": {
              "lerp_mode": "catmullrom",
              "post": [0, 0, 0]
            }
          }
        },
        "chest": {
          "rotation": {
            "0.0": {
              "lerp_mode": "catmullrom",
              "post": [0, 0, 0]
            },
            "0.25": {
              "lerp_mode": "catmullrom",
              "post": [10, 0, 0]
            },
            "0.625": {
              "lerp_mode": "catmullrom",
              "post": [-5, 0, 0]
            },
            "2.0417": {
              "lerp_mode": "catmullrom",
              "post": [-5, 0, 0]
            },
            "2.5": {
              "lerp_mode": "catmullrom",
              "post": [0, 0, 0]
            },
            "3.0": {
              "lerp_mode": "catmullrom",
              "post": [0, 0, 0]
            }
          }
        },
        "head": {
          "rotation": {
            "0.0": {
              "lerp_mode": "catmullrom",
              "post": [0, 0, 0]
            },
            "0.25": {
              "lerp_mode": "catmullrom",
              "post": [5, 0, 0]
            },
            "0.625": {
              "lerp_mode": "catmullrom",
              "post": [-17.5, 0, 0]
            },
            "2.0417": {
              "lerp_mode": "catmullrom",
              "post": [-17.5, 0, 0]
            },
            "2.5": {
              "lerp_mode": "catmullrom",
              "post": [0, 0, 0]
            }
          }
        },
        "head_proper": {
          "rotation": {
            "0.0": {
              "lerp_mode": "catmullrom",
              "post": [0, 0, 0]
            },
            "0.3333": {
              "lerp_mode": "catmullrom",
              "post": [13.65, 0, 0]
            },
            "0.625": {
              "lerp_mode": "catmullrom",
              "post": [-12.5, 0, 0]
            },
            "2.0417": {
              "lerp_mode": "catmullrom",
              "post": [-12.5, 0, 0]
            },
            "2.5": {
              "lerp_mode": "catmullrom",
              "post": [0, 0, 0]
            }
          }
        }
      },
      "sound_effects": {
        "0.625": {
          "effect": "pokemon.palkia.cry"
        }
      }
    },
    "animation.palkia_origin.ground_idle": {
      "bones": {
        "body": {
          "position": [0, 3, 0]
        },
        "bone100": {
          "rotation": ["27.5+math.sin(q.anim_time*90*1-90)*1.3", 0, 0]
        },
        "bone101": {
          "rotation": ["17.5+math.sin(q.anim_time*90*1-90)*1.3", 0, 0]
        },
        "bone102": {
          "rotation": ["17.5+math.sin(q.anim_time*90*1-90)*1.3", 0, 0]
        },
        "bone103": {
          "rotation": ["20+math.sin(q.anim_time*90*1-90)*1.3", 0, 0]
        },
        "bone104": {
          "rotation": ["17.5+math.sin(q.anim_time*90*1-90)*1.3", 0, 0]
        },
        "bone105": {
          "rotation": ["-17.5+math.sin(q.anim_time*90*1-90)*1.3", 0, 0]
        },
        "bone106": {
          "rotation": ["-12.5+math.sin(q.anim_time*90*1-90)*1.3", 0, 0]
        },
        "bone107": {
          "rotation": ["-10+math.sin(q.anim_time*90*1-90)*1.3", 0, 0]
        },
        "bone108": {
          "rotation": ["15+math.sin(q.anim_time*90*1-90)*1.3", 0, 0]
        },
        "bone109": {
          "rotation": ["22.5+math.sin(q.anim_time*90*1-90)*1.3", 0, 0]
        },
        "bone110": {
          "rotation": ["20+math.sin(q.anim_time*90*1-90)*1.3", 0, 0]
        },
        "bone111": {
          "rotation": ["15+math.sin(q.anim_time*90*1-90)*1.3", 0, 0]
        },
        "bone112": {
          "rotation": ["17.5+math.sin(q.anim_time*90*1)*1.3", 0, 0]
        },
        "bone113": {
          "rotation": ["-17.5+math.sin(q.anim_time*90*1-90)*1.3", 0, 0]
        },
        "bone114": {
          "rotation": ["-12.5+math.sin(q.anim_time*90*1-90)*1.3", 0, 0]
        },
        "bone115": {
          "rotation": ["-10+math.sin(q.anim_time*90*1-90)*1.3", 0, 0]
        },
        "bone116": {
          "rotation": ["15+math.sin(q.anim_time*90*1-90)*1.3", 0, 0]
        },
        "bone117": {
          "rotation": ["22.5+math.sin(q.anim_time*90*1-90)*1.3", 0, 0]
        },
        "bone118": {
          "rotation": ["20+math.sin(q.anim_time*90*1-90)*1.3", 0, 0]
        },
        "bone119": {
          "rotation": ["15+math.sin(q.anim_time*90*1-90)*1.3", 0, 0]
        },
        "bone120": {
          "rotation": ["17.5+math.sin(q.anim_time*90*1-90)*1.3", 0, 0]
        },
        "bone22": {
          "position": [0, "0-math.sin(q.anim_time*90*1)*0.2", 0],
          "rotation": ["2.5-math.sin(q.anim_time*90*1)*1.3", 0, 0]
        },
        "bone23": {
          "rotation": ["0+math.sin(q.anim_time*90*1)*2.7", 0, 0]
        },
        "bone25": {
          "rotation": ["-2.5-math.sin(q.anim_time*90*1)*1.2", 0, 0]
        },
        "bone26": {
          "rotation": [0, 0, 0]
        },
        "bone3": {
          "rotation": ["0+math.sin(q.anim_time*90*1-90)*2", 0, 0]
        },
        "bone32": {
          "position": [0, "0-math.sin(q.anim_time*90*1)*0.2", 0],
          "rotation": ["-7.4929428108-math.sin(q.anim_time*90*1)*0.8", -0.32621, -2.47864]
        },
        "bone37": {
          "rotation": ["10+math.sin(q.anim_time*90*1)*1.8", 0, 0]
        },
        "bone39": {
          "rotation": ["5-math.sin(q.anim_time*90*1)*1.2", 0, 0]
        },
        "bone40": {
          "rotation": [-7.49762, 0.10901, 2.49762]
        },
        "bone47": {
          "rotation": ["0-math.sin(q.anim_time*90*1-90)*1.3", 0, -7.5]
        },
        "bone48": {
          "rotation": ["-2.75+math.sin(q.anim_time*90*1-90)*2.7", 0, 0]
        },
        "bone49": {
          "rotation": [6.5, 0, 0]
        },
        "bone50": {
          "rotation": [-2.5, 0, 0]
        },
        "bone53": {
          "rotation": [-2.5, 0, 0]
        },
        "bone55": {
          "rotation": [0, 7.5, 0]
        },
        "bone58": {
          "rotation": ["0-math.sin(q.anim_time*90*1-90)*1.3", 0, 7.5]
        },
        "bone59": {
          "rotation": ["0+math.sin(q.anim_time*90*1-90)*2.7", 0, 0]
        },
        "bone68": {
          "rotation": [-3.25, -8.5, 0]
        },
        "bone75": {
          "rotation": [-7.5, 0, 0]
        },
        "bone77": {
          "rotation": ["-17.5+math.sin(q.anim_time*90*1-90)*1.3", 0, 0]
        },
        "bone78": {
          "rotation": ["-12.5+math.sin(q.anim_time*90*1-90)*1.3", 0, 0]
        },
        "bone79": {
          "rotation": ["-10+math.sin(q.anim_time*90*1-90)*1.3", 0, 0]
        },
        "bone80": {
          "rotation": ["22.5+math.sin(q.anim_time*90*1-90)*1.3", 0, 0]
        },
        "bone81": {
          "rotation": ["20+math.sin(q.anim_time*90*1-90)*1.3", 0, 0]
        },
        "bone82": {
          "rotation": ["20+math.sin(q.anim_time*90*1-90)*1.3", 0, 0]
        },
        "bone83": {
          "rotation": ["17.5+math.sin(q.anim_time*90*1-90)*1.3", 0, 0]
        },
        "bone84": {
          "rotation": ["17.5+math.sin(q.anim_time*90*1-90)*1.3", 0, 0]
        },
        "bone85": {
          "rotation": ["17.5+math.sin(q.anim_time*90*1-90)*1.3", 0, 0]
        },
        "bone86": {
          "rotation": ["-17.5+math.sin(q.anim_time*90*1-90)*1.3", 0, 0]
        },
        "bone87": {
          "rotation": ["-12.5+math.sin(q.anim_time*90*1-90)*1.3", 0, 0]
        },
        "bone88": {
          "rotation": ["-10+math.sin(q.anim_time*90*1-90)*1.3", 0, 0]
        },
        "bone89": {
          "rotation": ["12.5+math.sin(q.anim_time*90*1-90)*1.3", 0, 0]
        },
        "bone90": {
          "rotation": ["27.5+math.sin(q.anim_time*90*1-90)*1.3", 0, 0]
        },
        "bone91": {
          "rotation": ["17.5+math.sin(q.anim_time*90*1-90)*1.3", 0, 0]
        },
        "bone92": {
          "rotation": ["20+math.sin(q.anim_time*90*1-90)*1.3", 0, 0]
        },
        "bone93": {
          "rotation": ["17.5+math.sin(q.anim_time*90*1-90)*1.3", 0, 0]
        },
        "bone94": {
          "rotation": [12.5, 0, 0]
        },
        "bone95": {
          "rotation": ["20+math.sin(q.anim_time*90*1-90)*1.3", 0, 0]
        },
        "bone96": {
          "rotation": ["-17.5+math.sin(q.anim_time*90*1-90)*1.3", 0, 0]
        },
        "bone97": {
          "rotation": ["-12.5+math.sin(q.anim_time*90*1-90)*1.3", 0, 0]
        },
        "bone98": {
          "rotation": ["-10+math.sin(q.anim_time*90*1-90)*1.3", 0, 0]
        },
        "bone99": {
          "rotation": ["12.5+math.sin(q.anim_time*90*1-90)*1.3", 0, 0]
        },
        "chest": {
          "rotation": ["0+math.sin(q.anim_time*90*1-90)*2", 0, 0]
        },
        "head": {
          "rotation": ["10+math.sin(q.anim_time*90*1-90)*2", 0, 0]
        },
        "head_proper": {
          "rotation": [0, 0, 0]
        },
        "i": {
          "rotation": ["0+math.sin(q.anim_time*90*1)*2", 0, 0]
        },
        "i2": {
          "rotation": [2.25, 0, 0]
        },
        "torso": {
          "position": [0, "0-math.sin(q.anim_time*90*1)*0.8", 0],
          "rotation": ["0+math.sin(q.anim_time*90*1-90)*1", 0, 0]
        },
        "undefined": {
          "rotation": [17.5, 0, 0]
        }
      },
      "loop": true
    },
    "animation.palkia_origin.ground_walk": {
      "animation_length": 2,
      "bones": {
        "body": {
          "position": [0, "1.5+math.clamp(math.sin(q.anim_time*90*4)*1.1,0.5,1)+math.clamp(math.sin(q.anim_time*90*4+180)*1.1,0.5,1)", 0],
          "rotation": [0, 0, 0]
        },
        "bone100": {
          "rotation": ["27.5+math.sin(q.anim_time*90*4-90)*1.3", 0, 0]
        },
        "bone101": {
          "rotation": ["17.5+math.sin(q.anim_time*90*4-90)*1.3", 0, 0]
        },
        "bone102": {
          "rotation": ["17.5+math.sin(q.anim_time*90*4-90)*1.3", 0, 0]
        },
        "bone103": {
          "rotation": ["20+math.sin(q.anim_time*90*4-90)*1.3", 0, 0]
        },
        "bone104": {
          "rotation": ["17.5+math.sin(q.anim_time*90*4-90)*1.3", 0, 0]
        },
        "bone105": {
          "rotation": ["-17.5+math.sin(q.anim_time*90*4)*1.3", 0, 0]
        },
        "bone106": {
          "rotation": ["-12.5+math.sin(q.anim_time*90*4-90)*1.3", 0, 0]
        },
        "bone107": {
          "rotation": ["-12.5+math.sin(q.anim_time*90*4-90)*1.3", 0, 0]
        },
        "bone108": {
          "rotation": ["15+math.sin(q.anim_time*90*4-90)*1.3", 0, 0]
        },
        "bone109": {
          "rotation": ["22.5+math.sin(q.anim_time*90*4-90)*1.3", 0, 0]
        },
        "bone110": {
          "rotation": ["20+math.sin(q.anim_time*90*4-90)*1.3", 0, 0]
        },
        "bone111": {
          "rotation": ["15+math.sin(q.anim_time*90*4-90)*1.3", 0, 0]
        },
        "bone112": {
          "rotation": ["17.5+math.sin(q.anim_time*90*4-90)*1.3", 0, 0]
        },
        "bone113": {
          "rotation": ["-17.5+math.sin(q.anim_time*90*4)*1.3", 0, 0]
        },
        "bone114": {
          "rotation": ["-12.5+math.sin(q.anim_time*90*4-90)*1.3", 0, 0]
        },
        "bone115": {
          "rotation": ["-10+math.sin(q.anim_time*90*4-90)*1.3", 0, 0]
        },
        "bone116": {
          "rotation": ["15+math.sin(q.anim_time*90*4-90)*1.3", 0, 0]
        },
        "bone117": {
          "rotation": ["22.5+math.sin(q.anim_time*90*4-90)*1.3", 0, 0]
        },
        "bone118": {
          "rotation": ["20+math.sin(q.anim_time*90*4-90)*1.3", 0, 0]
        },
        "bone119": {
          "rotation": ["15+math.sin(q.anim_time*90*4-90)*1.3", 0, 0]
        },
        "bone120": {
          "rotation": ["17.5+math.sin(q.anim_time*90*4-90)*1.3", 0, 0]
        },
        "bone15": {
          "rotation": [0, 0, 0]
        },
        "bone22": {
          "position": [0, "-0.5+0.5*(math.clamp(math.sin(q.anim_time*90*4-155)*1.6,1,1.6)-0.2)+0.5*(math.clamp(math.sin(q.anim_time*90*4-75)*1.8,1,1.8)-1)-0.2*(math.clamp(math.sin(q.anim_time*90*4)*1.4,1,1.4)+1)-math.clamp(math.sin(q.anim_time*90*4-180)*1,0,0.75)", 0],
          "rotation": ["20-math.clamp(30*(math.sin(q.anim_time*90*4-90+33)*1+1),-0,60)", 0, "-math.clamp(math.sin(q.anim_time*90*4-90)*1,-0.8,0.8)-math.sin(q.anim_time*90*4-180)*1"]
        },
        "bone23": {
          "rotation": ["math.clamp(math.sin(q.anim_time*90*4-180*0+33)*40,0,40)+(math.clamp(math.sin(q.anim_time*90*2-90*0)*1,0.5,1)*1-0.5)*30+(math.clamp(math.sin(q.anim_time*90*2-90*2)*1,0.5,1)*1-0.5)*30", 0, 0]
        },
        "bone24": {
          "rotation": ["-2.5+math.clamp(math.sin(q.anim_time*90*4-180*0+50)*40,0,40)+(math.clamp(math.sin(q.anim_time*90*2-90*0)*1,0.5,1)*1-0.5)*30+(math.clamp(math.sin(q.anim_time*90*2-90*2)*1,0.5,1)*1-0.5)*30", 0, 0]
        },
        "bone26": {
          "position": [0, "math.clamp(math.sin(q.anim_time*90*4-120)*1.1,0.9,1)-0.9+math.clamp(math.sin(q.anim_time*90*2-130)*1.3,0.9,1)-0.9", 0],
          "rotation": ["-20+math.clamp(10*(math.sin(q.anim_time*90*4-90-180*0)*1+1),-0,60)+math.clamp(math.sin(q.anim_time*90*4-180*0+10)*30,-5,30)", 0, 0]
        },
        "bone32": {
          "position": [0, "-0.5+0.5*(math.clamp(math.sin(q.anim_time*90*4-155+180)*1.6,1,1.6)-0.2)+0.5*(math.clamp(math.sin(q.anim_time*90*4-75+180)*1.8,1,1.8)-1)-0.2*(math.clamp(math.sin(q.anim_time*90*4+180)*1.4,1,1.4)+1)-math.clamp(math.sin(q.anim_time*90*4)*1,0,0.75)", 0],
          "rotation": ["20-math.clamp(30*(math.sin(q.anim_time*90*4-90+33+180)*1+1),-0,60)", 0, "math.clamp(math.sin(q.anim_time*90*4-90+180)*1,-0.8,0.8)+math.sin(q.anim_time*90*4-180*0)*1"]
        },
        "bone37": {
          "rotation": ["math.clamp(math.sin(q.anim_time*90*4-180*1+33)*40,0,40)+(math.clamp(math.sin(q.anim_time*90*2-90*3)*1,0.5,1)*1-0.5)*30+(math.clamp(math.sin(q.anim_time*90*2-90*1)*1,0.5,1)*1-0.5)*30", 0, 0]
        },
        "bone38": {
          "rotation": ["-2.5+math.clamp(math.sin(q.anim_time*90*4-180*1+33)*40,0,40)+(math.clamp(math.sin(q.anim_time*90*2-90*3)*1,0.5,1)*1-0.5)*30+(math.clamp(math.sin(q.anim_time*90*2-90*1)*1,0.5,1)*1-0.5)*30", 0, 0]
        },
        "bone4": {
          "rotation": ["-math.sin(q.anim_time*90*4-90)*2", 0, 0]
        },
        "bone40": {
          "rotation": ["-20+math.clamp(10*(math.sin(q.anim_time*90*4-90-180*1)*1+1),-0,60)+math.clamp(math.sin(q.anim_time*90*4-180*1+10)*30,-2.5,30)", 0, 0]
        },
        "bone47": {
          "position": [0, "-math.clamp(-math.sin(q.anim_time*90*4+90+180*0)*0.01,0,0.01)+math.clamp(-math.sin(q.anim_time*90*4+20+180*0)*1,0.4,1)-0.4+math.clamp(math.sin(q.anim_time*90*4-130+180*0)*1.5,0.4,0.6)-0.3+(math.clamp(-math.sin(q.anim_time*90*2+70+180*0)*1,0.5,1)-0.5)*0.5+(math.clamp(-math.sin(q.anim_time*90*2+70+180*1)*1,0.5,1)+0)*0.5", 0],
          "rotation": ["-12.5+math.clamp(25*(math.sin(q.anim_time*90*4-90)*1+1),-0,60)", 0, "-math.clamp(math.sin(q.anim_time*90*4-90)*1,-0.8,0.8)-math.sin(q.anim_time*90*4-180)*1"]
        },
        "bone48": {
          "rotation": {
            "0.0": {
              "lerp_mode": "catmullrom",
              "post": [7.5, 0, 0]
            },
            "0.25": {
              "lerp_mode": "catmullrom",
              "post": [-7.5, 0, 0]
            },
            "0.5": {
              "lerp_mode": "catmullrom",
              "post": [-40, 0, 0]
            },
            "0.75": {
              "lerp_mode": "catmullrom",
              "post": [17.5, 0, 0]
            },
            "1.0": {
              "lerp_mode": "catmullrom",
              "post": [10, 0, 0]
            },
            "1.25": {
              "lerp_mode": "catmullrom",
              "post": [-7.5, 0, 0]
            },
            "1.5": {
              "lerp_mode": "catmullrom",
              "post": [-40, 0, 0]
            },
            "1.75": {
              "lerp_mode": "catmullrom",
              "post": [12.5, 0, 0]
            },
            "2.0": {
              "lerp_mode": "catmullrom",
              "post": [7.5, 0, 0]
            }
          }
        },
        "bone49": {
          "rotation": {
            "0.0": {
              "lerp_mode": "catmullrom",
              "post": [-7.5, 0, 0]
            },
            "0.25": {
              "lerp_mode": "catmullrom",
              "post": [-5.75, 0, 0]
            },
            "0.5": {
              "lerp_mode": "catmullrom",
              "post": [15, 0, 0]
            },
            "0.75": {
              "lerp_mode": "catmullrom",
              "post": [-1.25, 0, 0]
            },
            "1.0": [-10, 0, 0],
            "1.25": [-5.75, 0, 0],
            "1.5": {
              "lerp_mode": "catmullrom",
              "post": [15, 0, 0],
              "pre": [15, 0, 0]
            },
            "1.75": {
              "lerp_mode": "catmullrom",
              "post": [-5.06, 0, 0]
            },
            "2.0": {
              "lerp_mode": "catmullrom",
              "post": [-7.5, 0, 0]
            }
          }
        },
        "bone50": {
          "rotation": {
            "0.0": {
              "lerp_mode": "catmullrom",
              "post": [19, 0, 0]
            },
            "0.25": {
              "lerp_mode": "catmullrom",
              "post": [10.63, 0, 0]
            },
            "0.5": {
              "lerp_mode": "catmullrom",
              "post": [2.75, 0, 0]
            },
            "0.75": {
              "lerp_mode": "catmullrom",
              "post": [16.46, 0, 0]
            },
            "1.0": {
              "lerp_mode": "catmullrom",
              "post": [19, 0, 0]
            },
            "1.25": {
              "lerp_mode": "catmullrom",
              "post": [10.63, 0, 0]
            },
            "1.5": {
              "lerp_mode": "catmullrom",
              "post": [2.75, 0, 0]
            },
            "1.75": {
              "lerp_mode": "catmullrom",
              "post": [23.41, 0, 0]
            },
            "2.0": {
              "lerp_mode": "catmullrom",
              "post": [19, 0, 0]
            }
          }
        },
        "bone55": {
          "rotation": {
            "0.0": [-5, 0, 0],
            "0.5": [-15, 0, 0],
            "1.0": [-10, 0, 0],
            "1.25": [-5, 0, 0],
            "1.5": [-15, 0, 0],
            "2.0": [-5, 0, 0]
          }
        },
        "bone58": {
          "position": [0, 0, 0],
          "rotation": ["-12.5+math.clamp(25*(math.sin(q.anim_time*90*4-90+180)*1+1),-0,60)", 0, "math.clamp(math.sin(q.anim_time*90*4-90+180)*1,-0.8,0.8)+math.sin(q.anim_time*90*4-180*0)*1"]
        },
        "bone59": {
          "rotation": {
            "0.0": {
              "lerp_mode": "catmullrom",
              "post": [-50, 0, 0]
            },
            "0.25": {
              "lerp_mode": "catmullrom",
              "post": [1.38, 0, 0]
            },
            "0.5": {
              "lerp_mode": "catmullrom",
              "post": [7.75, 0, 0]
            },
            "0.75": {
              "lerp_mode": "catmullrom",
              "post": [-9.25, 0, 0]
            },
            "1.0": {
              "lerp_mode": "catmullrom",
              "post": [-46.08, 0, 0]
            },
            "1.25": {
              "lerp_mode": "catmullrom",
              "post": [2.25, 0, 0]
            },
            "1.5": {
              "lerp_mode": "catmullrom",
              "post": [5.5, 0, 0]
            },
            "1.75": {
              "lerp_mode": "catmullrom",
              "post": [-11.75, 0, 0]
            },
            "2.0": {
              "lerp_mode": "catmullrom",
              "post": [-50, 0, 0]
            }
          }
        },
        "bone6": {
          "rotation": ["0+math.sin(q.anim_time*90*4-90)*2", 0, "0-math.sin(-q.anim_time*90*4*2-45)*0.1"]
        },
        "bone63": {
          "rotation": {
            "0.0": {
              "lerp_mode": "catmullrom",
              "post": [2.5, 0, 0]
            },
            "0.5": {
              "lerp_mode": "catmullrom",
              "post": [12.5, 0, 0]
            },
            "0.75": {
              "lerp_mode": "catmullrom",
              "post": [11.25, 0, 0]
            },
            "1.0": {
              "lerp_mode": "catmullrom",
              "post": [13.5, 0, 0]
            },
            "1.25": {
              "lerp_mode": "catmullrom",
              "post": [-13.97, 0, 0]
            },
            "1.5": {
              "lerp_mode": "catmullrom",
              "post": [11, 0, 0]
            },
            "1.75": {
              "lerp_mode": "catmullrom",
              "post": [-0.75, 0, 0]
            },
            "2.0": {
              "lerp_mode": "catmullrom",
              "post": [2.5, 0, 0]
            }
          }
        },
        "bone77": {
          "rotation": ["-17.5+math.sin(q.anim_time*90*4)*1.3", 0, 0]
        },
        "bone78": {
          "rotation": ["-12.5+math.sin(q.anim_time*90*4-90)*1.3", 0, 0]
        },
        "bone79": {
          "rotation": ["-10+math.sin(q.anim_time*90*4-90)*1.3", 0, 0]
        },
        "bone80": {
          "rotation": ["22.5+math.sin(q.anim_time*90*4-90)*1.3", 0, 0]
        },
        "bone81": {
          "rotation": ["20+math.sin(q.anim_time*90*4-90)*1.3", 0, 0]
        },
        "bone82": {
          "rotation": ["20+math.sin(q.anim_time*90*4-90)*1.3", 0, 0]
        },
        "bone83": {
          "rotation": ["17.5+math.sin(q.anim_time*90*4-90)*1.3", 0, 0]
        },
        "bone84": {
          "rotation": ["17.5+math.sin(q.anim_time*90*4-90)*1.3", 0, 0]
        },
        "bone85": {
          "rotation": ["17.5+math.sin(q.anim_time*90*4-90)*1.3", 0, 0]
        },
        "bone86": {
          "rotation": ["-17.5+math.sin(q.anim_time*90*4)*1.3", 0, 0]
        },
        "bone87": {
          "rotation": ["-12.5+math.sin(q.anim_time*90*4-90)*1.3", 0, 0]
        },
        "bone88": {
          "rotation": ["-10+math.sin(q.anim_time*90*4-90)*1.3", 0, 0]
        },
        "bone89": {
          "rotation": ["12.5+math.sin(q.anim_time*90*4-90)*1.3", 0, 0]
        },
        "bone90": {
          "rotation": ["27.5+math.sin(q.anim_time*90*4-90)*1.3", 0, 0]
        },
        "bone91": {
          "rotation": ["17.5+math.sin(q.anim_time*90*4-90)*1.3", 0, 0]
        },
        "bone92": {
          "rotation": ["20+math.sin(q.anim_time*90*4-90)*1.3", 0, 0]
        },
        "bone93": {
          "rotation": ["17.5+math.sin(q.anim_time*90*4-90)*1.3", 0, 0]
        },
        "bone94": {
          "rotation": ["12.5+math.sin(q.anim_time*90*4-90)*1.3", 0, 0]
        },
        "bone95": {
          "rotation": ["20+math.sin(q.anim_time*90*4-90)*1.3", 0, 0]
        },
        "bone96": {
          "rotation": ["-17.5+math.sin(q.anim_time*90*4)*1.3", 0, 0]
        },
        "bone97": {
          "rotation": ["-12.5+math.sin(q.anim_time*90*4-90)*1.3", 0, 0]
        },
        "bone98": {
          "rotation": ["-10+math.sin(q.anim_time*90*4-90)*1.3", 0, 0]
        },
        "bone99": {
          "rotation": ["12.5+math.sin(q.anim_time*90*4-90)*1.3", 0, 0]
        },
        "chest": {
          "rotation": ["0-math.sin(q.anim_time*90*4)*2", 0, 0]
        },
        "i": {
          "rotation": [7.5, 0, 0]
        },
        "i2": {
          "rotation": {
            "0.0": {
              "lerp_mode": "catmullrom",
              "post": [15, 0, 0]
            },
            "0.25": {
              "lerp_mode": "catmullrom",
              "post": [-5, 0, 0]
            },
            "0.5": {
              "lerp_mode": "catmullrom",
              "post": [-5, 0, 0]
            },
            "0.75": {
              "lerp_mode": "catmullrom",
              "post": [-9, 0, 0]
            },
            "1.0": {
              "lerp_mode": "catmullrom",
              "post": [14.17, 0, 0]
            },
            "1.25": {
              "lerp_mode": "catmullrom",
              "post": [19.96148, -0.27057, 0.33769]
            },
            "1.5": {
              "lerp_mode": "catmullrom",
              "post": [-5, 0, 0]
            },
            "1.75": {
              "lerp_mode": "catmullrom",
              "post": [6, 0, 0]
            },
            "2.0": {
              "lerp_mode": "catmullrom",
              "post": [15, 0, 0]
            }
          }
        },
        "torso": {
          "rotation": ["math.sin(q.anim_time*90*4-90)*0.5+0.5", 0, 0]
        }
      },
      "loop": true
    },
    "animation.palkia_origin.ground_walk2": {
      "animation_length": 1,
      "bones": {
        "body": {
          "position": [0, "4-math.cos((q.anim_time)*90*8/2-90)*2", 0],
          "rotation": ["0-math.cos((q.anim_time)*90*8/2)*2", 0, 0]
        },
        "bone100": {
          "rotation": [15, 0, 0]
        },
        "bone101": {
          "rotation": [15, 0, 0]
        },
        "bone102": {
          "rotation": [15, 0, 0]
        },
        "bone103": {
          "rotation": [15, 0, 0]
        },
        "bone104": {
          "rotation": [15, 0, 0]
        },
        "bone105": {
          "rotation": ["-25-math.cos((q.anim_time)*90*8/2)*2", 0, 0]
        },
        "bone106": {
          "rotation": [-10, 0, 0]
        },
        "bone107": {
          "rotation": [-12.5, 0, 0]
        },
        "bone108": {
          "rotation": [10, 0, 0]
        },
        "bone109": {
          "rotation": [15, 0, 0]
        },
        "bone110": {
          "rotation": [15, 0, 0]
        },
        "bone111": {
          "rotation": [15, 0, 0]
        },
        "bone112": {
          "rotation": [15, 0, 0]
        },
        "bone113": {
          "rotation": ["-25-math.cos((q.anim_time)*90*8/2)*2", 0, 0]
        },
        "bone114": {
          "rotation": [-10, 0, 0]
        },
        "bone115": {
          "rotation": [-12.5, 0, 0]
        },
        "bone116": {
          "rotation": [10, 0, 0]
        },
        "bone117": {
          "rotation": [15, 0, 0]
        },
        "bone118": {
          "rotation": [15, 0, 0]
        },
        "bone119": {
          "rotation": [15, 0, 0]
        },
        "bone120": {
          "rotation": [15, 0, 0]
        },
        "bone13": {
          "rotation": [0, "0-math.cos((q.anim_time)*90*8/2-90)*4", 0]
        },
        "bone22": {
          "rotation": {
            "0.0": {
              "lerp_mode": "catmullrom",
              "post": [-52.5, 0, 0]
            },
            "0.25": {
              "lerp_mode": "catmullrom",
              "post": [-2.5, 0, 0]
            },
            "0.5": {
              "lerp_mode": "catmullrom",
              "post": [15, 0, 0]
            },
            "0.75": {
              "lerp_mode": "catmullrom",
              "post": [-35, 0, 0]
            },
            "1.0": {
              "lerp_mode": "catmullrom",
              "post": [-52.5, 0, 0]
            }
          }
        },
        "bone23": {
          "rotation": {
            "0.0": {
              "lerp_mode": "catmullrom",
              "post": [20, 0, 0]
            },
            "0.25": {
              "lerp_mode": "catmullrom",
              "post": [2.19, 0, 0]
            },
            "0.5": {
              "lerp_mode": "catmullrom",
              "post": [50, 0, 0]
            },
            "0.7292": {
              "lerp_mode": "catmullrom",
              "post": [52.49, 0, 0]
            },
            "1.0": {
              "lerp_mode": "catmullrom",
              "post": [20, 0, 0]
            }
          }
        },
        "bone24": {
          "rotation": {
            "0.0": {
              "lerp_mode": "catmullrom",
              "post": [0, 0, 0]
            },
            "0.5": {
              "lerp_mode": "catmullrom",
              "post": [22.5, 0, 0]
            },
            "1.0": {
              "lerp_mode": "catmullrom",
              "post": [0, 0, 0]
            }
          }
        },
        "bone32": {
          "rotation": {
            "0.0": {
              "lerp_mode": "catmullrom",
              "post": [15, 0, 0]
            },
            "0.25": {
              "lerp_mode": "catmullrom",
              "post": [15, 0, 0]
            },
            "0.5": {
              "lerp_mode": "catmullrom",
              "post": [-47.5, 0, 0]
            },
            "0.75": {
              "lerp_mode": "catmullrom",
              "post": [-75, 0, 0]
            },
            "1.0": {
              "lerp_mode": "catmullrom",
              "post": [15, 0, 0]
            }
          }
        },
        "bone37": {
          "rotation": {
            "0.0": {
              "lerp_mode": "catmullrom",
              "post": [0, 0, 0]
            },
            "0.25": {
              "lerp_mode": "catmullrom",
              "post": [52.5, 0, 0]
            },
            "0.5": {
              "lerp_mode": "catmullrom",
              "post": [65, 0, 0]
            },
            "0.75": {
              "lerp_mode": "catmullrom",
              "post": [33.95, 0, 0]
            },
            "1.0": {
              "lerp_mode": "catmullrom",
              "post": [0, 0, 0]
            }
          }
        },
        "bone38": {
          "rotation": {
            "0.0": {
              "lerp_mode": "catmullrom",
              "post": [0, 0, 0]
            },
            "0.5": {
              "lerp_mode": "catmullrom",
              "post": [30, 0, 0]
            },
            "1.0": {
              "lerp_mode": "catmullrom",
              "post": [0, 0, 0]
            }
          }
        },
        "bone47": {
          "rotation": {
            "0.0": {
              "lerp_mode": "catmullrom",
              "post": [-22.5, 0, 0]
            },
            "0.25": {
              "lerp_mode": "catmullrom",
              "post": [47.5, 0, 0]
            },
            "0.5": {
              "lerp_mode": "catmullrom",
              "post": [22.5, 0, 0]
            },
            "0.75": {
              "lerp_mode": "catmullrom",
              "post": [-22.5, 0, 0]
            },
            "1.0": {
              "lerp_mode": "catmullrom",
              "post": [-22.5, 0, 0]
            }
          }
        },
        "bone48": {
          "rotation": {
            "0.0": {
              "lerp_mode": "catmullrom",
              "post": [-10, 0, 0]
            },
            "0.25": {
              "lerp_mode": "catmullrom",
              "post": [-35, 0, 0]
            },
            "0.5": {
              "lerp_mode": "catmullrom",
              "post": [7.5, 0, 0]
            },
            "0.75": {
              "lerp_mode": "catmullrom",
              "post": [5, 0, 0]
            },
            "1.0": {
              "lerp_mode": "catmullrom",
              "post": [-10, 0, 0]
            }
          }
        },
        "bone49": {
          "rotation": {
            "0.0": {
              "lerp_mode": "catmullrom",
              "post": [7.5, 0, 0]
            },
            "0.125": {
              "lerp_mode": "catmullrom",
              "post": [6.41, 0, 0]
            },
            "0.25": {
              "lerp_mode": "catmullrom",
              "post": [40, 0, 0]
            },
            "0.5": {
              "lerp_mode": "catmullrom",
              "post": [-10, 0, 0]
            },
            "0.75": {
              "lerp_mode": "catmullrom",
              "post": [-2.5, 0, 0]
            },
            "1.0": {
              "lerp_mode": "catmullrom",
              "post": [7.5, 0, 0]
            }
          }
        },
        "bone5": {
          "rotation": [0, "0+math.cos((q.anim_time)*90*8/2-90)*4", 0]
        },
        "bone58": {
          "rotation": {
            "0.0": {
              "lerp_mode": "catmullrom",
              "post": [27.5, 0, 0]
            },
            "0.25": {
              "lerp_mode": "catmullrom",
              "post": [62.5, 0, 0]
            },
            "0.5": {
              "lerp_mode": "catmullrom",
              "post": [0.93, 0, 0]
            },
            "0.75": {
              "lerp_mode": "catmullrom",
              "post": [-25, 0, 0]
            },
            "1.0": {
              "lerp_mode": "catmullrom",
              "post": [27.5, 0, 0]
            }
          }
        },
        "bone59": {
          "rotation": {
            "0.0": {
              "lerp_mode": "catmullrom",
              "post": [-15, 0, 0]
            },
            "0.25": {
              "lerp_mode": "catmullrom",
              "post": [-37.5, 0, 0]
            },
            "0.5": {
              "lerp_mode": "catmullrom",
              "post": [0, 0, 0]
            },
            "0.75": {
              "lerp_mode": "catmullrom",
              "post": [-2.5, 0, 0]
            },
            "1.0": {
              "lerp_mode": "catmullrom",
              "post": [-15, 0, 0]
            }
          }
        },
        "bone6": {
          "rotation": ["0-math.cos((q.anim_time)*90*8/2-90)*2", 0, 0]
        },
        "bone77": {
          "rotation": ["-22.5-math.cos((q.anim_time)*90*8/2)*2", 0, 0]
        },
        "bone78": {
          "rotation": [-12.5, 0, 0]
        },
        "bone79": {
          "rotation": [-7.5, 0, 0]
        },
        "bone80": {
          "rotation": [12.5, 0, 0]
        },
        "bone81": {
          "rotation": [15, 0, 0]
        },
        "bone82": {
          "rotation": [12.5, 0, 0]
        },
        "bone83": {
          "rotation": [17.5, 0, 0]
        },
        "bone84": {
          "rotation": [12.5, 0, 0]
        },
        "bone85": {
          "rotation": [15, 0, 0]
        },
        "bone86": {
          "rotation": ["-22.5-math.cos((q.anim_time)*90*8/2)*2", 0, 0]
        },
        "bone87": {
          "rotation": [-10, 0, 0]
        },
        "bone88": {
          "rotation": [-12.5, 0, 0]
        },
        "bone89": {
          "rotation": [10, 0, 0]
        },
        "bone90": {
          "rotation": [15, 0, 0]
        },
        "bone91": {
          "rotation": [15, 0, 0]
        },
        "bone92": {
          "rotation": [15, 0, 0]
        },
        "bone93": {
          "rotation": [15, 0, 0]
        },
        "bone94": {
          "rotation": [22.5, 0, 0]
        },
        "bone95": {
          "rotation": [15, 0, 0]
        },
        "bone96": {
          "rotation": ["-22.5-math.cos((q.anim_time)*90*8/2)*2", 0, 0]
        },
        "bone97": {
          "rotation": [-10, 0, 0]
        },
        "bone98": {
          "rotation": [-12.5, 0, 0]
        },
        "bone99": {
          "rotation": [10, 0, 0]
        },
        "chest": {
          "rotation": ["0-math.cos((q.anim_time)*90*8/2-90)*2", 0, 0]
        },
        "head": {
          "rotation": ["0-math.cos((q.anim_time)*90*8/2-90)*2", 0, 0]
        },
        "head_proper": {
          "rotation": ["-17.5-math.cos((q.anim_time)*90*8/2-90)*2", 0, 0]
        },
        "i": {
          "rotation": {
            "0.0": {
              "lerp_mode": "catmullrom",
              "post": [17.5, 0, 0]
            }
          }
        },
        "i2": {
          "rotation": {
            "0.0": {
              "lerp_mode": "catmullrom",
              "post": [15, 0, 0]
            },
            "0.25": {
              "lerp_mode": "catmullrom",
              "post": [27.5, 0, 0]
            },
            "0.5": {
              "lerp_mode": "catmullrom",
              "post": [10, 0, 0]
            },
            "0.75": {
              "lerp_mode": "catmullrom",
              "post": [-20, 0, 0]
            },
            "1.0": {
              "lerp_mode": "catmullrom",
              "post": [15, 0, 0]
            }
          }
        },
        "torso": {
          "position": [0, 0, 0]
        }
      },
      "loop": true
    },
    "animation.palkia_origin.pose": {
      "bones": {
        "bone100": {
          "rotation": [27.5, 0, 0]
        },
        "bone101": {
          "rotation": [17.5, 0, 0]
        },
        "bone102": {
          "rotation": [17.5, 0, 0]
        },
        "bone103": {
          "rotation": [20, 0, 0]
        },
        "bone104": {
          "rotation": [17.5, 0, 0]
        },
        "bone105": {
          "rotation": [-17.5, 0, 0]
        },
        "bone106": {
          "rotation": [-12.5, 0, 0]
        },
        "bone107": {
          "rotation": [-10, 0, 0]
        },
        "bone108": {
          "rotation": [15, 0, 0]
        },
        "bone109": {
          "rotation": [22.5, 0, 0]
        },
        "bone110": {
          "rotation": [20, 0, 0]
        },
        "bone111": {
          "rotation": [15, 0, 0]
        },
        "bone112": {
          "rotation": [17.5, 0, 0]
        },
        "bone113": {
          "rotation": [-17.5, 0, 0]
        },
        "bone114": {
          "rotation": [-12.5, 0, 0]
        },
        "bone115": {
          "rotation": [-10, 0, 0]
        },
        "bone116": {
          "rotation": [15, 0, 0]
        },
        "bone117": {
          "rotation": [22.5, 0, 0]
        },
        "bone118": {
          "rotation": [20, 0, 0]
        },
        "bone119": {
          "rotation": [15, 0, 0]
        },
        "bone120": {
          "rotation": [17.5, 0, 0]
        },
        "bone125": {
          "rotation": [7.5, 0, 0]
        },
        "bone126": {
          "rotation": [-10, 0, 0]
        },
        "bone127": {
          "rotation": [-10, 0, 0]
        },
        "bone129": {
          "rotation": [7.5, 0, 0]
        },
        "bone130": {
          "rotation": [-10, 0, 0]
        },
        "bone131": {
          "rotation": [-10, 0, 0]
        },
        "bone14": {
          "rotation": [-7.5, 0, 0]
        },
        "bone15": {
          "rotation": [-15, 0, 0]
        },
        "bone2": {
          "rotation": [42.5, 0, 0]
        },
        "bone22": {
          "position": [0, 12, 2],
          "rotation": [-34.10238, -18.7124, -12.86638]
        },
        "bone23": {
          "rotation": [67.5, 0, 0]
        },
        "bone24": {
          "rotation": [15, 0, 0]
        },
        "bone26": {
          "rotation": [15, 0, 0]
        },
        "bone3": {
          "rotation": [10, 0, 0]
        },
        "bone32": {
          "position": [0, 15, 2],
          "rotation": [-84.54114, 22.01283, -0.63609]
        },
        "bone37": {
          "rotation": [70, 0, 0]
        },
        "bone38": {
          "rotation": [10, 0, 0]
        },
        "bone4": {
          "rotation": [-1.16344, -0.18133, 0.13789]
        },
        "bone40": {
          "rotation": [17.5, 0, 0]
        },
        "bone47": {
          "rotation": [27.41243, 2.27546, -4.37778]
        },
        "bone48": {
          "rotation": [-30, 0, 0]
        },
        "bone49": {
          "rotation": [17.5, 0, 0]
        },
        "bone50": {
          "rotation": [-10, 0, 0]
        },
        "bone55": {
          "rotation": [0, 5, 0]
        },
        "bone6": {
          "rotation": [10, 0, 0]
        },
        "bone73": {
          "rotation": [35, 0, 0]
        },
        "bone77": {
          "rotation": [-17.5, 0, 0]
        },
        "bone78": {
          "rotation": [-12.5, 0, 0]
        },
        "bone79": {
          "rotation": [-10, 0, 0]
        },
        "bone80": {
          "rotation": [22.5, 0, 0]
        },
        "bone81": {
          "rotation": [20, 0, 0]
        },
        "bone82": {
          "rotation": [20, 0, 0]
        },
        "bone83": {
          "rotation": [17.5, 0, 0]
        },
        "bone84": {
          "rotation": [17.5, 0, 0]
        },
        "bone85": {
          "rotation": [17.5, 0, 0]
        },
        "bone86": {
          "rotation": [-17.5, 0, 0]
        },
        "bone87": {
          "rotation": [-12.5, 0, 0]
        },
        "bone88": {
          "rotation": [-10, 0, 0]
        },
        "bone89": {
          "rotation": [12.5, 0, 0]
        },
        "bone90": {
          "rotation": [27.5, 0, 0]
        },
        "bone91": {
          "rotation": [17.5, 0, 0]
        },
        "bone92": {
          "rotation": [17.5, 0, 0]
        },
        "bone93": {
          "rotation": [17.5, 0, 0]
        },
        "bone94": {
          "rotation": [12.5, 0, 0]
        },
        "bone95": {
          "rotation": [20, 0, 0]
        },
        "bone96": {
          "rotation": [-17.5, 0, 0]
        },
        "bone97": {
          "rotation": [-12.5, 0, 0]
        },
        "bone98": {
          "rotation": [-10, 0, 0]
        },
        "bone99": {
          "rotation": [12.5, 0, 0]
        },
        "chest": {
          "rotation": [12.5, 0, 0]
        },
        "head": {
          "rotation": [-6.9592, 2.12543, 2.31119]
        },
        "head_proper": {
          "rotation": [-2.5, 0, 0]
        },
        "undefined": {
          "rotation": [17.5, 0, 0]
        }
      },
      "loop": true
    }
  },
  "format_version": "1.8.0"
}