{
  "animations": {
    "animation.foongus.battle_idle": {
      "animation_length": 2.3333,
      "bones": {
        "arm_left": {
          "rotation": ["-1.6787+math.sin((q.anim_time)*75*2-260)*7", "-12.6972+math.sin((q.anim_time)*75*2-260)*7", "22.9145+math.sin((q.anim_time)*75*2)*7"]
        },
        "arm_right": {
          "rotation": ["-1.5911-math.sin((q.anim_time)*75*2-270)*7", "22.2837-math.sin((q.anim_time)*75*2-260)*7", "-24.5547+math.sin((q.anim_time)*75*2)*7"]
        },
        "eye_left_overlay": {
          "position": [-0.5, 0, -0.1]
        },
        "eye_right_overlay": {
          "position": [0.5, 0, -0.1]
        },
        "hat": {
          "rotation": ["0+math.sin((q.anim_time)*75*2-210)*1", "0+math.sin((q.anim_time)*75*2-210)*1", "0+math.sin((q.anim_time)*75*2-210)*1"]
        },
        "mouth": {
          "rotation": [-7.5, 0, 0]
        },
        "torso2": {
          "rotation": ["0.3416+math.sin((q.anim_time)*75*2-210)*1", 0.10833, "-0.0254+math.sin((q.anim_time)*75*2-210)*1+math.sin((q.anim_time)*75*2-110)*2"]
        }
      },
      "loop": true
    },
    "animation.foongus.blink": {
      "animation_length": 0.1667,
      "bones": {
        "eye_left": {
          "position": {
            "0.0": [0, 0, 0.1],
            "0.125": {
              "post": [0, 0, 0.1],
              "pre": [0, 0, 0.1]
            },
            "0.1667": {
              "post": [0, 0, 0],
              "pre": [0, 0, 0.1]
            }
          }
        },
        "eye_left_happy": {
          "position": {
            "0.0": [0, 0, 0.1],
            "0.125": {
              "post": [0, 0, 0.1],
              "pre": [0, 0, 0.1]
            },
            "0.1667": {
              "post": [0, 0, 0],
              "pre": [0, 0, 0.1]
            }
          }
        },
        "eye_left_shocked": {
          "position": {
            "0.0": [0, 0, 0.1],
            "0.125": {
              "post": [0, 0, 0.1],
              "pre": [0, 0, 0.1]
            },
            "0.1667": {
              "post": [0, 0, 0],
              "pre": [0, 0, 0.1]
            }
          }
        },
        "eye_right": {
          "position": {
            "0.0": [0, 0, 0.1],
            "0.125": {
              "post": [0, 0, 0.1],
              "pre": [0, 0, 0.1]
            },
            "0.1667": {
              "post": [0, 0, 0],
              "pre": [0, 0, 0.1]
            }
          }
        },
        "eye_right_happy": {
          "position": {
            "0.0": [0, 0, 0.1],
            "0.125": {
              "post": [0, 0, 0.1],
              "pre": [0, 0, 0.1]
            },
            "0.1667": {
              "post": [0, 0, 0],
              "pre": [0, 0, 0.1]
            }
          }
        },
        "eye_right_shocked": {
          "position": {
            "0.0": [0, 0, 0.1],
            "0.125": {
              "post": [0, 0, 0.1],
              "pre": [0, 0, 0.1]
            },
            "0.1667": {
              "post": [0, 0, 0],
              "pre": [0, 0, 0.1]
            }
          }
        },
        "eyelid_left": {
          "position": {
            "0.0": [0, 0, -0.1],
            "0.125": {
              "post": [0, 0, -0.1],
              "pre": [0, 0, -0.1]
            },
            "0.1667": {
              "post": [0, 0, 0],
              "pre": [0, 0, -0.1]
            }
          }
        },
        "eyelid_right": {
          "position": {
            "0.0": [0, 0, -0.1],
            "0.125": {
              "post": [0, 0, -0.1],
              "pre": [0, 0, -0.1]
            },
            "0.1667": {
              "post": [0, 0, 0],
              "pre": [0, 0, -0.1]
            }
          }
        }
      }
    },
    "animation.foongus.ground_idle": {
      "animation_length": 2.3333,
      "bones": {
        "arm_left": {
          "rotation": ["-1.6787+math.sin((q.anim_time)*75*2-260)*7", "-12.6972+math.sin((q.anim_time)*75*2-260)*7", "22.9145+math.sin((q.anim_time)*75*2)*7"]
        },
        "arm_right": {
          "rotation": ["-1.5911-math.sin((q.anim_time)*75*2-270)*7", "22.2837-math.sin((q.anim_time)*75*2-260)*7", "-24.5547+math.sin((q.anim_time)*75*2)*7"]
        },
        "hat": {
          "rotation": ["0+math.sin((q.anim_time)*75*2-210)*1", "0+math.sin((q.anim_time)*75*2-210)*1", "0+math.sin((q.anim_time)*75*2-210)*1"]
        },
        "mouth": {
          "rotation": [-7.5, 0, 0]
        },
        "torso2": {
          "rotation": ["0.3416+math.sin((q.anim_time)*75*2-210)*1", 0.10833, "-0.0254+math.sin((q.anim_time)*75*2-210)*1+math.sin((q.anim_time)*75*2-110)*2"]
        }
      },
      "loop": true
    },
    "animation.foongus.ground_walk": {
      "animation_length": 1.6552,
      "bones": {
        "arm_left": {
          "rotation": {
            "0.0": {
              "lerp_mode": "catmullrom",
              "post": [-8.2813, -0.55035, 22.3388]
            },
            "0.2414": {
              "lerp_mode": "catmullrom",
              "post": [-8.2813, -0.55035, 22.3388]
            },
            "0.4828": {
              "lerp_mode": "catmullrom",
              "post": [-36.76383, 39.19949, -4.88354]
            },
            "0.7241": {
              "lerp_mode": "catmullrom",
              "post": [-8.2813, -0.55035, 22.3388]
            },
            "0.7931": {
              "lerp_mode": "catmullrom",
              "post": [-8.2813, -0.55035, 22.3388]
            },
            "1.069": {
              "lerp_mode": "catmullrom",
              "post": [-8.2813, -0.55035, 22.3388]
            },
            "1.3103": {
              "lerp_mode": "catmullrom",
              "post": [-36.76383, 39.19949, -4.88354]
            },
            "1.5517": {
              "lerp_mode": "catmullrom",
              "post": [-8.2813, -0.55035, 22.3388]
            }
          }
        },
        "arm_right": {
          "rotation": {
            "0.0": {
              "lerp_mode": "catmullrom",
              "post": [-8.2813, 0.55035, -22.3388]
            },
            "0.2414": {
              "lerp_mode": "catmullrom",
              "post": [-8.2813, 0.55035, -22.3388]
            },
            "0.4828": {
              "lerp_mode": "catmullrom",
              "post": [-36.76383, -39.19949, 4.88354]
            },
            "0.7241": {
              "lerp_mode": "catmullrom",
              "post": [-8.2813, 0.55035, -22.3388]
            },
            "0.7931": {
              "lerp_mode": "catmullrom",
              "post": [-8.2813, 0.55035, -22.3388]
            },
            "1.069": {
              "lerp_mode": "catmullrom",
              "post": [-8.2813, 0.55035, -22.3388]
            },
            "1.3103": {
              "lerp_mode": "catmullrom",
              "post": [-36.76383, -39.19949, 4.88354]
            },
            "1.5517": {
              "lerp_mode": "catmullrom",
              "post": [-8.2813, 0.55035, -22.3388]
            }
          }
        },
        "body": {
          "position": {
            "0.0": [0, 0, 0],
            "0.2759": [0, 0, 0],
            "0.4483": {
              "lerp_mode": "catmullrom",
              "post": [0, 2, -4],
              "pre": [0, 2, -4]
            },
            "0.6207": {
              "lerp_mode": "catmullrom",
              "post": [0, 0, -4]
            },
            "0.8276": [0, 0, -5],
            "1.1034": [0, 0, 0],
            "1.2759": {
              "lerp_mode": "catmullrom",
              "post": [0, 2, -4],
              "pre": [0, 2, -4]
            },
            "1.4483": {
              "lerp_mode": "catmullrom",
              "post": [0, 0, -4]
            },
            "1.6552": [0, 0, 0]
          },
          "rotation": {
            "0.0": {
              "lerp_mode": "catmullrom",
              "post": [0, 0, 0]
            },
            "0.2759": {
              "lerp_mode": "catmullrom",
              "post": [0, 0, 0]
            },
            "0.3793": {
              "lerp_mode": "catmullrom",
              "post": [12.5, 0, 0]
            },
            "0.5172": {
              "lerp_mode": "catmullrom",
              "post": [13.29, 0, 0]
            },
            "0.6207": {
              "lerp_mode": "catmullrom",
              "post": [0, 0, 0]
            },
            "1.1034": {
              "lerp_mode": "catmullrom",
              "post": [0, 0, 0]
            },
            "1.2069": {
              "lerp_mode": "catmullrom",
              "post": [12.5, 0, 0]
            },
            "1.3448": {
              "lerp_mode": "catmullrom",
              "post": [13.29, 0, 0]
            },
            "1.4483": {
              "lerp_mode": "catmullrom",
              "post": [0, 0, 0]
            }
          }
        },
        "hat": {
          "position": {
            "0.0": {
              "lerp_mode": "catmullrom",
              "post": [0, 0, 0]
            },
            "0.2759": {
              "lerp_mode": "catmullrom",
              "post": [0, 0, 0]
            },
            "0.3793": {
              "lerp_mode": "catmullrom",
              "post": [0, -1.23, 0]
            },
            "0.4828": {
              "lerp_mode": "catmullrom",
              "post": [0, -0.4, 0]
            },
            "0.5862": {
              "lerp_mode": "catmullrom",
              "post": [0, 0, 0]
            },
            "1.069": {
              "lerp_mode": "catmullrom",
              "post": [0, 0, 0]
            },
            "1.1724": {
              "lerp_mode": "catmullrom",
              "post": [0, -1.23, 0]
            },
            "1.2759": {
              "lerp_mode": "catmullrom",
              "post": [0, -0.4, 0]
            },
            "1.3793": {
              "lerp_mode": "catmullrom",
              "post": [0, 0, 0]
            }
          },
          "rotation": {
            "0.0": {
              "lerp_mode": "catmullrom",
              "post": [0.5, 0.5, 0.5]
            },
            "0.2759": {
              "lerp_mode": "catmullrom",
              "post": [0.5, 0.5, 0.5]
            },
            "0.4138": {
              "lerp_mode": "catmullrom",
              "post": [-19.11111, 0.5, 0.5]
            },
            "0.4828": {
              "lerp_mode": "catmullrom",
              "post": [-17, 0.5, 0.5]
            },
            "0.6207": {
              "lerp_mode": "catmullrom",
              "post": [-2, 0.5, 0.5]
            },
            "0.6897": {
              "lerp_mode": "catmullrom",
              "post": [-9.5, 0.5, 0.5]
            },
            "0.7586": {
              "lerp_mode": "catmullrom",
              "post": [0.5, 0.5, 0.5]
            },
            "0.8276": {
              "lerp_mode": "catmullrom",
              "post": [-4.5, 0.5, 0.5]
            },
            "0.8966": {
              "lerp_mode": "catmullrom",
              "post": [0.5, 0.5, 0.5]
            },
            "1.069": {
              "lerp_mode": "catmullrom",
              "post": [0.5, 0.5, 0.5]
            },
            "1.2069": {
              "lerp_mode": "catmullrom",
              "post": [-19.11111, 0.5, 0.5]
            },
            "1.2759": {
              "lerp_mode": "catmullrom",
              "post": [-17, 0.5, 0.5]
            },
            "1.3793": {
              "lerp_mode": "catmullrom",
              "post": [-2, 0.5, 0.5]
            },
            "1.4483": {
              "lerp_mode": "catmullrom",
              "post": [-9.5, 0.5, 0.5]
            },
            "1.5172": {
              "lerp_mode": "catmullrom",
              "post": [0.5, 0.5, 0.5]
            },
            "1.5862": {
              "lerp_mode": "catmullrom",
              "post": [-4.5, 0.5, 0.5]
            },
            "1.6552": {
              "lerp_mode": "catmullrom",
              "post": [0.5, 0.5, 0.5]
            }
          }
        },
        "mouth": {
          "rotation": [-7.5, 0, 0]
        },
        "torso": {
          "position": {
            "0.0": [0, "0+math.sin(q.anim_time*90*40-0)*0.1", 0],
            "0.2759": [0, 0, 0],
            "0.5862": [0, 0, 3],
            "0.6207": [0, "0+math.sin(q.anim_time*90*40-0)*0.1", 3],
            "0.8276": [0, "0+math.sin(q.anim_time*90*40-0)*0.1", 5],
            "1.069": [0, 0, 1],
            "1.4138": [0, 0, 3],
            "1.4483": [0, "0+math.sin(q.anim_time*90*40-0)*0.1", 3],
            "1.6552": [0, 0, 0]
          }
        },
        "torso2": {
          "rotation": {
            "0.0": {
              "lerp_mode": "catmullrom",
              "post": [0.8416, 0.10833, -1.40479]
            },
            "0.2759": {
              "lerp_mode": "catmullrom",
              "post": [0.8416, 0.10833, -1.40479]
            },
            "0.4828": {
              "lerp_mode": "catmullrom",
              "post": [20.8416, 0.10833, -1.40479]
            },
            "0.8276": {
              "lerp_mode": "catmullrom",
              "post": [0.8416, 0.10833, -1.40479]
            },
            "1.1034": {
              "lerp_mode": "catmullrom",
              "post": [0.8416, 0.10833, -1.40479]
            },
            "1.3103": {
              "lerp_mode": "catmullrom",
              "post": [20.8416, 0.10833, -1.40479]
            },
            "1.6552": {
              "lerp_mode": "catmullrom",
              "post": [0.8416, 0.10833, -1.40479]
            }
          }
        },
        "torso_squish": {
          "position": {
            "0.0": {
              "lerp_mode": "catmullrom",
              "post": [0, 0, 0]
            },
            "0.5862": {
              "lerp_mode": "catmullrom",
              "post": [0, 0, 0]
            },
            "0.6207": {
              "lerp_mode": "catmullrom",
              "post": [0, -0.3, 0]
            },
            "0.6897": {
              "lerp_mode": "catmullrom",
              "post": [0, 0, 0]
            },
            "0.7586": {
              "lerp_mode": "catmullrom",
              "post": [0, -0.3, 0]
            },
            "0.8276": {
              "lerp_mode": "catmullrom",
              "post": [0, 0, 0]
            },
            "1.4138": {
              "lerp_mode": "catmullrom",
              "post": [0, 0, 0]
            },
            "1.4483": {
              "lerp_mode": "catmullrom",
              "post": [0, -0.3, 0]
            },
            "1.5172": {
              "lerp_mode": "catmullrom",
              "post": [0, 0, 0]
            },
            "1.5862": {
              "lerp_mode": "catmullrom",
              "post": [0, -0.3, 0]
            },
            "1.6552": {
              "lerp_mode": "catmullrom",
              "post": [0, 0, 0]
            }
          },
          "scale": {
            "0.0": {
              "lerp_mode": "catmullrom",
              "post": [1, 1, 1]
            },
            "0.5517": {
              "lerp_mode": "catmullrom",
              "post": [1, 1, 1]
            },
            "0.6207": {
              "lerp_mode": "catmullrom",
              "post": [1.1, 0.9, 1]
            },
            "0.6897": {
              "lerp_mode": "catmullrom",
              "post": [1, 1, 1]
            },
            "0.7586": {
              "lerp_mode": "catmullrom",
              "post": [1.1, 0.9, 1]
            },
            "0.8276": {
              "lerp_mode": "catmullrom",
              "post": [1, 1, 1]
            },
            "1.3793": {
              "lerp_mode": "catmullrom",
              "post": [1, 1, 1]
            },
            "1.4483": {
              "lerp_mode": "catmullrom",
              "post": [1.1, 0.9, 1]
            },
            "1.5172": {
              "lerp_mode": "catmullrom",
              "post": [1, 1, 1]
            },
            "1.5862": {
              "lerp_mode": "catmullrom",
              "post": [1.1, 0.9, 1]
            },
            "1.6552": {
              "lerp_mode": "catmullrom",
              "post": [1, 1, 1]
            }
          }
        }
      },
      "loop": true
    },
    "animation.foongus.recoil": {
      "animation_length": 1,
      "bones": {
        "body": {
          "rotation": {
            "0.0": {
              "lerp_mode": "catmullrom",
              "post": [0, 0, 0]
            },
            "0.1667": {
              "lerp_mode": "catmullrom",
              "post": [4, 0, 0]
            },
            "0.3333": {
              "lerp_mode": "catmullrom",
              "post": [0, 0, 0]
            },
            "0.5": {
              "lerp_mode": "catmullrom",
              "post": [23, 0, 0]
            },
            "0.625": {
              "lerp_mode": "catmullrom",
              "post": [0, 0, 0]
            },
            "0.7917": {
              "lerp_mode": "catmullrom",
              "post": [11, 0, 0]
            },
            "1.0": {
              "lerp_mode": "catmullrom",
              "post": [0, 0, 0]
            }
          },
          "scale": {
            "0.0": {
              "lerp_mode": "catmullrom",
              "post": [1, 1, 1]
            },
            "0.2083": {
              "lerp_mode": "catmullrom",
              "post": [1, 0.9, 1.1]
            },
            "0.375": {
              "lerp_mode": "catmullrom",
              "post": [1, 1, 1]
            },
            "0.5": {
              "lerp_mode": "catmullrom",
              "post": [1, 1, 1]
            },
            "0.625": {
              "lerp_mode": "catmullrom",
              "post": [1, 0.9, 1.1]
            },
            "0.7917": {
              "lerp_mode": "catmullrom",
              "post": [1, 1, 1]
            },
            "1.0": {
              "lerp_mode": "catmullrom",
              "post": [1, 1, 1]
            }
          }
        },
        "eye_left": {
          "position": {
            "0.0": [0, 0, 0],
            "0.0833": {
              "post": [0, 0, 0.1],
              "pre": [0, 0, 0]
            },
            "0.4167": {
              "post": [0, 0, 0],
              "pre": [0, 0, 0.1]
            },
            "0.5": {
              "post": [0, 0, 0.1],
              "pre": [0, 0, 0]
            },
            "0.5833": {
              "post": [0, 0, 0],
              "pre": [0, 0, 0.1]
            }
          }
        },
        "eye_left_hurt": {
          "position": {
            "0.0": [0, 0, 0.9],
            "0.0833": {
              "post": [0, 0, -0.1],
              "pre": [0, 0, 0.9]
            },
            "0.4167": {
              "post": [0, 0, 0.9],
              "pre": [0, 0, -0.1]
            },
            "0.5": {
              "post": [0, 0, -0.1],
              "pre": [0, 0, 0.9]
            },
            "0.5833": {
              "post": [0, 0, 0.9],
              "pre": [0, 0, -0.1]
            }
          }
        },
        "eye_right": {
          "position": {
            "0.0": [0, 0, 0],
            "0.0833": {
              "post": [0, 0, 0.1],
              "pre": [0, 0, 0]
            },
            "0.4167": {
              "post": [0, 0, 0],
              "pre": [0, 0, 0.1]
            },
            "0.5": {
              "post": [0, 0, 0.1],
              "pre": [0, 0, 0]
            },
            "0.5833": {
              "post": [0, 0, 0],
              "pre": [0, 0, 0.1]
            }
          }
        },
        "eye_right_hurt": {
          "position": {
            "0.0": [0, 0, 0.9],
            "0.0833": {
              "post": [0, 0, -0.1],
              "pre": [0, 0, 0.9]
            },
            "0.4167": {
              "post": [0, 0, 0.9],
              "pre": [0, 0, -0.1]
            },
            "0.5": {
              "post": [0, 0, -0.1],
              "pre": [0, 0, 0.9]
            },
            "0.5833": {
              "post": [0, 0, 0.9],
              "pre": [0, 0, -0.1]
            }
          }
        },
        "hat": {
          "position": {
            "0.0": {
              "lerp_mode": "catmullrom",
              "post": [0, 0, 0]
            },
            "0.1667": {
              "lerp_mode": "catmullrom",
              "post": [0, 0, 0]
            },
            "0.2917": {
              "lerp_mode": "catmullrom",
              "post": [0, -1.23, 0]
            },
            "0.4167": {
              "lerp_mode": "catmullrom",
              "post": [0, -0.4, 0]
            },
            "0.8333": {
              "lerp_mode": "catmullrom",
              "post": [0, -0.4, 0]
            },
            "1.0": {
              "lerp_mode": "catmullrom",
              "post": [0, 0, 0]
            }
          },
          "rotation": {
            "0.0": {
              "lerp_mode": "catmullrom",
              "post": [0, 0, 0]
            },
            "0.1667": {
              "lerp_mode": "catmullrom",
              "post": [0.5, 0.5, 0.5]
            },
            "0.3333": {
              "lerp_mode": "catmullrom",
              "post": [-19.11111, 0.5, 0.5]
            },
            "0.4167": {
              "lerp_mode": "catmullrom",
              "post": [-17, 0.5, 0.5]
            },
            "0.5417": {
              "lerp_mode": "catmullrom",
              "post": [-2, 0.5, 0.5]
            },
            "0.625": {
              "lerp_mode": "catmullrom",
              "post": [-9.5, 0.5, 0.5]
            },
            "0.7083": {
              "lerp_mode": "catmullrom",
              "post": [0.5, 0.5, 0.5]
            },
            "0.7917": {
              "lerp_mode": "catmullrom",
              "post": [-4.5, 0.5, 0.5]
            },
            "0.875": {
              "lerp_mode": "catmullrom",
              "post": [0.5, 0.5, 0.5]
            },
            "1.0": {
              "lerp_mode": "catmullrom",
              "post": [0, 0, 0]
            }
          }
        },
        "torso": {
          "position": {
            "0.0": {
              "lerp_mode": "catmullrom",
              "post": [0, 0, 0]
            },
            "0.2083": {
              "lerp_mode": "catmullrom",
              "post": [0, 4, 4]
            },
            "0.3333": {
              "lerp_mode": "catmullrom",
              "post": [0, 0, 6]
            },
            "0.5417": {
              "lerp_mode": "catmullrom",
              "post": [0, 0, 6]
            },
            "0.5833": {
              "lerp_mode": "catmullrom",
              "post": [0, -0.2, 6]
            },
            "0.75": {
              "lerp_mode": "catmullrom",
              "post": [0, 2.8, 3]
            },
            "0.875": {
              "lerp_mode": "catmullrom",
              "post": [0, 0, 0]
            }
          },
          "rotation": {
            "0.0": {
              "lerp_mode": "catmullrom",
              "post": [0, 0, 0]
            },
            "0.2083": {
              "lerp_mode": "catmullrom",
              "post": [-15, 0, 0]
            },
            "0.3333": {
              "lerp_mode": "catmullrom",
              "post": [-10, 0, 0]
            },
            "0.4167": {
              "lerp_mode": "catmullrom",
              "post": [5, 0, 0]
            },
            "0.5": {
              "lerp_mode": "catmullrom",
              "post": [0, 0, 0]
            },
            "0.5833": {
              "lerp_mode": "catmullrom",
              "post": [2, 0, 0]
            },
            "0.75": {
              "lerp_mode": "catmullrom",
              "post": [14.5, 0, 0]
            },
            "0.875": {
              "lerp_mode": "catmullrom",
              "post": [0, 0, 0]
            }
          }
        },
        "torso2": {
          "rotation": {
            "0.0": {
              "lerp_mode": "catmullrom",
              "post": [0, 0, 0]
            },
            "0.25": {
              "lerp_mode": "catmullrom",
              "post": [-15, 0, 0]
            },
            "0.4167": {
              "lerp_mode": "catmullrom",
              "post": [7.5, 0, 0]
            },
            "0.5417": {
              "lerp_mode": "catmullrom",
              "post": [-2.5, 0, 0]
            },
            "0.625": {
              "lerp_mode": "catmullrom",
              "post": [7.5, 0, 0]
            },
            "0.75": {
              "lerp_mode": "catmullrom",
              "post": [-20, 0, 0]
            },
            "0.875": {
              "lerp_mode": "catmullrom",
              "post": [17.5, 0, 0]
            },
            "0.9583": {
              "lerp_mode": "catmullrom",
              "post": [0, 0, 0]
            }
          }
        }
      }
    },
    "animation.foongus.shoulder_left": {
      "bones": {
        "arm_left": {
          "rotation": [47.5, 60, 45]
        },
        "arm_right": {
          "rotation": [47.5, -60, -45]
        },
        "arms": {
          "position": [0, 0, -0.5]
        },
        "hat": {
          "rotation": [0, 0, 7.5]
        },
        "torso": {
          "position": [3, 0, 0]
        },
        "torso2": {
          "rotation": [15, 0, 0]
        }
      },
      "loop": true
    },
    "animation.foongus.shoulder_right": {
      "bones": {
        "arm_left": {
          "rotation": [47.5, 60, 45]
        },
        "arm_right": {
          "rotation": [47.5, -60, -45]
        },
        "arms": {
          "position": [0, 0, -0.5]
        },
        "hat": {
          "rotation": [0, 0, -7.5]
        },
        "torso": {
          "position": [-3, 0, 0]
        },
        "torso2": {
          "rotation": [15, 0, 0]
        },
        "torso_squish": {
          "scale": 1
        }
      },
      "loop": true
    },
    "animation.foongus.sleep": {
      "bones": {
        "arm_left": {
          "rotation": [34.34344, 59.14534, 33.72853]
        },
        "arm_right": {
          "rotation": [34.34344, -59.14534, -33.72853]
        },
        "eye_left": {
          "position": [0, 0, 0.1]
        },
        "eye_right": {
          "position": [0, 0, 0.1]
        },
        "eyelid_left": {
          "position": [0, 0, -0.1]
        },
        "eyelid_right": {
          "position": [0, 0, -0.1]
        },
        "hat": {
          "rotation": [1.5, 0, 0]
        },
        "mouth": {
          "rotation": [10, 0, 0]
        },
        "torso2": {
          "rotation": [10, 0, 0]
        }
      },
      "loop": true
    },
    "animation.foongus.walktest": {
      "bones": {
        "foongus": {
          "position": [0, 0, "-q.anim_time*90*0.032"]
        }
      },
      "loop": true
    }
  },
  "format_version": "1.8.0"
}