{
  "animations": {
    "animation.darmanitan_galar.battle_idle": {
      "animation_length": 4,
      "bones": {
        "arm_left": {
          "position": [0.5, -1.5, 0],
          "rotation": [46.21681, 21.67468, 38.70904]
        },
        "arm_left2": {
          "rotation": ["-2.4474+math.sin(q.anim_time*90*2-20)*8", 41.70634, "-13.9675+math.sin(q.anim_time*90*2-20)*10"]
        },
        "arm_right": {
          "rotation": [40.94847, "15.7869+math.sin(q.anim_time*90*2-50+180)*2.5", "18.9289+math.sin(q.anim_time*90*2-50+180)*3"]
        },
        "arm_right2": {
          "rotation": [-5.1453, "-74.9617+math.sin(q.anim_time*90*2-80+180)*2", 2.92355]
        },
        "arms_torso": {
          "rotation": [0, 8, 0]
        },
        "body": {
          "rotation": [0, -5, 0]
        },
        "hand_left": {
          "rotation": ["0.3737+math.sin(q.anim_time*90*2-20)*0.5", 0.94763, "4.5052+math.sin(q.anim_time*90*2-20)*3"]
        },
        "hand_right": {
          "rotation": [-108.75, -8.75, "-15.25+math.sin(q.anim_time*90*2-110+180)*3"]
        },
        "left_foot": {
          "rotation": [0, 0, 5]
        },
        "left_index_finger": {
          "rotation": [0, 0, 60]
        },
        "left_index_finger2": {
          "rotation": [0, 0, 80]
        },
        "left_lower_leg": {
          "rotation": ["7.5+math.sin(q.anim_time*90*2-15)*5", 0, 2.5]
        },
        "left_middle_finger": {
          "rotation": [0, 0, 60]
        },
        "left_middle_finger2": {
          "rotation": [0, 0, 80]
        },
        "left_pinky_finger": {
          "rotation": [0, 0, 60]
        },
        "left_pinky_finger2": {
          "rotation": [0, 0, 80]
        },
        "left_pupil": {
          "position": [0, -0.75, 0]
        },
        "left_ring_finger": {
          "rotation": [0, 0, 60]
        },
        "left_ring_finger2": {
          "rotation": [0, 0, 80]
        },
        "left_thumb": {
          "rotation": [9.83077, 27.15711, 30.17387]
        },
        "left_thumb2": {
          "rotation": [0, -80, 0]
        },
        "left_upper_leg": {
          "position": ["0.25+math.sin(q.anim_time*90*2-15+180)*0.02", "-0.75+math.sin(q.anim_time*90*2-15+180)*0.45", "0+math.sin(q.anim_time*90*2-15)*0.175"],
          "rotation": ["-4.9654+math.sin(q.anim_time*90*2-15+180)*5", -24.17003, -6.73023]
        },
        "mouth_open": {
          "position": [0, 0, 0],
          "rotation": [0, 0, 0]
        },
        "right_foot": {
          "rotation": [7.5, 0, -5]
        },
        "right_index_finger": {
          "rotation": [0, -3.5, "-2.5+math.sin(q.anim_time*90*2-140+180)*2.5"]
        },
        "right_index_finger2": {
          "rotation": [0, 0, -32.5]
        },
        "right_lower_leg": {
          "rotation": ["5+math.sin(q.anim_time*90*2-15)*5", 0, -2.5]
        },
        "right_middle_finger": {
          "rotation": [0, -1, "-15+math.sin(q.anim_time*90*2-160+180)*4"]
        },
        "right_middle_finger2": {
          "rotation": [0, 0, -42.5]
        },
        "right_pinky_finger": {
          "rotation": [0, 3.5, "-42.5+math.sin(q.anim_time*90*2-200+180)*5"]
        },
        "right_pinky_finger2": {
          "rotation": [0, 0, -67.5]
        },
        "right_pupil": {
          "position": [0, -0.75, 0]
        },
        "right_ring_finger": {
          "rotation": [0, 1, "-27.5+math.sin(q.anim_time*90*2-180+180)*7"]
        },
        "right_ring_finger2": {
          "rotation": [0, 0, -42.5]
        },
        "right_thumb": {
          "rotation": [-13.48067, "-52.1528+math.sin(q.anim_time*90*2-130+180)*2.5", -14.35296]
        },
        "right_thumb2": {
          "rotation": [0, 35, 0]
        },
        "right_upper_leg": {
          "position": ["-0.25+math.sin(q.anim_time*90*2-15)*0.05", "-0.75+math.sin(q.anim_time*90*2-15+180)*0.45", "0+math.sin(q.anim_time*90*2-15)*0.175"],
          "rotation": ["-7.7494+math.sin(q.anim_time*90*2-15+180)*5", 34.68455, 8.19681]
        },
        "shoulder_left": {
          "position": ["0+math.sin(q.anim_time*90*2-20)*0.15", "0.1+math.sin(q.anim_time*90*2-20+180)*0.425", "0+math.sin(q.anim_time*90*2-20)*1.2"],
          "rotation": ["0+math.sin(q.anim_time*90*2-20+180)*10", 0, 0]
        },
        "shoulder_right": {
          "position": [0, "0+math.sin(q.anim_time*90*2-200)*1", "0+math.sin(q.anim_time*90*2-200)*0.3"]
        },
        "tail": {
          "rotation": ["10+math.sin(q.anim_time*90*2-30)*3", 0, 0]
        },
        "torso": {
          "position": [0, "-0.2+math.sin(q.anim_time*90*2-20+180)*0.45", "0+math.sin(q.anim_time*90*2-20)*0.5"],
          "rotation": ["-5.0289+math.sin(q.anim_time*90*2-0)*1.5", 7.90672, 4.3255]
        },
        "upper_torso": {
          "position": [0, 0.25, 0],
          "rotation": ["6+math.sin(q.anim_time*90*2-20)*1.5", -2.5, 0]
        }
      },
      "loop": true
    },
    "animation.darmanitan_galar.blink": {
      "animation_length": 0.1667,
      "bones": {
        "left_eye_closed": {
          "position": {
            "0.0": [0, 0, -0.1],
            "0.125": [0, 0, -0.1],
            "0.1667": {
              "post": [0, 0, 0],
              "pre": [0, 0, -0.1]
            }
          }
        },
        "left_pupil": {
          "position": {
            "0.0": [0, 0, 0.1],
            "0.125": [0, 0, 0.1],
            "0.1667": {
              "post": [0, 0, 0],
              "pre": [0, 0, 0.1]
            }
          }
        },
        "right_eye_closed": {
          "position": {
            "0.0": [0, 0, -0.1],
            "0.125": [0, 0, -0.1],
            "0.1667": {
              "post": [0, 0, 0],
              "pre": [0, 0, -0.1]
            }
          }
        },
        "right_pupil": {
          "position": {
            "0.0": [0, 0, 0.1],
            "0.125": [0, 0, 0.1],
            "0.1667": {
              "post": [0, 0, 0],
              "pre": [0, 0, 0.1]
            }
          }
        }
      }
    },
    "animation.darmanitan_galar.cry": {
      "animation_length": 1.5,
      "bones": {
        "arm_left": {
          "position": {
            "0.0": {
              "lerp_mode": "catmullrom",
              "post": [0, 0, 0]
            },
            "0.1667": {
              "lerp_mode": "catmullrom",
              "post": [0.25, -0.25, -1.25]
            },
            "0.3333": {
              "lerp_mode": "catmullrom",
              "post": [0, 0, 0]
            },
            "0.5": {
              "lerp_mode": "catmullrom",
              "post": [0.25, -0.25, -1.25]
            },
            "0.8333": {
              "lerp_mode": "catmullrom",
              "post": [0, 0, 0]
            }
          },
          "rotation": {
            "0.0": {
              "lerp_mode": "catmullrom",
              "post": [0, 0, 0]
            },
            "0.1667": {
              "lerp_mode": "catmullrom",
              "post": [0, -10, 5]
            },
            "0.3333": {
              "lerp_mode": "catmullrom",
              "post": [0, 0, 0]
            },
            "0.5": {
              "lerp_mode": "catmullrom",
              "post": [0, -10, 5]
            },
            "0.8333": {
              "lerp_mode": "catmullrom",
              "post": [0, 0, 0]
            },
            "1.5": [0, 0, 0]
          }
        },
        "arm_left2": {
          "rotation": {
            "0.0": {
              "lerp_mode": "catmullrom",
              "post": [0, 0, 0]
            },
            "0.1667": {
              "lerp_mode": "catmullrom",
              "post": [-5, 5, -13]
            },
            "0.3333": {
              "lerp_mode": "catmullrom",
              "post": [0, 0, 0]
            },
            "0.5": {
              "lerp_mode": "catmullrom",
              "post": [-5, 5, -13]
            },
            "0.8333": {
              "lerp_mode": "catmullrom",
              "post": [0, 0, 0]
            },
            "1.5": [0, 0, 0]
          }
        },
        "arm_right": {
          "position": {
            "0.0": {
              "lerp_mode": "catmullrom",
              "post": [0, 0, 0]
            },
            "0.1667": {
              "lerp_mode": "catmullrom",
              "post": [-0.25, -0.25, -1.25]
            },
            "0.3333": {
              "lerp_mode": "catmullrom",
              "post": [0, 0, 0]
            },
            "0.5": {
              "lerp_mode": "catmullrom",
              "post": [-0.25, -0.25, -1.25]
            },
            "0.8333": {
              "lerp_mode": "catmullrom",
              "post": [0, 0, 0]
            }
          },
          "rotation": {
            "0.0": {
              "lerp_mode": "catmullrom",
              "post": [0, 0, 0]
            },
            "0.1667": {
              "lerp_mode": "catmullrom",
              "post": [0, 10, -5]
            },
            "0.3333": {
              "lerp_mode": "catmullrom",
              "post": [0, 0, 0]
            },
            "0.5": {
              "lerp_mode": "catmullrom",
              "post": [0, 10, -5]
            },
            "0.8333": {
              "lerp_mode": "catmullrom",
              "post": [0, 0, 0]
            },
            "1.5": [0, 0, 0]
          }
        },
        "arm_right2": {
          "rotation": {
            "0.0": {
              "lerp_mode": "catmullrom",
              "post": [0, 0, 0]
            },
            "0.1667": {
              "lerp_mode": "catmullrom",
              "post": [-5, -5, 13]
            },
            "0.3333": {
              "lerp_mode": "catmullrom",
              "post": [0, 0, 0]
            },
            "0.5": {
              "lerp_mode": "catmullrom",
              "post": [-5, -5, 13]
            },
            "0.8333": {
              "lerp_mode": "catmullrom",
              "post": [0, 0, 0]
            },
            "1.5": [0, 0, 0]
          }
        },
        "fingers_left": {
          "rotation": {
            "0.0": {
              "lerp_mode": "catmullrom",
              "post": [0, 0, 0]
            },
            "0.1667": {
              "lerp_mode": "catmullrom",
              "post": [0, 0, 0]
            },
            "0.3333": {
              "lerp_mode": "catmullrom",
              "post": [0, 0, 0]
            },
            "0.5": {
              "lerp_mode": "catmullrom",
              "post": [0, 0, 0]
            }
          }
        },
        "fingers_right": {
          "rotation": {
            "0.0": {
              "lerp_mode": "catmullrom",
              "post": [0, 0, 0]
            },
            "0.1667": {
              "lerp_mode": "catmullrom",
              "post": [0, 0, 0]
            },
            "0.3333": {
              "lerp_mode": "catmullrom",
              "post": [0, 0, 0]
            },
            "0.5": {
              "lerp_mode": "catmullrom",
              "post": [0, 0, 0]
            }
          }
        },
        "hand_left": {
          "rotation": {
            "0.0": {
              "lerp_mode": "catmullrom",
              "post": [0, 0, 0]
            },
            "0.1667": {
              "lerp_mode": "catmullrom",
              "post": [7.5, 2.5, 4]
            },
            "0.3333": {
              "lerp_mode": "catmullrom",
              "post": [0, 0, 0]
            },
            "0.5": {
              "lerp_mode": "catmullrom",
              "post": [7.5, 2.5, 4]
            },
            "0.8333": {
              "lerp_mode": "catmullrom",
              "post": [0, 0, 0]
            }
          }
        },
        "hand_right": {
          "rotation": {
            "0.0": {
              "lerp_mode": "catmullrom",
              "post": [0, 0, 0]
            },
            "0.1667": {
              "lerp_mode": "catmullrom",
              "post": [7.5, -2.5, -4]
            },
            "0.3333": {
              "lerp_mode": "catmullrom",
              "post": [0, 0, 0]
            },
            "0.5": {
              "lerp_mode": "catmullrom",
              "post": [7.5, -2.5, -4]
            },
            "0.8333": {
              "lerp_mode": "catmullrom",
              "post": [0, 0, 0]
            }
          }
        },
        "mouth_closed": {
          "position": [0, 0, 0]
        },
        "nostrils": {
          "position": {
            "0.0": [0, 0, 0],
            "0.125": [0, 0, 0],
            "0.3333": [0, 0, 0],
            "0.4583": [0, 0, 0],
            "0.6667": [0, 0, 0]
          },
          "scale": {
            "0.0": [1, 1, 1],
            "0.125": [1, 1.4, 1],
            "0.3333": [1, 1, 1],
            "0.4583": [1, 1.4, 1],
            "0.6667": [1, 1, 1]
          }
        },
        "torso": {
          "rotation": {
            "0.0": {
              "lerp_mode": "catmullrom",
              "post": [0, 0, 0]
            },
            "0.1667": {
              "lerp_mode": "catmullrom",
              "post": [7.5, 0, 0]
            },
            "0.3333": {
              "lerp_mode": "catmullrom",
              "post": [0, 0, 0]
            },
            "0.5": {
              "lerp_mode": "catmullrom",
              "post": [7.5, 0, 0]
            },
            "0.75": {
              "lerp_mode": "catmullrom",
              "post": [0, 0, 0]
            }
          }
        },
        "upper_torso": {
          "rotation": {
            "0.0": {
              "lerp_mode": "catmullrom",
              "post": [0, 0, 0]
            },
            "0.1667": {
              "lerp_mode": "catmullrom",
              "post": [-2.5, 0, 0]
            },
            "0.3333": {
              "lerp_mode": "catmullrom",
              "post": [0, 0, 0]
            },
            "0.5": {
              "lerp_mode": "catmullrom",
              "post": [-2.5, 0, 0]
            },
            "0.75": {
              "lerp_mode": "catmullrom",
              "post": [-0.75, 0, 0]
            },
            "0.875": {
              "lerp_mode": "catmullrom",
              "post": [-4.5, 0, 0]
            },
            "0.9583": {
              "lerp_mode": "catmullrom",
              "post": [-5, 0, 0]
            },
            "1.0417": {
              "lerp_mode": "catmullrom",
              "post": [-4.5, 0, 0]
            },
            "1.25": {
              "lerp_mode": "catmullrom",
              "post": [-0.75, 0, 0]
            },
            "1.3333": [0, 0, 0]
          }
        }
      },
      "sound_effects": {
        "0.0": {
          "effect": "pokemon.darmanitan.cry"
        }
      }
    },
    "animation.darmanitan_galar.ground_idle": {
      "animation_length": 4,
      "bones": {
        "arm_left": {
          "position": ["0+math.sin(q.anim_time*90*2-10)*0.2", "-0.15+math.sin(q.anim_time*90*2-10-180)*0.5", "0+math.sin(q.anim_time*90*2-10+180)*0.65"],
          "rotation": ["29.3366+math.sin(q.anim_time*90*2-10)*5.5", "15.1759+math.sin(q.anim_time*90*2-10+180)*5", "37.3118+math.sin(q.anim_time*90*2-10)*2.5"]
        },
        "arm_left2": {
          "rotation": ["8.6163+math.sin(q.anim_time*90*2-10+180)*1.5", "40.005+math.sin(q.anim_time*90*2-10)*4", "-2.313+math.sin(q.anim_time*90*2-10+180)*7.4"]
        },
        "arm_right": {
          "position": ["0+math.sin(q.anim_time*90*2-10-180)*0.2", "-0.15+math.sin(q.anim_time*90*2-10-180)*0.5", "0+math.sin(q.anim_time*90*2-10+180)*0.65"],
          "rotation": ["28.5403+math.sin(q.anim_time*90*2-10)*5.5", "-8.5505+math.sin(q.anim_time*90*2-10)*5", "-33.7058+math.sin(q.anim_time*90*2-10+180)*2.5"]
        },
        "arm_right2": {
          "rotation": ["8.9526+math.sin(q.anim_time*90*2-10+180)*1.5", "-42.4739+math.sin(q.anim_time*90*2-10+180)*4", "1.7958+math.sin(q.anim_time*90*2-10)*7.4"]
        },
        "fingers_left": {
          "rotation": [0, 0, "math.sin(q.anim_time*90*2-10)*7"]
        },
        "fingers_right": {
          "rotation": [0, 0, "-(math.sin(q.anim_time*90*2-10)*7)"]
        },
        "hand_left": {
          "rotation": ["5.4228+math.sin(q.anim_time*90*2-10+180)*3", "0.5018+math.sin(q.anim_time*90*2-10)*1.5", "8.48+math.sin(q.anim_time*90*2-10+180)*5"]
        },
        "hand_right": {
          "rotation": ["5.4228+math.sin(q.anim_time*90*2-10+180)*3", "-0.5018+math.sin(q.anim_time*90*2-10+180)*1.5", "-8.48+math.sin(q.anim_time*90*2-10)*5"]
        },
        "left_foot": {
          "rotation": ["17.5+math.sin(q.anim_time*90*2-45+180)*1", -5, 0]
        },
        "left_index_finger": {
          "rotation": [0, 0, 60]
        },
        "left_index_finger2": {
          "rotation": [0, 0, 80]
        },
        "left_lower_leg": {
          "rotation": ["14.9773+math.sin(q.anim_time*90*2-30)*2", 1.05697, 3.76528]
        },
        "left_middle_finger": {
          "rotation": [0, 0, 60]
        },
        "left_middle_finger2": {
          "rotation": [0, 0, 80]
        },
        "left_pinky_finger": {
          "rotation": [0, 0, 60]
        },
        "left_pinky_finger2": {
          "rotation": [0, 0, 80]
        },
        "left_pupil": {
          "position": [0, -0.5, 0]
        },
        "left_ring_finger": {
          "rotation": [0, 0, 60]
        },
        "left_ring_finger2": {
          "rotation": [0, 0, 80]
        },
        "left_thumb": {
          "rotation": [9.83077, 27.15711, 30.17387]
        },
        "left_thumb2": {
          "rotation": [0, -80, 0]
        },
        "left_toes": {
          "rotation": [-30.03442, 0.24599, -0.32706]
        },
        "left_upper_leg": {
          "position": [0, "-0.2+math.sin(q.anim_time*90*2-20+180)*0.2", "0+math.sin(q.anim_time*90*2-20)*0.08"],
          "rotation": ["-2.5+math.sin(q.anim_time*90*2-15+180)*2", -15, "-math.sin(q.anim_time*90*2-15+180)*0.2"]
        },
        "right_foot": {
          "rotation": ["17.5+math.sin(q.anim_time*90*2-45+180)*1", 5, 0]
        },
        "right_index_finger": {
          "rotation": [0, 0, -60]
        },
        "right_index_finger2": {
          "rotation": [0, 0, -80]
        },
        "right_lower_leg": {
          "rotation": ["14.9773+math.sin(q.anim_time*90*2-30)*2", -1.05697, -3.76528]
        },
        "right_middle_finger": {
          "rotation": [0, 0, -60]
        },
        "right_middle_finger2": {
          "rotation": [0, 0, -80]
        },
        "right_pinky_finger": {
          "rotation": [0, 0, -60]
        },
        "right_pinky_finger2": {
          "rotation": [0, 0, -80]
        },
        "right_pupil": {
          "position": [0, -0.5, 0]
        },
        "right_ring_finger": {
          "rotation": [0, 0, -60]
        },
        "right_ring_finger2": {
          "rotation": [0, 0, -80]
        },
        "right_thumb": {
          "rotation": [9.83077, -27.15711, -30.17387]
        },
        "right_thumb2": {
          "rotation": [0, 80, 0]
        },
        "right_toes": {
          "rotation": [-30.03442, -0.24599, 0.32706]
        },
        "right_upper_leg": {
          "position": [0, "-0.2+math.sin(q.anim_time*90*2-20+180)*0.2", "0+math.sin(q.anim_time*90*2-20)*0.08"],
          "rotation": ["-2.5+math.sin(q.anim_time*90*2-15+180)*2", 15, "math.sin(q.anim_time*90*2-15+180)*0.2"]
        },
        "tail": {
          "rotation": ["5+math.sin(q.anim_time*90*2-30)*3", 0, 0]
        },
        "torso": {
          "position": [0, "-0.2+math.sin(q.anim_time*90*2-20+180)*0.45", "0+math.sin(q.anim_time*90*2-200)*0.3"],
          "rotation": ["0+math.sin(q.anim_time*90*2-0)*1.5", 0, "0+math.sin(q.anim_time*90*1-0)*1.5"]
        },
        "upper_torso": {
          "rotation": ["0+math.sin(q.anim_time*90*2-20)*1.5", 0, "0+math.sin(q.anim_time*90*1-20+180)*1.5"]
        }
      },
      "loop": true
    },
    "animation.darmanitan_galar.ground_run": {
      "animation_length": 1,
      "bones": {
        "arm_left": {
          "position": {
            "0.0": [0, 0, -2],
            "0.25": {
              "lerp_mode": "catmullrom",
              "post": [0, 0, 0],
              "pre": [0, 0, 0]
            },
            "0.5": {
              "lerp_mode": "catmullrom",
              "post": [0, -2, 0]
            },
            "0.75": {
              "lerp_mode": "catmullrom",
              "post": [0, -0.75, 0]
            },
            "1.0": [0, 0, -2]
          },
          "rotation": [36.07529, 36.5639, 51.96589]
        },
        "arm_left2": {
          "rotation": {
            "0.0": [-10.0634, 20.56835, -65.36937],
            "0.1667": {
              "lerp_mode": "catmullrom",
              "post": [6.20686, 15.09847, -4.58371],
              "pre": [6.20686, 15.09847, -4.58371]
            },
            "0.3333": {
              "lerp_mode": "catmullrom",
              "post": [-4.85838, 22.1596, -52.02844]
            },
            "0.5": {
              "lerp_mode": "catmullrom",
              "post": [5.60626, 19.70508, -19.87748]
            },
            "0.6667": {
              "lerp_mode": "catmullrom",
              "post": [7.34033, 24.11483, -8.84547]
            },
            "0.75": {
              "lerp_mode": "catmullrom",
              "post": [-11.6254, 13.40848, -73.12461]
            },
            "0.8333": {
              "lerp_mode": "catmullrom",
              "post": [-19.40478, 6.26066, -101.61707]
            },
            "1.0": [-10.0634, 20.56835, -65.36937]
          },
          "scale": {
            "0.1667": {
              "lerp_mode": "catmullrom",
              "post": [1, 1, 1],
              "pre": [1, 1, 1]
            }
          }
        },
        "arm_right": {
          "position": {
            "0.0": [0, -0.18, -1.41],
            "0.0833": [0, 0, -2],
            "0.2083": {
              "lerp_mode": "catmullrom",
              "post": [0, -1.93, -0.75],
              "pre": [0, -1.93, -0.75]
            },
            "0.2917": {
              "lerp_mode": "catmullrom",
              "post": [0, -3.5, 0.6]
            },
            "0.3333": {
              "lerp_mode": "catmullrom",
              "post": [0, -3, 1]
            },
            "0.5833": {
              "lerp_mode": "catmullrom",
              "post": [0, -3, 0]
            },
            "0.8333": {
              "lerp_mode": "catmullrom",
              "post": [0, -0.75, 0]
            },
            "1.0": [0, -0.18, -1.41]
          },
          "rotation": [36.07529, -36.5639, -51.96589]
        },
        "arm_right2": {
          "rotation": {
            "0.0": [-15.22, -12.97, 85.27],
            "0.0833": [-10.0634, -20.56835, 65.36937],
            "0.25": {
              "lerp_mode": "catmullrom",
              "post": [4.8408, -15.5801, 9.74444],
              "pre": [4.8408, -15.5801, 9.74444]
            },
            "0.3333": {
              "lerp_mode": "catmullrom",
              "post": [5.19663, -18.27757, 21.25088]
            },
            "0.4167": {
              "lerp_mode": "catmullrom",
              "post": [-3.83815, -22.34918, 49.33497]
            },
            "0.5833": {
              "lerp_mode": "catmullrom",
              "post": [5.60626, -19.70508, 19.87748]
            },
            "0.75": {
              "lerp_mode": "catmullrom",
              "post": [7.34033, -24.11483, 8.84547]
            },
            "0.8333": {
              "lerp_mode": "catmullrom",
              "post": [-11.6254, -13.40848, 73.12461]
            },
            "0.9167": {
              "lerp_mode": "catmullrom",
              "post": [-19.40478, -6.26066, 101.61707]
            },
            "1.0": [-15.22, -12.97, 85.27]
          },
          "scale": {
            "0.25": {
              "lerp_mode": "catmullrom",
              "post": [1, 1, 1],
              "pre": [1, 1, 1]
            }
          }
        },
        "body": {
          "position": {
            "0.0": [0, 0, 0],
            "0.1667": {
              "lerp_mode": "catmullrom",
              "post": [0, 0, 0],
              "pre": [0, 0, 0]
            },
            "0.2083": {
              "lerp_mode": "catmullrom",
              "post": [0, -1.5, 0]
            },
            "0.25": {
              "lerp_mode": "catmullrom",
              "post": [0, 1.25, 0]
            },
            "0.2917": {
              "lerp_mode": "catmullrom",
              "post": [0, 2.75, 0]
            },
            "0.3333": {
              "lerp_mode": "catmullrom",
              "post": [0, 4.25, 0]
            },
            "0.5": {
              "lerp_mode": "catmullrom",
              "post": [0, 6.75, 0]
            },
            "0.625": {
              "lerp_mode": "catmullrom",
              "post": [0, 7.5, 0]
            },
            "0.75": {
              "lerp_mode": "catmullrom",
              "post": [0, 6.75, 0]
            },
            "0.8333": {
              "lerp_mode": "catmullrom",
              "post": [0, 4.5, 0]
            },
            "0.9167": {
              "lerp_mode": "catmullrom",
              "post": [0, 1.5, 0]
            },
            "0.9583": [0, 0, 0]
          },
          "rotation": [0, 0, 0]
        },
        "darmanitan": {
          "position": [0, 0, "0+math.sin(q.anim_time*90*8+75)*2"]
        },
        "fingers_left": {
          "rotation": {
            "0.0": [0, 0, 0],
            "0.1667": {
              "lerp_mode": "catmullrom",
              "post": [0, 0, 0],
              "pre": [0, 0, 0]
            },
            "0.3333": {
              "lerp_mode": "catmullrom",
              "post": [0, 0, -20.62]
            },
            "0.5": {
              "lerp_mode": "catmullrom",
              "post": [0, 0, -27.5]
            },
            "1.0": [0, 0, 0]
          }
        },
        "fingers_right": {
          "rotation": {
            "0.0": [0, 0, 3.39],
            "0.0833": [0, 0, 0],
            "0.25": {
              "lerp_mode": "catmullrom",
              "post": [0, 0, 0],
              "pre": [0, 0, 0]
            },
            "0.4167": {
              "lerp_mode": "catmullrom",
              "post": [0, 0, 20.62]
            },
            "0.5833": {
              "lerp_mode": "catmullrom",
              "post": [0, 0, 27.5]
            },
            "1.0": [0, 0, 3.39]
          }
        },
        "hand_left": {
          "rotation": {
            "0.0": [5.87943, 0.44006, 49.72363],
            "0.1667": {
              "lerp_mode": "catmullrom",
              "post": [7.3737, 0.94763, 4.50522],
              "pre": [7.3737, 0.94763, 4.50522]
            },
            "0.3333": {
              "lerp_mode": "catmullrom",
              "post": [-7.02626, 19.31986, 10.22306]
            },
            "0.5": {
              "lerp_mode": "catmullrom",
              "post": [-19.21824, 20.86826, -28.51274]
            },
            "0.6667": {
              "lerp_mode": "catmullrom",
              "post": [4.89319, 16.38995, 11.67429]
            },
            "0.75": {
              "lerp_mode": "catmullrom",
              "post": [10.57945, 9.81567, 67.10181]
            },
            "0.8333": {
              "lerp_mode": "catmullrom",
              "post": [1.12316, 10.46497, 55.92777]
            },
            "1.0": [5.87943, 0.44006, 49.72363]
          }
        },
        "hand_right": {
          "rotation": {
            "0.0": [2.91, -5.49, -52.13],
            "0.0833": [5.87943, -0.44006, -49.72363],
            "0.25": {
              "lerp_mode": "catmullrom",
              "post": [7.3737, -0.94763, -4.50522],
              "pre": [7.3737, -0.94763, -4.50522]
            },
            "0.3333": {
              "lerp_mode": "catmullrom",
              "post": [5.45014, -19.86548, -4.71249]
            },
            "0.4167": {
              "lerp_mode": "catmullrom",
              "post": [-7.88758, -18.99535, -7.59885]
            },
            "0.5833": {
              "lerp_mode": "catmullrom",
              "post": [-19.21824, -20.86826, 28.51274]
            },
            "0.75": {
              "lerp_mode": "catmullrom",
              "post": [4.89319, -16.38995, -11.67429]
            },
            "0.8333": {
              "lerp_mode": "catmullrom",
              "post": [10.57945, -9.81567, -67.10181]
            },
            "0.9167": {
              "lerp_mode": "catmullrom",
              "post": [1.12316, -10.46497, -55.92777]
            },
            "1.0": [2.91, -5.49, -52.13]
          }
        },
        "left_foot": {
          "rotation": {
            "0.0": [5, -5, 0],
            "0.0833": [17.5, -5, 0],
            "0.2917": [35, -5, 0],
            "0.5833": [17.5, -5, 0],
            "0.8333": [15, -5, 0],
            "1.0": [5, -5, 0]
          }
        },
        "left_index_finger": {
          "rotation": [0, 0, 60]
        },
        "left_index_finger2": {
          "rotation": [0, 0, 80]
        },
        "left_lower_leg": {
          "rotation": {
            "0.0": [10.76, 1.06, 3.77],
            "0.0833": [14.97726, 1.05697, 3.76528],
            "0.25": {
              "lerp_mode": "catmullrom",
              "post": [-7.52274, 1.05697, 3.76528],
              "pre": [-7.52274, 1.05697, 3.76528]
            },
            "0.2917": {
              "lerp_mode": "catmullrom",
              "post": [-7.92191, 1.05697, 3.76528]
            },
            "0.4167": {
              "lerp_mode": "catmullrom",
              "post": [32.00851, 1.05697, 3.76528]
            },
            "0.5833": {
              "lerp_mode": "catmullrom",
              "post": [-2.52274, 1.05697, 3.76528]
            },
            "0.6667": {
              "lerp_mode": "catmullrom",
              "post": [-21.97281, 1.05698, 3.7653]
            },
            "0.75": {
              "lerp_mode": "catmullrom",
              "post": [-20.02274, 1.05697, 3.76528]
            },
            "0.8333": {
              "lerp_mode": "catmullrom",
              "post": [-43.35291, 1.05678, 3.76498]
            },
            "0.9167": {
              "lerp_mode": "catmullrom",
              "post": [9.97726, 1.05697, 3.76528]
            },
            "1.0": [10.76, 1.06, 3.77]
          }
        },
        "left_middle_finger": {
          "rotation": [0, 0, 60]
        },
        "left_middle_finger2": {
          "rotation": [0, 0, 80]
        },
        "left_pinky_finger": {
          "rotation": [0, 0, 60]
        },
        "left_pinky_finger2": {
          "rotation": [0, 0, 80]
        },
        "left_pupil": {
          "position": [0, -0.75, 0]
        },
        "left_ring_finger": {
          "rotation": [0, 0, 60]
        },
        "left_ring_finger2": {
          "rotation": [0, 0, 80]
        },
        "left_thumb": {
          "rotation": [9.83077, 27.15711, 30.17387]
        },
        "left_thumb2": {
          "rotation": [0, -80, 0]
        },
        "left_toes": {
          "rotation": {
            "0.0": [-12.85, 0.25, -0.33],
            "0.0833": [-50.03442, 0.24599, -0.32706],
            "0.2917": {
              "lerp_mode": "catmullrom",
              "post": [38.96558, 0.24599, -0.32706],
              "pre": [38.96558, 0.24599, -0.32706]
            },
            "0.4167": {
              "lerp_mode": "catmullrom",
              "post": [26.87957, 0.24599, -0.32706]
            },
            "0.5833": {
              "lerp_mode": "catmullrom",
              "post": [14.96558, 0.24599, -0.32706]
            },
            "0.75": {
              "lerp_mode": "catmullrom",
              "post": [14.96558, 0.24599, -0.32706]
            },
            "0.9167": {
              "lerp_mode": "catmullrom",
              "post": [-5.03442, 0.24599, -0.32706]
            },
            "0.9583": [-6.91096, 0.248, -0.32853],
            "1.0": [-12.85, 0.25, -0.33]
          }
        },
        "left_upper_leg": {
          "position": {
            "0.0": [0, -0.64, -3.82],
            "0.0833": [0, 0, 0],
            "0.2917": {
              "lerp_mode": "catmullrom",
              "post": [0, 1, 0],
              "pre": [0, 1, 0]
            },
            "0.5": {
              "lerp_mode": "catmullrom",
              "post": [0, -1, -6]
            },
            "0.75": {
              "lerp_mode": "catmullrom",
              "post": [0, -4, -7]
            },
            "0.9167": {
              "lerp_mode": "catmullrom",
              "post": [0, -2.75, -6]
            },
            "0.9583": {
              "lerp_mode": "catmullrom",
              "post": [0, -1.14, -5.08]
            },
            "1.0": [0, -0.64, -3.82]
          },
          "rotation": {
            "0.0": [0.25, -14.69, 0],
            "0.0833": [18, -15, 0],
            "0.2917": {
              "lerp_mode": "catmullrom",
              "post": [76.5, -15, 0],
              "pre": [76.5, -15, 0]
            },
            "0.5": {
              "lerp_mode": "catmullrom",
              "post": [-47.5, -20, 0]
            },
            "0.75": {
              "lerp_mode": "catmullrom",
              "post": [-22.5, -20, 0]
            },
            "0.8333": {
              "lerp_mode": "catmullrom",
              "post": [-3.76563, -17.51937, 0]
            },
            "0.9167": {
              "lerp_mode": "catmullrom",
              "post": [-17.5, -15, 0]
            },
            "1.0": [0.25, -14.69, 0]
          }
        },
        "right_foot": {
          "rotation": {
            "0.0": [17.5, 5, 0],
            "0.2083": [35, 5, 0],
            "0.5": [17.5, 5, 0],
            "0.75": [25, 5, 0],
            "0.8333": [12.5, 5, 0]
          }
        },
        "right_index_finger": {
          "rotation": [0, 0, -60]
        },
        "right_index_finger2": {
          "rotation": [0, 0, -80]
        },
        "right_lower_leg": {
          "rotation": {
            "0.0": [14.97726, -1.05697, -3.76528],
            "0.1667": {
              "lerp_mode": "catmullrom",
              "post": [-7.52274, -1.05697, -3.76528],
              "pre": [-7.52274, -1.05697, -3.76528]
            },
            "0.2083": {
              "lerp_mode": "catmullrom",
              "post": [-7.92191, -1.05697, -3.76528]
            },
            "0.3333": {
              "lerp_mode": "catmullrom",
              "post": [32.00851, -1.05697, -3.76528]
            },
            "0.5": {
              "lerp_mode": "catmullrom",
              "post": [-2.52274, -1.05697, -3.76528]
            },
            "0.5833": {
              "lerp_mode": "catmullrom",
              "post": [-19.45633, -1.05697, -3.76528]
            },
            "0.6667": {
              "lerp_mode": "catmullrom",
              "post": [-20.02274, -1.05697, -3.76528]
            },
            "0.75": {
              "lerp_mode": "catmullrom",
              "post": [-43.61649, -1.05697, -3.76528]
            },
            "0.8333": {
              "lerp_mode": "catmullrom",
              "post": [-5.02274, -1.05697, -3.76528]
            },
            "1.0": [14.97726, -1.05697, -3.76528]
          }
        },
        "right_middle_finger": {
          "rotation": [0, 0, -60]
        },
        "right_middle_finger2": {
          "rotation": [0, 0, -80]
        },
        "right_pinky_finger": {
          "rotation": [0, 0, -60]
        },
        "right_pinky_finger2": {
          "rotation": [0, 0, -80]
        },
        "right_pupil": {
          "position": [0, -0.75, 0]
        },
        "right_ring_finger": {
          "rotation": [0, 0, -60]
        },
        "right_ring_finger2": {
          "rotation": [0, 0, -80]
        },
        "right_thumb": {
          "rotation": [9.83077, -27.15711, -30.17387]
        },
        "right_thumb2": {
          "rotation": [0, 80, 0]
        },
        "right_toes": {
          "rotation": {
            "0.0": [-50.03442, -0.24599, 0.32706],
            "0.2083": {
              "lerp_mode": "catmullrom",
              "post": [38.96558, -0.24599, 0.32706],
              "pre": [38.96558, -0.24599, 0.32706]
            },
            "0.3333": {
              "lerp_mode": "catmullrom",
              "post": [26.87957, -0.24599, 0.32706]
            },
            "0.5": {
              "lerp_mode": "catmullrom",
              "post": [14.96558, -0.24599, 0.32706]
            },
            "0.6667": {
              "lerp_mode": "catmullrom",
              "post": [14.96558, -0.24599, 0.32706]
            },
            "0.8333": {
              "lerp_mode": "catmullrom",
              "post": [-7.53442, -0.24599, 0.32706]
            },
            "1.0": [-50.03442, -0.24599, 0.32706]
          }
        },
        "right_upper_leg": {
          "position": {
            "0.0": [0, 0, 0],
            "0.2083": {
              "lerp_mode": "catmullrom",
              "post": [0, 1, 0],
              "pre": [0, 1, 0]
            },
            "0.4167": {
              "lerp_mode": "catmullrom",
              "post": [0, -1, -6]
            },
            "0.6667": {
              "lerp_mode": "catmullrom",
              "post": [0, -3.5, -7]
            },
            "0.75": {
              "lerp_mode": "catmullrom",
              "post": [0, -4.38, -6.59]
            },
            "0.8333": {
              "lerp_mode": "catmullrom",
              "post": [0, -4.25, -6]
            },
            "0.875": {
              "lerp_mode": "catmullrom",
              "post": [0, -2.64, -5.58]
            },
            "0.9167": {
              "lerp_mode": "catmullrom",
              "post": [0, -1.14, -3.82]
            },
            "1.0": [0, 0, 0]
          },
          "rotation": {
            "0.0": [18, 15, 0],
            "0.2083": {
              "lerp_mode": "catmullrom",
              "post": [76.5, 15, 0],
              "pre": [76.5, 15, 0]
            },
            "0.4167": {
              "lerp_mode": "catmullrom",
              "post": [-47.5, 20, 0]
            },
            "0.6667": {
              "lerp_mode": "catmullrom",
              "post": [-22.5, 20, 0]
            },
            "0.75": {
              "lerp_mode": "catmullrom",
              "post": [5.28125, 17.5, 0]
            },
            "0.8333": {
              "lerp_mode": "catmullrom",
              "post": [-2.5, 15, 0]
            },
            "1.0": [18, 15, 0]
          }
        },
        "shoulder_left": {
          "position": {
            "0.0": [0, 0.5, 0],
            "0.1667": {
              "lerp_mode": "catmullrom",
              "post": [0, 0, 0],
              "pre": [0, 0, 0]
            },
            "0.2083": {
              "lerp_mode": "catmullrom",
              "post": [0, 2.88, 0]
            },
            "0.3333": {
              "lerp_mode": "catmullrom",
              "post": [0, -0.5, 0]
            },
            "0.5": {
              "lerp_mode": "catmullrom",
              "post": [0, -1, 0]
            },
            "0.6667": {
              "lerp_mode": "catmullrom",
              "post": [0, -0.5, 0]
            },
            "0.8333": {
              "lerp_mode": "catmullrom",
              "post": [0, 0, 0]
            },
            "1.0": [0, 0.5, 0]
          },
          "rotation": {
            "0.0": [-2.40205, 1.4149, 1.00415],
            "0.1667": {
              "lerp_mode": "catmullrom",
              "post": [0, 0, 0],
              "pre": [0, 0, 0]
            },
            "0.3333": {
              "lerp_mode": "catmullrom",
              "post": [62.57713, -1.91134, -4.62111]
            },
            "0.5": {
              "lerp_mode": "catmullrom",
              "post": [77.39638, 1.61888, -7.32417]
            },
            "0.6667": {
              "lerp_mode": "catmullrom",
              "post": [88.32479, 2.53024, -6.96769]
            },
            "0.8333": {
              "lerp_mode": "catmullrom",
              "post": [64.99716, 1.51689, -3.16001]
            },
            "1.0": [-2.40205, 1.4149, 1.00415]
          }
        },
        "shoulder_right": {
          "position": {
            "0.0": [0, 0.28, 0],
            "0.0833": [0, 0.5, 0],
            "0.25": {
              "lerp_mode": "catmullrom",
              "post": [0, 0, 0],
              "pre": [0, 0, 0]
            },
            "0.2917": {
              "lerp_mode": "catmullrom",
              "post": [0, 2.88, 0]
            },
            "0.4167": {
              "lerp_mode": "catmullrom",
              "post": [0, -1, 0]
            },
            "0.5833": {
              "lerp_mode": "catmullrom",
              "post": [0, -1, 0]
            },
            "0.75": {
              "lerp_mode": "catmullrom",
              "post": [0, -0.5, 0]
            },
            "0.9167": {
              "lerp_mode": "catmullrom",
              "post": [0, 0, 0]
            },
            "1.0": [0, 0.28, 0]
          },
          "rotation": {
            "0.0": [29.84, -1.4, 0.84],
            "0.0833": [-2.40205, -1.4149, -1.00415],
            "0.25": {
              "lerp_mode": "catmullrom",
              "post": [0, 0, 0],
              "pre": [0, 0, 0]
            },
            "0.4167": {
              "lerp_mode": "catmullrom",
              "post": [62.57713, 1.91134, 4.62111]
            },
            "0.5833": {
              "lerp_mode": "catmullrom",
              "post": [77.39638, -1.61888, 7.32417]
            },
            "0.75": {
              "lerp_mode": "catmullrom",
              "post": [88.32479, -2.53024, 6.96769]
            },
            "0.9167": {
              "lerp_mode": "catmullrom",
              "post": [64.99716, -1.51689, 3.16001]
            },
            "1.0": [29.84, -1.4, 0.84]
          }
        },
        "tail": {
          "rotation": {
            "0.0": [-5, 0, 0],
            "0.125": {
              "lerp_mode": "catmullrom",
              "post": [0, 0, 0],
              "pre": [0, 0, 0]
            },
            "0.2917": {
              "lerp_mode": "catmullrom",
              "post": [-22.5, 0, 0]
            },
            "0.5": {
              "lerp_mode": "catmullrom",
              "post": [0, 0, 0]
            },
            "0.75": {
              "lerp_mode": "catmullrom",
              "post": [17.5, 0, 0]
            },
            "0.875": {
              "lerp_mode": "catmullrom",
              "post": [0.3, 0, 0]
            },
            "1.0": [-5, 0, 0]
          }
        },
        "torso": {
          "position": {
            "0.0": [0, 0, 0],
            "0.1667": {
              "lerp_mode": "catmullrom",
              "post": [0, 0, 0],
              "pre": [0, 0, 0]
            },
            "0.2083": {
              "lerp_mode": "catmullrom",
              "post": [0, -0.11, -0.6]
            },
            "0.25": {
              "lerp_mode": "catmullrom",
              "post": [0, -0.72, -1.32]
            },
            "0.2917": {
              "lerp_mode": "catmullrom",
              "post": [0, -0.4, -2.3]
            },
            "0.4167": {
              "lerp_mode": "catmullrom",
              "post": [0, -1, -5]
            },
            "0.75": {
              "lerp_mode": "catmullrom",
              "post": [0, -2, -5]
            },
            "0.8333": {
              "lerp_mode": "catmullrom",
              "post": [0, -1.47, -2.3]
            },
            "0.875": {
              "lerp_mode": "catmullrom",
              "post": [0, -1.61, -1.45]
            },
            "0.9583": {
              "lerp_mode": "catmullrom",
              "post": [0, -0.5, -0.6]
            },
            "1.0": [0, 0, 0]
          },
          "rotation": {
            "0.0": [0, 0, 0],
            "0.1667": {
              "lerp_mode": "catmullrom",
              "post": [0, 0, 0],
              "pre": [0, 0, 0]
            },
            "0.4167": {
              "lerp_mode": "catmullrom",
              "post": [-17.5, 0, 0]
            },
            "0.75": {
              "lerp_mode": "catmullrom",
              "post": [-17.5, 0, 0]
            },
            "1.0": [0, 0, 0]
          }
        },
        "upper_torso": {
          "position": {
            "0.0": [0, 0, 0],
            "0.1667": {
              "lerp_mode": "catmullrom",
              "post": [0, 0, 0],
              "pre": [0, 0, 0]
            },
            "0.4167": {
              "lerp_mode": "catmullrom",
              "post": [0, 1, 0]
            },
            "0.75": {
              "lerp_mode": "catmullrom",
              "post": [0, 2, 0]
            },
            "1.0": [0, 0, 0]
          },
          "rotation": {
            "0.0": [2.5, 0, 0],
            "0.1667": {
              "lerp_mode": "catmullrom",
              "post": [5.5, 0, 0],
              "pre": [5.5, 0, 0]
            },
            "0.4167": {
              "lerp_mode": "catmullrom",
              "post": [8.5, 0, 0]
            },
            "0.75": {
              "lerp_mode": "catmullrom",
              "post": [15.5, 0, 0]
            },
            "1.0": [2.5, 0, 0]
          }
        }
      },
      "loop": true
    },
    "animation.darmanitan_galar.ground_walk": {
      "animation_length": 1.25,
      "bones": {
        "arm_left": {
          "rotation": {
            "0.0": [36.07529, 36.56388, 44.36589],
            "0.125": {
              "lerp_mode": "catmullrom",
              "post": [36.25, 40.55, 50.29],
              "pre": [36.25, 40.55, 50.29]
            },
            "0.25": {
              "lerp_mode": "catmullrom",
              "post": [36.07529, 36.5639, 51.9659]
            },
            "0.5833": {
              "lerp_mode": "catmullrom",
              "post": [33.2501, 30.3903, 46.85389]
            },
            "0.9167": {
              "lerp_mode": "catmullrom",
              "post": [33.2501, 30.3903, 46.85389]
            },
            "1.0833": {
              "lerp_mode": "catmullrom",
              "post": [32.75864, 28.76156, 45.7344]
            },
            "1.25": [36.07529, 36.56388, 44.36589]
          }
        },
        "arm_left2": {
          "rotation": {
            "0.0": [0.68, 24.87, -33.33],
            "0.0833": {
              "lerp_mode": "catmullrom",
              "post": [4.42648, 23.69167, -20.19532],
              "pre": [4.42648, 23.69167, -20.19532]
            },
            "0.2917": {
              "lerp_mode": "catmullrom",
              "post": [6.20686, 15.09847, -4.58371]
            },
            "0.625": [-6.98836, 24.88193, -52.52182],
            "0.9583": {
              "lerp_mode": "catmullrom",
              "post": [-13.10775, 20.44983, -65.44075],
              "pre": [-13.10775, 20.44983, -65.44075]
            },
            "1.125": {
              "lerp_mode": "catmullrom",
              "post": [-14.81106, 19.467, -77.2261]
            },
            "1.25": [0.68, 24.87, -33.33]
          }
        },
        "arm_right": {
          "rotation": {
            "0.0": [33.2501, -30.3903, -46.85389],
            "0.3333": {
              "lerp_mode": "catmullrom",
              "post": [33.2501, -30.3903, -46.85389],
              "pre": [33.2501, -30.3903, -46.85389]
            },
            "0.5": {
              "lerp_mode": "catmullrom",
              "post": [28.66256, -24.49843, -35.62092]
            },
            "0.6667": {
              "lerp_mode": "catmullrom",
              "post": [36.07529, -36.56388, -51.96589]
            },
            "0.9167": {
              "lerp_mode": "catmullrom",
              "post": [36.07529, -36.5639, -51.9659]
            },
            "1.25": [33.2501, -30.3903, -46.85389]
          }
        },
        "arm_right2": {
          "rotation": {
            "0.0": [-6.98836, -24.88193, 52.52182],
            "0.3333": {
              "lerp_mode": "catmullrom",
              "post": [-13.10775, -20.44983, 65.44075],
              "pre": [-13.10775, -20.44983, 65.44075]
            },
            "0.5": {
              "lerp_mode": "catmullrom",
              "post": [-14.81106, -19.467, 77.2261]
            },
            "0.7083": {
              "lerp_mode": "catmullrom",
              "post": [4.42648, -23.69167, 20.19532]
            },
            "0.9167": {
              "lerp_mode": "catmullrom",
              "post": [6.20686, -15.09847, 4.58371]
            },
            "1.25": [-6.98836, -24.88193, 52.52182]
          }
        },
        "body": {
          "position": [0, 0, "0+math.sin(q.anim_time*90*6.4+90)*1"]
        },
        "bone": {
          "rotation": [0, 0, "0+math.sin(q.anim_time*90*3.2+130)*2"]
        },
        "fingers_left": {
          "rotation": {
            "0.0": [0, 0, 0],
            "0.25": {
              "lerp_mode": "catmullrom",
              "post": [0, 0, -2],
              "pre": [0, 0, -2]
            },
            "0.4167": {
              "lerp_mode": "catmullrom",
              "post": [0, 0, -1.01]
            },
            "0.5833": {
              "lerp_mode": "catmullrom",
              "post": [0, 0, -2.5]
            },
            "0.75": {
              "lerp_mode": "catmullrom",
              "post": [0, 0, 0.59]
            },
            "0.9167": {
              "lerp_mode": "catmullrom",
              "post": [0, 0, 0]
            },
            "1.25": [0, 0, 0]
          }
        },
        "fingers_right": {
          "rotation": {
            "0.0": [0, 0, 2.5],
            "0.1667": {
              "lerp_mode": "catmullrom",
              "post": [0, 0, -0.59],
              "pre": [0, 0, -0.59]
            },
            "0.3333": {
              "lerp_mode": "catmullrom",
              "post": [0, 0, 0]
            },
            "0.6667": {
              "lerp_mode": "catmullrom",
              "post": [0, 0, 0]
            },
            "0.9167": {
              "lerp_mode": "catmullrom",
              "post": [0, 0, 2]
            },
            "1.0833": {
              "lerp_mode": "catmullrom",
              "post": [0, 0, 1.01]
            },
            "1.25": [0, 0, 2.5]
          }
        },
        "hand_left": {
          "rotation": {
            "0.0": [6.26909, -4.00337, 44.22483],
            "0.25": {
              "lerp_mode": "catmullrom",
              "post": [8.41225, 5.90611, 5.14954],
              "pre": [8.41225, 5.90611, 5.14954]
            },
            "0.4167": {
              "lerp_mode": "catmullrom",
              "post": [-1.4344, 13.69427, -0.02482]
            },
            "0.5833": {
              "lerp_mode": "catmullrom",
              "post": [-11.17578, 14.82645, -2.92291]
            },
            "0.75": {
              "lerp_mode": "catmullrom",
              "post": [-17.41048, 11.47577, -24.80844]
            },
            "0.9167": {
              "lerp_mode": "catmullrom",
              "post": [-19.65795, 12.25551, -26.39227]
            },
            "1.0833": {
              "lerp_mode": "catmullrom",
              "post": [-6.76301, 4.35175, 44.94997]
            },
            "1.25": [6.26909, -4.00337, 44.22483]
          }
        },
        "hand_right": {
          "rotation": {
            "0.0": [-11.17578, -14.82645, 2.92291],
            "0.1667": {
              "lerp_mode": "catmullrom",
              "post": [-17.41048, -11.47577, 24.80844],
              "pre": [-17.41048, -11.47577, 24.80844]
            },
            "0.3333": {
              "lerp_mode": "catmullrom",
              "post": [-15.02734, -17.66601, 8.60947]
            },
            "0.5": {
              "lerp_mode": "catmullrom",
              "post": [-6.76301, -4.35175, -44.94997]
            },
            "0.6667": {
              "lerp_mode": "catmullrom",
              "post": [6.26909, 4.00337, -44.22483]
            },
            "0.9167": {
              "lerp_mode": "catmullrom",
              "post": [8.41225, -5.90611, -5.14954]
            },
            "1.0833": {
              "lerp_mode": "catmullrom",
              "post": [-1.4344, -13.69427, 0.02482]
            },
            "1.25": [-11.17578, -14.82645, 2.92291]
          }
        },
        "left_foot": {
          "rotation": {
            "0.0": [10, -5, 0],
            "0.1667": {
              "lerp_mode": "catmullrom",
              "post": [-2.5, -5, 0],
              "pre": [-2.5, -5, 0]
            },
            "0.3333": {
              "lerp_mode": "catmullrom",
              "post": [2.22222, -5, 0]
            },
            "0.5417": {
              "lerp_mode": "catmullrom",
              "post": [37.5, -5, 0]
            },
            "0.75": {
              "lerp_mode": "catmullrom",
              "post": [22.67361, -5, 0]
            },
            "1.0417": {
              "lerp_mode": "catmullrom",
              "post": [17.5, -5, 0]
            },
            "1.25": [10, -5, 0]
          }
        },
        "left_index_finger": {
          "rotation": [0, 0, 60]
        },
        "left_index_finger2": {
          "rotation": [0, 0, 80]
        },
        "left_lower_leg": {
          "rotation": {
            "0.0": [9.9305, 3.22111, 2.51274],
            "0.1667": {
              "lerp_mode": "catmullrom",
              "post": [-12.70156, 4.09423, -0.21099],
              "pre": [-12.70156, 4.09423, -0.21099]
            },
            "0.3333": {
              "lerp_mode": "catmullrom",
              "post": [24.4217, 1.05697, 3.76528]
            },
            "0.5417": {
              "lerp_mode": "catmullrom",
              "post": [-0.02274, 1.05697, 3.76528]
            },
            "0.75": {
              "lerp_mode": "catmullrom",
              "post": [-25.93952, 1.38263, 3.83667]
            },
            "1.0417": {
              "lerp_mode": "catmullrom",
              "post": [14.97726, 2.057, 3.76528]
            },
            "1.25": [9.9305, 3.22111, 2.51274]
          }
        },
        "left_middle_finger": {
          "rotation": [0, 0, 60]
        },
        "left_middle_finger2": {
          "rotation": [0, 0, 80]
        },
        "left_pinky_finger": {
          "rotation": [0, 0, 60]
        },
        "left_pinky_finger2": {
          "rotation": [0, 0, 80]
        },
        "left_pupil": {
          "position": [0, -0.75, 0]
        },
        "left_ring_finger": {
          "rotation": [0, 0, 60]
        },
        "left_ring_finger2": {
          "rotation": [0, 0, 80]
        },
        "left_thumb": {
          "rotation": [9.83077, 27.15711, 30.17387]
        },
        "left_thumb2": {
          "rotation": [0, -80, 0]
        },
        "left_toes": {
          "rotation": {
            "0.0": [-52.53442, 0.24599, -0.32706],
            "0.1667": {
              "lerp_mode": "catmullrom",
              "post": [-45.03442, 0.24599, -0.32706],
              "pre": [-45.03442, 0.24599, -0.32706]
            },
            "0.3333": {
              "lerp_mode": "catmullrom",
              "post": [5.81804, 0.10933, -0.14536]
            },
            "0.5417": {
              "lerp_mode": "catmullrom",
              "post": [15, 0, 0]
            },
            "1.0417": {
              "lerp_mode": "catmullrom",
              "post": [-30.03442, 0.24599, -0.32706]
            },
            "1.25": [-52.53442, 0.24599, -0.32706]
          }
        },
        "left_upper_leg": {
          "position": {
            "0.0": [0, 0.25, 0.75],
            "0.1667": {
              "lerp_mode": "catmullrom",
              "post": [0, 0.25, 1.5],
              "pre": [0, 0.25, 1.5]
            },
            "0.3333": {
              "lerp_mode": "catmullrom",
              "post": [0, 1.25, 0]
            },
            "0.5417": {
              "lerp_mode": "catmullrom",
              "post": [0, 0, -1.5]
            },
            "0.75": {
              "lerp_mode": "catmullrom",
              "post": [0, -0.5, -1]
            },
            "1.0417": {
              "lerp_mode": "catmullrom",
              "post": [0, 0, 0]
            },
            "1.25": [0, 0.25, 0.75]
          },
          "rotation": {
            "0.0": [32.5, -15, 0],
            "0.1667": {
              "lerp_mode": "catmullrom",
              "post": [57.5, -15, 0],
              "pre": [57.5, -15, 0]
            },
            "0.3333": {
              "lerp_mode": "catmullrom",
              "post": [-3.05556, -15, 0]
            },
            "0.5417": {
              "lerp_mode": "catmullrom",
              "post": [-42.5, -15, 0]
            },
            "0.75": {
              "lerp_mode": "catmullrom",
              "post": [-26.91444, -15, 0]
            },
            "1.0417": {
              "lerp_mode": "catmullrom",
              "post": [-2.5, -15, 0]
            },
            "1.25": [32.5, -15, 0]
          }
        },
        "right_foot": {
          "rotation": {
            "0.0": [34.71, 5, 0],
            "0.0833": {
              "lerp_mode": "catmullrom",
              "post": [22.67361, 5, 0],
              "pre": [22.67361, 5, 0]
            },
            "0.375": {
              "lerp_mode": "catmullrom",
              "post": [17.5, 5, 0]
            },
            "0.5833": {
              "lerp_mode": "catmullrom",
              "post": [10, 5, 0]
            },
            "0.75": {
              "lerp_mode": "catmullrom",
              "post": [-2.5, 5, 0]
            },
            "0.9167": {
              "lerp_mode": "catmullrom",
              "post": [2.22222, 5, 0]
            },
            "1.125": {
              "lerp_mode": "catmullrom",
              "post": [37.5, 5, 0]
            },
            "1.25": [34.71, 5, 0]
          }
        },
        "right_index_finger": {
          "rotation": [0, 0, -60]
        },
        "right_index_finger2": {
          "rotation": [0, 0, -80]
        },
        "right_lower_leg": {
          "rotation": {
            "0.0": [-13.49, -1.15, -3.8],
            "0.0833": {
              "lerp_mode": "catmullrom",
              "post": [-25.93952, -1.38263, -3.83667],
              "pre": [-25.93952, -1.38263, -3.83667]
            },
            "0.375": {
              "lerp_mode": "catmullrom",
              "post": [14.97726, -2.057, -3.76528]
            },
            "0.5833": {
              "lerp_mode": "catmullrom",
              "post": [9.9305, -3.22111, -2.51274]
            },
            "0.75": {
              "lerp_mode": "catmullrom",
              "post": [-12.70156, -4.09423, 0.21099]
            },
            "0.9167": {
              "lerp_mode": "catmullrom",
              "post": [24.4217, -1.05697, -3.76528]
            },
            "1.125": {
              "lerp_mode": "catmullrom",
              "post": [-0.02274, -1.05697, -3.76528]
            },
            "1.25": [-13.49, -1.15, -3.8]
          }
        },
        "right_middle_finger": {
          "rotation": [0, 0, -60]
        },
        "right_middle_finger2": {
          "rotation": [0, 0, -80]
        },
        "right_pinky_finger": {
          "rotation": [0, 0, -60]
        },
        "right_pinky_finger2": {
          "rotation": [0, 0, -80]
        },
        "right_pupil": {
          "position": [0, -0.75, 0]
        },
        "right_ring_finger": {
          "rotation": [0, 0, -60]
        },
        "right_ring_finger2": {
          "rotation": [0, 0, -80]
        },
        "right_thumb": {
          "rotation": [9.83077, -27.15711, -30.17387]
        },
        "right_thumb2": {
          "rotation": [0, 80, 0]
        },
        "right_toes": {
          "rotation": {
            "0.0": [10.37, -0.02, 0.03],
            "0.375": {
              "lerp_mode": "catmullrom",
              "post": [-30.03442, -0.24599, 0.32706],
              "pre": [-30.03442, -0.24599, 0.32706]
            },
            "0.5833": {
              "lerp_mode": "catmullrom",
              "post": [-52.53442, -0.24599, 0.32706]
            },
            "0.75": {
              "lerp_mode": "catmullrom",
              "post": [-45.03442, -0.24599, 0.32706]
            },
            "0.9167": {
              "lerp_mode": "catmullrom",
              "post": [5.81804, -0.10933, 0.14536]
            },
            "1.125": {
              "lerp_mode": "catmullrom",
              "post": [15, 0, 0]
            },
            "1.25": [10.37, -0.02, 0.03]
          }
        },
        "right_upper_leg": {
          "position": {
            "0.0": [0, -0.3, -1.47],
            "0.0833": {
              "lerp_mode": "catmullrom",
              "post": [0, -0.5, -1],
              "pre": [0, -0.5, -1]
            },
            "0.375": {
              "lerp_mode": "catmullrom",
              "post": [0, 0, 0]
            },
            "0.5833": {
              "lerp_mode": "catmullrom",
              "post": [0, 0.25, 0.75]
            },
            "0.75": {
              "lerp_mode": "catmullrom",
              "post": [0, 0.25, 1.5]
            },
            "0.9167": {
              "lerp_mode": "catmullrom",
              "post": [0, 1.25, 0]
            },
            "1.125": {
              "lerp_mode": "catmullrom",
              "post": [0, 0, -1.5]
            },
            "1.25": [0, -0.3, -1.47]
          },
          "rotation": {
            "0.0": [-40.65, 15, 0],
            "0.0833": {
              "lerp_mode": "catmullrom",
              "post": [-26.91444, 15, 0],
              "pre": [-26.91444, 15, 0]
            },
            "0.375": {
              "lerp_mode": "catmullrom",
              "post": [-2.5, 15, 0]
            },
            "0.5833": {
              "lerp_mode": "catmullrom",
              "post": [32.5, 15, 0]
            },
            "0.75": {
              "lerp_mode": "catmullrom",
              "post": [57.5, 15, 0]
            },
            "0.9167": {
              "lerp_mode": "catmullrom",
              "post": [-3.05556, 15, 0]
            },
            "1.125": {
              "lerp_mode": "catmullrom",
              "post": [-42.5, 15, 0]
            },
            "1.25": [-40.65, 15, 0]
          }
        },
        "shoulder_left": {
          "position": {
            "0.0": [0, 0, -1],
            "0.25": {
              "lerp_mode": "catmullrom",
              "post": [0, 1.5, 0],
              "pre": [0, 1.5, 0]
            },
            "0.4167": {
              "lerp_mode": "catmullrom",
              "post": [0, 2.17, 0.5]
            },
            "0.5833": {
              "lerp_mode": "catmullrom",
              "post": [0, 1.58, 1]
            },
            "0.9167": {
              "lerp_mode": "catmullrom",
              "post": [0, 1.04, 1.5]
            },
            "1.25": [0, 0, -1]
          },
          "rotation": {
            "0.0": [-20, 0, 0],
            "0.25": {
              "lerp_mode": "catmullrom",
              "post": [5, 0, 0],
              "pre": [5, 0, 0]
            },
            "0.5833": {
              "lerp_mode": "catmullrom",
              "post": [55, 0, 0]
            },
            "0.9167": {
              "lerp_mode": "catmullrom",
              "post": [87.5, 0, 0]
            },
            "1.25": [-20, 0, 0]
          }
        },
        "shoulder_right": {
          "position": {
            "0.0": [0, 1.58, 1],
            "0.3333": {
              "lerp_mode": "catmullrom",
              "post": [0, 1.04, 1.5],
              "pre": [0, 1.04, 1.5]
            },
            "0.6667": {
              "lerp_mode": "catmullrom",
              "post": [0, 0, -1]
            },
            "0.9167": {
              "lerp_mode": "catmullrom",
              "post": [0, 1.5, 0]
            },
            "1.0833": {
              "lerp_mode": "catmullrom",
              "post": [0, 2.17, 0.5]
            },
            "1.25": [0, 1.58, 1]
          },
          "rotation": {
            "0.0": [55, 0, 0],
            "0.3333": {
              "lerp_mode": "catmullrom",
              "post": [87.5, 0, 0],
              "pre": [87.5, 0, 0]
            },
            "0.6667": {
              "lerp_mode": "catmullrom",
              "post": [-20, 0, 0]
            },
            "0.9167": {
              "lerp_mode": "catmullrom",
              "post": [5, 0, 0]
            },
            "1.25": [55, 0, 0]
          }
        },
        "tail": {
          "rotation": ["5+math.sin(q.anim_time*90*6.4-80+180)*4", "0+math.sin(q.anim_time*90*3.2-80+90)*5", 0]
        },
        "torso": {
          "position": {
            "0.0": [0, "-0.25+math.sin(q.anim_time*90*6.4-100-90)*0.75", 0],
            "0.2083": [0, "-0.5+math.sin(q.anim_time*90*6.4-100-90)*0.75", 0],
            "0.25": [0, "-0.5+math.sin(q.anim_time*90*6.4-100-90)*0.75", 0],
            "0.2917": [0, "-0.5+math.sin(q.anim_time*90*6.4-100-90)*0.75", 0],
            "0.5417": [0, "-0.25+math.sin(q.anim_time*90*6.4-100-90)*0.75", 0],
            "0.8333": [0, "-0.5+math.sin(q.anim_time*90*6.4-100-90)*0.75", 0],
            "0.875": [0, "-0.5+math.sin(q.anim_time*90*6.4-100-90)*0.75", 0],
            "0.9167": [0, "-0.5+math.sin(q.anim_time*90*6.4-100-90)*0.75", 0],
            "1.25": [0, "-0.25+math.sin(q.anim_time*90*6.4-100-90)*0.75", 0]
          },
          "rotation": ["0+math.sin(q.anim_time*90*6.4-50+180)*2", "0+math.sin(q.anim_time*90*3.2-50+270)*2.5", "0+math.sin(q.anim_time*90*3.2-50-90)*1"]
        },
        "upper_torso": {
          "rotation": ["0+math.sin(q.anim_time*90*6.4-80)*4", "0+math.sin(q.anim_time*90*3.2-80+90)*4", "0+math.sin(q.anim_time*90*3.2-80-90)*2"]
        }
      },
      "loop": true
    },
    "animation.darmanitan_galar.move": {
      "bones": {
        "darmanitan": {
          "position": [0, 0, "0-query.anim_time *90 *0.4"]
        }
      },
      "loop": true
    },
    "animation.darmanitan_galar.move_run": {
      "bones": {
        "darmanitan": {
          "position": [0, 0, "0-query.anim_time *90 *0.75"]
        }
      },
      "loop": true
    },
    "animation.darmanitan_galar.quirk": {
      "animation_length": 2.5,
      "bones": {
        "left_eye_closed": {
          "position": {
            "0.0833": [0, 0, 0],
            "0.125": {
              "post": [0, 0, -0.1],
              "pre": [0, 0, 0]
            },
            "0.3333": [0, 0, -0.1],
            "0.375": {
              "post": [0, 0, 0],
              "pre": [0, 0, -0.1]
            },
            "0.7917": [0, 0, 0],
            "0.8333": {
              "post": [0, 0, -0.1],
              "pre": [0, 0, 0]
            },
            "0.9167": [0, 0, -0.1],
            "0.9583": {
              "post": [0, 0, 0],
              "pre": [0, 0, -0.1]
            },
            "1.5417": [0, 0, 0],
            "1.5833": {
              "post": [0, 0, -0.1],
              "pre": [0, 0, 0]
            },
            "1.75": [0, 0, -0.1],
            "1.7917": {
              "post": [0, 0, 0],
              "pre": [0, 0, -0.1]
            }
          }
        },
        "left_pupil": {
          "position": {
            "0.0": [0, 0, 0],
            "0.125": {
              "post": [0, 0, 0.1],
              "pre": [0, 0, 0]
            },
            "0.3333": [0, 0, 0.1],
            "0.375": {
              "post": [-0.5, 0, 0],
              "pre": [0, 0, 0.1]
            },
            "0.8333": {
              "post": [0, 0, 0.1],
              "pre": [-0.5, 0, 0]
            },
            "0.9583": {
              "post": [0.75, 0, 0],
              "pre": [0, 0, 0.1]
            },
            "1.5833": {
              "post": [0, 0, 0.1],
              "pre": [0.75, 0, 0]
            },
            "1.7917": {
              "post": [0, 0, 0],
              "pre": [0, 0, 0.1]
            }
          }
        },
        "right_eye_closed": {
          "position": {
            "0.0833": [0, 0, 0],
            "0.125": {
              "post": [0, 0, -0.1],
              "pre": [0, 0, 0]
            },
            "0.3333": [0, 0, -0.1],
            "0.375": {
              "post": [0, 0, 0],
              "pre": [0, 0, -0.1]
            },
            "0.7917": [0, 0, 0],
            "0.8333": {
              "post": [0, 0, -0.1],
              "pre": [0, 0, 0]
            },
            "0.9167": [0, 0, -0.1],
            "0.9583": {
              "post": [0, 0, 0],
              "pre": [0, 0, -0.1]
            },
            "1.5417": [0, 0, 0],
            "1.5833": {
              "post": [0, 0, -0.1],
              "pre": [0, 0, 0]
            },
            "1.75": [0, 0, -0.1],
            "1.7917": {
              "post": [0, 0, 0],
              "pre": [0, 0, -0.1]
            }
          }
        },
        "right_pupil": {
          "position": {
            "0.0": [0, 0, 0],
            "0.125": {
              "post": [0, 0, 0.1],
              "pre": [0, 0, 0]
            },
            "0.3333": [0, 0, 0.1],
            "0.375": {
              "post": [-0.5, 0, 0],
              "pre": [0, 0, 0.1]
            },
            "0.8333": {
              "post": [0, 0, 0.1],
              "pre": [-0.5, 0, 0]
            },
            "0.9583": {
              "post": [0.75, 0, 0],
              "pre": [0, 0, 0.1]
            },
            "1.5833": {
              "post": [0, 0, 0.1],
              "pre": [0.75, 0, 0]
            },
            "1.7917": {
              "post": [0, 0, 0],
              "pre": [0, 0, 0.1]
            }
          }
        },
        "torso": {
          "rotation": {
            "0.0": {
              "lerp_mode": "catmullrom",
              "post": [0, 0, 0]
            },
            "0.3333": {
              "lerp_mode": "catmullrom",
              "post": [0, 2.5, 0]
            },
            "0.75": {
              "lerp_mode": "catmullrom",
              "post": [0, -2.5, 0]
            },
            "1.2083": {
              "lerp_mode": "catmullrom",
              "post": [0, 0, 0]
            },
            "1.3333": [0, 0, 0]
          }
        },
        "upper_torso": {
          "rotation": {
            "0.0833": {
              "lerp_mode": "catmullrom",
              "post": [0, 0, 0],
              "pre": [0, 0, 0]
            },
            "0.375": {
              "lerp_mode": "catmullrom",
              "post": [0, 5, 0]
            },
            "0.875": {
              "lerp_mode": "catmullrom",
              "post": [0, 5, 0]
            },
            "1.0833": {
              "lerp_mode": "catmullrom",
              "post": [0, -5, 0]
            },
            "1.5833": {
              "lerp_mode": "catmullrom",
              "post": [0, -5, 0]
            },
            "1.9583": {
              "lerp_mode": "catmullrom",
              "post": [0, 0, 0]
            },
            "2.2917": [0, 0, 0]
          }
        }
      }
    },
    "animation.darmanitan_galar.sleep": {
      "bones": {
        "arm_left": {
          "position": [0, "-8+math.sin(q.anim_time*90*1+165)*0.2", 0],
          "rotation": [50.5, 51.75, 60]
        },
        "arm_left2": {
          "position": [2.5, 0.75, 0],
          "rotation": ["9.25+math.sin(q.anim_time*90*1-165)*2", 74.75, "-18+math.sin(q.anim_time*90*1-165)*2"]
        },
        "arm_right": {
          "position": [0, "-8+math.sin(q.anim_time*90*1+165)*0.2", 0],
          "rotation": [50.5, -51.75, -60]
        },
        "arm_right2": {
          "position": [-2.5, 0.75, 0],
          "rotation": ["9.25+math.sin(q.anim_time*90*1-165)*2", -74.75, "18+math.sin(q.anim_time*90*1-15)*2"]
        },
        "hand_left": {
          "rotation": [-19.9299, -1.70818, 5.30014]
        },
        "hand_right": {
          "rotation": [0, 0, -22.5]
        },
        "left_eye_closed": {
          "position": [0, 0, -0.1]
        },
        "left_eyebrow2": {
          "rotation": [0, 0, "math.sin(q.anim_time*90*10-20)*0.5"]
        },
        "left_foot": {
          "rotation": [17.5, 0, 0]
        },
        "left_index_finger2": {
          "rotation": [0, 0, 22.5]
        },
        "left_lower_leg": {
          "rotation": [32.5, 0, 0]
        },
        "left_middle_finger2": {
          "rotation": [0, 0, 22.5]
        },
        "left_pinky_finger2": {
          "rotation": [0, 0, 27.5]
        },
        "left_pupil": {
          "position": [0, 0, 0.1]
        },
        "left_ring_finger2": {
          "rotation": [0, 0, 22.5]
        },
        "left_thumb": {
          "rotation": [0, 10, -2.5]
        },
        "left_thumb2": {
          "rotation": [0, -20, 0]
        },
        "left_upper_leg": {
          "position": [0, -4, 0],
          "rotation": [-48.70702, -37.33289, -3.82607]
        },
        "right_eye_closed": {
          "position": [0, 0, -0.1]
        },
        "right_eyebrow2": {
          "rotation": [0, 0, "-math.sin(q.anim_time*90*10-40)*0.5"]
        },
        "right_foot": {
          "rotation": [17.5, 0, 0]
        },
        "right_lower_leg": {
          "rotation": [32.5, 0, 0]
        },
        "right_pupil": {
          "position": [0, 0, 0.1]
        },
        "right_upper_leg": {
          "position": [0, -4, 0],
          "rotation": [-48.70702, 37.33289, 3.82607]
        },
        "tail": {
          "rotation": ["-7.5+math.sin(q.anim_time*90*1-30)*2.5", 0, 0]
        },
        "torso": {
          "position": [0, -6, 0],
          "rotation": ["10+math.sin(q.anim_time*90*1+0)*1", 0, 0]
        },
        "upper_torso": {
          "rotation": ["0+math.sin(q.anim_time*90*1-30)*1", 0, "0+math.sin(q.anim_time*90*0.5-30)*0.5"]
        }
      },
      "loop": true
    }
  },
  "format_version": "1.8.0"
}