{
  "animations": {
    "animation.urshifu_single.battle_idle": {
      "bones": {
        "arm_left": {
          "position": [-2, -1, 0],
          "rotation": [0, 0, 15]
        },
        "arm_right": {
          "rotation": [-5.16524, 27.0478, -11.24314]
        },
        "arms": {
          "position": [0, "math.sin(q.anim_time*4*16)*0.3", 0]
        },
        "back": {
          "position": [0, 5, 0],
          "rotation": [69.97365, 1.5216, -1.98385]
        },
        "bandseg1": {
          "rotation": [6.70127, "-3.0932-math.sin(q.anim_time*90*1-100)*15", 9.67518]
        },
        "bandseg2": {
          "rotation": [-6.36991, "29.9706-math.sin(q.anim_time*90*1-200)*25", 9.55406]
        },
        "bandseg3": {
          "rotation": [5.54163, "-1.6719-math.sin(q.anim_time*90*1-200)*25", -4.43478]
        },
        "bc1": {
          "rotation": ["-25.7246+math.sin(q.anim_time*90*1-50)*4", -13.77624, 5.99253]
        },
        "bc2": {
          "rotation": ["-13.4773+math.sin(q.anim_time*90*1-100)*8", 4.58164, "2.4306+math.sin(q.anim_time*90*1-100)*8"]
        },
        "bc3": {
          "rotation": ["2.7377+math.sin(q.anim_time*90*1-150)*10", 12.3071, "2.2046+math.sin(q.anim_time*90*1-150)*10"]
        },
        "bc4": {
          "rotation": ["-19.8489+math.sin(q.anim_time*90*1-200)*12", 9.84655, "1.7538+math.sin(q.anim_time*90*1-200)*12"]
        },
        "bicepleft": {
          "position": [0, 0, 0],
          "rotation": [0, 0, "125-math.sin(q.anim_time*90*1-50)*2"]
        },
        "bicepright": {
          "rotation": [58.28573, 33.45406, 10.91547]
        },
        "bone": {
          "rotation": [42.5, 0, 0]
        },
        "ear1": {
          "rotation": [0, 0, 40]
        },
        "ear2": {
          "rotation": [0, 0, -35]
        },
        "fc2": {
          "rotation": ["5-math.sin(q.anim_time*90*1-150)*6", 0, "-2.5-math.sin(q.anim_time*90*1-150)*6"]
        },
        "fc3": {
          "rotation": ["-2.4905-math.sin(q.anim_time*90*1-150)*8", -0.21782, "-7.4953-math.sin(q.anim_time*90*1-150)*8"]
        },
        "fc4": {
          "rotation": ["-14.9539-math.sin(q.anim_time*90*1-150)*12", -1.08089, "-4.8821-math.sin(q.anim_time*90*1-150)*10"]
        },
        "feetis": {
          "rotation": [5, 0, 0]
        },
        "fingerrseg2": {
          "rotation": [0, 0, 62.5]
        },
        "fingers": {
          "rotation": [0, 0, -60]
        },
        "fingers_right": {
          "rotation": [0, 0, 70]
        },
        "fingerseg": {
          "rotation": [0, 0, -60]
        },
        "forearmleft": {
          "rotation": [182.22764, 20.15563, 28.30359]
        },
        "forearmright": {
          "position": [-1, 0, -2],
          "rotation": [182.5, 75, -180]
        },
        "front": {
          "rotation": [-17.5, 0, 0]
        },
        "frontcloth1": {
          "position": [0, 2, 0],
          "rotation": ["-18.2938-math.sin(q.anim_time*90*1-50)*2", -14.04833, "2.8551-math.sin(q.anim_time*90*1-50)*2"]
        },
        "fur1": {
          "position": [0, -2, 0],
          "rotation": ["-115+math.sin(q.anim_time*90*1-200)*4", 0, 0]
        },
        "fur2": {
          "position": [0, -2, 0],
          "rotation": ["-110+math.sin(q.anim_time*90*1-200)*4", 0, 0]
        },
        "fur3": {
          "position": [0, -2, 0],
          "rotation": [107.5, 0, 0]
        },
        "fur4": {
          "rotation": [0, 0, "-117.5+math.sin(q.anim_time*90*1-200)*4"]
        },
        "fur5": {
          "rotation": [110, 0, 0]
        },
        "fur6": {
          "position": [1, -3, 0],
          "rotation": [0, 0, "87.5-math.sin(q.anim_time*90*1-200)*4"]
        },
        "furhead1": {
          "rotation": [0, 0, "-140+math.sin(q.anim_time*90*1-200)*4"]
        },
        "furhead2": {
          "rotation": [0, 0, "127.5+math.sin(q.anim_time*90*1-200)*4"]
        },
        "furhead3": {
          "rotation": ["127.5+math.sin(q.anim_time*90*1-200)*4", 0, 0]
        },
        "fyur2": {
          "position": [1, -3, 0],
          "rotation": [0, 0, "115+math.sin(q.anim_time*90*1-200)*4"]
        },
        "fyur3": {
          "position": [0, -3, 0],
          "rotation": [0, 0, "-95-math.sin(q.anim_time*90*1-200)*4"]
        },
        "hair": {
          "rotation": [0, 0, 2.5]
        },
        "head": {
          "rotation": [19.46618, 12.92343, -2.05977],
          "scale": [0.9, 0.8, 1]
        },
        "headband_left": {
          "position": [-1, -1, 0],
          "rotation": [9.54046, "-58.8842+math.sin(q.anim_time*90*1-50)*10", 42.2072]
        },
        "headband_right": {
          "rotation": [-17.4812, "40.6549-math.sin(q.anim_time*90*1-50)*10", -38.42136]
        },
        "lband1": {
          "rotation": [14.34255, "-22.4485-math.sin(q.anim_time*90*1-100)*15", 12.43407]
        },
        "lband2": {
          "rotation": [-7.21604, "40.4825+math.sin(q.anim_time*90*1-200)*25", 7.68073]
        },
        "lband3": {
          "rotation": [-2.33411, "33.3552+math.sin(q.anim_time*90*1-200)*25", 2.92364]
        },
        "leftfoot": {
          "rotation": [-15, 0, 0]
        },
        "leg_left": {
          "rotation": [-52.90208, 67.83409, 3.18262]
        },
        "leg_right": {
          "rotation": [-28.81328, -82.01058, -30.93292]
        },
        "lknee": {
          "rotation": [82.5, 0, 0]
        },
        "lowjaw": {
          "rotation": [0, 0, 0]
        },
        "mainthing": {
          "position": [0, -5.6, 0],
          "rotation": [0, -60, 0]
        },
        "neck": {
          "position": [-1, 1, 0],
          "rotation": [-10.65119, 24.83901, -1.90415]
        },
        "rknee": {
          "rotation": [67.5, 0, 0]
        },
        "shoulderleft": {
          "rotation": [0, 0, 15]
        },
        "tail": {
          "position": [0, 3, 0]
        },
        "thumb1": {
          "rotation": [0, 22.5, 0]
        },
        "thumbright": {
          "rotation": [30, 0, 0]
        },
        "thungbmbrseg2": {
          "rotation": [40, 0, 0]
        },
        "thunmbseg": {
          "rotation": [20.02717, 1.68868, 1.84373]
        },
        "torso": {
          "position": [0, "math.sin(q.anim_time*4*16)*0.3", 0]
        },
        "torso_clothes": {
          "position": [0, 0, 0]
        },
        "whiteneck": {
          "position": [0, -1, 0],
          "rotation": [0, 15, 0]
        }
      },
      "loop": true
    },
    "animation.urshifu_single.blink": {
      "animation_length": 1,
      "bones": {
        "eyebrow": {
          "position": {
            "0.0": [0, 0, 0],
            "0.0417": [0, -1, 0],
            "0.0833": [0, 0, 0]
          },
          "rotation": {
            "0.0": [0, 0, 0],
            "0.0417": [0, 0, 5],
            "0.0833": [0, 0, 0]
          },
          "scale": {
            "0.0": [1, 1, 1],
            "0.0417": [1, 1.3, 1],
            "0.0833": [1, 1, 1]
          }
        },
        "eyebrow1": {
          "position": {
            "0.0": [0, 0, 0],
            "0.0417": [0, -1, 0],
            "0.0833": [0, 0, 0]
          },
          "rotation": {
            "0.0": [0, 0, 0],
            "0.0417": [0, 0, -5],
            "0.0833": [0, 0, 0]
          },
          "scale": {
            "0.0": [1, 1, 1],
            "0.0417": [1, 1.1, 1],
            "0.0833": [1, 1, 1]
          }
        }
      }
    },
    "animation.urshifu_single.cry": {
      "animation_length": 2,
      "bones": {
        "arm_left": {
          "rotation": {
            "0.0": [0, 0, 0],
            "0.5": [0, 0, -7.5],
            "1.25": [0, 0, -7.5],
            "1.75": [0, 0, 0]
          }
        },
        "arm_right": {
          "rotation": {
            "0.0": {
              "lerp_mode": "catmullrom",
              "post": [0, 0, 0]
            },
            "0.5": {
              "lerp_mode": "catmullrom",
              "post": [0, 15, 7.5]
            },
            "1.25": {
              "lerp_mode": "catmullrom",
              "post": [0, 15, 7.5]
            },
            "1.75": [0, 0, 0]
          }
        },
        "arms": {
          "position": [0, "math.sin(q.anim_time*4*16)*0.3", 0]
        },
        "bandseg1": {
          "rotation": [0, "-5-math.sin(q.anim_time*90*1-100)*15", 0]
        },
        "bandseg2": {
          "rotation": [0, "0-math.sin(q.anim_time*90*1-200)*25", 0]
        },
        "bandseg3": {
          "rotation": [0, "0-math.sin(q.anim_time*90*1-200)*25", 0]
        },
        "bc1": {
          "rotation": {
            "0.0": ["5+math.sin(q.anim_time*90*1-50)*4", 0, 0],
            "0.5": ["math.sin(q.anim_time*90*1-50)*4", 0, 0],
            "1.0": ["math.sin(q.anim_time*90*1-50)*4", 0, 0],
            "1.75": ["5+math.sin(q.anim_time*90*1-50)*4", 0, 0]
          }
        },
        "bc2": {
          "rotation": {
            "0.0": ["15+math.sin(q.anim_time*90*1-100)*8", 0, 0],
            "0.5": ["-2.5+math.sin(q.anim_time*90*1-100)*8", 0, 0],
            "1.0": ["-2.5+math.sin(q.anim_time*90*1-100)*8", 0, 0],
            "1.75": ["15+math.sin(q.anim_time*90*1-100)*8", 0, 0]
          }
        },
        "bc3": {
          "rotation": {
            "0.0": ["5+math.sin(q.anim_time*90*1-150)*10", 0, 0],
            "1.75": ["5+math.sin(q.anim_time*90*1-150)*10", 0, 0]
          }
        },
        "bc4": {
          "rotation": ["5+math.sin(q.anim_time*90*1-200)*12", 0, 0]
        },
        "bicepleft": {
          "position": {
            "0.0": {
              "lerp_mode": "catmullrom",
              "post": [0, 0, 0]
            },
            "0.5": {
              "lerp_mode": "catmullrom",
              "post": [-1, 1, -1]
            },
            "1.25": {
              "lerp_mode": "catmullrom",
              "post": [-1, 1, -1]
            },
            "1.75": [0, 0, 0]
          },
          "rotation": {
            "0.0": {
              "lerp_mode": "catmullrom",
              "post": [0, 0, 0]
            },
            "0.5": {
              "lerp_mode": "catmullrom",
              "post": [68.79478, -23.1669, -58.59496]
            },
            "1.25": {
              "lerp_mode": "catmullrom",
              "post": [68.79478, -23.1669, -58.59496]
            },
            "1.75": [0, 0, 0]
          }
        },
        "bicepright": {
          "position": {
            "0.0": {
              "lerp_mode": "catmullrom",
              "post": [0, 0, 0]
            },
            "0.5": {
              "lerp_mode": "catmullrom",
              "post": [0, 0, 1]
            },
            "1.25": {
              "lerp_mode": "catmullrom",
              "post": [0, 0, 1]
            },
            "1.75": [0, 0, 0]
          },
          "rotation": {
            "0.0": {
              "lerp_mode": "catmullrom",
              "post": [0, 0, 0]
            },
            "0.5": {
              "lerp_mode": "catmullrom",
              "post": [42.83993, 20.36457, 31.67747]
            },
            "1.25": {
              "lerp_mode": "catmullrom",
              "post": [42.83993, 20.36457, 31.67747]
            },
            "1.75": [0, 0, 0]
          }
        },
        "eyebrow": {
          "position": {
            "0.0": {
              "lerp_mode": "catmullrom",
              "post": [0, 0, 0]
            },
            "0.5": {
              "lerp_mode": "catmullrom",
              "post": [0, -1, 0]
            },
            "1.25": {
              "lerp_mode": "catmullrom",
              "post": [0, -1, 0]
            },
            "1.75": [0, 0, 0]
          },
          "rotation": {
            "0.0": {
              "lerp_mode": "catmullrom",
              "post": [0, 0, 0]
            },
            "0.5": {
              "lerp_mode": "catmullrom",
              "post": [0, 0, 5]
            },
            "1.25": {
              "lerp_mode": "catmullrom",
              "post": [0, 0, 5]
            },
            "1.75": [0, 0, 0]
          },
          "scale": {
            "0.0": {
              "lerp_mode": "catmullrom",
              "post": [1, 1, 1]
            },
            "0.5": {
              "lerp_mode": "catmullrom",
              "post": [1, 1.3, 1]
            },
            "1.25": {
              "lerp_mode": "catmullrom",
              "post": [1, 1.3, 1]
            },
            "1.75": [1, 1, 1]
          }
        },
        "eyebrow1": {
          "position": {
            "0.0": {
              "lerp_mode": "catmullrom",
              "post": [0, 0, 0]
            },
            "0.5": {
              "lerp_mode": "catmullrom",
              "post": [0, -1, 0]
            },
            "1.25": {
              "lerp_mode": "catmullrom",
              "post": [0, -1, 0]
            },
            "1.75": [0, 0, 0]
          },
          "rotation": {
            "0.0": {
              "lerp_mode": "catmullrom",
              "post": [0, 0, 0]
            },
            "0.5": {
              "lerp_mode": "catmullrom",
              "post": [0, 0, -5]
            },
            "1.25": {
              "lerp_mode": "catmullrom",
              "post": [0, 0, -5]
            },
            "1.75": [0, 0, 0]
          },
          "scale": {
            "0.5": {
              "lerp_mode": "catmullrom",
              "post": [1, 1.1, 1],
              "pre": [1, 1.1, 1]
            },
            "0.5417": {
              "lerp_mode": "catmullrom",
              "post": [1, 1, 1]
            },
            "1.25": {
              "lerp_mode": "catmullrom",
              "post": [1, 1.1, 1]
            },
            "1.75": [1, 1, 1]
          }
        },
        "fc2": {
          "rotation": ["-2.5-math.sin(q.anim_time*90*1-100)*4", 0, 0]
        },
        "fc3": {
          "rotation": ["-5-math.sin(q.anim_time*90*1-150)*6", 0, 0]
        },
        "fc4": {
          "rotation": ["-5-math.sin(q.anim_time*90*1-150)*6", 0, 0]
        },
        "feetis": {
          "position": [0, 0, 0],
          "rotation": [0, 0, 0]
        },
        "fingerrseg2": {
          "rotation": {
            "0.0": [0, 0, "-math.sin(q.anim_time*30*2+150)*2"],
            "0.5": [0, 0, "-25-math.sin(q.anim_time*30*2+150)*2"],
            "1.25": [0, 0, "-25-math.sin(q.anim_time*30*2+150)*2"],
            "1.75": [0, 0, "-math.sin(q.anim_time*30*2+150)*2"]
          }
        },
        "fingers": {
          "rotation": {
            "0.0": [0, 0, 0],
            "0.5": [0, 0, -65],
            "1.25": [0, 0, -65],
            "1.75": [0, 0, 0]
          }
        },
        "fingerseg": {
          "rotation": {
            "0.0": [0, 0, "math.sin(q.anim_time*30*2+150)*2"],
            "0.5": [0, 0, "-60+math.sin(q.anim_time*30*2+150)*2"],
            "1.25": [0, 0, "-60+math.sin(q.anim_time*30*2+150)*2"],
            "1.75": [0, 0, "math.sin(q.anim_time*30*2+150)*2"]
          }
        },
        "forearmleft": {
          "position": {
            "0.0": {
              "lerp_mode": "catmullrom",
              "post": [0, 0, 0]
            },
            "0.5": {
              "lerp_mode": "catmullrom",
              "post": [0, 0, 0]
            },
            "1.25": {
              "lerp_mode": "catmullrom",
              "post": [0, 0, 0]
            }
          },
          "rotation": {
            "0.0": {
              "lerp_mode": "catmullrom",
              "post": [0, 0, 0]
            },
            "0.5": {
              "lerp_mode": "catmullrom",
              "post": [0, -15, 20]
            },
            "1.25": {
              "lerp_mode": "catmullrom",
              "post": [0, -15, 20]
            },
            "1.75": [0, 0, 0]
          }
        },
        "forearmright": {
          "position": {
            "0.0": {
              "lerp_mode": "catmullrom",
              "post": [0, 0, 0]
            },
            "0.5": {
              "lerp_mode": "catmullrom",
              "post": [0, 0, 0]
            },
            "1.25": {
              "lerp_mode": "catmullrom",
              "post": [0, 0, 0]
            },
            "1.75": [0, 0, 0]
          },
          "rotation": {
            "0.0": {
              "lerp_mode": "catmullrom",
              "post": [0, 0, 0]
            },
            "0.5": {
              "lerp_mode": "catmullrom",
              "post": [0, 37.5, -42.5]
            },
            "1.25": {
              "lerp_mode": "catmullrom",
              "post": [0, 37.5, -42.5]
            },
            "1.75": [0, 0, 0]
          }
        },
        "frontcloth1": {
          "position": {
            "0.0": [0, 0, 0],
            "0.5": [0, 2, 0],
            "1.25": [0, 2, 0],
            "1.75": [0, 0, 0]
          },
          "rotation": {
            "0.0": ["-7.5-math.sin(q.anim_time*90*1-50)*2", 0, 0],
            "0.5": ["-25-math.sin(q.anim_time*90*1-50)*2", 0, 0],
            "1.25": ["-25-math.sin(q.anim_time*90*1-50)*2", 0, 0],
            "1.75": ["-7.5-math.sin(q.anim_time*90*1-50)*2", 0, 0]
          }
        },
        "fur1": {
          "rotation": ["0+math.sin(q.anim_time*90*1-200)*4", 0, 0]
        },
        "fur2": {
          "rotation": ["math.sin(q.anim_time*90*1-200)*4", 0, 0]
        },
        "fur4": {
          "rotation": [0, 0, "math.sin(q.anim_time*90*1-200)*4"]
        },
        "furhead1": {
          "rotation": [0, 0, "math.sin(q.anim_time*90*1-200)*4"]
        },
        "furhead2": {
          "rotation": [0, 0, "math.sin(q.anim_time*90*1-200)*4"]
        },
        "furhead3": {
          "rotation": ["math.sin(q.anim_time*90*1-200)*4", 0, 0]
        },
        "fyur2": {
          "rotation": [0, 0, "math.sin(q.anim_time*90*1-200)*4"]
        },
        "hand_left": {
          "rotation": {
            "0.0": [0, 0, 0],
            "0.5": [0, 0, -12.5],
            "1.25": [0, 0, -12.5],
            "1.75": [0, 0, 0]
          }
        },
        "hand_right": {
          "position": {
            "0.0": [0, 0, 0],
            "0.5": [-1, -1, -0.5],
            "1.25": [-1, -1, -0.5],
            "1.75": [0, 0, 0]
          },
          "rotation": {
            "0.0": [0, 0, 0],
            "0.5": [-2.04166, 3.89254, -21.89478],
            "1.25": [-2.04166, 3.89254, -21.89478],
            "1.75": [0, 0, 0]
          }
        },
        "head": {
          "rotation": {
            "0.0": {
              "lerp_mode": "catmullrom",
              "post": [0, 0, 0]
            },
            "0.5": {
              "lerp_mode": "catmullrom",
              "post": [35, 0, 0]
            },
            "1.25": {
              "lerp_mode": "catmullrom",
              "post": [35, 0, 0]
            },
            "1.75": [0, 0, 0]
          }
        },
        "headband_left": {
          "rotation": {
            "0.0": [0, "-math.sin(q.anim_time*90*1-50)*10", 0],
            "0.5": [0, "55-math.sin(q.anim_time*90*1-50)*10", 0],
            "1.0": [0, "55-math.sin(q.anim_time*90*1-50)*10", 0],
            "1.75": [0, "-math.sin(q.anim_time*90*1-50)*10", 0],
            "2.0": [0, "-math.sin(q.anim_time*90*1-50)*10", 0]
          }
        },
        "headband_right": {
          "rotation": {
            "0.0": [0, "-math.sin(q.anim_time*90*1-50)*10", 0],
            "0.5": [-28.09433, "-63.679-math.sin(q.anim_time*90*1-50)*10", -8.70801],
            "1.0": [-28.09433, "-63.679-math.sin(q.anim_time*90*1-50)*10", -8.70801],
            "1.75": [0, "-math.sin(q.anim_time*90*1-50)*10", 0],
            "2.0": [0, "-math.sin(q.anim_time*90*1-50)*10", 0]
          }
        },
        "lband1": {
          "rotation": [0, "-5-math.sin(q.anim_time*90*1-100)*15", 0]
        },
        "lband2": {
          "rotation": [0, "0-math.sin(q.anim_time*90*1-200)*25", 0]
        },
        "lband3": {
          "rotation": [0, "0-math.sin(q.anim_time*90*1-200)*25", 0]
        },
        "leftfoot": {
          "rotation": [0, 0, 0]
        },
        "leg_left": {
          "position": [0, 0, 0],
          "rotation": [0, 0, 0]
        },
        "leg_right": {
          "position": [0, 0, 0],
          "rotation": [0, 0, 0]
        },
        "lknee": {
          "position": [0, 0, 0],
          "rotation": [0, 0, 0]
        },
        "lowjaw": {
          "rotation": [0, 0, 0]
        },
        "neck": {
          "position": {
            "0.0": [0, 0, 0],
            "1.25": [0, 0, 0]
          },
          "rotation": {
            "0.0": [0, 0, 0],
            "0.5": [-5, 0, 0],
            "0.75": [-5, 0, 0],
            "1.25": [0, 0, 0]
          }
        },
        "rknee": {
          "position": [0, -0.5, 0],
          "rotation": [0, 0, 0]
        },
        "shoulderleft": {
          "position": {
            "0.0": {
              "lerp_mode": "catmullrom",
              "post": [0, 0, 0]
            },
            "0.5": {
              "lerp_mode": "catmullrom",
              "post": [0, -1, 0]
            },
            "1.25": {
              "lerp_mode": "catmullrom",
              "post": [0, -1, 0]
            },
            "1.75": [0, 0, 0]
          },
          "rotation": {
            "0.0": {
              "lerp_mode": "catmullrom",
              "post": [0, 0, 0]
            },
            "0.5": {
              "lerp_mode": "catmullrom",
              "post": [-10.16946, -38.03957, -3.78695]
            },
            "1.25": {
              "lerp_mode": "catmullrom",
              "post": [-10.16946, -38.03957, -3.78695]
            },
            "1.75": [0, 0, 0]
          }
        },
        "shoulderright": {
          "position": {
            "0.0": {
              "lerp_mode": "catmullrom",
              "post": [0, 0, 0]
            },
            "0.5": {
              "lerp_mode": "catmullrom",
              "post": [1, 0, 0]
            },
            "1.25": {
              "lerp_mode": "catmullrom",
              "post": [1, 0, 0]
            },
            "1.75": [0, 0, 0]
          },
          "rotation": {
            "0.0": {
              "lerp_mode": "catmullrom",
              "post": [0, 0, 0]
            },
            "0.5": {
              "lerp_mode": "catmullrom",
              "post": [3.43964, 40.13688, 13.07776]
            },
            "1.25": {
              "lerp_mode": "catmullrom",
              "post": [3.43964, 40.13688, 13.07776]
            },
            "1.75": [0, 0, 0]
          }
        },
        "torso": {
          "position": {
            "0.0": [0, "math.sin(q.anim_time*4*16)*0.3", 0],
            "0.5": [0, "math.sin(q.anim_time*4*16)*0.3", 1],
            "1.25": [0, "math.sin(q.anim_time*4*16)*0.3", 1],
            "1.75": [0, "math.sin(q.anim_time*4*16)*0.3", 0]
          },
          "rotation": {
            "0.0": {
              "lerp_mode": "catmullrom",
              "post": [0, 0, 0]
            },
            "0.5": {
              "lerp_mode": "catmullrom",
              "post": [20, 0, 0]
            },
            "1.25": {
              "lerp_mode": "catmullrom",
              "post": [20, 0, 0]
            },
            "1.75": [0, 0, 0]
          }
        },
        "whiteneck": {
          "rotation": {
            "0.0": [0, 0, 0],
            "0.5": [-5, 0, 0],
            "0.75": [-5, 0, 0],
            "1.25": [0, 0, 0]
          }
        }
      },
      "loop": true,
      "sound_effects": {
        "0.0833": {
          "effect": "pokemon.urshifu_single.cry"
        }
      }
    },
    "animation.urshifu_single.faint": {
      "animation_length": 3.25,
      "bones": {
        "arm_left": {
          "position": [-2, -1, 0],
          "rotation": {
            "0.0": [0, 0, 15],
            "1.5": [0, 0, 2.5]
          }
        },
        "arm_right": {
          "position": {
            "0.0": [0, 0, 0],
            "1.5": [0, 0, -2]
          },
          "rotation": {
            "0.0": [-5.16524, 27.0478, -11.24314],
            "1.5": [26.31707, 10.91357, 15.65146]
          }
        },
        "arms": {
          "position": [0, "math.sin(q.anim_time*4*16)*0.3", 0]
        },
        "back": {
          "position": [0, 5, 0],
          "rotation": [69.97365, 1.5216, -1.98385]
        },
        "bandseg1": {
          "rotation": [6.70127, "-3.0932-math.sin(q.anim_time*90*1-100)*15", 9.67518]
        },
        "bandseg2": {
          "rotation": [-6.36991, "29.9706-math.sin(q.anim_time*90*1-200)*25", 9.55406]
        },
        "bandseg3": {
          "rotation": [5.54163, "-1.6719-math.sin(q.anim_time*90*1-200)*25", -4.43478]
        },
        "bc1": {
          "rotation": ["-25.7246+math.sin(q.anim_time*90*1-50)*4", -13.77624, 5.99253]
        },
        "bc2": {
          "rotation": ["-13.4773+math.sin(q.anim_time*90*1-100)*8", 4.58164, "2.4306+math.sin(q.anim_time*90*1-100)*8"]
        },
        "bc3": {
          "rotation": ["2.7377+math.sin(q.anim_time*90*1-150)*10", 12.3071, "2.2046+math.sin(q.anim_time*90*1-150)*10"]
        },
        "bc4": {
          "rotation": ["-19.8489+math.sin(q.anim_time*90*1-200)*12", 9.84655, "1.7538+math.sin(q.anim_time*90*1-200)*12"]
        },
        "bicepleft": {
          "position": [0, 0, 0],
          "rotation": {
            "0.0": [0, 0, "125-math.sin(q.anim_time*90*1-50)*2"],
            "1.5": [181.09092, 0.29329, "9.7725-math.sin(q.anim_time*90*1-50)*2"]
          }
        },
        "bicepright": {
          "rotation": {
            "0.0": [58.28573, 33.45406, 10.91547],
            "1.5": [7.28609, 13.38963, -17.00244]
          }
        },
        "bone": {
          "rotation": [42.5, 0, 0]
        },
        "ear1": {
          "rotation": [0, 0, 40]
        },
        "ear2": {
          "rotation": [0, 0, -35]
        },
        "eyebrow": {
          "position": {
            "0.0": [0, 0, 0],
            "1.5": [0, -1, 0]
          },
          "rotation": {
            "0.0": [0, 0, 0],
            "1.5": [0, 0, 5]
          },
          "scale": {
            "0.0": [1, 1, 1],
            "1.5": [1, 1.3, 1]
          }
        },
        "eyebrow1": {
          "position": {
            "0.0": [0, 0, 0],
            "1.5": [0, -1, 0]
          },
          "rotation": {
            "0.0": [0, 0, 0],
            "1.5": [0, 0, -5]
          },
          "scale": {
            "0.0": [1, 1, 1],
            "1.5": [1, 1.1, 1]
          }
        },
        "fc2": {
          "rotation": ["5-math.sin(q.anim_time*90*1-150)*6", 0, "-2.5-math.sin(q.anim_time*90*1-150)*6"]
        },
        "fc3": {
          "rotation": ["-2.4905-math.sin(q.anim_time*90*1-150)*8", -0.21782, "-7.4953-math.sin(q.anim_time*90*1-150)*8"]
        },
        "fc4": {
          "rotation": ["-14.9539-math.sin(q.anim_time*90*1-150)*12", -1.08089, "-4.8821-math.sin(q.anim_time*90*1-150)*10"]
        },
        "feetis": {
          "rotation": [5, 0, 0]
        },
        "fingerrseg2": {
          "rotation": {
            "0.0": [0, 0, 62.5],
            "1.5": [0, 0, -2.5]
          }
        },
        "fingers": {
          "rotation": {
            "0.0": [0, 0, -60],
            "1.5": [0, 0, -2.5]
          }
        },
        "fingers_right": {
          "rotation": {
            "0.0": [0, 0, 70],
            "1.5": [0, 0, 12.5]
          }
        },
        "fingerseg": {
          "rotation": {
            "0.0": [0, 0, -60],
            "1.5": [0, 0, -5]
          }
        },
        "forearmleft": {
          "rotation": {
            "0.0": [182.22764, 20.15563, 28.30359],
            "1.5": [179.10971, 20.42174, 5.59288]
          }
        },
        "forearmright": {
          "position": {
            "0.0": [-1, 0, -2],
            "1.5": [-1, 0, 0]
          },
          "rotation": {
            "0.0": [182.5, 75, -180],
            "1.5": [359.89088, -15.00237, -2.49286]
          }
        },
        "front": {
          "rotation": [-17.5, 0, 0]
        },
        "frontcloth1": {
          "position": [0, 2, 0],
          "rotation": ["-18.2938-math.sin(q.anim_time*90*1-50)*2", -14.04833, "2.8551-math.sin(q.anim_time*90*1-50)*2"]
        },
        "fur1": {
          "position": [0, -2, 0],
          "rotation": ["-115+math.sin(q.anim_time*90*1-200)*4", 0, 0]
        },
        "fur2": {
          "position": [0, -2, 0],
          "rotation": ["-110+math.sin(q.anim_time*90*1-200)*4", 0, 0]
        },
        "fur3": {
          "position": [0, -2, 0],
          "rotation": [107.5, 0, 0]
        },
        "fur4": {
          "rotation": [0, 0, "-117.5+math.sin(q.anim_time*90*1-200)*4"]
        },
        "fur5": {
          "rotation": [110, 0, 0]
        },
        "fur6": {
          "position": [1, -3, 0],
          "rotation": [0, 0, "87.5-math.sin(q.anim_time*90*1-200)*4"]
        },
        "furhead1": {
          "rotation": [0, 0, "-140+math.sin(q.anim_time*90*1-200)*4"]
        },
        "furhead2": {
          "rotation": [0, 0, "127.5+math.sin(q.anim_time*90*1-200)*4"]
        },
        "furhead3": {
          "rotation": ["127.5+math.sin(q.anim_time*90*1-200)*4", 0, 0]
        },
        "fyur2": {
          "position": [1, -3, 0],
          "rotation": [0, 0, "115+math.sin(q.anim_time*90*1-200)*4"]
        },
        "fyur3": {
          "position": [0, -3, 0],
          "rotation": [0, 0, "-95-math.sin(q.anim_time*90*1-200)*4"]
        },
        "hair": {
          "rotation": [0, 0, 2.5]
        },
        "head": {
          "rotation": [19.46618, 12.92343, -2.05977],
          "scale": [0.9, 0.8, 1]
        },
        "headband_left": {
          "position": [-1, -1, 0],
          "rotation": [9.54046, "-58.8842+math.sin(q.anim_time*90*1-50)*10", 42.2072]
        },
        "headband_right": {
          "rotation": [-17.4812, "40.6549-math.sin(q.anim_time*90*1-50)*10", -38.42136]
        },
        "lband1": {
          "rotation": [14.34255, "-22.4485-math.sin(q.anim_time*90*1-100)*15", 12.43407]
        },
        "lband2": {
          "rotation": [-7.21604, "40.4825+math.sin(q.anim_time*90*1-200)*25", 7.68073]
        },
        "lband3": {
          "rotation": [-2.33411, "33.3552+math.sin(q.anim_time*90*1-200)*25", 2.92364]
        },
        "leftfoot": {
          "rotation": {
            "0.0": [-15, 0, 0],
            "1.5": [-5, 0, 0]
          }
        },
        "leg_left": {
          "rotation": {
            "0.0": [-52.90208, 67.83409, 3.18262],
            "1.5": [-22.90208, 67.83409, 3.18262]
          }
        },
        "leg_right": {
          "rotation": {
            "0.0": [-28.81328, -82.01058, -30.93292],
            "1.5": [111.97641, -80.79687, -143.46551]
          }
        },
        "lknee": {
          "rotation": {
            "0.0": [82.5, 0, 0],
            "1.5": [37.5, 0, 0]
          }
        },
        "lowjaw": {
          "rotation": [0, 0, 0]
        },
        "mainthing": {
          "position": {
            "0.0": [0, -5.6, 0],
            "1.5": [0, -2.6, 0]
          },
          "rotation": [0, -60, 0]
        },
        "neck": {
          "position": [-1, 1, 0],
          "rotation": {
            "0.0": [-10.65119, 24.83901, -1.90415],
            "1.5": [16.37563, -7.34701, 0.55083]
          }
        },
        "rknee": {
          "rotation": {
            "0.0": [67.5, 0, 0],
            "1.5": [40, 0, 0]
          }
        },
        "shoulderleft": {
          "rotation": {
            "0.0": [0, 0, 15],
            "1.5": [0, 0, -10]
          }
        },
        "shoulderright": {
          "rotation": {
            "0.0": [0, 0, 0],
            "1.5": [5, 0, 0]
          }
        },
        "tail": {
          "position": [0, 3, 0]
        },
        "thumb1": {
          "rotation": {
            "0.0": [0, 22.5, 0],
            "1.5": [-35, 22.5, 0]
          }
        },
        "thumbright": {
          "rotation": {
            "0.0": [30, 0, 0],
            "1.5": [-12.5, 0, 0]
          }
        },
        "thungbmbrseg2": {
          "rotation": [40, 0, 0]
        },
        "thunmbseg": {
          "rotation": [20.02717, 1.68868, 1.84373]
        },
        "torso": {
          "position": {
            "0.0": [0, "math.sin(q.anim_time*4*16)*0.3", 0],
            "1.5": [0, "math.sin(q.anim_time*4*16)*0.3", 1]
          }
        },
        "torso_clothes": {
          "position": [0, 0, 0]
        },
        "whiteneck": {
          "position": [0, -1, 0],
          "rotation": [0, 15, 0]
        }
      },
      "loop": true
    },
    "animation.urshifu_single.ground_idle": {
      "bones": {
        "arms": {
          "position": [0, "math.sin(q.anim_time*4*16)*0.3", 0]
        },
        "bandseg1": {
          "rotation": [0, "-5-math.sin(q.anim_time*90*1-100)*15", 0]
        },
        "bandseg2": {
          "rotation": [0, "0-math.sin(q.anim_time*90*1-200)*25", 0]
        },
        "bandseg3": {
          "rotation": [0, "0-math.sin(q.anim_time*90*1-200)*25", 0]
        },
        "bc1": {
          "rotation": ["5+math.sin(q.anim_time*90*1-50)*4", 0, 0]
        },
        "bc2": {
          "rotation": ["15+math.sin(q.anim_time*90*1-100)*8", 0, 0]
        },
        "bc3": {
          "rotation": ["5+math.sin(q.anim_time*90*1-150)*10", 0, 0]
        },
        "bc4": {
          "rotation": ["5+math.sin(q.anim_time*90*1-200)*12", 0, 0]
        },
        "fc2": {
          "rotation": ["-2.5-math.sin(q.anim_time*90*1-100)*4", 0, 0]
        },
        "fc3": {
          "rotation": ["-5-math.sin(q.anim_time*90*1-150)*6", 0, 0]
        },
        "fc4": {
          "rotation": ["-5-math.sin(q.anim_time*90*1-150)*6", 0, 0]
        },
        "fingerrseg2": {
          "rotation": [0, 0, "-math.sin(q.anim_time*30*2+150)*2"]
        },
        "fingerseg": {
          "rotation": [0, 0, "math.sin(q.anim_time*30*2+150)*2"]
        },
        "frontcloth1": {
          "rotation": ["-7.5-math.sin(q.anim_time*90*1-50)*2", 0, 0]
        },
        "fur1": {
          "rotation": ["0+math.sin(q.anim_time*90*1-200)*4", 0, 0]
        },
        "fur2": {
          "rotation": ["math.sin(q.anim_time*90*1-200)*4", 0, 0]
        },
        "fur4": {
          "rotation": [0, 0, "math.sin(q.anim_time*90*1-200)*4"]
        },
        "furhead1": {
          "rotation": [0, 0, "math.sin(q.anim_time*90*1-200)*4"]
        },
        "furhead2": {
          "rotation": [0, 0, "math.sin(q.anim_time*90*1-200)*4"]
        },
        "furhead3": {
          "rotation": ["math.sin(q.anim_time*90*1-200)*4", 0, 0]
        },
        "fyur2": {
          "rotation": [0, 0, "math.sin(q.anim_time*90*1-200)*4"]
        },
        "headband_left": {
          "rotation": [0, "-math.sin(q.anim_time*90*1-50)*10", 0]
        },
        "headband_right": {
          "rotation": [0, "-math.sin(q.anim_time*90*1-50)*10", 0]
        },
        "lband1": {
          "rotation": [0, "-5-math.sin(q.anim_time*90*1-100)*15", 0]
        },
        "lband2": {
          "rotation": [0, "0-math.sin(q.anim_time*90*1-200)*25", 0]
        },
        "lband3": {
          "rotation": [0, "0-math.sin(q.anim_time*90*1-200)*25", 0]
        },
        "lowjaw": {
          "rotation": [0, 0, 0]
        },
        "neck": {
          "position": [0, 0, 0]
        },
        "rknee": {
          "position": [0, -0.5, 0]
        },
        "torso": {
          "position": [0, "math.sin(q.anim_time*4*16)*0.3", 0]
        }
      },
      "loop": true
    },
    "animation.urshifu_single.ground_walk": {
      "animation_length": 4,
      "bones": {
        "arm_left": {
          "rotation": {
            "0.0": [0, 0, 0],
            "0.5": [0, -10, 0],
            "1.0": [0, 0, 0],
            "1.5": [-5.12076, 12.45167, -1.10693],
            "2.0": [0, 0, 0],
            "2.5": [0, -10, 0],
            "3.0": [0, 0, 0],
            "3.5": [-5.12076, 12.45167, -1.10693],
            "4.0": [0, 0, 0]
          }
        },
        "arm_right": {
          "rotation": {
            "0.0": [0, 0, 0],
            "0.5": [0, -17.5, 0],
            "1.0": [0, 0, 0],
            "1.5": [0, 15, 0],
            "2.0": [0, 0, 0],
            "2.5": [0, -2.5, 0],
            "3.0": [0, 0, 0],
            "3.5": [0, 15, 0],
            "4.0": [0, 0, 0]
          }
        },
        "arms": {
          "position": [0, "math.sin(q.anim_time*4*16)*0.3", 0]
        },
        "bandseg1": {
          "rotation": [0, "-5-math.sin(q.anim_time*90*1-100)*15", 0]
        },
        "bandseg2": {
          "rotation": [0, "0-math.sin(q.anim_time*90*1-200)*25", 0]
        },
        "bandseg3": {
          "rotation": [0, "0-math.sin(q.anim_time*90*1-200)*25", 0]
        },
        "bc1": {
          "rotation": ["40+math.sin(q.anim_time*90*1-50)*4", 0, 0]
        },
        "bc2": {
          "rotation": ["15+math.sin(q.anim_time*90*1-100)*8", 0, 0]
        },
        "bc3": {
          "rotation": ["5+math.sin(q.anim_time*90*1-150)*10", 0, 0]
        },
        "bc4": {
          "rotation": ["5+math.sin(q.anim_time*90*1-200)*12", 0, 0]
        },
        "fc2": {
          "rotation": {
            "0.0": ["-2.5-math.sin(q.anim_time*90*1-100)*4", 0, 0],
            "0.25": ["22.5-math.sin(q.anim_time*90*1-100)*4", 0, 0],
            "0.5": ["12.5-math.sin(q.anim_time*90*1-100)*4", 0, 0],
            "1.0": ["-2.5-math.sin(q.anim_time*90*1-100)*4", 0, 0],
            "1.25": ["22.5-math.sin(q.anim_time*90*1-100)*4", 0, 0],
            "1.5": ["22.5-math.sin(q.anim_time*90*1-100)*4", 0, 0],
            "2.0": ["-2.5-math.sin(q.anim_time*90*1-100)*4", 0, 0],
            "2.25": ["22.5-math.sin(q.anim_time*90*1-100)*4", 0, 0],
            "2.5": ["12.5-math.sin(q.anim_time*90*1-100)*4", 0, 0],
            "3.0": ["-2.5-math.sin(q.anim_time*90*1-100)*4", 0, 0],
            "3.25": ["22.5-math.sin(q.anim_time*90*1-100)*4", 0, 0],
            "3.5": ["22.5-math.sin(q.anim_time*90*1-100)*4", 0, 0],
            "4.0": ["-2.5-math.sin(q.anim_time*90*1-100)*4", 0, 0]
          }
        },
        "fc3": {
          "rotation": {
            "0.0": ["-5-math.sin(q.anim_time*90*1-150)*6", 0, 0],
            "0.25": ["-30-math.sin(q.anim_time*90*1-150)*6", 0, 0],
            "0.5": ["12.5-math.sin(q.anim_time*90*1-150)*6", 0, 0],
            "1.0": ["-5-math.sin(q.anim_time*90*1-150)*6", 0, 0],
            "1.25": ["12.5-math.sin(q.anim_time*90*1-150)*6", 0, 0],
            "1.5": ["12.5-math.sin(q.anim_time*90*1-150)*6", 0, 0],
            "2.0": ["-5-math.sin(q.anim_time*90*1-150)*6", 0, 0],
            "2.25": ["-30-math.sin(q.anim_time*90*1-150)*6", 0, 0],
            "2.5": ["12.5-math.sin(q.anim_time*90*1-150)*6", 0, 0],
            "3.0": ["-5-math.sin(q.anim_time*90*1-150)*6", 0, 0],
            "3.25": ["12.5-math.sin(q.anim_time*90*1-150)*6", 0, 0],
            "3.5": ["12.5-math.sin(q.anim_time*90*1-150)*6", 0, 0],
            "4.0": ["-5-math.sin(q.anim_time*90*1-150)*6", 0, 0]
          }
        },
        "fc4": {
          "rotation": {
            "0.0": ["-5-math.sin(q.anim_time*90*1-150)*6", 0, 0],
            "0.25": ["-42.5-math.sin(q.anim_time*90*1-150)*6", 0, 0],
            "0.5": ["2.5-math.sin(q.anim_time*90*1-150)*6", 0, 0],
            "1.0": ["-5-math.sin(q.anim_time*90*1-150)*6", 0, 0],
            "1.25": ["-math.sin(q.anim_time*90*1-150)*6", 0, 0],
            "1.5": ["-math.sin(q.anim_time*90*1-150)*6", 0, 0],
            "2.0": ["-5-math.sin(q.anim_time*90*1-150)*6", 0, 0]
          }
        },
        "feetis": {
          "rotation": {
            "0.0": [0, 0, 0],
            "0.5": [9.17, 0, 0],
            "1.0": [0, 0, 0],
            "1.5": [-32.5, 0, 0],
            "2.0": [0, 0, 0],
            "2.5": [9.17, 0, 0],
            "3.0": [0, 0, 0],
            "3.5": [-32.5, 0, 0],
            "4.0": [0, 0, 0]
          }
        },
        "fingerrseg2": {
          "rotation": [0, 0, "-math.sin(q.anim_time*30*2+150)*2"]
        },
        "fingerseg": {
          "rotation": [0, 0, "math.sin(q.anim_time*30*2+150)*2"]
        },
        "frontcloth1": {
          "rotation": {
            "0.0": ["-10-math.sin(q.anim_time*90*1-50)*2", 0, 0],
            "0.25": [-49.08, 0, 0],
            "0.5": [-49.08, 0, 0],
            "1.0": ["-7.5-math.sin(q.anim_time*90*1-50)*2", 0, 0],
            "1.25": ["-52.5-math.sin(q.anim_time*90*1-50)*2", 0, 0],
            "1.5": ["-52.5-math.sin(q.anim_time*90*1-50)*2", 0, 0],
            "2.0": ["-10-math.sin(q.anim_time*90*1-50)*2", 0, 0],
            "2.25": [-49.08, 0, 0],
            "2.5": [-49.08, 0, 0],
            "3.0": ["-7.5-math.sin(q.anim_time*90*1-50)*2", 0, 0],
            "3.25": ["-52.5-math.sin(q.anim_time*90*1-50)*2", 0, 0],
            "3.5": ["-52.5-math.sin(q.anim_time*90*1-50)*2", 0, 0],
            "4.0": ["-7.5-math.sin(q.anim_time*90*1-50)*2", 0, 0]
          }
        },
        "fur1": {
          "rotation": {
            "0.0": ["0+math.sin(q.anim_time*90*1-200)*4", 0, 0],
            "2.0": ["0+math.sin(q.anim_time*90*1-200)*4", 0, 0],
            "4.0": ["0+math.sin(q.anim_time*90*1-200)*4", 0, 0]
          }
        },
        "fur2": {
          "rotation": {
            "0.0": ["math.sin(q.anim_time*90*1-200)*4", 0, 0],
            "2.0": ["math.sin(q.anim_time*90*1-200)*4", 0, 0]
          }
        },
        "fur4": {
          "rotation": [0, 0, "math.sin(q.anim_time*90*1-200)*4"]
        },
        "furhead1": {
          "rotation": [0, 0, "math.sin(q.anim_time*90*1-200)*4"]
        },
        "furhead2": {
          "rotation": [0, 0, "math.sin(q.anim_time*90*1-200)*4"]
        },
        "furhead3": {
          "rotation": ["math.sin(q.anim_time*90*1-200)*4", 0, 0]
        },
        "fyur2": {
          "rotation": {
            "0.0": [0, 0, "math.sin(q.anim_time*90*1-200)*4"],
            "2.0": [0, 0, "math.sin(q.anim_time*90*1-200)*4"]
          }
        },
        "head": {
          "rotation": {
            "0.0": [0, 0, 0],
            "0.5": [0, -10, 0],
            "1.0": [0, 0, 0],
            "1.5": [0, 7.5, 0],
            "2.0": [0, 0, 0],
            "2.5": [0, -10, 0],
            "3.0": [0, 0, 0],
            "3.5": [0, 7.5, 0],
            "4.0": [0, 0, 0]
          }
        },
        "headband_left": {
          "rotation": [0, "-math.sin(q.anim_time*90*1-50)*10", 0]
        },
        "headband_right": {
          "rotation": [0, "-math.sin(q.anim_time*90*1-50)*10", 0]
        },
        "lband1": {
          "rotation": [0, "-5-math.sin(q.anim_time*90*1-100)*15", 0]
        },
        "lband2": {
          "rotation": [0, "0-math.sin(q.anim_time*90*1-200)*25", 0]
        },
        "lband3": {
          "rotation": [0, "0-math.sin(q.anim_time*90*1-200)*25", 0]
        },
        "leftfoot": {
          "rotation": {
            "0.0": [0, 0, 0],
            "0.5": [-27.5, 0, 0],
            "1.0": [0, 0, 0],
            "2.0": [0, 0, 0],
            "2.5": [-27.5, 0, 0],
            "3.0": [0, 0, 0],
            "4.0": [0, 0, 0]
          }
        },
        "leg_left": {
          "position": {
            "0.0": [0, 0, 0],
            "0.5": [0, 0, 3],
            "1.0": [0, 0, 0],
            "1.5": [0, 0, -2],
            "2.0": [0, 0, 0],
            "2.5": [0, 0, 3],
            "3.0": [0, 0, 0],
            "3.5": [0, 0, -2],
            "4.0": [0, 0, 0]
          },
          "rotation": {
            "0.0": [0, 0, 0],
            "0.5": [35, 0, 0],
            "1.0": [0, 0, 0],
            "1.25": [-52.5, 0, 0],
            "1.5": [-45, 0, 0],
            "2.0": [0, 0, 0],
            "2.5": [35, 0, 0],
            "3.0": [0, 0, 0],
            "3.25": [-52.5, 0, 0],
            "3.5": [-45, 0, 0],
            "4.0": [0, 0, 0]
          }
        },
        "leg_right": {
          "position": {
            "0.0": [0, 0, 0],
            "1.0": [0, 0, 0],
            "1.5": [0, -2, 1],
            "2.0": [0, 0, 0],
            "3.0": [0, 0, 0],
            "3.5": [0, -2, 1],
            "4.0": [0, 0, 0]
          },
          "rotation": {
            "0.0": [0, 0, 0],
            "0.25": [-52.5, 0, 0],
            "0.5": [-55, 0, 0],
            "1.0": [0, 0, 0],
            "1.5": [30, 0, 0],
            "2.0": [0, 0, 0],
            "2.25": [-52.5, 0, 0],
            "2.5": [-55, 0, 0],
            "3.0": [0, 0, 0],
            "3.5": [30, 0, 0],
            "4.0": [0, 0, 0]
          }
        },
        "lknee": {
          "position": {
            "0.0": [0, 0, 0],
            "1.0": [0, 0, 0],
            "1.25": [0, 0, 1],
            "1.5": [0, 0, 0],
            "2.0": [0, 0, 0],
            "3.0": [0, 0, 0],
            "3.25": [0, 0, 1],
            "3.5": [0, 0, 0],
            "4.0": [0, 0, 0]
          },
          "rotation": {
            "0.0": [0, 0, 0],
            "1.0": [0, 0, 0],
            "1.25": [32.5, 0, 0],
            "1.5": [45, 0, 0],
            "2.0": [0, 0, 0],
            "3.0": [0, 0, 0],
            "3.25": [32.5, 0, 0],
            "3.5": [45, 0, 0],
            "4.0": [0, 0, 0]
          }
        },
        "lowjaw": {
          "rotation": [0, 0, 0]
        },
        "mainthing": {
          "position": {
            "0.0": [0, 0, 0],
            "0.5": [0, -4, 0],
            "1.0": [0, 0, 0],
            "1.5": [0, -2, 0],
            "2.0": [0, 0, 0],
            "2.5": [0, -4, 0],
            "3.0": [0, 0, 0],
            "3.5": [0, -2, 0],
            "4.0": [0, 0, 0]
          }
        },
        "neck": {
          "position": [0, 0, 0]
        },
        "rknee": {
          "position": {
            "0.0": [0, -0.5, 0],
            "1.0": [0, -0.5, 0],
            "2.0": [0, -0.5, 0],
            "3.0": [0, -0.5, 0],
            "4.0": [0, -0.5, 0]
          },
          "rotation": {
            "0.0": [0, 0, 0],
            "0.25": [28.75, 0, 0],
            "0.5": [47.5, 0, 0],
            "1.0": [0, 0, 0],
            "1.5": [2.5, 0, 0],
            "2.0": [0, 0, 0],
            "2.25": [28.75, 0, 0],
            "2.5": [47.5, 0, 0],
            "3.0": [0, 0, 0],
            "3.5": [2.5, 0, 0],
            "4.0": [0, 0, 0]
          }
        },
        "torso": {
          "position": {
            "0.0": [0, "math.sin(q.anim_time*4*16)*0.3", 0],
            "2.0": [0, "math.sin(q.anim_time*4*16)*0.3", 0],
            "4.0": [0, "math.sin(q.anim_time*4*16)*0.3", 0]
          },
          "rotation": {
            "0.0": [0, 0, 0],
            "0.5": [0, 10, 0],
            "1.0": [0, 0, 0],
            "1.5": [0, -7.5, 0],
            "2.0": [0, 0, 0],
            "2.5": [0, 10, 0],
            "3.0": [0, 0, 0],
            "3.5": [0, -7.5, 0],
            "4.0": [0, 0, 0]
          }
        }
      },
      "loop": true
    },
    "animation.urshifu_single.physical": {
      "animation_length": 3.25,
      "bones": {
        "arm_left": {
          "position": {
            "0.0": [-2, -1, 0],
            "0.75": [-1, -2, 0],
            "1.0": [-1, -2, 0],
            "1.1667": [0, -2, 0],
            "2.25": [0, -2, 0],
            "2.5": [-2, -1, 0]
          },
          "rotation": {
            "0.0": [0, 0, 15],
            "1.1667": [2.59022, 2.49237, 22.58304],
            "2.25": [2.59022, 2.49237, 22.58304],
            "2.5": [0, 0, 15]
          }
        },
        "arm_right": {
          "rotation": {
            "0.0": [-5.16524, 27.0478, -11.24314],
            "1.0": [-8.89674, 26.12797, -19.56838],
            "1.1667": [9.39331, 44.51442, -21.85539],
            "2.25": [9.39331, 44.51442, -21.85539],
            "2.5": [-5.16524, 27.0478, -11.24314]
          }
        },
        "arms": {
          "position": {
            "0.0": [0, "math.sin(q.anim_time*4*16)*0.3", 0],
            "2.5": [0, "math.sin(q.anim_time*4*16)*0.3", 0]
          }
        },
        "back": {
          "position": {
            "0.0": [0, 5, 0],
            "2.5": [0, 5, 0]
          },
          "rotation": {
            "0.0": [69.97365, 1.5216, -1.98385],
            "2.5": [69.97365, 1.5216, -1.98385]
          }
        },
        "bandseg1": {
          "rotation": {
            "0.0": [6.70127, "-3.0932-math.sin(q.anim_time*90*1-100)*15", 9.67518],
            "1.0": [6.70127, "-3.0932-math.sin(q.anim_time*90*1-100)*15", 9.67518],
            "1.1667": [6.12783, "26.7276-math.sin(q.anim_time*90*1-100)*15", 13.03512],
            "2.75": [6.70127, "-3.0932-math.sin(q.anim_time*90*1-100)*15", 9.67518]
          }
        },
        "bandseg2": {
          "rotation": [-6.36991, "29.9706-math.sin(q.anim_time*90*1-200)*25", 9.55406]
        },
        "bandseg3": {
          "rotation": [5.54163, "-1.6719-math.sin(q.anim_time*90*1-200)*25", -4.43478]
        },
        "bc1": {
          "position": {
            "0.0": [0, 0, 0],
            "1.0": [0, 0, 0],
            "1.1667": [0, -1, -3],
            "2.75": [0, 0, 0]
          },
          "rotation": {
            "0.0": ["-25.7246+math.sin(q.anim_time*90*1-50)*4", -13.77624, 5.99253],
            "1.0": ["-25.7246+math.sin(q.anim_time*90*1-50)*4", -13.77624, 5.99253],
            "1.1667": ["-23.2246+math.sin(q.anim_time*90*1-50)*4", -13.77624, 5.99253],
            "2.75": ["-25.7246+math.sin(q.anim_time*90*1-50)*4", -13.77624, 5.99253],
            "3.25": ["-25.7246+math.sin(q.anim_time*90*1-50)*4", -13.77624, 5.99253]
          }
        },
        "bc2": {
          "rotation": {
            "0.0": ["-13.4773+math.sin(q.anim_time*90*1-100)*8", 4.58164, "2.4306+math.sin(q.anim_time*90*1-100)*8"],
            "1.0": ["-13.4773+math.sin(q.anim_time*90*1-100)*8", 4.58164, "2.4306+math.sin(q.anim_time*90*1-100)*8"],
            "1.1667": ["21.5227+math.sin(q.anim_time*90*1-100)*8", 4.58164, "2.4306+math.sin(q.anim_time*90*1-100)*8"],
            "2.75": ["-13.4773+math.sin(q.anim_time*90*1-100)*8", 4.58164, "2.4306+math.sin(q.anim_time*90*1-100)*8"],
            "3.25": ["-13.4773+math.sin(q.anim_time*90*1-100)*8", 4.58164, "2.4306+math.sin(q.anim_time*90*1-100)*8"]
          }
        },
        "bc3": {
          "rotation": {
            "0.0": ["2.7377+math.sin(q.anim_time*90*1-150)*10", 12.3071, "2.2046+math.sin(q.anim_time*90*1-150)*10"],
            "1.0": ["2.7377+math.sin(q.anim_time*90*1-150)*10", 12.3071, "2.2046+math.sin(q.anim_time*90*1-150)*10"],
            "1.1667": ["40.2377+math.sin(q.anim_time*90*1-150)*10", 12.3071, "2.2046+math.sin(q.anim_time*90*1-150)*10"],
            "2.75": ["2.7377+math.sin(q.anim_time*90*1-150)*10", 12.3071, "2.2046+math.sin(q.anim_time*90*1-150)*10"],
            "3.25": ["2.7377+math.sin(q.anim_time*90*1-150)*10", 12.3071, "2.2046+math.sin(q.anim_time*90*1-150)*10"]
          }
        },
        "bc4": {
          "rotation": {
            "0.0": ["-19.8489+math.sin(q.anim_time*90*1-200)*12", 9.84655, "1.7538+math.sin(q.anim_time*90*1-200)*12"],
            "1.0": ["-19.8489+math.sin(q.anim_time*90*1-200)*12", 9.84655, "1.7538+math.sin(q.anim_time*90*1-200)*12"],
            "1.1667": ["32.6511+math.sin(q.anim_time*90*1-200)*12", 9.84655, "1.7538+math.sin(q.anim_time*90*1-200)*12"],
            "2.75": ["-19.8489+math.sin(q.anim_time*90*1-200)*12", 9.84655, "1.7538+math.sin(q.anim_time*90*1-200)*12"],
            "3.25": ["-19.8489+math.sin(q.anim_time*90*1-200)*12", 9.84655, "1.7538+math.sin(q.anim_time*90*1-200)*12"]
          }
        },
        "bicepleft": {
          "position": {
            "0.0": [0, 0, 0],
            "2.5": [0, 0, 0]
          },
          "rotation": {
            "0.0": [0, 0, "125-math.sin(q.anim_time*90*1-50)*2"],
            "0.75": [177.5, 0, "40-math.sin(q.anim_time*90*1-50)*2"],
            "1.0": [177.5, 0, "40-math.sin(q.anim_time*90*1-50)*2"],
            "1.1667": [164.83931, -3.50478, "-84.0037-math.sin(q.anim_time*90*1-50)*2"],
            "2.25": [164.83931, -3.50478, "-84.0037-math.sin(q.anim_time*90*1-50)*2"],
            "2.5": [0, 0, "125-math.sin(q.anim_time*90*1-50)*2"]
          }
        },
        "bicepright": {
          "position": {
            "0.0": [0, 0, 0],
            "1.0": [1, 0, 0],
            "1.1667": [2, 0, 0],
            "2.25": [2, 0, 0],
            "2.5": [0, 0, 0]
          },
          "rotation": {
            "0.0": [58.28573, 33.45406, 10.91547],
            "1.0": [58.28573, 33.45406, 10.91547],
            "1.1667": [-3.1762, -0.17018, -26.43149],
            "2.25": [-3.1762, -0.17018, -26.43149],
            "2.5": [58.28573, 33.45406, 10.91547]
          }
        },
        "bone": {
          "rotation": {
            "0.0": [42.5, 0, 0],
            "3.25": [42.5, 0, 0]
          }
        },
        "ear1": {
          "rotation": {
            "0.0": [0, 0, 40],
            "3.25": [0, 0, 40]
          }
        },
        "ear2": {
          "rotation": {
            "0.0": [0, 0, -35],
            "3.25": [0, 0, -35]
          }
        },
        "fc2": {
          "rotation": {
            "0.0": ["5-math.sin(q.anim_time*90*1-150)*6", 0, "-2.5-math.sin(q.anim_time*90*1-150)*6"],
            "1.0": ["5-math.sin(q.anim_time*90*1-150)*6", 0, "-2.5-math.sin(q.anim_time*90*1-150)*6"],
            "1.1667": ["-40-math.sin(q.anim_time*90*1-150)*6", 0, "-2.5-math.sin(q.anim_time*90*1-150)*6"],
            "2.5": ["5-math.sin(q.anim_time*90*1-150)*6", 0, "-2.5-math.sin(q.anim_time*90*1-150)*6"],
            "3.25": ["5-math.sin(q.anim_time*90*1-150)*6", 0, "-2.5-math.sin(q.anim_time*90*1-150)*6"]
          }
        },
        "fc3": {
          "rotation": {
            "0.0": ["-2.4905-math.sin(q.anim_time*90*1-150)*8", -0.21782, "-7.4953-math.sin(q.anim_time*90*1-150)*8"],
            "1.0": ["-2.4905-math.sin(q.anim_time*90*1-150)*8", -0.21782, "-7.4953-math.sin(q.anim_time*90*1-150)*8"],
            "1.1667": ["-29.9905-math.sin(q.anim_time*90*1-150)*8", -0.21782, "-7.4953-math.sin(q.anim_time*90*1-150)*8"],
            "2.5": ["-2.4905-math.sin(q.anim_time*90*1-150)*8", -0.21782, "-7.4953-math.sin(q.anim_time*90*1-150)*8"],
            "3.25": ["-2.4905-math.sin(q.anim_time*90*1-150)*8", -0.21782, "-7.4953-math.sin(q.anim_time*90*1-150)*8"]
          }
        },
        "fc4": {
          "rotation": {
            "0.0": ["-14.9539-math.sin(q.anim_time*90*1-150)*12", -1.08089, "-4.8821-math.sin(q.anim_time*90*1-150)*10"],
            "1.0": ["-14.9539-math.sin(q.anim_time*90*1-150)*12", -1.08089, "-4.8821-math.sin(q.anim_time*90*1-150)*10"],
            "1.1667": ["-47.4539-math.sin(q.anim_time*90*1-150)*12", -1.08089, "-4.8821-math.sin(q.anim_time*90*1-150)*10"],
            "2.75": ["-14.9539-math.sin(q.anim_time*90*1-150)*12", -1.08089, "-4.8821-math.sin(q.anim_time*90*1-150)*10"],
            "3.25": ["-14.9539-math.sin(q.anim_time*90*1-150)*12", -1.08089, "-4.8821-math.sin(q.anim_time*90*1-150)*10"]
          }
        },
        "feetis": {
          "position": {
            "0.0": [0, 0, 0],
            "1.1667": [0, 1, 0],
            "2.5": [0, 0, 0]
          },
          "rotation": {
            "0.0": [5, 0, 0],
            "0.75": [-2.46207, 0.43399, 9.99067],
            "1.0": [6.95857, 56.1283, 21.03349],
            "1.1667": [18.87067, -20.42794, 6.89939],
            "2.25": [10.44464, -20.9011, 9.52304],
            "2.5": [5, 0, 0]
          }
        },
        "fingerrseg2": {
          "rotation": {
            "0.0": [0, 0, 62.5],
            "2.5": [0, 0, 62.5]
          }
        },
        "fingers": {
          "rotation": {
            "0.0": [0, 0, -60],
            "0.75": [0, 0, 47.5],
            "1.0": [0, 0, 47.5],
            "1.1667": [0, 0, -55],
            "2.25": [0, 0, -55],
            "2.5": [0, 0, -60]
          }
        },
        "fingers_right": {
          "rotation": {
            "0.0": [0, 0, 70],
            "2.5": [0, 0, 70]
          }
        },
        "fingerseg": {
          "rotation": {
            "0.0": [0, 0, -60],
            "0.75": [0, 0, -22.5],
            "1.0": [0, 0, -22.5],
            "1.1667": [0, 0, -60],
            "2.25": [0, 0, -60],
            "2.5": [0, 0, -60]
          }
        },
        "forearmleft": {
          "rotation": {
            "0.0": [182.22764, 20.15563, 28.30359],
            "0.75": [178.76287, 20.37532, 3.06937],
            "1.0": [178.76287, 20.37532, 3.06937],
            "1.1667": [175.76126, 10.28382, 50.87039],
            "2.25": [175.76126, 10.28382, 50.87039],
            "2.5": [182.22764, 20.15563, 28.30359]
          }
        },
        "forearmright": {
          "position": {
            "0.0": [-1, 0, -2],
            "1.0": [-1, 0, 0],
            "1.1667": [0, 0, 0],
            "2.25": [0, 0, 0],
            "2.5": [-1, 0, -2]
          },
          "rotation": {
            "0.0": [182.5, 75, -180],
            "1.0": [182.5, 75, -180],
            "1.0833": [272.72014, 48.78229, -96.27946],
            "1.1667": [360.97854, -17.40718, -15.03479],
            "2.25": [360.97854, -17.40718, -15.03479],
            "2.5": [182.5, 75, -180]
          }
        },
        "front": {
          "rotation": {
            "0.0": [-17.5, 0, 0],
            "2.5": [-17.5, 0, 0]
          }
        },
        "frontcloth1": {
          "position": {
            "0.0": [0, 2, 0],
            "1.0": [0, 2, 0],
            "2.75": [0, 2, 0],
            "3.25": [0, 2, 0]
          },
          "rotation": {
            "0.0": ["-18.2938-math.sin(q.anim_time*90*1-50)*2", -14.04833, "2.8551-math.sin(q.anim_time*90*1-50)*2"],
            "1.0": ["-18.2938-math.sin(q.anim_time*90*1-50)*2", -14.04833, "2.8551-math.sin(q.anim_time*90*1-50)*2"],
            "1.1667": ["-35.7938-math.sin(q.anim_time*90*1-50)*2", -14.04833, "2.8551-math.sin(q.anim_time*90*1-50)*2"],
            "2.75": ["-18.2938-math.sin(q.anim_time*90*1-50)*2", -14.04833, "2.8551-math.sin(q.anim_time*90*1-50)*2"],
            "3.25": ["-18.2938-math.sin(q.anim_time*90*1-50)*2", -14.04833, "2.8551-math.sin(q.anim_time*90*1-50)*2"]
          }
        },
        "fur1": {
          "position": {
            "0.0": [0, -2, 0],
            "1.75": [0, -2, 0]
          },
          "rotation": {
            "0.0": ["-115+math.sin(q.anim_time*90*1-200)*4", 0, 0],
            "1.75": ["-115+math.sin(q.anim_time*90*1-200)*4", 0, 0]
          }
        },
        "fur2": {
          "position": {
            "0.0": [0, -2, 0],
            "2.5": [0, -2, 0]
          },
          "rotation": {
            "0.0": ["-110+math.sin(q.anim_time*90*1-200)*4", 0, 0],
            "2.5": ["-110+math.sin(q.anim_time*90*1-200)*4", 0, 0]
          }
        },
        "fur3": {
          "position": {
            "0.0": [0, -2, 0],
            "1.75": [0, -2, 0]
          },
          "rotation": {
            "0.0": [107.5, 0, 0],
            "1.75": [107.5, 0, 0]
          }
        },
        "fur4": {
          "rotation": {
            "0.0": [0, 0, "-117.5+math.sin(q.anim_time*90*1-200)*4"],
            "2.5": [0, 0, "-117.5+math.sin(q.anim_time*90*1-200)*4"]
          }
        },
        "fur5": {
          "rotation": {
            "0.0": [110, 0, 0],
            "2.5": [110, 0, 0]
          }
        },
        "fur6": {
          "position": {
            "0.0": [1, -3, 0],
            "2.5": [1, -3, 0]
          },
          "rotation": {
            "0.0": [0, 0, "87.5-math.sin(q.anim_time*90*1-200)*4"],
            "2.5": [0, 0, "87.5-math.sin(q.anim_time*90*1-200)*4"]
          }
        },
        "furhead1": {
          "rotation": [0, 0, "-140+math.sin(q.anim_time*90*1-200)*4"]
        },
        "furhead2": {
          "rotation": [0, 0, "127.5+math.sin(q.anim_time*90*1-200)*4"]
        },
        "furhead3": {
          "rotation": ["127.5+math.sin(q.anim_time*90*1-200)*4", 0, 0]
        },
        "fyur2": {
          "position": {
            "0.0": [1, -3, 0],
            "1.75": [1, -3, 0]
          },
          "rotation": {
            "0.0": [0, 0, "115+math.sin(q.anim_time*90*1-200)*4"],
            "1.75": [0, 0, "115+math.sin(q.anim_time*90*1-200)*4"]
          }
        },
        "fyur3": {
          "position": {
            "0.0": [0, -3, 0],
            "1.75": [0, -3, 0]
          },
          "rotation": {
            "0.0": [0, 0, "-95-math.sin(q.anim_time*90*1-200)*4"],
            "1.75": [0, 0, "-95-math.sin(q.anim_time*90*1-200)*4"]
          }
        },
        "hair": {
          "rotation": {
            "0.0": [0, 0, 2.5],
            "2.5": [0, 0, 2.5]
          }
        },
        "hand_left": {
          "rotation": {
            "0.0": [0, 0, 0],
            "0.75": [0, 0, 37.5],
            "1.0": [0, 0, 37.5],
            "1.1667": [0, 0, 12.5]
          }
        },
        "hand_right": {
          "rotation": {
            "0.0": [0, 0, 0],
            "1.0833": [0, 0, 32.5],
            "1.1667": [0, 0, 5]
          }
        },
        "head": {
          "rotation": {
            "0.0": [19.46618, 12.92343, -2.05977],
            "0.75": [29.9257, 31.63207, 5.6333],
            "1.0": [29.9257, 31.63207, 5.6333],
            "1.0417": [11.96628, 26.72396, 3.52332],
            "1.1667": [18.08802, 11.99962, -2.80664],
            "2.25": [18.08802, 11.99962, -2.80664],
            "2.5": [19.46618, 12.92343, -2.05977]
          },
          "scale": {
            "0.0": [0.9, 0.8, 1],
            "2.5": [0.9, 0.8, 1]
          }
        },
        "headband_left": {
          "position": {
            "0.0": [-1, -1, 0],
            "1.0": [-1, -1, 0],
            "2.75": [-1, -1, 0]
          },
          "rotation": {
            "0.0": [9.54046, "-58.8842+math.sin(q.anim_time*90*1-50)*10", 42.2072],
            "1.0": [9.54046, "-58.8842+math.sin(q.anim_time*90*1-50)*10", 42.2072],
            "1.1667": [3.02031, "-53.5668+math.sin(q.anim_time*90*1-50)*10", 4.32529],
            "2.75": [9.54046, "-58.8842+math.sin(q.anim_time*90*1-50)*10", 42.2072]
          }
        },
        "headband_right": {
          "rotation": {
            "0.0": [-17.4812, "40.6549-math.sin(q.anim_time*90*1-50)*10", -38.42136],
            "1.0": [-17.4812, "40.6549-math.sin(q.anim_time*90*1-50)*10", -38.42136],
            "1.1667": [-29.16716, "-0.9715-math.sin(q.anim_time*90*1-50)*10", -21.68209],
            "2.75": [-17.4812, "40.6549-math.sin(q.anim_time*90*1-50)*10", -38.42136]
          }
        },
        "lband1": {
          "rotation": {
            "0.0": [14.34255, "-22.4485-math.sin(q.anim_time*90*1-100)*15", 12.43407],
            "1.0": [14.34255, "-22.4485-math.sin(q.anim_time*90*1-100)*15", 12.43407],
            "1.1667": [-0.68462, "-4.9499-math.sin(q.anim_time*90*1-100)*15", 12.22815],
            "2.75": [14.34255, "-22.4485-math.sin(q.anim_time*90*1-100)*15", 12.43407]
          }
        },
        "lband2": {
          "rotation": [-7.21604, "40.4825+math.sin(q.anim_time*90*1-200)*25", 7.68073]
        },
        "lband3": {
          "rotation": [-2.33411, "33.3552+math.sin(q.anim_time*90*1-200)*25", 2.92364]
        },
        "leftfoot": {
          "rotation": {
            "0.0": [-15, 0, 0],
            "0.75": [-15, 0, 0],
            "1.0": [-15, 0, 0],
            "1.0833": [-18.61244, -10.44077, -28.28447],
            "1.1667": [-26.11244, -10.44077, -28.28447],
            "2.25": [-18.61244, -10.44077, -28.28447],
            "2.5": [-15, 0, 0]
          }
        },
        "leg_left": {
          "position": {
            "0.0": [0, 0, 0],
            "0.75": [0, 0, 0],
            "1.0": [0, 0, 0],
            "1.0833": [0, 0, 0],
            "1.1667": [2, 0, -3],
            "2.25": [2, 0, -3],
            "2.5": [0, 0, 0]
          },
          "rotation": {
            "0.0": [-52.90208, 67.83409, 3.18262],
            "0.75": [-52.90208, 67.83409, 3.18262],
            "1.0": [-52.90208, 67.83409, 3.18262],
            "1.0833": [74.15441, 72.26701, 101.22011],
            "1.1667": [74.15441, 72.26701, 101.22011],
            "2.25": [74.15441, 72.26701, 101.22011],
            "2.5": [-52.90208, 67.83409, 3.18262]
          }
        },
        "leg_right": {
          "position": {
            "0.0": [0, 0, 0],
            "0.75": [0, 0, 0],
            "1.0": [0, 0, 4],
            "1.1667": [0, 0, 5],
            "2.25": [0, 0, 5],
            "2.5": [0, 0, 0]
          },
          "rotation": {
            "0.0": [-28.81328, -82.01058, -30.93292],
            "0.75": [-28.81328, -82.01058, -30.93292],
            "1.0": [51.03459, -80.70903, -101.39242],
            "1.1667": [56.03459, -80.70903, -101.39242],
            "2.25": [56.03459, -80.70903, -101.39242],
            "2.5": [-28.81328, -82.01058, -30.93292]
          }
        },
        "legs": {
          "position": {
            "0.0": [0, 0, 0],
            "0.75": [0, 0, 0],
            "1.0": [0, 0, 0],
            "1.1667": [-3, 0, 7],
            "2.25": [-3, 0, 7],
            "2.5": [0, 0, 0]
          },
          "rotation": {
            "0.0": [0, 0, 0],
            "0.75": [0, 0, 0],
            "1.0": [0, 0, 0],
            "1.1667": [0, 175, 0],
            "2.25": [0, 175, 0],
            "2.5": [0, 0, 0]
          }
        },
        "lknee": {
          "rotation": {
            "0.0": [82.5, 0, 0],
            "0.75": [82.5, 0, 0],
            "1.0": [82.5, 0, 0],
            "1.0833": [148.24252, -81.26783, -128.67995],
            "1.1667": [148.24252, -81.26783, -128.67995],
            "2.25": [148.24252, -81.26783, -128.67995],
            "2.5": [82.5, 0, 0]
          }
        },
        "lowjaw": {
          "rotation": {
            "0.0": [0, 0, 0],
            "1.0": [15, 0, 0],
            "1.0417": [40, 0, 0],
            "1.0833": [40, 0, 0],
            "1.1667": [0, 0, 0],
            "2.25": [0, 0, 0],
            "2.5": [0, 0, 0]
          }
        },
        "mainthing": {
          "position": {
            "0.0": [0, -5.6, 0],
            "1.0": [0, -5.6, 0],
            "1.1667": [0, -5.6, -14],
            "2.2083": [0, -5.6, -14],
            "2.25": [0, 1.4, -14],
            "2.5": [0, -5.6, 0],
            "2.5417": [0, -6.2, 0],
            "2.5833": [0, -5.6, 0],
            "2.625": [0, -6.2, 0],
            "2.6667": [0, -5.6, 0],
            "2.7083": [0, -6.2, 0],
            "2.75": [0, -5.6, 0],
            "2.7917": [0, -6.2, 0]
          },
          "rotation": {
            "0.0": [0, -60, 0],
            "1.0": [0, -60, 0],
            "2.5": [0, -60, 0]
          }
        },
        "neck": {
          "position": {
            "0.0": [-1, 1, 0],
            "2.5": [-1, 1, 0]
          },
          "rotation": {
            "0.0": [-10.65119, 24.83901, -1.90415],
            "1.0": [-10.65119, 24.83901, -1.90415],
            "1.1667": [12.59404, -61.97362, -16.62713],
            "2.25": [12.59404, -61.97362, -16.62713],
            "2.5": [-10.65119, 24.83901, -1.90415]
          }
        },
        "rknee": {
          "position": {
            "0.0": [0, 0, 0],
            "0.75": [0, 0, 0],
            "0.7917": [0, 0.3, 0],
            "0.8333": [0, 0, 0],
            "2.5": [0, 0, 0]
          },
          "rotation": {
            "0.0": [67.5, 0, 0],
            "0.75": [77.39557, 7.32123, -1.63219],
            "1.0": [60.38176, 34.30439, 3.88543],
            "1.1667": [43.11669, 8.28616, -0.55515],
            "2.25": [43.11669, 8.28616, -0.55515],
            "2.5": [67.5, 0, 0]
          }
        },
        "shoulderleft": {
          "position": {
            "0.0": [0, 0, 0],
            "1.0": [1, 0, 0],
            "1.1667": [1, 0, 0],
            "2.5": [0, 0, 0]
          },
          "rotation": {
            "0.0": [0, 0, 15],
            "1.0": [-8.99137, 15.78084, -2.44284],
            "1.1667": [-20.2732, 71.77582, -20.93865],
            "2.25": [-20.2732, 71.77582, -20.93865],
            "2.5": [0, 0, 15]
          }
        },
        "shoulderright": {
          "rotation": {
            "0.0": [0, 0, 0],
            "1.0": [0, 0, -15],
            "1.0833": [0, 7.5, 22.5],
            "1.1667": [0, 0, -10]
          }
        },
        "tail": {
          "position": {
            "0.0": [0, 3, 0],
            "2.5": [0, 3, 0]
          }
        },
        "thumb1": {
          "rotation": {
            "0.0": [0, 22.5, 0],
            "0.75": [-35, 22.5, 0],
            "1.0": [-35, 22.5, 0],
            "1.1667": [10, 22.5, 0],
            "2.25": [10, 22.5, 0],
            "2.5": [0, 22.5, 0]
          }
        },
        "thumbright": {
          "rotation": {
            "0.0": [30, 0, 0],
            "2.5": [30, 0, 0]
          }
        },
        "thungbmbrseg2": {
          "rotation": {
            "0.0": [40, 0, 0],
            "2.5": [40, 0, 0]
          }
        },
        "thunmbseg": {
          "rotation": {
            "0.0": [20.02717, 1.68868, 1.84373],
            "0.75": [5.02717, 1.68868, 1.84373],
            "1.0": [5.02717, 1.68868, 1.84373],
            "1.1667": [25.02717, 1.68868, 1.84373],
            "2.25": [25.02717, 1.68868, 1.84373],
            "2.5": [20.02717, 1.68868, 1.84373]
          }
        },
        "torso": {
          "position": {
            "0.0": [0, "math.sin(q.anim_time*4*16)*0.3", 0],
            "0.75": [0, "math.sin(q.anim_time*4*16)*0.3", 3],
            "1.0": [0, "math.sin(q.anim_time*4*16)*0.3", 3],
            "1.1667": [-2, "-2+math.sin(q.anim_time*4*16)*0.3", 5],
            "1.2083": [-2, "--1.5+math.sin(q.anim_time*4*16)*0.3", 5],
            "1.25": [-2, "-2+math.sin(q.anim_time*4*16)*0.3", 5],
            "1.2917": [-2, "--1.5+math.sin(q.anim_time*4*16)*0.3", 5],
            "1.3333": [-2, "-2+math.sin(q.anim_time*4*16)*0.3", 5],
            "1.375": [-2, "--1.5+math.sin(q.anim_time*4*16)*0.3", 5],
            "1.4167": [-2, "-2+math.sin(q.anim_time*4*16)*0.3", 5],
            "1.4583": [-2, "--1.5+math.sin(q.anim_time*4*16)*0.3", 5],
            "1.5": [-2, "-2+math.sin(q.anim_time*4*16)*0.3", 5],
            "1.5417": [-2, "--1.5+math.sin(q.anim_time*4*16)*0.3", 5],
            "2.25": [-2, "-2+math.sin(q.anim_time*4*16)*0.3", 5],
            "2.5": [0, "math.sin(q.anim_time*4*16)*0.3", 0]
          },
          "rotation": {
            "0.0": [0, 0, 0],
            "0.75": [0, -32.5, 0],
            "1.0": [0, -32.5, 0],
            "1.1667": [0, 120, 0],
            "2.25": [0, 120, 0],
            "2.5": [0, 0, 0]
          }
        },
        "torso_clothes": {
          "position": {
            "0.0": [0, 0, 0],
            "2.5": [0, 0, 0]
          }
        },
        "whiteneck": {
          "position": {
            "0.0": [0, -1, 0],
            "2.5": [0, -1, 0]
          },
          "rotation": {
            "0.0": [0, 15, 0],
            "0.75": [0, 20, 0],
            "1.0": [0, 20, 0],
            "2.5": [0, 15, 0]
          }
        }
      },
      "loop": true
    },
    "animation.urshifu_single.sleep": {
      "animation_length": 5.5,
      "bones": {
        "arm_left": {
          "rotation": [-20, 0, 60]
        },
        "arm_right": {
          "position": [0, 0, 0],
          "rotation": [0, 0, -50]
        },
        "arms": {
          "position": [0, 0, "0-math.sin(q.anim_time*4*16)*0.3"]
        },
        "bandseg1": {
          "rotation": [0, 22.5, 0]
        },
        "bandseg2": {
          "rotation": [0, 7.5, 0]
        },
        "bicepleft": {
          "rotation": [0, 0, -42.5]
        },
        "bicepright": {
          "rotation": [0.002, 17.49999, 32.51465]
        },
        "eyebrow": {
          "position": [0, -1, 0],
          "rotation": [0, 0, 5],
          "scale": [1, 1.3, 1]
        },
        "eyebrow1": {
          "position": [0, -1, 0],
          "rotation": [0, 0, -5],
          "scale": [1, 1.1, 1]
        },
        "fc2": {
          "rotation": [0, 0, 0]
        },
        "fc3": {
          "rotation": [22.5, 0, 0]
        },
        "fc4": {
          "rotation": [15, 0, 0]
        },
        "fingerseg": {
          "rotation": [0, 0, 20]
        },
        "forearmleft": {
          "rotation": [0, 0, -62.5]
        },
        "forearmright": {
          "rotation": [47.7283, 15.42385, 76.37038]
        },
        "fur1": {
          "position": [0, -2, 0],
          "rotation": [-112.5, 0, 0]
        },
        "fur2": {
          "rotation": [25, 0, 0]
        },
        "fyur2": {
          "position": [0, -2, 0],
          "rotation": [0, 0, 120]
        },
        "fyur3": {
          "position": [-1, -3, 0],
          "rotation": [0, 0, -80]
        },
        "hand_left": {
          "rotation": [57.5, 0, 0]
        },
        "hand_right": {
          "rotation": [27.5, 0, 0]
        },
        "headband_left": {
          "rotation": [0, -67.5, 0]
        },
        "headband_right": {
          "rotation": [0, 45, 0]
        },
        "lband1": {
          "rotation": [0, 0, 0]
        },
        "lband3": {
          "rotation": [0, 22.5, 0]
        },
        "leftfoot": {
          "position": [0, 2, 0],
          "rotation": [47.5, 0, 0]
        },
        "leg_left": {
          "rotation": [-72.5, 0, 0]
        },
        "lknee": {
          "position": [0, 0, 1],
          "rotation": [110.77463, 19.50645, 4.50432]
        },
        "lowjaw": {
          "rotation": {
            "0.0": [0, 0, 0],
            "1.75": [0, 0, 0],
            "2.5": [30, 0, 0],
            "2.5417": [27.5, 0, 0],
            "2.5833": [30, 0, 0],
            "2.625": [27.5, 0, 0],
            "2.6667": [30, 0, 0],
            "2.7083": [27.5, 0, 0],
            "2.75": [30, 0, 0],
            "2.7917": [27.5, 0, 0],
            "3.9583": [0, 0, 0]
          }
        },
        "mainthing": {
          "position": [0, 4, -18],
          "rotation": [-87.5, 0, 0]
        },
        "shoulderleft": {
          "rotation": [-181.43455, 2.04767, 54.97436]
        },
        "shoulderright": {
          "position": [-1, 0, 0],
          "rotation": [180.9467, -18.15324, -45.33277]
        },
        "torso": {
          "position": [0, 0, "math.sin(q.anim_time*4*16)*0.3"],
          "rotation": [10, 0, 0]
        }
      },
      "loop": true
    }
  },
  "format_version": "1.8.0"
}