{
  "animations": {
    "animation.gougingfire.ground_idle": {
      "bones": {
        "back_foot_left": {
          "rotation": ["0.0628+math.sin(q.anim_time*90*2)*4", -4.76804, -1.50701]
        },
        "back_foot_right": {
          "rotation": ["0.0628+math.sin(q.anim_time*90*2)*4", 4.76804, 1.50701]
        },
        "back_leg_left": {
          "rotation": ["0.0193+math.sin(q.anim_time*90*2)*2", -2.30959, -0.95723]
        },
        "back_leg_left1": {
          "rotation": ["-0.1076-math.sin(q.anim_time*90*2)*6", -3.82821, 3.21873]
        },
        "back_leg_right": {
          "rotation": ["0.0193+math.sin(q.anim_time*90*2)*2", 2.30959, 0.95723]
        },
        "back_leg_right1": {
          "rotation": ["-0.1076-math.sin(q.anim_time*90*2)*6", 3.82821, -3.21873]
        },
        "body": {
          "position": [0, "0-math.sin(q.anim_time*90*2)*1/6", 0]
        },
        "cloud": {
          "rotation": ["-5+math.sin(q.anim_time*90*2-90)*4", 0, 0]
        },
        "cloud1": {
          "rotation": ["7.5+math.sin(q.anim_time*90*2-135)*5", "0+math.sin(q.anim_time*90*2-45)*2", 0]
        },
        "cloud2": {
          "rotation": ["-5+math.sin(q.anim_time*90*2-180)*6", "0+math.sin(q.anim_time*90*2-90)*3", 0]
        },
        "cloud3": {
          "rotation": ["-17.5+math.sin(q.anim_time*90*2-225)*7", "0+math.sin(q.anim_time*90*2-135)*4", 0]
        },
        "cloud4": {
          "rotation": ["25+math.sin(q.anim_time*90*2-270)*8", "0+math.sin(q.anim_time*90*2-180)*5", 0]
        },
        "cloud5": {
          "rotation": ["-32.5+math.sin(q.anim_time*90*2-315)*9", "0+math.sin(q.anim_time*90*2-225)*6", 0]
        },
        "front_foot_left": {
          "rotation": ["-2.5283+math.sin(q.anim_time*90*2)*3", -0.65182, 4.95744]
        },
        "front_foot_right": {
          "rotation": ["-2.5283+math.sin(q.anim_time*90*2)*3", 0.65182, -4.95744]
        },
        "front_leg_left": {
          "position": [0, -1, 0],
          "rotation": ["14.1253+math.sin(q.anim_time*90*2)*3", -16.17781, -7.17683]
        },
        "front_leg_left1": {
          "rotation": ["-10.0773-math.sin(q.anim_time*90*2)*6", -4.61854, 1.91757]
        },
        "front_leg_right": {
          "position": [0, -1, 0],
          "rotation": ["14.1253+math.sin(q.anim_time*90*2)*3", 16.17781, 7.17683]
        },
        "front_leg_right1": {
          "rotation": ["-10.0773-math.sin(q.anim_time*90*2)*6", 4.61854, -1.91757]
        },
        "head": {
          "rotation": ["5+math.sin(q.anim_time*90*2-90)*2", 0, 0]
        },
        "jaw": {
          "rotation": ["20+math.sin(q.anim_time*90*2)*4", 0, 0]
        },
        "neck": {
          "rotation": ["0+math.sin(q.anim_time*90*2-45)", 0, 0]
        },
        "neck_fur_left1": {
          "rotation": ["-5+math.sin(q.anim_time*90*2-180)*3", 0, 0]
        },
        "neck_fur_left2": {
          "rotation": ["math.sin(q.anim_time*90*2-225)*4", 0, -7.5]
        },
        "neck_fur_right1": {
          "rotation": ["-5+math.sin(q.anim_time*90*2-180)*3", 0, 0]
        },
        "neck_fur_right2": {
          "rotation": ["math.sin(q.anim_time*90*2-225)*4", 0, 7.5]
        },
        "torso": {
          "rotation": ["2.5+math.sin(q.anim_time*90*2)", 0, 0]
        }
      },
      "loop": true
    },
    "animation.gougingfire.ground_walk": {
      "animation_length": 1.33333,
      "bones": {
        "back_foot_left": {
          "rotation": {
            "0.0": [-5, 0, 0],
            "0.1667": [-14.75, 0, 0],
            "0.3333": [-23.90625, 0, 0],
            "0.5": [-22.5, 0, 0],
            "0.6667": [-7.6875, 0, 0],
            "0.8333": [2.5, 0, 0],
            "1.0": [-10.375, 0, 0],
            "1.1667": [-2.25, 0, 0],
            "1.3333": [-5, 0, 0]
          }
        },
        "back_foot_right": {
          "rotation": {
            "0.0": [-7.6875, 0, 0],
            "0.1667": [2.5, 0, 0],
            "0.3333": [-10.375, 0, 0],
            "0.5": [-2.25, 0, 0],
            "0.6667": [-5, 0, 0],
            "0.8333": [-14.75, 0, 0],
            "1.0": [-23.90625, 0, 0],
            "1.1667": [-22.5, 0, 0],
            "1.3333": [-7.6875, 0, 0]
          }
        },
        "back_leg_left": {
          "position": {
            "0.0": [0, 1.535, -0.495],
            "0.1667": [0, 1.54, 0.03125],
            "0.3333": [0, 1.54, 0.24625],
            "0.5": [0, 1.13375, 0.22625],
            "0.6667": [0, 1.5, 0.15625],
            "0.8333": [0, 2.38, -0.15875],
            "1.0": [0, 2.0875, -0.79375],
            "1.1667": [0, 0.91125, -1.0925],
            "1.3333": [0, 1.535, -0.495]
          },
          "rotation": {
            "0.0": [-25.28125, 0, 0],
            "0.3333": [-1.76, 0, 0],
            "0.5": [10, 0, 0],
            "0.6667": [0, 0, 0],
            "0.8333": [-15, -3.125, 2.34375],
            "1.0": [-27.519, -3.82468, 3],
            "1.1667": [-35.125, -2.65625, 2.375],
            "1.25": [-30.2, -0.845, 0.6075],
            "1.3333": [-25.28125, 0, 0]
          }
        },
        "back_leg_left1": {
          "position": {
            "0.0": [0, -0.6875, 0],
            "0.1667": [0, -1.15875, -0.59375],
            "0.3333": [0, -1.90875, -1.05875],
            "0.5": [0, -2.19125, -1.1225],
            "0.6667": [0, 0, 0],
            "1.1667": [0, 0, 0],
            "1.3333": [0, -0.6875, 0]
          },
          "rotation": {
            "0.0": [25, 0, 0],
            "0.1667": [24.21875, 0, 0],
            "0.3333": [25.34375, 0, 0],
            "0.5": [27.59375, 0, 0],
            "0.6667": [37.5, 0, 0],
            "0.8333": [30, 0, 0],
            "1.0": [32.5, 0, 0],
            "1.1667": [27.5, 0, 0],
            "1.3333": [25, 0, 0]
          }
        },
        "back_leg_left_bracer": {
          "position": {
            "0.0": [0, -0.25125, 1],
            "0.1667": [0, -0.5, 0.625],
            "0.3333": [0, -1, 0.28625],
            "0.5": [0, -1.03375, 0.63375],
            "0.6667": [0, 0.46875, 0.96875],
            "0.8333": [0, 0.33, 1.05],
            "1.0": [0, 0.34125, 0.99625],
            "1.1667": [0, 0.2775, 1],
            "1.3333": [0, -0.25125, 1]
          },
          "rotation": {
            "0.0": [2.5, 0, 0],
            "0.1667": [-1.28125, 0, 0],
            "0.3333": [-6.74668, 0.10775, 0.81553],
            "0.5": [-8.65293, 0.10775, 0.81553],
            "0.6667": [8.46875, 0, 0],
            "0.8333": [7.5, 0, 0],
            "1.0": [7.5, 0, 0],
            "1.1667": [5, 0, 0],
            "1.3333": [2.5, 0, 0]
          }
        },
        "back_leg_right": {
          "position": {
            "0.0": [0, 1.5, 0.15625],
            "0.1667": [0, 2.38, -0.15875],
            "0.3333": [0, 2.0875, -0.79375],
            "0.5": [0, 0.91125, -1.0925],
            "0.6667": [0, 1.535, -0.495],
            "0.8333": [0, 1.54, 0.03125],
            "1.0": [0, 1.54, 0.24625],
            "1.1667": [0, 1.13375, 0.22625],
            "1.3333": [0, 1.5, 0.15625]
          },
          "rotation": {
            "0.0": [0, 0, 0],
            "0.1667": [-15, 3.125, -2.34375],
            "0.3333": [-27.519, 3.82468, -3],
            "0.5": [-35.125, 2.65625, -2.375],
            "0.5833": [-30.2, 0.845, -0.6075],
            "0.6667": [-25.28125, 0, 0],
            "1.0": [-1.76, 0, 0],
            "1.1667": [10, 0, 0],
            "1.3333": [0, 0, 0]
          }
        },
        "back_leg_right1": {
          "position": {
            "0.0": [0, 0, 0],
            "0.5": [0, 0, 0],
            "0.6667": [0, -0.6875, 0],
            "0.8333": [0, -1.15875, -0.59375],
            "1.0": [0, -1.90875, -1.05875],
            "1.1667": [0, -2.19125, -1.1225],
            "1.3333": [0, 0, 0]
          },
          "rotation": {
            "0.0": [37.5, 0, 0],
            "0.1667": [30, 0, 0],
            "0.3333": [32.5, 0, 0],
            "0.5": [27.5, 0, 0],
            "0.6667": [25, 0, 0],
            "0.8333": [24.21875, 0, 0],
            "1.0": [25.34375, 0, 0],
            "1.1667": [27.59375, 0, 0],
            "1.3333": [37.5, 0, 0]
          }
        },
        "back_leg_right_bracer": {
          "position": {
            "0.0": [0, 0.46875, 0.96875],
            "0.1667": [0, 0.33, 1.05],
            "0.3333": [0, 0.34125, 0.99625],
            "0.5": [0, 0.2775, 1],
            "0.6667": [0, -0.25125, 1],
            "0.8333": [0, -0.5, 0.625],
            "1.0": [0, -1, 0.28625],
            "1.1667": [0, -1.03375, 0.63375],
            "1.3333": [0, 0.46875, 0.96875]
          },
          "rotation": {
            "0.0": [8.46875, 0, 0],
            "0.1667": [7.5, 0, 0],
            "0.3333": [7.5, 0, 0],
            "0.5": [5, 0, 0],
            "0.6667": [2.5, 0, 0],
            "0.8333": [-1.28125, 0, 0],
            "1.0": [-6.74668, -0.10775, -0.81553],
            "1.1667": [-8.65293, -0.10775, -0.81553],
            "1.3333": [8.46875, 0, 0]
          }
        },
        "cloud": {
          "rotation": ["2.3439+(math.cos((q.anim_time - 0) * 360 / (4/3)) * 1)", 0, 0]
        },
        "cloud1": {
          "rotation": ["(math.cos((q.anim_time - 0.25) * 360 / (4/3)) * 3) + 2", 0, "(math.sin((q.anim_time - 0) * 360 / (4/3)) * 2)"]
        },
        "cloud2": {
          "rotation": ["(math.cos((q.anim_time - 0.5) * 360 / (4/3)) * 6)", 0, 0]
        },
        "cloud3": {
          "rotation": ["(math.cos((q.anim_time - 0.7) * 360 / (4/3)) * 7) + 1", 0, 0]
        },
        "cloud4": {
          "rotation": ["(math.cos((q.anim_time - 0.9) * 360 / (4/3)) * 9) + 1", 0, 0]
        },
        "cloud5": {
          "rotation": ["(math.cos((q.anim_time - 1) * 360 / (4/3)) * 10) + 1", 0, 0]
        },
        "front_foot_left": {
          "rotation": {
            "0.0": [16.71875, 0, 0],
            "0.1667": [6.53125, 0, 0],
            "0.3333": [-6.71875, 0, 0],
            "0.5": [-11, 0, 0],
            "0.6667": [-15.15625, 0, 0],
            "0.8333": [-11.21875, 0, 0],
            "1.0": [7.5, 0, 0],
            "1.1667": [16.25, 0, 0],
            "1.3333": [16.71875, 0, 0]
          }
        },
        "front_foot_right": {
          "rotation": {
            "0.0": [-15.15625, 0, 0],
            "0.1667": [-11.21875, 0, 0],
            "0.3333": [7.5, 0, 0],
            "0.5": [16.25, 0, 0],
            "0.6667": [16.71875, 0, 0],
            "0.8333": [6.53125, 0, 0],
            "1.0": [-6.71875, 0, 0],
            "1.1667": [-11, 0, 0],
            "1.3333": [-15.15625, 0, 0]
          }
        },
        "front_leg_left": {
          "position": {
            "0.0": [0, 0.0775, 0],
            "0.1667": [0, 0.26875, 0],
            "0.3333": [0, -0.63375, 0],
            "0.5": [0, -1.24, 0],
            "0.6667": [0, -1.33187, 0],
            "0.8333": [0, -0.92, 0.3275],
            "0.9167": [0, -0.2225, -0.05],
            "1.0": [0, 0.31375, -0.43375],
            "1.0833": [0, 0.445, -0.33],
            "1.1667": [0, 0.335, -0.2325],
            "1.3333": [0, 0.0775, 0]
          },
          "rotation": {
            "0.0": [-11.21875, -0.46875, -1.28125],
            "0.1667": [1.46875, 0, 0],
            "0.3333": [17.8125, 0, 0],
            "0.5": [31.65625, 0, 0],
            "0.6667": [39.84375, 0, 0],
            "0.8333": [41.3663, -1.91411, -1.60937],
            "1.0": [32.19214, -2.2487, -5.4602],
            "1.1667": [17.84607, -1.7181, -3.80822],
            "1.3333": [-11.21875, -0.46875, -1.28125]
          }
        },
        "front_leg_left1": {
          "position": {
            "0.0": [0, -0.65625, -0.5],
            "0.3333": [0, -0.345, -0.46375],
            "0.5": [0, -1.12875, -0.6875],
            "0.6667": [0, -1.12875, -0.6875],
            "0.8333": [0, -0.6875, -0.5],
            "1.0": [0, 0, -0.875],
            "1.1667": [0.03125, -1.1875, -2.245],
            "1.3333": [0, -0.65625, -0.5]
          },
          "rotation": {
            "0.0": [-8.625, 0, 0],
            "0.1667": [-6.65625, 0, 0],
            "0.3333": [-7.125, 0, 0],
            "0.5": [-11.40625, 0, 0],
            "0.6667": [-2.8125, 0, 0],
            "0.8333": [-4.4375, 0, 0],
            "1.0": [-25, 0, 0],
            "1.1667": [-42.5, 0, 0],
            "1.3333": [-8.625, 0, 0]
          }
        },
        "front_leg_right": {
          "position": {
            "0.0": [0, -1.33187, 0],
            "0.1667": [0, -0.92, 0.3275],
            "0.25": [0, -0.2225, -0.05],
            "0.3333": [0, 0.31375, -0.43375],
            "0.4167": [0, 0.445, -0.33],
            "0.5": [0, 0.335, -0.2325],
            "0.6667": [0, 0.0775, 0],
            "0.8333": [0, 0.26875, 0],
            "1.0": [0, -0.63375, 0],
            "1.1667": [0, -1.24, 0],
            "1.3333": [0, -1.33187, 0]
          },
          "rotation": {
            "0.0": [39.84375, 0, 0],
            "0.1667": [41.3663, 1.91411, 1.60937],
            "0.3333": [32.19214, 2.2487, 5.4602],
            "0.5": [17.84607, 1.7181, 3.80822],
            "0.6667": [-11.21875, 0.46875, 1.28125],
            "0.8333": [1.46875, 0, 0],
            "1.0": [17.8125, 0, 0],
            "1.1667": [31.65625, 0, 0],
            "1.3333": [39.84375, 0, 0]
          }
        },
        "front_leg_right1": {
          "position": {
            "0.0": [0, -1.12875, -0.6875],
            "0.1667": [0, -0.6875, -0.5],
            "0.3333": [0, 0, -0.875],
            "0.5": [-0.03125, -1.1875, -2.245],
            "0.6667": [0, -0.65625, -0.5],
            "1.0": [0, -0.345, -0.46375],
            "1.1667": [0, -1.12875, -0.6875],
            "1.3333": [0, -1.12875, -0.6875]
          },
          "rotation": {
            "0.0": [-2.8125, 0, 0],
            "0.1667": [-4.4375, 0, 0],
            "0.3333": [-25, 0, 0],
            "0.5": [-42.5, 0, 0],
            "0.6667": [-8.625, 0, 0],
            "0.8333": [-6.65625, 0, 0],
            "1.0": [-7.125, 0, 0],
            "1.1667": [-11.40625, 0, 0],
            "1.3333": [-2.8125, 0, 0]
          }
        },
        "head": {
          "rotation": ["(math.sin((q.anim_time - 0.9 + (math.sin((q.anim_time - 0.9) * 360 / (2/3) ) * 0.04)) * 360 / (2/3) ) * 2)", "-(math.cos((q.anim_time - 0.1) * 360 / (4/3)) * 2)", "-(math.sin((q.anim_time - 0.3) * 360 / (4/3)) * 2)"]
        },
        "neck": {
          "rotation": ["(math.sin((q.anim_time - 0.8 + (math.sin((q.anim_time - 0.8) * 360 / (2/3) ) * 0.04)) * 360 / (2/3) ) * 2)", 0, 0]
        },
        "neck_fur_left": {
          "rotation": ["(math.sin((q.anim_time - 0.95) * 360 / (2/3)) * 1) - (math.cos((q.anim_time - 0) * 360 / (4/3)) * 6)", 0, "(math.sin((q.anim_time - 0.3) * 360 / (4/3)) * 1)"]
        },
        "neck_fur_left1": {
          "rotation": ["(math.sin((q.anim_time - 1) * 360 / (2/3)) * 2) - (math.cos((q.anim_time - 1.06) * 360 / (4/3)) * 4) - 1", 0, "-(math.sin((q.anim_time - 0.43) * 360 / (4/3)) * 2)"]
        },
        "neck_fur_left2": {
          "rotation": ["(math.sin((q.anim_time - 1.1) * 360 / (2/3)) * 4) + 1", 0, "-(math.sin((q.anim_time - 0.53) * 360 / (4/3)) * 4) - 3"]
        },
        "neck_fur_right": {
          "rotation": ["(math.sin((q.anim_time - 0.98) * 360 / (2/3)) * 1) + (math.cos((q.anim_time - 0) * 360 / (4/3)) * 6)", 0, "(math.sin((q.anim_time - 0.3) * 360 / (4/3)) * 1)"]
        },
        "neck_fur_right1": {
          "rotation": ["(math.sin((q.anim_time - 1.03) * 360 / (2/3)) * 2) + (math.cos((q.anim_time - 1.06) * 360 / (4/3)) * 4) + 2", 0, "-(math.sin((q.anim_time - 0.4) * 360 / (4/3)) * 2)"]
        },
        "neck_fur_right2": {
          "rotation": ["(math.sin((q.anim_time - 1.13) * 360 / (2/3)) * 4) + 1", 0, "-(math.sin((q.anim_time - 0.5) * 360 / (4/3)) * 4) + 3"]
        },
        "torso": {
          "position": ["(math.sin((q.anim_time - 0) * 360 / (4/3)) * 0.3125)", "-(math.sin((q.anim_time - 0.6 + (math.sin((q.anim_time - 0.6) * 360 / (2/3) ) * 0.04)) * 360 / (2/3) ) * 0.6) + 0.3", 0],
          "rotation": {
            "0.0": {
              "post": ["(math.sin((q.anim_time - 0) * 360 * 6) * 0.5)", "(math.cos((q.anim_time - 0) * 360 / (4/3)) * 2)", "-(math.sin((q.anim_time - 0) * 360 / (4/3)) * 2)"],
              "pre": ["(math.sin((q.anim_time - 0.7 + (math.sin((q.anim_time - 0.5) * 360 / (2/3) ) * 0.03)) * 360 / (2/3) ) * 2) ", "(math.cos((q.anim_time - 0) * 360 / (4/3)) * 2)", "-(math.sin((q.anim_time - 0) * 360 / (4/3)) * 2)"]
            },
            "0.0833": {
              "post": ["(math.sin((q.anim_time - 0.7 + (math.sin((q.anim_time - 0.5) * 360 / (2/3) ) * 0.03)) * 360 / (2/3) ) * 2) ", "(math.cos((q.anim_time - 0) * 360 / (4/3)) * 2)", "-(math.sin((q.anim_time - 0) * 360 / (4/3)) * 2)"],
              "pre": ["1.5938+(math.sin((q.anim_time - 0) * 360 * 6) * 0.5)", "(math.cos((q.anim_time - 0) * 360 / (4/3)) * 2)", "-(math.sin((q.anim_time - 0) * 360 / (4/3)) * 2)"]
            },
            "0.6667": {
              "post": ["(math.sin((q.anim_time - 0) * 360 * 3) * 0.5)", "(math.cos((q.anim_time - 0) * 360 / (4/3)) * 2)", "-(math.sin((q.anim_time - 0) * 360 / (4/3)) * 2)"],
              "pre": ["(math.sin((q.anim_time - 0.7 + (math.sin((q.anim_time - 0.5) * 360 / (2/3) ) * 0.03)) * 360 / (2/3) ) * 2) ", "(math.cos((q.anim_time - 0) * 360 / (4/3)) * 2)", "-(math.sin((q.anim_time - 0) * 360 / (4/3)) * 2)"]
            },
            "0.75": {
              "post": ["(math.sin((q.anim_time - 0.7 + (math.sin((q.anim_time - 0.5) * 360 / (2/3) ) * 0.03)) * 360 / (2/3) ) * 2) ", "(math.cos((q.anim_time - 0) * 360 / (4/3)) * 2)", "-(math.sin((q.anim_time - 0) * 360 / (4/3)) * 2)"],
              "pre": ["1.5938+(math.sin((q.anim_time - 0) * 360 * 6) * 0.5)", "(math.cos((q.anim_time - 0) * 360 / (4/3)) * 2)", "-(math.sin((q.anim_time - 0) * 360 / (4/3)) * 2)"]
            }
          }
        }
      },
      "loop": true
    }
  },
  "format_version": "1.8.0"
}