{
  "animations": {
    "animation.seismitoad.battle_idle": {
      "animation_length": 4,
      "bones": {
        "angry": {
          "position": [0, 0, -1]
        },
        "arm_left": {
          "position": [-0.9, 0.4, -1.8],
          "rotation": [20, 0, "10+math.sin(q.anim_time*90*2-0)*-1.5"]
        },
        "arm_left2": {
          "position": [-0.7, 0, -0.2],
          "rotation": [0, 20, 0]
        },
        "arm_left3": {
          "position": [-2, 0, -0.9],
          "rotation": [0, 47.5, 0]
        },
        "arm_left4": {
          "position": [-0.4, 0, 0],
          "rotation": [-2.63352, 6.48801, "0.8505+math.sin(q.anim_time*90*2-0)*-5"]
        },
        "arm_right": {
          "position": [0.9, 0.4, -1.8],
          "rotation": [20, 0, "-10-math.sin(q.anim_time*90*2-0)*-1.5"]
        },
        "arm_right2": {
          "position": [0.7, 0, -0.2],
          "rotation": [0, -20, 0]
        },
        "arm_right3": {
          "position": [2, 0, -0.9],
          "rotation": [0, -47.5, 0]
        },
        "arm_right4": {
          "position": [0.4, 0, 0],
          "rotation": [-2.63352, -6.48801, "-0.8505-math.sin(q.anim_time*90*2-0)*-5"]
        },
        "belly": {
          "scale": {
            "0.0": {
              "lerp_mode": "catmullrom",
              "post": [1, 1, 1]
            },
            "0.875": {
              "lerp_mode": "catmullrom",
              "post": [1.025, 1.025, 1.025]
            },
            "1.875": {
              "lerp_mode": "catmullrom",
              "post": [1, 1, 1]
            },
            "2.875": {
              "lerp_mode": "catmullrom",
              "post": [1.025, 1.025, 1.025]
            },
            "3.875": {
              "lerp_mode": "catmullrom",
              "post": [1, 1, 1]
            },
            "4.0": {
              "lerp_mode": "catmullrom",
              "post": [1, 1, 1]
            }
          }
        },
        "body": {
          "position": [0, "-0.7+math.sin(q.anim_time*90*2)*0.3", 0]
        },
        "finger_left1": {
          "position": [-0.2, 0.2, 0],
          "rotation": [-12.5, 0, "(math.sin(q.anim_time*90*2-26)*-12)"]
        },
        "finger_left1_2": {
          "position": [-0.3, -0.3, 0],
          "rotation": [0, 0, 15]
        },
        "finger_left2": {
          "position": [-0.2, 0.2, 0],
          "rotation": [0, 0, "(math.sin(q.anim_time*90*2-26)*-12)"]
        },
        "finger_left2_2": {
          "position": [-0.3, -0.3, 0],
          "rotation": [0, 0, 15]
        },
        "finger_right1": {
          "position": [0.2, 0.2, 0],
          "rotation": [-12.5, 0, "-(math.sin(q.anim_time*90*2-26)*-12)"]
        },
        "finger_right1_2": {
          "position": [0.3, -0.3, 0],
          "rotation": [0, 0, -15]
        },
        "finger_right2": {
          "position": [0.2, 0.2, 0],
          "rotation": [0, 0, "-(math.sin(q.anim_time*90*2-26)*-12)"]
        },
        "finger_right2_2": {
          "position": [0.3, -0.3, 0],
          "rotation": [0, 0, -15]
        },
        "foot_left": {
          "position": [0, 0, "math.sin(q.anim_time*90*2)*-0.3"],
          "rotation": ["0-math.sin(q.anim_time*90*2)*-5", 0, 10]
        },
        "foot_right": {
          "position": [0, 0, "math.sin(q.anim_time*90*2)*-0.3"],
          "rotation": ["0-math.sin(q.anim_time*90*2)*-5", 0, -10]
        },
        "head": {
          "rotation": ["math.sin(q.anim_time*90*2-0)*-1.5", 0, 0]
        },
        "leg_left": {
          "rotation": ["-25+math.sin(q.anim_time*90*2)*2", -30, -12.5]
        },
        "leg_left2": {
          "position": [0, 1, 0],
          "rotation": ["32.5+math.sin(q.anim_time*90*2)*-3", 0, 0]
        },
        "leg_right": {
          "rotation": ["-25+math.sin(q.anim_time*90*2)*2", 30, 12.5]
        },
        "leg_right2": {
          "position": [0, 1, 0],
          "rotation": ["32.5+math.sin(q.anim_time*90*2)*-3", 0, 0]
        },
        "mouth": {
          "rotation": ["5.5+math.sin(q.anim_time*90*2-36)*-2.5", 0, 0]
        },
        "pupil_left": {
          "position": [-0.2, -0.1, 0]
        },
        "pupil_right": {
          "position": [0.3, -0.1, 0]
        },
        "thumb_left": {
          "position": [-0.2, 0.2, 0],
          "rotation": [15, 0, "(math.sin(q.anim_time*90*2-26)*-12)"]
        },
        "thumb_left2": {
          "position": [-0.3, -0.3, 0],
          "rotation": [0, 0, 15]
        },
        "thumb_right": {
          "position": [0.2, 0.2, 0],
          "rotation": [15, 0, "-(math.sin(q.anim_time*90*2-26)*-12)"]
        },
        "thumb_right2": {
          "position": [0.3, -0.3, 0],
          "rotation": [0, 0, -15]
        },
        "torso": {
          "rotation": ["23+math.sin(q.anim_time*90*2)*-1.5", 0, "math.sin(q.anim_time*90*1-90)*-1"]
        },
        "torso2": {
          "rotation": ["math.sin(q.anim_time*90*2-12)*-1.5", 0, "math.sin(q.anim_time*90*1-90)*-1"]
        }
      },
      "loop": true
    },
    "animation.seismitoad.cry": {
      "animation_length": 3,
      "bones": {
        "arm_left": {
          "rotation": {
            "0.0": [0, 0, 0],
            "0.25": [12.2921, 30.32448, 23.34288],
            "0.625": [12.2921, 30.32448, 23.34288],
            "0.8333": {
              "lerp_mode": "catmullrom",
              "post": [0, 27.5, 0],
              "pre": [0, 27.5, 0]
            },
            "1.0417": {
              "lerp_mode": "catmullrom",
              "post": [0, -17.5, 0]
            },
            "1.9583": {
              "lerp_mode": "catmullrom",
              "post": [0, -42.5, 0]
            },
            "2.3333": [0, 0, 0]
          }
        },
        "arm_left4": {
          "rotation": {
            "0.0": [0, 0, 0],
            "0.25": [0, 47.5, 0],
            "0.5417": [0, 47.5, 0],
            "0.8333": {
              "lerp_mode": "catmullrom",
              "post": [0, 17.5, 0],
              "pre": [0, 17.5, 0]
            },
            "1.0417": {
              "lerp_mode": "catmullrom",
              "post": [-35.0994, 13.86285, -32.98819]
            },
            "1.9167": {
              "lerp_mode": "catmullrom",
              "post": [-35.0994, 13.86285, -32.98819]
            },
            "2.5417": [0, 0, 0]
          }
        },
        "arm_pop2": {
          "rotation": {
            "0.5417": [0, 0, 0],
            "1.0": [0, 0, 0],
            "1.0417": [0, 0, 1],
            "1.0833": [0, 0, -1],
            "1.125": [0, 0, 2],
            "1.1667": [0, 0, -2],
            "1.2083": [0, 0, 3.5],
            "1.25": [0, 0, -3.5],
            "1.2917": [0, 0, 3.5],
            "1.3333": [0, 0, -3.5],
            "1.375": [0, 0, 3.5],
            "1.4167": [0, 0, -3.5],
            "1.4583": [0, 0, 3.5],
            "1.5": [0, 0, -3.5],
            "1.5417": [0, 0, 3.5],
            "1.5833": [0, 0, -3.5],
            "1.625": [0, 0, 3.5],
            "1.6667": [0, 0, -3.5],
            "1.7083": [0, 0, 2.5],
            "1.75": [0, 0, 1.5],
            "1.7917": [0, 0, 0]
          }
        },
        "arm_pop3": {
          "rotation": {
            "0.5417": [0, 0, 0],
            "1.0": [0, 0, 0],
            "1.0417": [0, 0, 1],
            "1.0833": [0, 0, -1],
            "1.125": [0, 0, 2],
            "1.1667": [0, 0, -2],
            "1.2083": [0, 0, 3.5],
            "1.25": [0, 0, -3.5],
            "1.2917": [0, 0, 3.5],
            "1.3333": [0, 0, -3.5],
            "1.375": [0, 0, 3.5],
            "1.4167": [0, 0, -3.5],
            "1.4583": [0, 0, 3.5],
            "1.5": [0, 0, -3.5],
            "1.5417": [0, 0, 3.5],
            "1.5833": [0, 0, -3.5],
            "1.625": [0, 0, 3.5],
            "1.6667": [0, 0, -3.5],
            "1.7083": [0, 0, 2.5],
            "1.75": [0, 0, 1.5],
            "1.7917": [0, 0, 0]
          }
        },
        "arm_right": {
          "rotation": {
            "0.0": [0, 0, 0],
            "0.25": [12.2921, -30.32448, -23.34288],
            "0.625": [12.2921, -30.32448, -23.34288],
            "0.8333": {
              "lerp_mode": "catmullrom",
              "post": [0, -27.5, 0],
              "pre": [0, -27.5, 0]
            },
            "1.0417": {
              "lerp_mode": "catmullrom",
              "post": [0, 17.5, 0]
            },
            "1.9583": {
              "lerp_mode": "catmullrom",
              "post": [0, 42.5, 0]
            },
            "2.2917": [0, 0, 0]
          }
        },
        "arm_right4": {
          "rotation": {
            "0.0": [0, 0, 0],
            "0.25": [0, -47.5, 0],
            "0.5417": [0, -47.5, 0],
            "0.8333": {
              "lerp_mode": "catmullrom",
              "post": [0, -17.5, 0],
              "pre": [0, -17.5, 0]
            },
            "1.0417": {
              "lerp_mode": "catmullrom",
              "post": [-35.0994, -13.86285, 32.98819]
            },
            "1.9167": {
              "lerp_mode": "catmullrom",
              "post": [-35.0994, -13.86285, 32.98819]
            },
            "2.5417": [0, 0, 0]
          }
        },
        "fingers_left": {
          "rotation": {
            "0.0": [0, 0, 0],
            "0.25": [0, 0, 0],
            "0.4167": [0, 0, 50],
            "2.0417": [0, 0, 50],
            "2.5": [0, 0, 0]
          }
        },
        "fingers_right": {
          "rotation": {
            "0.0": [0, 0, 0],
            "0.25": [0, 0, 0],
            "0.4167": [0, 0, -50],
            "2.0417": [0, 0, -50],
            "2.5": [0, 0, 0]
          }
        },
        "hand_pop2": {
          "rotation": {
            "0.5417": [0, 0, 0],
            "1.0": [0, 0, 0],
            "1.0417": [0, 0, 1],
            "1.0833": [0, 0, -1],
            "1.125": [0, 0, 2],
            "1.1667": [0, 0, -2],
            "1.2083": [0, 0, 3.5],
            "1.25": [0, 0, -3.5],
            "1.2917": [0, 0, 3.5],
            "1.3333": [0, 0, -3.5],
            "1.375": [0, 0, 3.5],
            "1.4167": [0, 0, -3.5],
            "1.4583": [0, 0, 3.5],
            "1.5": [0, 0, -3.5],
            "1.5417": [0, 0, 3.5],
            "1.5833": [0, 0, -3.5],
            "1.625": [0, 0, 3.5],
            "1.6667": [0, 0, -3.5],
            "1.7083": [0, 0, 2.5],
            "1.75": [0, 0, 1.5],
            "1.7917": [0, 0, 0]
          }
        },
        "hand_pop3": {
          "rotation": {
            "0.5417": [0, 0, 0],
            "1.0": [0, 0, 0],
            "1.0417": [0, 0, 1],
            "1.0833": [0, 0, -1],
            "1.125": [0, 0, 2],
            "1.1667": [0, 0, -2],
            "1.2083": [0, 0, 3.5],
            "1.25": [0, 0, -3.5],
            "1.2917": [0, 0, 3.5],
            "1.3333": [0, 0, -3.5],
            "1.375": [0, 0, 3.5],
            "1.4167": [0, 0, -3.5],
            "1.4583": [0, 0, 3.5],
            "1.5": [0, 0, -3.5],
            "1.5417": [0, 0, 3.5],
            "1.5833": [0, 0, -3.5],
            "1.625": [0, 0, 3.5],
            "1.6667": [0, 0, -3.5],
            "1.7083": [0, 0, 2.5],
            "1.75": [0, 0, 1.5],
            "1.7917": [0, 0, 0]
          }
        },
        "mouth": {
          "rotation": {
            "0.8333": {
              "lerp_mode": "catmullrom",
              "post": [0, 0, 0],
              "pre": [0, 0, 0]
            },
            "1.0417": {
              "lerp_mode": "catmullrom",
              "post": [42.7, 0, 0]
            },
            "1.2083": {
              "lerp_mode": "catmullrom",
              "post": [40, 0, 0]
            },
            "1.4167": {
              "lerp_mode": "catmullrom",
              "post": [42.7, 0, 0]
            },
            "1.5833": {
              "lerp_mode": "catmullrom",
              "post": [40, 0, 0]
            },
            "1.7917": {
              "lerp_mode": "catmullrom",
              "post": [42.7, 0, 0]
            },
            "2.25": [0, 0, 0]
          }
        },
        "torso": {
          "rotation": {
            "0.0": [0, 0, 0],
            "0.4583": [27.5, 0, 0],
            "0.8333": {
              "lerp_mode": "catmullrom",
              "post": [12, 0, 0],
              "pre": [12, 0, 0]
            },
            "1.0417": {
              "lerp_mode": "catmullrom",
              "post": [-12, 0, 0]
            },
            "2.1667": {
              "lerp_mode": "catmullrom",
              "post": [-14.5, 0, 0]
            },
            "2.5417": {
              "lerp_mode": "catmullrom",
              "post": [0, 0, 0]
            },
            "3.0": [0, 0, 0]
          }
        }
      }
    },
    "animation.seismitoad.ground_idle": {
      "animation_length": 4.0179,
      "bones": {
        "arm_left": {
          "rotation": [0, 0, "10+math.sin(q.anim_time*90*2-0)*-1.5"]
        },
        "arm_left2": {
          "position": [-0.7, 0, -0.2],
          "rotation": [0, 20, 0]
        },
        "arm_left3": {
          "position": [-1, 0, -0.7],
          "rotation": [0, 25, 0]
        },
        "arm_left4": {
          "position": [-0.7, 0, 0],
          "rotation": [0, 7, "23+math.sin(q.anim_time*90*2-0)*-5"]
        },
        "arm_right": {
          "rotation": [0, 0, "-10-math.sin(q.anim_time*90*2-0)*-1.5"]
        },
        "arm_right2": {
          "position": [0.7, 0, -0.2],
          "rotation": [0, -20, 0]
        },
        "arm_right3": {
          "position": [1, 0, -0.7],
          "rotation": [0, -25, 0]
        },
        "arm_right4": {
          "position": [0.7, 0, 0],
          "rotation": [0, -7, "-23-math.sin(q.anim_time*90*2-0)*-5"]
        },
        "belly": {
          "scale": {
            "0.0": {
              "lerp_mode": "catmullrom",
              "post": [1, 1, 1]
            },
            "0.8036": {
              "lerp_mode": "catmullrom",
              "post": [1.025, 1.025, 1.025]
            },
            "1.756": {
              "lerp_mode": "catmullrom",
              "post": [1, 1, 1]
            },
            "2.619": {
              "lerp_mode": "catmullrom",
              "post": [1.025, 1.025, 1.025]
            },
            "3.5714": {
              "lerp_mode": "catmullrom",
              "post": [1, 1, 1]
            },
            "4.0179": [1, 1, 1]
          }
        },
        "body": {
          "position": [0, "-0.7+math.sin(q.anim_time*90*2)*0.3", 0]
        },
        "finger_left1": {
          "position": [0, -0.4, 0],
          "rotation": [0, "math.sin(q.anim_time*90*2-24)*-10", 25]
        },
        "finger_left1_2": {
          "position": [-0.3, 0, -0.3],
          "rotation": [0, 15, 0]
        },
        "finger_left2": {
          "position": [-0.2, 0.2, 0],
          "rotation": [0, 0, "15+math.sin(q.anim_time*90*2-24)*-10"]
        },
        "finger_left2_2": {
          "position": [-0.3, -0.3, 0],
          "rotation": [0, 0, 15]
        },
        "finger_right1": {
          "position": [0, -0.4, 0],
          "rotation": [0, "-math.sin(q.anim_time*90*2-24)*-10", -25]
        },
        "finger_right1_2": {
          "position": [0.3, 0, -0.3],
          "rotation": [0, -15, 0]
        },
        "finger_right2": {
          "position": [0.2, 0.2, 0],
          "rotation": [0, 0, "-15-math.sin(q.anim_time*90*2-24)*-10"]
        },
        "finger_right2_2": {
          "position": [0.3, -0.3, 0],
          "rotation": [0, 0, -15]
        },
        "foot_left": {
          "position": [0, 0, "math.sin(q.anim_time*90*2)*-0.3"],
          "rotation": ["0-math.sin(q.anim_time*90*2)*-5", 0, 10]
        },
        "foot_right": {
          "position": [0, 0, "math.sin(q.anim_time*90*2)*-0.3"],
          "rotation": ["0-math.sin(q.anim_time*90*2)*-5", 0, -10]
        },
        "head": {
          "position": [0, -1, 0.5],
          "rotation": ["12.5+math.sin(q.anim_time*90*2-0)*1.5", 0, 0]
        },
        "leg_left": {
          "rotation": ["-25+math.sin(q.anim_time*90*2)*2", -30, -12.5]
        },
        "leg_left2": {
          "position": [0, 1, 0],
          "rotation": ["32.5+math.sin(q.anim_time*90*2)*-3", 0, 0]
        },
        "leg_right": {
          "rotation": ["-25+math.sin(q.anim_time*90*2)*2", 30, 12.5]
        },
        "leg_right2": {
          "position": [0, 1, 0],
          "rotation": ["32.5+math.sin(q.anim_time*90*2)*-3", 0, 0]
        },
        "mouth": {
          "rotation": ["5.5+math.sin(q.anim_time*90*2-36)*-5", 0, 0]
        },
        "thumb_left": {
          "position": [0, -0.4, 0],
          "rotation": [0, "-(math.sin(q.anim_time*90*2-24)*-10)", 25]
        },
        "thumb_left2": {
          "position": [-0.3, 0, 0.3],
          "rotation": [0, -15, 0]
        },
        "thumb_right": {
          "position": [0, -0.4, 0],
          "rotation": [0, "math.sin(q.anim_time*90*2-24)*-10", -25]
        },
        "thumb_right2": {
          "position": [0.3, 0, 0.3],
          "rotation": [0, 15, 0]
        },
        "torso": {
          "rotation": ["10.5+math.sin(q.anim_time*90*2)*-1.5", 0, "math.sin(q.anim_time*90*1-90)*-1"]
        },
        "torso2": {
          "rotation": ["math.sin(q.anim_time*90*2-12)*-1.5", 0, "math.sin(q.anim_time*90*1-90)*-1"]
        }
      },
      "loop": true
    },
    "animation.seismitoad.ground_walk": {
      "animation_length": 2,
      "bones": {
        "arm_left": {
          "rotation": ["10.2274+math.cos(q.anim_time*90*2-60)*3", "16.0545+math.cos(q.anim_time*90*2-60)*10", "-1.1563+math.cos(q.anim_time*90*2*2-30)*12"]
        },
        "arm_left2": {
          "position": [-0.6, 0, 0],
          "rotation": [10.47955, "0-math.cos(q.anim_time*90*2-160)*5", "18.5232+math.cos(q.anim_time*90*2*2-120)*1"]
        },
        "arm_left4": {
          "rotation": [0, 0, "math.cos(q.anim_time*90*2*2-60)*6"]
        },
        "arm_right": {
          "rotation": ["10.2274+math.cos(q.anim_time*90*2-60)*3", "-16.0545+math.cos(q.anim_time*90*2-60)*10", "1.1563-math.cos(q.anim_time*90*2*2-30)*12"]
        },
        "arm_right2": {
          "position": [0.6, 0, 0],
          "rotation": [10.47955, "0-math.cos(q.anim_time*90*2-160)*5", "-18.5232+math.cos(q.anim_time*90*2*2-120)*1"]
        },
        "arm_right4": {
          "rotation": [0, 0, "-(math.cos(q.anim_time*90*2*2-60)*6)"]
        },
        "belly": {
          "rotation": [0, "-math.cos(q.anim_time*90*2+16)*8", 0]
        },
        "foot_left": {
          "rotation": {
            "0.0": [0, 0, 0],
            "0.3333": {
              "lerp_mode": "catmullrom",
              "post": [20, 0, 0],
              "pre": [20, 0, 0]
            },
            "0.75": {
              "lerp_mode": "catmullrom",
              "post": [4.29, 0, 0]
            },
            "1.0": {
              "lerp_mode": "catmullrom",
              "post": [0, 0, 0]
            },
            "2.0": [0, 0, 0]
          }
        },
        "foot_right": {
          "rotation": {
            "0.0": [0, 0, 0],
            "1.0": {
              "lerp_mode": "catmullrom",
              "post": [0, 0, 0],
              "pre": [0, 0, 0]
            },
            "1.3333": {
              "lerp_mode": "catmullrom",
              "post": [20, 0, 0]
            },
            "1.75": {
              "lerp_mode": "catmullrom",
              "post": [4.29, 0, 0]
            },
            "2.0": [0, 0, 0]
          }
        },
        "head": {
          "position": [0, -1.3, 0.8],
          "rotation": ["15-math.sin(q.anim_time*90*4-120)*4", 0, 0]
        },
        "leg_left": {
          "position": {
            "0.0": [0, 0, 3.5],
            "0.5": {
              "lerp_mode": "catmullrom",
              "post": [0, 2, 0],
              "pre": [0, 2, 0]
            },
            "1.0": {
              "lerp_mode": "catmullrom",
              "post": [0, 0, -3.5]
            },
            "2.0": [0, 0, 3.5]
          },
          "rotation": {
            "0.0": [0, 0, 0],
            "0.5": {
              "lerp_mode": "catmullrom",
              "post": [-7.5, 0, 0],
              "pre": [-7.5, 0, 0]
            },
            "1.0": {
              "lerp_mode": "catmullrom",
              "post": [0, 0, 0]
            },
            "2.0": [0, 0, 0]
          }
        },
        "leg_right": {
          "position": {
            "0.0": [0, 0, -3.5],
            "1.0": {
              "lerp_mode": "catmullrom",
              "post": [0, 0, 3.5],
              "pre": [0, 0, 3.5]
            },
            "1.5": {
              "lerp_mode": "catmullrom",
              "post": [0, 2, 0]
            },
            "2.0": [0, 0, -3.5]
          },
          "rotation": {
            "0.0": [0, 0, 0],
            "1.0": {
              "lerp_mode": "catmullrom",
              "post": [0, 0, 0],
              "pre": [0, 0, 0]
            },
            "1.5": {
              "lerp_mode": "catmullrom",
              "post": [-7.5, 0, 0]
            },
            "2.0": [0, 0, 0]
          }
        },
        "torso": {
          "position": [0, "math.sin(q.anim_time*90*4+0)*1", 0],
          "rotation": ["math.cos(q.anim_time*90*4-0)*4", "0-math.cos(q.anim_time*90*2+0)*6", "-math.cos(q.anim_time*90*2-0)*4"]
        },
        "torso2": {
          "rotation": ["math.cos(q.anim_time*90*4-0)*2", "-math.cos(q.anim_time*90*2+36)*8", 0]
        }
      },
      "loop": true
    },
    "animation.seismitoad.sleep": {
      "animation_length": 4,
      "bones": {
        "arm_left": {
          "position": [0, 0, -2.1],
          "rotation": [0, 60, 15]
        },
        "arm_left2": {
          "position": [-0.8, -0.9, 0],
          "rotation": [0, 0, 37.5]
        },
        "arm_left3": {
          "position": [-0.6, -0.8, 0],
          "rotation": [0, 0, 25]
        },
        "arm_left4": {
          "rotation": [35, 0, 0]
        },
        "arm_pop2": {
          "rotation": {
            "2.0417": [0, 0, 0],
            "2.0833": [0, 0, 0.75],
            "2.125": [0, 0, -0.75],
            "2.1667": [0, 0, 1.75],
            "2.2083": [0, 0, -1.75],
            "2.25": [0, 0, 3.25],
            "2.2917": [0, 0, -3.25],
            "2.3333": [0, 0, 3.25],
            "2.375": [0, 0, -3.25],
            "2.4167": [0, 0, 3.25],
            "2.4583": [0, 0, -3.25],
            "2.5": [0, 0, 3.25],
            "2.5417": [0, 0, -3.25],
            "2.5833": [0, 0, 3.25],
            "2.625": [0, 0, -3.25],
            "2.6667": [0, 0, 3.25],
            "2.7083": [0, 0, -3.25],
            "2.75": [0, 0, 2.25],
            "2.7917": [0, 0, 1.25],
            "2.8333": [0, 0, 0]
          }
        },
        "arm_pop3": {
          "rotation": {
            "2.0417": [0, 0, 0],
            "2.0833": [0, 0, 0.75],
            "2.125": [0, 0, -0.75],
            "2.1667": [0, 0, 1.75],
            "2.2083": [0, 0, -1.75],
            "2.25": [0, 0, 3.25],
            "2.2917": [0, 0, -3.25],
            "2.3333": [0, 0, 3.25],
            "2.375": [0, 0, -3.25],
            "2.4167": [0, 0, 3.25],
            "2.4583": [0, 0, -3.25],
            "2.5": [0, 0, 3.25],
            "2.5417": [0, 0, -3.25],
            "2.5833": [0, 0, 3.25],
            "2.625": [0, 0, -3.25],
            "2.6667": [0, 0, 3.25],
            "2.7083": [0, 0, -3.25],
            "2.75": [0, 0, 2.25],
            "2.7917": [0, 0, 1.25],
            "2.8333": [0, 0, 0]
          }
        },
        "arm_right": {
          "position": [0, 0, -2.1],
          "rotation": [0, -60, -15]
        },
        "arm_right2": {
          "position": [0.8, -0.9, 0],
          "rotation": [0, 0, -37.5]
        },
        "arm_right3": {
          "position": [0.6, -0.8, 0],
          "rotation": [0, 0, -25]
        },
        "arm_right4": {
          "rotation": [35, 0, 0]
        },
        "belly": {
          "scale": {
            "0.0": {
              "lerp_mode": "catmullrom",
              "post": [1.025, 1.025, 1.025]
            },
            "2.0417": {
              "lerp_mode": "catmullrom",
              "post": [1, 1, 1]
            },
            "3.7083": {
              "lerp_mode": "catmullrom",
              "post": [1.025, 1.025, 1.025]
            },
            "4.0": [1.025, 1.025, 1.025]
          }
        },
        "finger_left1": {
          "position": [-0.2, 0.2, 0],
          "rotation": [-12.5, 0, 0]
        },
        "finger_left1_2": {
          "position": [-0.3, -0.3, 0],
          "rotation": [0, 0, 15]
        },
        "finger_left2": {
          "position": [-0.2, 0.2, 0],
          "rotation": [0, 0, 0]
        },
        "finger_left2_2": {
          "position": [-0.3, -0.3, 0],
          "rotation": [0, 0, 15]
        },
        "finger_right1": {
          "position": [0.2, 0.2, 0],
          "rotation": [-12.5, 0, 0]
        },
        "finger_right1_2": {
          "position": [0.3, -0.3, 0],
          "rotation": [0, 0, -15]
        },
        "finger_right2": {
          "position": [0.2, 0.2, 0],
          "rotation": [0, 0, 0]
        },
        "finger_right2_2": {
          "position": [0.3, -0.3, 0],
          "rotation": [0, 0, -15]
        },
        "hand_pop2": {
          "rotation": {
            "2.0417": [0, 0, 0],
            "2.0833": [0, 0, 0.75],
            "2.125": [0, 0, -0.75],
            "2.1667": [0, 0, 1.75],
            "2.2083": [0, 0, -1.75],
            "2.25": [0, 0, 3.25],
            "2.2917": [0, 0, -3.25],
            "2.3333": [0, 0, 3.25],
            "2.375": [0, 0, -3.25],
            "2.4167": [0, 0, 3.25],
            "2.4583": [0, 0, -3.25],
            "2.5": [0, 0, 3.25],
            "2.5417": [0, 0, -3.25],
            "2.5833": [0, 0, 3.25],
            "2.625": [0, 0, -3.25],
            "2.6667": [0, 0, 3.25],
            "2.7083": [0, 0, -3.25],
            "2.75": [0, 0, 2.25],
            "2.7917": [0, 0, 1.25],
            "2.8333": [0, 0, 0]
          }
        },
        "hand_pop3": {
          "rotation": {
            "2.0417": [0, 0, 0],
            "2.0833": [0, 0, 0.75],
            "2.125": [0, 0, -0.75],
            "2.1667": [0, 0, 1.75],
            "2.2083": [0, 0, -1.75],
            "2.25": [0, 0, 3.25],
            "2.2917": [0, 0, -3.25],
            "2.3333": [0, 0, 3.25],
            "2.375": [0, 0, -3.25],
            "2.4167": [0, 0, 3.25],
            "2.4583": [0, 0, -3.25],
            "2.5": [0, 0, 3.25],
            "2.5417": [0, 0, -3.25],
            "2.5833": [0, 0, 3.25],
            "2.625": [0, 0, -3.25],
            "2.6667": [0, 0, 3.25],
            "2.7083": [0, 0, -3.25],
            "2.75": [0, 0, 2.25],
            "2.7917": [0, 0, 1.25],
            "2.8333": [0, 0, 0]
          }
        },
        "head": {
          "position": [0, -1.7, 1.1],
          "rotation": ["22.5-math.sin(q.anim_time*90*1.015-32)*2", 0, 0]
        },
        "leg_left": {
          "position": [-1, 0, -7.5]
        },
        "leg_right": {
          "position": [1, 0, -7.5]
        },
        "mouth": {
          "rotation": ["math.sin(q.anim_time*90*1-26)*5", 0, 0]
        },
        "pupil_left": {
          "position": [0, 0, 1]
        },
        "pupil_right": {
          "position": [0, 0, 1]
        },
        "sleepy": {
          "position": [0, 0, -1]
        },
        "thumb_left": {
          "position": [-0.2, 0.2, 0],
          "rotation": [15, 0, 0]
        },
        "thumb_left2": {
          "position": [-0.3, -0.3, 0],
          "rotation": [0, 0, 15]
        },
        "thumb_right": {
          "position": [0.2, 0.2, 0],
          "rotation": [15, 0, 0]
        },
        "thumb_right2": {
          "position": [0.3, -0.3, 0],
          "rotation": [0, 0, -15]
        },
        "torso": {
          "position": [0, -8, 0],
          "rotation": ["math.sin(q.anim_time*90*1.015+38)*-0.5", 0, 0]
        },
        "torso2": {
          "rotation": ["math.cos(q.anim_time*90*1.015+26)*-0.5", 0, 0]
        }
      },
      "loop": true
    },
    "animation.seismitoad.status": {
      "animation_length": 2.1667,
      "bones": {
        "arm_left": {
          "rotation": {
            "0.0": [0, 0, 10],
            "0.4167": {
              "lerp_mode": "catmullrom",
              "post": [0, 32.5, 10],
              "pre": [0, 32.5, 10]
            },
            "0.5417": {
              "lerp_mode": "catmullrom",
              "post": [0, 22.5, 10]
            },
            "0.75": {
              "lerp_mode": "catmullrom",
              "post": [0, 32.5, 10]
            },
            "0.875": {
              "lerp_mode": "catmullrom",
              "post": [0, 22.5, 10]
            },
            "1.0833": {
              "lerp_mode": "catmullrom",
              "post": [0, 32.5, 10]
            },
            "1.2083": {
              "lerp_mode": "catmullrom",
              "post": [0, 22.5, 10]
            },
            "1.4167": [0, 32.5, 10],
            "1.8333": [0, 0, 10]
          }
        },
        "arm_left2": {
          "position": {
            "0.0": [-0.7, 0, -0.2],
            "2.1667": [-0.7, 0, -0.2]
          },
          "rotation": {
            "0.0": [0, 20, 0],
            "0.4167": {
              "lerp_mode": "catmullrom",
              "post": [0, 7, -3],
              "pre": [0, 7, -3]
            },
            "0.5417": {
              "lerp_mode": "catmullrom",
              "post": [2.11452, 6.67451, 25.62332]
            },
            "0.75": {
              "lerp_mode": "catmullrom",
              "post": [0, 7, -3]
            },
            "0.875": {
              "lerp_mode": "catmullrom",
              "post": [2.11452, 6.67451, 25.62332]
            },
            "1.0833": {
              "lerp_mode": "catmullrom",
              "post": [0, 7, -3]
            },
            "1.2083": {
              "lerp_mode": "catmullrom",
              "post": [2.11452, 6.67451, 25.62332]
            },
            "1.4167": [0, 20, 0],
            "2.1667": [0, 20, 0]
          }
        },
        "arm_left3": {
          "position": {
            "0.0": [-1, 0, -0.7],
            "0.2917": [-1, 0.6, -0.7],
            "0.4167": [-1.3, -0.5, -0.8],
            "0.6667": [-1, 0.6, -0.7],
            "0.7917": [-1.3, -0.5, -0.8],
            "1.0417": [-1, 0.6, -0.7],
            "1.1667": [-1.3, -0.5, -0.8],
            "2.1667": [-1, 0, -0.7]
          },
          "rotation": {
            "0.0": [0, 25, 0],
            "0.2917": [-9.06159, 23.39896, -21.88023],
            "0.4167": [6.8817, 24.09293, 16.47027],
            "0.6667": [-9.06159, 23.39896, -21.88023],
            "0.7917": [6.8817, 24.09293, 16.47027],
            "1.0417": [-9.06159, 23.39896, -21.88023],
            "1.1667": [6.8817, 24.09293, 16.47027],
            "2.1667": [0, 25, 0]
          }
        },
        "arm_left4": {
          "position": {
            "0.0": [-0.7, 0, 0],
            "0.4167": [-1.8, 0, 0],
            "0.5417": [-0.7, 0, 0],
            "0.75": [-1.8, 0, 0],
            "0.875": [-0.7, 0, 0],
            "1.0833": [-1.8, 0, 0],
            "1.2083": [-0.7, 0, 0]
          },
          "rotation": {
            "0.0": [0, 7, 23],
            "0.25": {
              "lerp_mode": "catmullrom",
              "post": [2.11452, 6.67451, 45.62332],
              "pre": [2.11452, 6.67451, 45.62332]
            },
            "0.4167": {
              "lerp_mode": "catmullrom",
              "post": [0, 7, -3]
            },
            "0.5417": {
              "lerp_mode": "catmullrom",
              "post": [2.11452, 6.67451, 45.62332]
            },
            "0.75": {
              "lerp_mode": "catmullrom",
              "post": [0, 7, -13]
            },
            "0.875": {
              "lerp_mode": "catmullrom",
              "post": [2.11452, 6.67451, 45.62332]
            },
            "1.0833": {
              "lerp_mode": "catmullrom",
              "post": [0, 7, -13]
            },
            "1.2083": {
              "lerp_mode": "catmullrom",
              "post": [2.11452, 6.67451, 45.62332]
            },
            "1.4167": [0, 7, 23]
          }
        },
        "arm_right": {
          "rotation": {
            "0.0": [0, 0, -10],
            "0.4167": {
              "lerp_mode": "catmullrom",
              "post": [0, -32.5, -10],
              "pre": [0, -32.5, -10]
            },
            "0.5417": {
              "lerp_mode": "catmullrom",
              "post": [0, -22.5, -10]
            },
            "0.75": {
              "lerp_mode": "catmullrom",
              "post": [0, -32.5, -10]
            },
            "0.875": {
              "lerp_mode": "catmullrom",
              "post": [0, -22.5, -10]
            },
            "1.0833": {
              "lerp_mode": "catmullrom",
              "post": [0, -32.5, -10]
            },
            "1.2083": {
              "lerp_mode": "catmullrom",
              "post": [0, -22.5, -10]
            },
            "1.4167": [0, -32.5, -10],
            "1.8333": [0, 0, -10]
          }
        },
        "arm_right2": {
          "position": {
            "0.0": [0.7, 0, -0.2],
            "2.1667": [0.7, 0, -0.2]
          },
          "rotation": {
            "0.0": [0, -20, 0],
            "0.4167": {
              "lerp_mode": "catmullrom",
              "post": [0, -7, 3],
              "pre": [0, -7, 3]
            },
            "0.5417": {
              "lerp_mode": "catmullrom",
              "post": [2.11452, -6.67451, -25.62332]
            },
            "0.75": {
              "lerp_mode": "catmullrom",
              "post": [0, -7, 3]
            },
            "0.875": {
              "lerp_mode": "catmullrom",
              "post": [2.11452, -6.67451, -25.62332]
            },
            "1.0833": {
              "lerp_mode": "catmullrom",
              "post": [0, -7, 3]
            },
            "1.2083": {
              "lerp_mode": "catmullrom",
              "post": [2.11452, -6.67451, -25.62332]
            },
            "1.4167": [0, -20, 0],
            "2.1667": [0, -20, 0]
          }
        },
        "arm_right3": {
          "position": {
            "0.0": [1, 0, -0.7],
            "0.2917": [1, 0.6, -0.7],
            "0.4167": [1.3, -0.5, -0.8],
            "0.6667": [1, 0.6, -0.7],
            "0.7917": [1.3, -0.5, -0.8],
            "1.0417": [1, 0.6, -0.7],
            "1.1667": [1.3, -0.5, -0.8],
            "2.1667": [1, 0, -0.7]
          },
          "rotation": {
            "0.0": [0, -25, 0],
            "0.2917": [-9.06159, -23.39896, 21.88023],
            "0.4167": [6.8817, -24.09293, -16.47027],
            "0.6667": [-9.06159, -23.39896, 21.88023],
            "0.7917": [6.8817, -24.09293, -16.47027],
            "1.0417": [-9.06159, -23.39896, 21.88023],
            "1.1667": [6.8817, -24.09293, -16.47027],
            "2.1667": [0, -25, 0]
          }
        },
        "arm_right4": {
          "position": {
            "0.0": [0.7, 0, 0],
            "0.4167": [1.8, 0, 0],
            "0.5417": [0.7, 0, 0],
            "0.75": [1.8, 0, 0],
            "0.875": [0.7, 0, 0],
            "1.0833": [1.8, 0, 0],
            "1.2083": [0.7, 0, 0]
          },
          "rotation": {
            "0.0": [0, -7, -23],
            "0.25": {
              "lerp_mode": "catmullrom",
              "post": [2.11452, -6.67451, -45.62332],
              "pre": [2.11452, -6.67451, -45.62332]
            },
            "0.4167": {
              "lerp_mode": "catmullrom",
              "post": [0, -7, 23]
            },
            "0.5417": {
              "lerp_mode": "catmullrom",
              "post": [2.11452, -6.67451, -45.62332]
            },
            "0.75": {
              "lerp_mode": "catmullrom",
              "post": [0, -7, 23]
            },
            "0.875": {
              "lerp_mode": "catmullrom",
              "post": [2.11452, -6.67451, -45.62332]
            },
            "1.0833": {
              "lerp_mode": "catmullrom",
              "post": [0, -7, 23]
            },
            "1.2083": {
              "lerp_mode": "catmullrom",
              "post": [2.11452, -6.67451, -45.62332]
            },
            "1.4167": [0, -7, -23]
          }
        },
        "body": {
          "position": [0, -0.7, 0]
        },
        "finger_left1": {
          "position": [-0.5, -0.4, 0],
          "rotation": [0, -15, 25]
        },
        "finger_left1_2": {
          "position": [-0.3, 0, 0],
          "rotation": [0, 0, 0]
        },
        "finger_left2": {
          "position": [-0.2, 0.2, 0],
          "rotation": [0, 0, 15]
        },
        "finger_left2_2": {
          "position": [-0.3, -0.3, 0],
          "rotation": [0, 0, 15]
        },
        "finger_right1": {
          "position": [0.5, -0.4, 0],
          "rotation": [0, 15, -25]
        },
        "finger_right1_2": {
          "position": [0.3, 0, 0],
          "rotation": [0, 0, 0]
        },
        "finger_right2": {
          "position": [0.2, 0.2, 0],
          "rotation": [0, 0, -15]
        },
        "finger_right2_2": {
          "position": [0.3, -0.3, 0],
          "rotation": [0, 0, -15]
        },
        "foot_left": {
          "position": {
            "0.0": [0, 0, 0],
            "2.1667": [0, 0, 0]
          },
          "rotation": {
            "0.0": [0, 0, 10],
            "0.25": [-12.5, 0, 10],
            "1.6667": [-12.5, 0, 10],
            "2.1667": [0, 0, 10]
          }
        },
        "foot_right": {
          "position": {
            "0.0": [0, 0, 0],
            "2.1667": [0, 0, 0]
          },
          "rotation": {
            "0.0": [0, 0, -10],
            "0.25": [-12.5, 0, -10],
            "1.6667": [-12.5, 0, -10],
            "2.1667": [0, 0, -10]
          }
        },
        "happy": {
          "position": {
            "0.4167": [0, 0, 0],
            "0.4583": [0, 0, -1],
            "1.625": [0, 0, -1],
            "1.6667": [0, 0, 0]
          }
        },
        "head": {
          "position": {
            "0.0": [0, -1, 0.5],
            "0.25": [0, -0.1, 0.5],
            "2.1667": [0, -1, 0.5]
          },
          "rotation": {
            "0.0": [12.5, 0, 0],
            "0.25": [0, 0, 0],
            "2.1667": [12.5, 0, 0]
          }
        },
        "leg_left": {
          "position": {
            "0.0": [0, 0, 0],
            "0.25": [0, 0, -2],
            "1.6667": [0, 0, -2],
            "2.1667": [0, 0, 0]
          },
          "rotation": {
            "0.0": [-25, -30, -12.5],
            "0.25": [-15, -30, -12.5],
            "1.6667": [-15, -30, -12.5],
            "2.1667": [-25, -30, -12.5]
          }
        },
        "leg_left2": {
          "position": [0, 1, 0],
          "rotation": [32.5, 0, 0]
        },
        "leg_right": {
          "position": {
            "0.0": [0, 0, 0],
            "0.25": [0, 0, -2],
            "1.6667": [0, 0, -2],
            "2.1667": [0, 0, 0]
          },
          "rotation": {
            "0.0": [-25, 30, 12.5],
            "0.25": [-15, 30, 12.5],
            "1.6667": [-15, 30, 12.5],
            "2.1667": [-25, 30, 12.5]
          }
        },
        "leg_right2": {
          "position": [0, 1, 0],
          "rotation": [32.5, 0, 0]
        },
        "mouth": {
          "rotation": {
            "0.0": [0, 0, 0],
            "0.2917": {
              "lerp_mode": "catmullrom",
              "post": [0, 0, 0],
              "pre": [0, 0, 0]
            },
            "0.4167": {
              "lerp_mode": "catmullrom",
              "post": [54, 0, 0]
            },
            "0.6667": {
              "lerp_mode": "catmullrom",
              "post": [21, 0, 0]
            },
            "0.7917": {
              "lerp_mode": "catmullrom",
              "post": [54, 0, 0]
            },
            "1.0417": {
              "lerp_mode": "catmullrom",
              "post": [21, 0, 0]
            },
            "1.1667": {
              "lerp_mode": "catmullrom",
              "post": [54, 0, 0]
            },
            "1.625": {
              "lerp_mode": "catmullrom",
              "post": [0, 0, 0]
            }
          }
        },
        "pupil_left": {
          "position": {
            "0.4167": [0, 0, 0],
            "0.4583": [0, 0, 1],
            "1.625": [0, 0, 1],
            "1.6667": [0, 0, 0]
          }
        },
        "pupil_right": {
          "position": {
            "0.4167": [0, 0, 0],
            "0.4583": [0, 0, 1],
            "1.625": [0, 0, 1],
            "1.6667": [0, 0, 0]
          }
        },
        "thumb_left": {
          "position": [-0.5, -0.4, 0],
          "rotation": [0, 15, 25]
        },
        "thumb_left2": {
          "position": [-0.3, 0, 0],
          "rotation": [0, 0, 0]
        },
        "thumb_right": {
          "position": [0.5, -0.4, 0],
          "rotation": [0, -15, -25]
        },
        "thumb_right2": {
          "position": [0.3, 0, 0],
          "rotation": [0, 0, 0]
        },
        "torso": {
          "position": {
            "0.0": [0, 0, 0],
            "0.25": [0, -1, 0],
            "0.3333": {
              "lerp_mode": "catmullrom",
              "post": [0, -1, 0],
              "pre": [0, -1, 0]
            },
            "0.4583": {
              "lerp_mode": "catmullrom",
              "post": [0, 0, 0]
            },
            "0.7083": {
              "lerp_mode": "catmullrom",
              "post": [0, -1, 0]
            },
            "0.8333": {
              "lerp_mode": "catmullrom",
              "post": [0, 0, 0]
            },
            "1.0833": {
              "lerp_mode": "catmullrom",
              "post": [0, -1, 0]
            },
            "1.2083": {
              "lerp_mode": "catmullrom",
              "post": [0, 0, 0]
            },
            "1.625": {
              "lerp_mode": "catmullrom",
              "post": [0, 0, 0]
            },
            "2.1667": [0, 0, 0]
          },
          "rotation": {
            "0.0": [10.5, 0, 0],
            "0.25": {
              "lerp_mode": "catmullrom",
              "post": [-14.5, 0, 0],
              "pre": [-14.5, 0, 0]
            },
            "1.625": {
              "lerp_mode": "catmullrom",
              "post": [-14.5, 0, 0]
            },
            "2.1667": [10.5, 0, 0]
          }
        },
        "torso2": {
          "rotation": {
            "0.0": [0, 0, 0],
            "0.4167": {
              "lerp_mode": "catmullrom",
              "post": [-2.5, 0, 0],
              "pre": [-2.5, 0, 0]
            },
            "0.5417": {
              "lerp_mode": "catmullrom",
              "post": [-8.5, 0, 0]
            },
            "0.7917": {
              "lerp_mode": "catmullrom",
              "post": [-2.5, 0, 0]
            },
            "0.9167": {
              "lerp_mode": "catmullrom",
              "post": [-8.5, 0, 0]
            },
            "1.1667": {
              "lerp_mode": "catmullrom",
              "post": [-2.5, 0, 0]
            },
            "1.2917": {
              "lerp_mode": "catmullrom",
              "post": [-8.5, 0, 0]
            },
            "1.6667": {
              "lerp_mode": "catmullrom",
              "post": [0, 0, 0]
            },
            "2.1667": [0, 0, 0]
          }
        }
      }
    }
  },
  "format_version": "1.8.0"
}