{
  "animations": {
    "animation.seviper.blink": {
      "animation_length": 0.25,
      "bones": {
        "leye": {
          "position": {
            "0.0": [-1, 0, 0],
            "0.2083": [-1, 0, 0],
            "0.25": [0, 0, 0]
          }
        },
        "leyelid": {
          "position": {
            "0.0": [1, 0, 0],
            "0.2083": [1, 0, 0],
            "0.25": [0, 0, 0]
          }
        },
        "reye": {
          "position": {
            "0.0": [1, 0, 0],
            "0.2083": [1, 0, 0],
            "0.25": [0, 0, 0]
          }
        },
        "reyelid": {
          "position": {
            "0.0": [-1, 0, 0],
            "0.2083": [-1, 0, 0],
            "0.25": [0, 0, 0]
          }
        }
      }
    },
    "animation.seviper.cry": {
      "animation_length": 0.8333,
      "bones": {
        "head": {
          "rotation": {
            "0.0": [0, 0, 0],
            "0.0833": {
              "lerp_mode": "catmullrom",
              "post": [-5, 0, 0],
              "pre": [-5, 0, 0]
            },
            "0.6667": {
              "lerp_mode": "catmullrom",
              "post": [-5, 0, 0]
            },
            "0.8333": [0, 0, 0]
          }
        },
        "jaw": {
          "rotation": {
            "0.0": [0, 0, 0],
            "0.0833": {
              "lerp_mode": "catmullrom",
              "post": [17.5, 0, 0],
              "pre": [17.5, 0, 0]
            },
            "0.2917": {
              "lerp_mode": "catmullrom",
              "post": [20, 0, 0]
            },
            "0.375": {
              "lerp_mode": "catmullrom",
              "post": [17.5, 0, 0]
            },
            "0.625": {
              "lerp_mode": "catmullrom",
              "post": [17.5, 0, 0]
            },
            "0.75": [0, 0, 0]
          }
        },
        "tounge": {
          "position": {
            "0.0": [0, 0, 0],
            "0.0833": [0, 4, 0],
            "0.5833": [0, 4, 0],
            "0.6667": [0, 0, 0]
          },
          "rotation": {
            "0.0": [0, 0, 0],
            "0.0833": {
              "lerp_mode": "catmullrom",
              "post": [20, 0, 0],
              "pre": [20, 0, 0]
            },
            "0.2917": {
              "lerp_mode": "catmullrom",
              "post": [25, 0, 0]
            },
            "0.5833": {
              "lerp_mode": "catmullrom",
              "post": [25, 0, 0]
            },
            "0.6667": [0, 0, 0]
          }
        },
        "tounge2": {
          "rotation": {
            "0.0": [0, 0, 0],
            "0.0417": {
              "lerp_mode": "catmullrom",
              "post": [-5, 0, 0],
              "pre": [-5, 0, 0]
            },
            "0.0833": {
              "lerp_mode": "catmullrom",
              "post": [5, 0, 0]
            },
            "0.125": {
              "lerp_mode": "catmullrom",
              "post": [-5, 0, 0]
            },
            "0.1667": {
              "lerp_mode": "catmullrom",
              "post": [5, 0, 0]
            },
            "0.2083": {
              "lerp_mode": "catmullrom",
              "post": [-5, 0, 0]
            },
            "0.25": {
              "lerp_mode": "catmullrom",
              "post": [5, 0, 0]
            },
            "0.2917": {
              "lerp_mode": "catmullrom",
              "post": [-5, 0, 0]
            },
            "0.3333": {
              "lerp_mode": "catmullrom",
              "post": [-10, 0, 0]
            },
            "0.375": {
              "lerp_mode": "catmullrom",
              "post": [0, 0, 0]
            },
            "0.4167": {
              "lerp_mode": "catmullrom",
              "post": [-10, 0, 0]
            },
            "0.4583": {
              "lerp_mode": "catmullrom",
              "post": [0, 0, 0]
            },
            "0.5": {
              "lerp_mode": "catmullrom",
              "post": [-10, 0, 0]
            },
            "0.5417": {
              "lerp_mode": "catmullrom",
              "post": [0, 0, 0]
            },
            "0.5833": {
              "lerp_mode": "catmullrom",
              "post": [-10, 0, 0]
            },
            "0.625": {
              "lerp_mode": "catmullrom",
              "post": [0, 0, 0]
            },
            "0.6667": [0, 0, 0]
          }
        }
      },
      "sound_effects": {
        "0.0417": {
          "effect": "pokemon.seviper.cry"
        }
      }
    },
    "animation.seviper.ground_idle": {
      "bones": {
        "body2": {
          "rotation": [0, "math.cos(q.anim_time*45*3)*0.25", 0]
        },
        "body3": {
          "rotation": [0, "math.cos(q.anim_time*45*3)*0.25", 0]
        },
        "body4": {
          "rotation": ["math.sin(q.anim_time*45*3)*0.5", "math.sin(q.anim_time*22.5*3)*0.25", "math.cos(q.anim_time*45*3)*2.5"]
        },
        "head": {
          "rotation": ["math.cos(q.anim_time*45*3)*1", 0, 0]
        },
        "jaw": {
          "rotation": ["1+math.cos(q.anim_time*45*3)*1", 0, 0]
        },
        "neck": {
          "rotation": ["math.sin(q.anim_time*45*3)*1", "-math.cos(q.anim_time*22.5*3)*1.5", "math.cos(q.anim_time*45*3)*2.5"]
        },
        "tail1": {
          "rotation": ["math.cos(q.anim_time*45*3)*1", "math.cos(q.anim_time*22.5*3)*2.5", "math.sin(q.anim_time*45*3)*2.5"]
        },
        "tail2": {
          "rotation": ["math.sin(q.anim_time*45*3)*1", "math.sin(q.anim_time*45*3)*1", 0]
        },
        "tail3": {
          "rotation": ["math.cos(q.anim_time*45*3)*1", "math.cos(q.anim_time*45*3)*1", 0]
        }
      },
      "loop": true
    },
    "animation.seviper.ground_walk": {
      "bones": {
        "body": {
          "position": [0, 0, "-1-math.cos(q.anim_time*90*3)*1"],
          "rotation": ["-math.cos(q.anim_time*90*3)*1", 0, 0]
        },
        "body2": {
          "rotation": ["math.cos(q.anim_time*90*3)*2.5", 0, 0]
        },
        "body3": {
          "rotation": ["-math.cos(q.anim_time*90*3)*7.5", 0, "-math.cos(q.anim_time*45*3)*3"]
        },
        "body4": {
          "rotation": ["math.cos(q.anim_time*90*3)*7.5", 0, "math.sin(q.anim_time*45*3)*3"]
        },
        "head": {
          "rotation": ["-math.sin(q.anim_time*90*3)*2.5", 0, 0]
        },
        "jaw": {
          "rotation": ["math.cos(q.anim_time*90*3)*1", 0, 0]
        },
        "neck": {
          "rotation": ["math.cos(q.anim_time*90*3)*5", 0, "math.cos(q.anim_time*45*3)*3"]
        },
        "tail1": {
          "rotation": ["-math.sin(q.anim_time*90*3)*5", 0, "math.cos(q.anim_time*45*3)*3"]
        },
        "tail2": {
          "rotation": ["math.cos(q.anim_time*90*3)*1", 0, 0]
        },
        "tail3": {
          "rotation": ["math.cos(q.anim_time*90*3)*1", 0, 0]
        }
      },
      "loop": true
    },
    "animation.seviper.physical": {
      "animation_length": 1.7917,
      "bones": {
        "body": {
          "position": {
            "0.0": [0, 0, 0],
            "0.5": [0, 1.5, 1],
            "1.0833": [0, 2.5, 0],
            "1.25": {
              "lerp_mode": "catmullrom",
              "post": [0, 0, -3],
              "pre": [0, 0, -3]
            },
            "1.5833": {
              "lerp_mode": "catmullrom",
              "post": [0, 0, -3]
            },
            "1.7917": [0, 0, 0]
          },
          "rotation": {
            "0.0": [0, 0, 0],
            "0.5": [-10, 0, 0],
            "1.0833": [-17.5, 0, 0],
            "1.25": {
              "lerp_mode": "catmullrom",
              "post": [-5, 0, 0],
              "pre": [-5, 0, 0]
            },
            "1.5833": {
              "lerp_mode": "catmullrom",
              "post": [-5, 0, 0]
            },
            "1.7917": [0, 0, 0]
          }
        },
        "body2": {
          "rotation": {
            "0.0": [0, 0, 0],
            "0.5": [-5, 0, 0],
            "1.0833": [2.5, 0, 0],
            "1.25": {
              "lerp_mode": "catmullrom",
              "post": [5, 0, 0],
              "pre": [5, 0, 0]
            },
            "1.5833": {
              "lerp_mode": "catmullrom",
              "post": [5, 0, 0]
            },
            "1.7917": [0, 0, 0]
          }
        },
        "body3": {
          "rotation": {
            "0.0": [0, 0, 0],
            "0.5": [22.5, 0, 0],
            "1.0833": [22.5, 0, 0],
            "1.25": {
              "lerp_mode": "catmullrom",
              "post": [2.5, 0, 0],
              "pre": [2.5, 0, 0]
            },
            "1.5833": {
              "lerp_mode": "catmullrom",
              "post": [2.5, 0, 0]
            },
            "1.7917": [0, 0, 0]
          }
        },
        "body4": {
          "rotation": {
            "0.0": [0, 0, 0],
            "0.5": [-5, 0, 0],
            "1.0833": [-5, 0, 0],
            "1.25": {
              "lerp_mode": "catmullrom",
              "post": [0, 0, 0],
              "pre": [0, 0, 0]
            },
            "1.5833": {
              "lerp_mode": "catmullrom",
              "post": [0, 0, 0]
            },
            "1.7917": [0, 0, 0]
          }
        },
        "head": {
          "rotation": {
            "0.0": [0, 0, 0],
            "0.125": {
              "lerp_mode": "catmullrom",
              "post": [7.5, 0, 0],
              "pre": [7.5, 0, 0]
            },
            "0.2083": {
              "lerp_mode": "catmullrom",
              "post": [10, 0, 0]
            },
            "0.4167": {
              "lerp_mode": "catmullrom",
              "post": [7.5, 0, 0]
            },
            "0.625": [15, 0, 0],
            "1.0": [15, 0, 0],
            "1.1667": {
              "lerp_mode": "catmullrom",
              "post": [-32.5, 0, 0],
              "pre": [-32.5, 0, 0]
            },
            "1.25": {
              "lerp_mode": "catmullrom",
              "post": [-30, 0, 0]
            },
            "1.375": {
              "lerp_mode": "catmullrom",
              "post": [-12.5, 0, 0]
            },
            "1.5833": {
              "lerp_mode": "catmullrom",
              "post": [-5, 0, 0]
            },
            "1.75": [0, 0, 0]
          }
        },
        "jaw": {
          "rotation": {
            "0.9583": [0, 0, 0],
            "1.0833": {
              "lerp_mode": "catmullrom",
              "post": [35, 0, 0],
              "pre": [35, 0, 0]
            },
            "1.25": {
              "lerp_mode": "catmullrom",
              "post": [45, 0, 0]
            },
            "1.375": [0, 0, 0]
          }
        },
        "neck": {
          "rotation": {
            "0.0": [0, 0, 0],
            "0.25": {
              "lerp_mode": "catmullrom",
              "post": [5, 0, 0],
              "pre": [5, 0, 0]
            },
            "0.5": {
              "lerp_mode": "catmullrom",
              "post": [-5, 0, 0]
            },
            "1.0": [-5, 0, 0],
            "1.25": {
              "lerp_mode": "catmullrom",
              "post": [20, 0, 0],
              "pre": [20, 0, 0]
            },
            "1.5833": {
              "lerp_mode": "catmullrom",
              "post": [22.5, 0, 0]
            },
            "1.7917": [0, 0, 0]
          }
        },
        "tail1": {
          "rotation": {
            "0.0": [0, 0, 0],
            "0.0833": [-5, 0, 0],
            "0.5": [10, 0, 0],
            "0.625": {
              "lerp_mode": "catmullrom",
              "post": [7.5, 0, 0],
              "pre": [7.5, 0, 0]
            },
            "0.7083": {
              "lerp_mode": "catmullrom",
              "post": [10, 0, 0]
            },
            "0.7917": {
              "lerp_mode": "catmullrom",
              "post": [7.5, 0, 0]
            },
            "0.8333": {
              "lerp_mode": "catmullrom",
              "post": [10, 0, 0]
            },
            "0.875": {
              "lerp_mode": "catmullrom",
              "post": [5, 0, 0]
            },
            "0.9167": {
              "lerp_mode": "catmullrom",
              "post": [10, 0, 0]
            },
            "0.9583": {
              "lerp_mode": "catmullrom",
              "post": [5, 0, 0]
            },
            "1.0": {
              "lerp_mode": "catmullrom",
              "post": [10, 0, 0]
            },
            "1.1667": {
              "lerp_mode": "catmullrom",
              "post": [-10, 0, 0]
            },
            "1.5833": {
              "lerp_mode": "catmullrom",
              "post": [-12.5, 0, 0]
            },
            "1.7917": [0, 0, 0]
          }
        },
        "tail2": {
          "rotation": {
            "0.0": [0, 0, 0],
            "0.25": [-2.5, 0, 0],
            "0.5": [2.5, 0, 0],
            "1.125": [2.5, 0, 0],
            "1.375": [-2.5, 0, 0],
            "1.75": [0, 0, 0]
          }
        }
      }
    },
    "animation.seviper.recoil": {
      "animation_length": 0.625,
      "bones": {
        "body2": {
          "rotation": {
            "0.0": [0, 0, 0],
            "0.0417": [-2.5, 0, 0],
            "0.25": [-2.5, 0, 0],
            "0.5": [0, 0, 0]
          }
        },
        "body3": {
          "rotation": {
            "0.0": [0, 0, 0],
            "0.0417": [5, 0, 0],
            "0.25": [5, 0, 0],
            "0.5": [0, 0, 0]
          }
        },
        "body4": {
          "rotation": {
            "0.0": [0, 0, 0],
            "0.0833": [-5, 0, 0],
            "0.2917": [-5, 0, 0],
            "0.5": [0, 0, 0]
          }
        },
        "head": {
          "rotation": {
            "0.0": [0, 0, 0],
            "0.0417": [15, 0, 0],
            "0.125": {
              "lerp_mode": "catmullrom",
              "post": [15, 0, 0],
              "pre": [15, 0, 0]
            },
            "0.25": {
              "lerp_mode": "catmullrom",
              "post": [10, 0, 0]
            },
            "0.5": {
              "lerp_mode": "catmullrom",
              "post": [-5, 0, 0]
            },
            "0.625": [0, 0, 0]
          }
        },
        "jaw": {
          "rotation": {
            "0.0": [0, 0, 0],
            "0.0417": {
              "lerp_mode": "catmullrom",
              "post": [10, 0, 0],
              "pre": [10, 0, 0]
            },
            "0.25": {
              "lerp_mode": "catmullrom",
              "post": [10, 0, 0]
            },
            "0.5": [0, 0, 0]
          }
        },
        "leye": {
          "position": {
            "0.0": [0, 0, 0],
            "0.0417": [-1, 0, 0],
            "0.4583": [-1, 0, 0],
            "0.5": [0, 0, 0]
          }
        },
        "leyelid": {
          "position": {
            "0.0": [0, 0, 0],
            "0.0417": [1, 0, 0],
            "0.4583": [1, 0, 0],
            "0.5": [0, 0, 0]
          }
        },
        "neck": {
          "rotation": {
            "0.0": [0, 0, 0],
            "0.0417": [-7.5, 0, 0],
            "0.1667": [-7.5, 0, 0],
            "0.5417": [0, 0, 0]
          }
        },
        "reye": {
          "position": {
            "0.0": [0, 0, 0],
            "0.0417": [1, 0, 0],
            "0.4583": [1, 0, 0],
            "0.5": [0, 0, 0]
          }
        },
        "reyelid": {
          "position": {
            "0.0": [0, 0, 0],
            "0.0417": [-1, 0, 0],
            "0.4583": [-1, 0, 0],
            "0.5": [0, 0, 0]
          }
        },
        "tail1": {
          "rotation": {
            "0.0": [0, 0, 0],
            "0.0833": [5, 0, 0],
            "0.2917": [5, 0, 0],
            "0.5": [0, 0, 0]
          }
        },
        "tail2": {
          "rotation": {
            "0.0": [0, 0, 0],
            "0.0417": [5, 0, 0],
            "0.25": [5, 0, 0],
            "0.5": [0, 0, 0]
          }
        },
        "tail3": {
          "rotation": {
            "0.0": [0, 0, 0],
            "0.0833": [5, 0, 0],
            "0.2917": [5, 0, 0],
            "0.5": [0, 0, 0]
          }
        }
      }
    },
    "animation.seviper.sleep": {
      "bones": {
        "body": {
          "position": [9, 2, 0],
          "rotation": [-70, 0, -90]
        },
        "body2": {
          "rotation": [177.5, 0, 0]
        },
        "body3": {
          "rotation": [-62.5, 0, 0]
        },
        "body4": {
          "rotation": [177.5, 0, 0]
        },
        "head": {
          "rotation": ["-52.5+math.cos(q.anim_time*45*3)*0.5", 50, -77.5]
        },
        "leye": {
          "position": [-1, 0, 0]
        },
        "leyelid": {
          "position": [1, 0, 0]
        },
        "neck": {
          "rotation": [60, -5, "10+math.sin(q.anim_time*45*3)*0.25"]
        },
        "reye": {
          "position": [1, 0, 0]
        },
        "reyelid": {
          "position": [-1, 0, 0]
        },
        "tail1": {
          "rotation": [-70, -5, 0]
        },
        "tail2": {
          "rotation": [7.5, "math.sin(q.anim_time*45*3)*0.5 ", 0]
        },
        "tail3": {
          "rotation": [0, "-math.cos(q.anim_time*45*3)*1.5", 0]
        }
      },
      "loop": true
    },
    "animation.seviper.special": {
      "animation_length": 2.0833,
      "bones": {
        "body": {
          "rotation": {
            "0.0": [0, 0, 0],
            "1.0": [0, 0, 0],
            "1.1667": [-2.5, 0, 0],
            "1.5": [-2.5, 0, 0],
            "1.75": [0, 0, 0]
          }
        },
        "body2": {
          "rotation": {
            "0.0": [0, 0, 0],
            "0.3333": [-5, 0, 0],
            "1.0": [-5, 0, 0],
            "1.1667": [2.5, 0, 0],
            "1.5": [2.5, 0, 0],
            "1.75": [0, 0, 0]
          }
        },
        "body3": {
          "rotation": {
            "0.0": [0, 0, 0],
            "0.3333": {
              "lerp_mode": "catmullrom",
              "post": [10, 0, 0],
              "pre": [10, 0, 0]
            },
            "1.0": {
              "lerp_mode": "catmullrom",
              "post": [12.5, 0, 0]
            },
            "1.1667": {
              "lerp_mode": "catmullrom",
              "post": [-2.5, 0, 0]
            },
            "1.5": [-2.5, 0, 0],
            "1.75": [0, 0, 0]
          }
        },
        "body4": {
          "rotation": {
            "0.0": [0, 0, 0],
            "0.3333": {
              "lerp_mode": "catmullrom",
              "post": [-2.5, 0, 0],
              "pre": [-2.5, 0, 0]
            },
            "1.0": {
              "lerp_mode": "catmullrom",
              "post": [7.5, 0, 0]
            },
            "1.2083": {
              "lerp_mode": "catmullrom",
              "post": [12.5, 0, 0]
            },
            "1.5": {
              "lerp_mode": "catmullrom",
              "post": [12.5, 0, 0]
            },
            "1.75": [0, 0, 0]
          }
        },
        "head": {
          "rotation": {
            "0.0": [0, 0, 0],
            "0.25": [12.5, 0, 0],
            "1.0": [15, 0, 0],
            "1.1667": [-10, 0, 0],
            "1.5417": [-12.5, 0, 0],
            "1.75": [0, 0, 0]
          }
        },
        "jaw": {
          "rotation": {
            "1.0": [0, 0, 0],
            "1.1667": [27.5, 0, 0],
            "1.625": [27.5, 0, 0],
            "1.75": [0, 0, 0],
            "2.0833": [0, 0, 0]
          }
        },
        "neck": {
          "rotation": {
            "0.0": [0, 0, 0],
            "0.25": [-7.5, 0, 0],
            "1.0": [-7.5, 0, 0],
            "1.1667": [10, 0, 0],
            "1.5": [12.5, 0, 0],
            "1.75": [0, 0, 0]
          }
        },
        "tail1": {
          "rotation": {
            "0.0": [0, 0, 0],
            "0.3333": [2.5, 0, 0],
            "0.5417": {
              "lerp_mode": "catmullrom",
              "post": [5, 0, 0],
              "pre": [5, 0, 0]
            },
            "0.6667": {
              "lerp_mode": "catmullrom",
              "post": [2.5, 0, 0]
            },
            "0.75": {
              "lerp_mode": "catmullrom",
              "post": [5, 0, 0]
            },
            "0.7917": {
              "lerp_mode": "catmullrom",
              "post": [2.5, 0, 0]
            },
            "0.8333": {
              "lerp_mode": "catmullrom",
              "post": [5, 0, 0]
            },
            "0.875": {
              "lerp_mode": "catmullrom",
              "post": [2.5, 0, 0]
            },
            "0.9167": {
              "lerp_mode": "catmullrom",
              "post": [5, 0, 0]
            },
            "0.9583": {
              "lerp_mode": "catmullrom",
              "post": [2.5, 0, 0]
            },
            "1.0": {
              "lerp_mode": "catmullrom",
              "post": [5, 0, 0]
            },
            "1.25": [-7.5, 0, 0],
            "1.5": [-10, 0, 0],
            "1.5833": [-10, 0, 0],
            "1.75": [0, 0, 0]
          }
        },
        "tail2": {
          "rotation": {
            "0.0": [0, 0, 0],
            "0.3333": {
              "lerp_mode": "catmullrom",
              "post": [2.5, 0, 0],
              "pre": [2.5, 0, 0]
            },
            "0.5417": {
              "lerp_mode": "catmullrom",
              "post": [5, 0, 0]
            },
            "0.6667": {
              "lerp_mode": "catmullrom",
              "post": [2.5, 0, 0]
            },
            "0.75": {
              "lerp_mode": "catmullrom",
              "post": [5, 0, 0]
            },
            "0.7917": {
              "lerp_mode": "catmullrom",
              "post": [2.5, 0, 0]
            },
            "0.8333": {
              "lerp_mode": "catmullrom",
              "post": [5, 0, 0]
            },
            "0.875": {
              "lerp_mode": "catmullrom",
              "post": [0, 0, 0]
            },
            "0.9167": {
              "lerp_mode": "catmullrom",
              "post": [5, 0, 0]
            },
            "0.9583": {
              "lerp_mode": "catmullrom",
              "post": [0, 0, 0]
            },
            "1.0": {
              "lerp_mode": "catmullrom",
              "post": [5, 0, 0]
            },
            "1.25": [0, 0, 0],
            "1.5": [0, 0, 0],
            "1.75": [0, 0, 0]
          }
        },
        "tail3": {
          "rotation": {
            "0.0": [0, 0, 0],
            "0.3333": [2.5, 0, 0],
            "1.0": [2.5, 0, 0],
            "1.25": [2.5, 0, 0],
            "1.5": [2.5, 0, 0],
            "1.75": [0, 0, 0]
          }
        },
        "tounge": {
          "position": {
            "1.0": [0, 0, 0],
            "1.0833": [0, 4, 0],
            "1.5833": [0, 4, 0],
            "1.6667": [0, 0, 0]
          },
          "rotation": {
            "1.0": [0, 0, 0],
            "1.0833": {
              "lerp_mode": "catmullrom",
              "post": [25, 0, 0],
              "pre": [25, 0, 0]
            },
            "1.2917": {
              "lerp_mode": "catmullrom",
              "post": [22.5, 0, 0]
            },
            "1.5833": {
              "lerp_mode": "catmullrom",
              "post": [25, 0, 0]
            },
            "1.6667": [0, 0, 0]
          }
        },
        "tounge2": {
          "rotation": {
            "1.0": [0, 0, 0],
            "1.125": {
              "lerp_mode": "catmullrom",
              "post": [-5, 0, 0],
              "pre": [-5, 0, 0]
            },
            "1.1667": {
              "lerp_mode": "catmullrom",
              "post": [5, 0, 0]
            },
            "1.2083": {
              "lerp_mode": "catmullrom",
              "post": [-5, 0, 0]
            },
            "1.25": {
              "lerp_mode": "catmullrom",
              "post": [5, 0, 0]
            },
            "1.2917": {
              "lerp_mode": "catmullrom",
              "post": [-5, 0, 0]
            },
            "1.3333": {
              "lerp_mode": "catmullrom",
              "post": [5, 0, 0]
            },
            "1.375": {
              "lerp_mode": "catmullrom",
              "post": [-5, 0, 0]
            },
            "1.4167": {
              "lerp_mode": "catmullrom",
              "post": [5, 0, 0]
            },
            "1.75": [0, 0, 0]
          }
        }
      }
    }
  },
  "format_version": "1.8.0"
}