{
  "format_version": "1.12.0",
  "minecraft:geometry": [
    {
      "bones": [
        {
          "name": "snorlax",
          "pivot": [0, 0, 0]
        }, {
          "cubes": [
            {
              "inflate": 0.01,
              "origin": [-9, 60.75, -25.5],
              "size": [18, 7, 0],
              "uv": [0, 223]
            },
            {
              "inflate": 0.01,
              "origin": [-9, 60.75, 17.95484],
              "size": [18, 7, 0],
              "uv": [0, 231]
            },
            {
              "inflate": 0.01,
              "origin": [-21.72692, 60.75, -12.77208],
              "size": [0, 7, 18],
              "uv": [37, 196]
            },
            {
              "inflate": 0.01,
              "origin": [21.72792, 60.75, -12.77208],
              "size": [0, 7, 18],
              "uv": [0, 189]
            }, {
              "inflate": 0.01,
              "origin": [6.8033, 60.75, -20.1967],
              "pivot": [14.3033, 64.25, -20.1967],
              "rotation": [0, -45, 0],
              "size": [18, 7, 0],
              "uv": [37, 222]
            }, {
              "inflate": 0.01,
              "origin": [-25.09619, 60.75, -20.90381],
              "pivot": [-13.59619, 64.25, -20.90381],
              "rotation": [0, 45, 0],
              "size": [18, 7, 0],
              "uv": [0, 247]
            }, {
              "inflate": 0.01,
              "origin": [-26.55995, 60.75, 16.89448],
              "pivot": [-10.05995, 64.25, 16.89448],
              "rotation": [0, -45, 0],
              "size": [18, 7, 0],
              "uv": [0, 239]
            }, {
              "inflate": 0.1,
              "origin": [5.63102, 60.75, 9.82341],
              "pivot": [17.13102, 64.25, 9.82341],
              "rotation": [0, 45, 0],
              "size": [18, 7, 0],
              "uv": [0, 215]
            }
          ],
          "name": "swirlies",
          "parent": "snorlax",
          "pivot": [0.00013, 64.25, -3.77238]
        }, {
          "name": "body",
          "parent": "snorlax",
          "pivot": [0, 12, 0],
          "rotation": [-90, 0, 0]
        },
        {
          "name": "torso",
          "parent": "body",
          "pivot": [0, -6, 4]
        }, {
          "cubes": [
            {
              "origin": [-19, -8, -9.9],
              "size": [38, 26, 22],
              "uv": [6, 6]
            },
            {
              "origin": [-14, -4, -12.25],
              "size": [28, 28, 3],
              "uv": [12, 128]
            },
            {
              "origin": [-12, -2, -15.25],
              "size": [24, 24, 4],
              "uv": [43, 131]
            },
            {
              "inflate": -0.1,
              "origin": [-10, 15, -16.95],
              "size": [4, 4, 1],
              "uv": [0, 183]
            },
            {
              "inflate": -0.1,
              "origin": [-9, 16, -17.75],
              "size": [2, 2, 1],
              "uv": [0, 188]
            },
            {
              "inflate": -0.1,
              "origin": [-8.5, 16.5, -16.15],
              "size": [1, 1, 1],
              "uv": [0, 191]
            },
            {
              "mirror": true,
              "origin": [8.5, 17.5, -16.5],
              "size": [1, 1, 2],
              "uv": [0, 191]
            },
            {
              "mirror": true,
              "origin": [7, 16, -17.5],
              "size": [4, 4, 1],
              "uv": [0, 183]
            },
            {
              "mirror": true,
              "origin": [8, 17, -18.5],
              "size": [2, 2, 1],
              "uv": [0, 188]
            },
            {
              "mirror": true,
              "origin": [8.5, 1.5, -16.25],
              "size": [1, 1, 1],
              "uv": [0, 191]
            },
            {
              "inflate": 0.1,
              "mirror": true,
              "origin": [7, 0, -17.55],
              "size": [4, 4, 1],
              "uv": [0, 183]
            },
            {
              "inflate": 0.1,
              "mirror": true,
              "origin": [8, 1, -18.55],
              "size": [2, 2, 1],
              "uv": [0, 188]
            },
            {
              "origin": [-7.5, -0.5, -16],
              "size": [1, 1, 1],
              "uv": [0, 191]
            },
            {
              "inflate": -0.1,
              "origin": [-9, -2, -16.9],
              "size": [4, 4, 1],
              "uv": [0, 183]
            },
            {
              "inflate": -0.1,
              "origin": [-8, -1, -17.7],
              "size": [2, 2, 1],
              "uv": [0, 188]
            },
            {
              "origin": [4, 9, -16.25],
              "size": [1, 1, 2],
              "uv": [2, 150]
            }, {
              "inflate": -1,
              "origin": [-18.5, 14.00966, -49.94474],
              "pivot": [-31.5, 26.50966, -18.44474],
              "rotation": [90, 0, 0],
              "size": [6, 9, 29],
              "uv": [51, 201]
            }, {
              "inflate": -1,
              "mirror": true,
              "origin": [13.4, 14.00966, -49.94474],
              "pivot": [-30.6, 26.50966, -18.44474],
              "rotation": [90, 0, 0],
              "size": [6, 9, 29],
              "uv": [51, 201]
            }, {
              "inflate": -1,
              "mirror": true,
              "origin": [0.5, 18.80966, -24.94474],
              "pivot": [4.05, 23.30966, -10.44474],
              "rotation": [90, 0, -90],
              "size": [6, 9, 19],
              "uv": [61, 211]
            }, {
              "inflate": -1,
              "mirror": true,
              "origin": [-19.5, 18.80966, -27.94474],
              "pivot": [-15.95, 23.30966, -10.44474],
              "rotation": [90, 0, -90],
              "size": [6, 9, 19],
              "uv": [61, 211]
            }, {
              "inflate": -1,
              "mirror": true,
              "origin": [-2.5, 18.80966, -27.94474],
              "pivot": [1.05, 23.30966, -10.44474],
              "rotation": [90, 0, -90],
              "size": [6, 9, 19],
              "uv": [61, 211]
            }, {
              "inflate": -1,
              "origin": [0.4, -7.99034, -24.94474],
              "pivot": [3.95, -3.49034, -10.44474],
              "rotation": [90, 0, -90],
              "size": [6, 9, 15],
              "uv": [65, 215]
            }, {
              "inflate": -1,
              "origin": [-19.6, -7.99034, -23.94474],
              "pivot": [-16.05, -3.49034, -10.44474],
              "rotation": [90, 0, -90],
              "size": [6, 9, 15],
              "uv": [65, 215]
            }
          ],
          "name": "belly",
          "parent": "torso",
          "pivot": [0, 7, 4]
        }, {
          "cubes": [
            {
              "inflate": -1,
              "origin": [-18, 14.50966, -49.44474],
              "pivot": [-31.5, 26.50966, -18.44474],
              "rotation": [90, 0, 0],
              "size": [5, 8, 28],
              "uv": [157, 173]
            }, {
              "inflate": -1,
              "origin": [13, 14.50966, -49.44474],
              "pivot": [-31.5, 26.50966, -18.44474],
              "rotation": [90, 0, 0],
              "size": [5, 8, 28],
              "uv": [157, 173]
            }, {
              "inflate": -1,
              "origin": [-4, 20.50966, -12.44474],
              "pivot": [-0.05, 24.50966, -10.44474],
              "rotation": [90, 0, -90],
              "size": [5, 8, 19],
              "uv": [166, 182]
            }, {
              "inflate": -1,
              "origin": [10, 20.50966, -14.44474],
              "pivot": [13.95, 24.50966, -10.44474],
              "rotation": [90, 0, -90],
              "size": [5, 8, 18],
              "uv": [167, 183]
            }, {
              "inflate": -1,
              "origin": [10, -6.49034, -14.44474],
              "pivot": [13.95, -2.49034, -10.44474],
              "rotation": [90, 0, -90],
              "size": [5, 8, 14],
              "uv": [171, 187]
            }, {
              "inflate": -1,
              "origin": [-4, -6.49034, -7.44474],
              "pivot": [-0.05, -2.49034, -10.44474],
              "rotation": [90, 0, -90],
              "size": [5, 8, 14],
              "uv": [171, 187]
            }
          ],
          "name": "smallt",
          "parent": "belly",
          "pivot": [0, 7, 4]
        }, {
          "cubes": [
            {
              "origin": [4, 6, -16.25],
              "size": [1, 1, 2],
              "uv": [2, 150]
            },
            {
              "origin": [2, 6.5, -21.25],
              "size": [5, 0, 5],
              "uv": [-5, 173]
            },
            {
              "mirror": true,
              "origin": [4.5, 4, -21.25],
              "size": [0, 5, 5],
              "uv": [0, 173]
            }
          ],
          "name": "bone",
          "parent": "smallt",
          "pivot": [-2.5, 8, -16.25]
        }, {
          "cubes": [
            {
              "origin": [2, 9.5, -21.25],
              "size": [5, 0, 5],
              "uv": [-5, 173]
            },
            {
              "mirror": true,
              "origin": [4.3, 7, -21.25],
              "size": [0, 5, 5],
              "uv": [0, 173]
            }
          ],
          "name": "bone2",
          "parent": "smallt",
          "pivot": [-2.5, 11, -16.25]
        }, {
          "cubes": [
            {
              "origin": [-4, 9, -16.25],
              "size": [1, 1, 2],
              "uv": [2, 150]
            },
            {
              "origin": [-6, 9.5, -21.25],
              "size": [5, 0, 5],
              "uv": [-5, 173]
            },
            {
              "mirror": true,
              "origin": [-3.5, 7, -21.25],
              "size": [0, 5, 5],
              "uv": [0, 173]
            }
          ],
          "name": "bone4",
          "parent": "smallt",
          "pivot": [-10.5, 11, -16.25]
        }, {
          "cubes": [
            {
              "origin": [4, 12, -16.25],
              "size": [1, 1, 2],
              "uv": [2, 150]
            },
            {
              "origin": [2, 12.5, -21.25],
              "size": [5, 0, 5],
              "uv": [-5, 173]
            },
            {
              "mirror": true,
              "origin": [4.5, 10, -21.25],
              "size": [0, 5, 5],
              "uv": [0, 173]
            }
          ],
          "name": "bone3",
          "parent": "smallt",
          "pivot": [-2.5, 14, -16.25]
        }, {
          "cubes": [
            {
              "origin": [-16, 16, -8],
              "size": [32, 9, 20],
              "uv": [4, 58]
            }
          ],
          "name": "belly2",
          "parent": "belly",
          "pivot": [0, 18, 4]
        }, {
          "cubes": [
            {
              "inflate": -1,
              "origin": [-3.26795, 16.18085, -19.07358],
              "pivot": [-2.5, 20, -16],
              "rotation": [35, 0, -30],
              "size": [4, 12, 4],
              "uv": [92, 199]
            }, {
              "inflate": -1,
              "origin": [-2, 9, -17.5],
              "size": [5, 12, 5],
              "uv": [55, 186]
            }, {
              "inflate": -1,
              "origin": [-1, 18, -15.5],
              "pivot": [-1.5, 19, -14],
              "rotation": [-37.5, 0, 0],
              "size": [3, 12, 3],
              "uv": [144, 157]
            }, {
              "inflate": -1,
              "origin": [-0.46791, 19.28558, -16],
              "pivot": [-0.5, 18.5, -14.5],
              "rotation": [0, 0, 40],
              "size": [3, 9, 3],
              "uv": [0, 147]
            }
          ],
          "name": "tree",
          "parent": "belly",
          "pivot": [-2, 10.25, -14.5],
          "rotation": [80, 0, 12.5]
        }, {
          "cubes": [
            {
              "inflate": -1,
              "origin": [-13.5, 22.00966, -34.94474],
              "size": [6, 9, 29],
              "uv": [168, 215]
            },
            {
              "inflate": -1,
              "origin": [-9.5, 22.00966, -34.94474],
              "size": [7, 9, 5],
              "uv": [0, 159]
            },
            {
              "inflate": -1,
              "origin": [-9.5, 22.00966, -31.94474],
              "size": [7, 2, 26],
              "uv": [95, 200]
            },
            {
              "inflate": -1,
              "origin": [-9.5, 22.00966, -31.94474],
              "size": [18, 14, 26],
              "uv": [168, 128]
            },
            {
              "inflate": -1,
              "origin": [-5.5, 24.00966, -7.94474],
              "size": [12, 9, 8],
              "uv": [71, 239]
            },
            {
              "inflate": -1,
              "origin": [2.5, 20.00966, -23.94474],
              "size": [11, 10, 13],
              "uv": [208, 169]
            }
          ],
          "name": "leaves2",
          "parent": "tree",
          "pivot": [0, 26.59442, -15.42077],
          "rotation": [9.91615, 1.29876, -7.38733]
        }, {
          "cubes": [
            {
              "inflate": -1,
              "origin": [-13, 22.50966, -34.44474],
              "size": [10, 8, 28],
              "uv": [180, 92]
            },
            {
              "inflate": -1,
              "origin": [-9, 22.50966, -31.44474],
              "size": [17, 13, 25],
              "uv": [85, 161]
            },
            {
              "inflate": -1,
              "origin": [-5, 24.50966, -8.44474],
              "size": [11, 8, 8],
              "uv": [105, 144]
            },
            {
              "inflate": -1,
              "origin": [3, 20.50966, -23.44474],
              "size": [10, 9, 12],
              "uv": [111, 232]
            }
          ],
          "name": "outerleaves2",
          "parent": "leaves2",
          "pivot": [-9.5, -1.99034, -27.44474]
        }, {
          "cubes": [
            {
              "inflate": 0.01,
              "origin": [-6, 25, -2],
              "size": [12, 5, 10],
              "uv": [212, 48]
            }
          ],
          "name": "neck",
          "parent": "torso",
          "pivot": [0, 25, 3]
        }, {
          "cubes": [
            {
              "origin": [-10.5, 25, -5],
              "size": [21, 15, 16],
              "uv": [26, 87]
            }
          ],
          "name": "head",
          "parent": "neck",
          "pivot": [0, 25, 3]
        }, {
          "name": "coolhat",
          "parent": "head",
          "pivot": [0.5, 40, 2]
        },
        {
          "name": "face",
          "parent": "head",
          "pivot": [0, 32.5, -5.01]
        },
        {
          "name": "eyes_right",
          "parent": "face",
          "pivot": [-6, 34.5, -5.01]
        }, {
          "cubes": [
            {
              "origin": [-7.5, 34, -5.01],
              "size": [5, 1, 0],
              "uv": [1, 106]
            }
          ],
          "name": "eye_right",
          "parent": "eyes_right",
          "pivot": [-5, 34.5, -5.01]
        }, {
          "cubes": [
            {
              "origin": [-7.5, 34, -4.91],
              "size": [5, 2, 0],
              "uv": [40, 119]
            }
          ],
          "name": "eye_happy_right",
          "parent": "eyes_right",
          "pivot": [-5, 35, -4.91]
        }, {
          "cubes": [
            {
              "origin": [-7.5, 34, -4.91],
              "size": [5, 2, 0],
              "uv": [1, 110]
            }
          ],
          "name": "eye_sad_right",
          "parent": "eyes_right",
          "pivot": [-5, 35, -4.91]
        }, {
          "cubes": [
            {
              "origin": [-6.5, 32.5, -4.9],
              "size": [4, 4, 2],
              "uv": [64, 118]
            },
            {
              "origin": [-5, 34, -4.91],
              "size": [1, 1, 0],
              "uv": [64, 118]
            }
          ],
          "name": "eye_wide_right",
          "parent": "eyes_right",
          "pivot": [-4.5, 34.5, -2.9]
        }, {
          "name": "eyes_left",
          "parent": "face",
          "pivot": [5, 34.5, -5.01]
        }, {
          "cubes": [
            {
              "origin": [2.5, 34, -5.01],
              "size": [5, 1, 0],
              "uv": [1, 108]
            }
          ],
          "name": "eye_left",
          "parent": "eyes_left",
          "pivot": [5, 34.5, -5.01]
        }, {
          "cubes": [
            {
              "origin": [2.5, 34, -4.91],
              "size": [5, 2, 0],
              "uv": [40, 122]
            }
          ],
          "name": "eye_happy_left",
          "parent": "eyes_left",
          "pivot": [5, 35, -4.91]
        }, {
          "cubes": [
            {
              "origin": [2.5, 34, -4.91],
              "size": [5, 2, 0],
              "uv": [1, 113]
            }
          ],
          "name": "eye_sad_left",
          "parent": "eyes_left",
          "pivot": [5, 35, -4.91]
        }, {
          "cubes": [
            {
              "origin": [2.5, 32.5, -4.9],
              "size": [4, 4, 2],
              "uv": [76, 118]
            },
            {
              "origin": [4, 34, -4.91],
              "size": [1, 1, 0],
              "uv": [64, 119]
            }
          ],
          "name": "eye_wide_left",
          "parent": "eyes_left",
          "pivot": [4.5, 34.5, -2.9]
        }, {
          "name": "mouths",
          "parent": "face",
          "pivot": [0, 31, -5]
        }, {
          "cubes": [
            {
              "origin": [-4.5, 30, -5.02],
              "size": [9, 1, 0],
              "uv": [1, 69]
            }, {
              "origin": [-4.1, 30, -5.01],
              "pivot": [-3.1, 31, -5.01],
              "rotation": [0, 0, -45],
              "size": [2, 2, 0],
              "uv": [64, 124]
            }, {
              "origin": [2.1, 30, -5.01],
              "pivot": [3.1, 31, -5.01],
              "rotation": [0, 0, 45],
              "size": [2, 2, 0],
              "uv": [64, 126]
            }
          ],
          "name": "mouth_closed",
          "parent": "mouths",
          "pivot": [0, 31, -5]
        }, {
          "cubes": [
            {
              "origin": [-5.5, 30, -4.92],
              "size": [11, 2, 0],
              "uv": [1, 71]
            }, {
              "origin": [-4.1, 30, -4.91],
              "pivot": [-3.1, 31, -4.91],
              "rotation": [0, 0, -45],
              "size": [2, 2, 0],
              "uv": [68, 124]
            }, {
              "origin": [2.1, 30, -4.91],
              "pivot": [3.1, 31, -4.91],
              "rotation": [0, 0, 45],
              "size": [2, 2, 0],
              "uv": [68, 126]
            }
          ],
          "name": "mouth_closed_happy",
          "parent": "mouths",
          "pivot": [0, 31, -4.9]
        }, {
          "cubes": [
            {
              "origin": [-5.5, 29, -4.92],
              "size": [11, 2, 0],
              "uv": [1, 74]
            }, {
              "origin": [-4.1, 30, -4.91],
              "pivot": [-3.1, 31, -4.91],
              "rotation": [0, 0, -45],
              "size": [2, 2, 0],
              "uv": [72, 124]
            }, {
              "origin": [2.1, 30, -4.91],
              "pivot": [3.1, 31, -4.91],
              "rotation": [0, 0, 45],
              "size": [2, 2, 0],
              "uv": [72, 126]
            }
          ],
          "name": "mouth_closed_sad",
          "parent": "mouths",
          "pivot": [0, 31, -4.9]
        }, {
          "cubes": [
            {
              "origin": [-3.5, 27, -4.93],
              "size": [7, 1, 0],
              "uv": [1, 67]
            },
            {
              "origin": [-3.5, 28, -4.91],
              "size": [7, 4, 0],
              "uv": [1, 62]
            }, {
              "origin": [-3.1, 27, -4.92],
              "pivot": [-2.1, 28, -4.92],
              "rotation": [0, 0, -45],
              "size": [2, 2, 0],
              "uv": [76, 124]
            }, {
              "origin": [1.1, 27, -4.92],
              "pivot": [2.1, 28, -4.92],
              "rotation": [0, 0, 45],
              "size": [2, 2, 0],
              "uv": [76, 126]
            }
          ],
          "name": "mouth_open",
          "parent": "mouths",
          "pivot": [0, 28, -4.9]
        }, {
          "cubes": [
            {
              "origin": [-3.5, 27, -4.93],
              "size": [7, 1, 0],
              "uv": [1, 60]
            },
            {
              "origin": [-4.5, 28, -4.91],
              "size": [9, 4, 0],
              "uv": [1, 55]
            }, {
              "origin": [-3.1, 27, -4.92],
              "pivot": [-2.1, 28, -4.92],
              "rotation": [0, 0, -45],
              "size": [2, 2, 0],
              "uv": [80, 124]
            }, {
              "origin": [1.1, 27, -4.92],
              "pivot": [2.1, 28, -4.92],
              "rotation": [0, 0, 45],
              "size": [2, 2, 0],
              "uv": [80, 126]
            }
          ],
          "name": "mouth_open_happy",
          "parent": "mouths",
          "pivot": [0, 28, -4.9]
        }, {
          "cubes": [
            {
              "origin": [-10.5, 36.5, -0.5],
              "size": [7, 4, 7],
              "uv": [0, 11]
            },
            {
              "origin": [-9, 40.5, 0.5],
              "size": [4, 2, 5],
              "uv": [24, 94]
            }
          ],
          "name": "ear_right",
          "parent": "head",
          "pivot": [-9.5, 37, 3],
          "rotation": [0, 0, -24]
        }, {
          "cubes": [
            {
              "origin": [3.5, 36.5, -0.5],
              "size": [7, 4, 7],
              "uv": [0, 0]
            },
            {
              "origin": [5, 40.5, 0.5],
              "size": [4, 2, 5],
              "uv": [24, 87]
            }
          ],
          "name": "ear_left",
          "parent": "head",
          "pivot": [9.5, 37, 3],
          "rotation": [0, 0, 24]
        }, {
          "cubes": [
            {
              "origin": [-28, 12, -3],
              "size": [15, 12, 14],
              "uv": [98, 76]
            }
          ],
          "name": "arm_right",
          "parent": "torso",
          "pivot": [-15, 22, 4]
        }, {
          "cubes": [
            {
              "origin": [-34, 13, -2],
              "size": [7, 10, 12],
              "uv": [0, 106]
            }
          ],
          "name": "arm_right2",
          "parent": "arm_right",
          "pivot": [-28, 23, 10]
        }, {
          "cubes": [
            {
              "origin": [-36, 18, 7.5],
              "size": [3, 2, 0],
              "uv": [52, 124]
            }
          ],
          "name": "finger_pinky_right",
          "parent": "arm_right2",
          "pivot": [-34, 20, 7.5]
        }, {
          "cubes": [
            {
              "origin": [-36, 19, 5.5],
              "size": [3, 2, 0],
              "uv": [52, 122]
            }
          ],
          "name": "finger_ring_right",
          "parent": "arm_right2",
          "pivot": [-34, 21, 5.5]
        }, {
          "cubes": [
            {
              "origin": [-36, 19, 2.5],
              "size": [3, 2, 0],
              "uv": [52, 120]
            }
          ],
          "name": "finger_middle_right",
          "parent": "arm_right2",
          "pivot": [-34, 21, 2.5]
        }, {
          "cubes": [
            {
              "origin": [-36, 18, 0.5],
              "size": [3, 2, 0],
              "uv": [52, 118]
            }
          ],
          "name": "finger_index_right",
          "parent": "arm_right2",
          "pivot": [-34, 20, 0.5]
        }, {
          "cubes": [
            {
              "inflate": -0.01,
              "origin": [-36, 16, 0],
              "size": [3, 0, 2],
              "uv": [50, 126]
            }
          ],
          "name": "finger_thumb_right",
          "parent": "arm_right2",
          "pivot": [-34, 16, 0]
        }, {
          "cubes": [
            {
              "origin": [13, 12, -3],
              "size": [15, 12, 14],
              "uv": [142, 64]
            }
          ],
          "name": "arm_left",
          "parent": "torso",
          "pivot": [15, 22, 4]
        }, {
          "cubes": [
            {
              "origin": [27, 13, -2],
              "size": [7, 10, 12],
              "uv": [88, 106]
            }
          ],
          "name": "arm_left2",
          "parent": "arm_left",
          "pivot": [28, 23, 10]
        }, {
          "cubes": [
            {
              "origin": [33, 18, 7.5],
              "size": [3, 2, 0],
              "uv": [58, 124]
            }
          ],
          "name": "finger_pinky_left",
          "parent": "arm_left2",
          "pivot": [34, 20, 7.5]
        }, {
          "cubes": [
            {
              "origin": [33, 19, 5.5],
              "size": [3, 2, 0],
              "uv": [58, 122]
            }
          ],
          "name": "finger_ring_left",
          "parent": "arm_left2",
          "pivot": [34, 21, 5.5]
        }, {
          "cubes": [
            {
              "origin": [33, 19, 2.5],
              "size": [3, 2, 0],
              "uv": [58, 120]
            }
          ],
          "name": "finger_middle_left",
          "parent": "arm_left2",
          "pivot": [34, 21, 2.5]
        }, {
          "cubes": [
            {
              "origin": [33, 18, 0.5],
              "size": [3, 2, 0],
              "uv": [58, 118]
            }
          ],
          "name": "finger_index_left",
          "parent": "arm_left2",
          "pivot": [34, 20, 0.5]
        }, {
          "cubes": [
            {
              "inflate": -0.01,
              "origin": [33, 16, 0],
              "size": [3, 0, 2],
              "uv": [56, 126]
            }
          ],
          "name": "finger_thumb_left",
          "parent": "arm_left2",
          "pivot": [34, 16, 0]
        }, {
          "cubes": [
            {
              "origin": [-16, -6, -6.5],
              "size": [13, 9, 16],
              "uv": [132, 23]
            },
            {
              "origin": [-15, -9, -4.5],
              "size": [11, 4, 12],
              "uv": [120, 48]
            }
          ],
          "name": "leg_right",
          "parent": "body",
          "pivot": [-9.5, 0, 1]
        }, {
          "cubes": [
            {
              "origin": [-17, -13, -8.5],
              "size": [15, 5, 18],
              "uv": [104, 0]
            }
          ],
          "name": "foot_right",
          "parent": "leg_right",
          "pivot": [-9.5, -8, 0.5]
        }, {
          "name": "toes_right",
          "parent": "foot_right",
          "pivot": [-9.5, -13, -8.5]
        }, {
          "cubes": [
            {
              "origin": [-6, -13, -11.5],
              "size": [3, 3, 3],
              "uv": [176, 0]
            }
          ],
          "name": "toe_inner_right",
          "parent": "toes_right",
          "pivot": [-4.5, -10, -8.5]
        }, {
          "cubes": [
            {
              "origin": [-11, -13, -11.5],
              "size": [3, 3, 3],
              "uv": [164, 0]
            }
          ],
          "name": "toe_middle_right",
          "parent": "toes_right",
          "pivot": [-9.5, -10, -8.5]
        }, {
          "cubes": [
            {
              "origin": [-16, -13, -11.5],
              "size": [3, 3, 3],
              "uv": [152, 0]
            }
          ],
          "name": "toe_outer_right",
          "parent": "toes_right",
          "pivot": [-14.5, -10, -8.5]
        }, {
          "cubes": [
            {
              "origin": [3, -6, -6.5],
              "size": [13, 9, 16],
              "uv": [190, 23]
            },
            {
              "origin": [4, -9, -4.5],
              "size": [11, 4, 12],
              "uv": [166, 48]
            }
          ],
          "name": "leg_left",
          "parent": "body",
          "pivot": [9.5, 0, 1]
        }, {
          "cubes": [
            {
              "origin": [2, -13, -8.5],
              "size": [15, 5, 18],
              "uv": [170, 0]
            }
          ],
          "name": "foot_left",
          "parent": "leg_left",
          "pivot": [9.5, -8, 0.5]
        }, {
          "name": "toes_left",
          "parent": "foot_left",
          "pivot": [9.5, -13, -8.5]
        }, {
          "cubes": [
            {
              "origin": [3, -13, -11.5],
              "size": [3, 3, 3],
              "uv": [176, 6]
            }
          ],
          "name": "toe_inner_left",
          "parent": "toes_left",
          "pivot": [4.5, -10, -8.5]
        }, {
          "cubes": [
            {
              "origin": [8, -13, -11.5],
              "size": [3, 3, 3],
              "uv": [164, 6]
            }
          ],
          "name": "toe_middle_left",
          "parent": "toes_left",
          "pivot": [9.5, -10, -8.5]
        }, {
          "cubes": [
            {
              "origin": [13, -13, -11.5],
              "size": [3, 3, 3],
              "uv": [152, 6]
            }
          ],
          "name": "toe_outer_left",
          "parent": "toes_left",
          "pivot": [14.5, -10, -8.5]
        }, {
          "name": "SThyx05_Vny",
          "parent": "snorlax",
          "pivot": [0, 1, 0]
        }
      ],
      "description": {
        "identifier": "geometry.snorlax",
        "texture_height": 256,
        "texture_width": 256,
        "visible_bounds_height": 7,
        "visible_bounds_offset": [0, 2.5, 0],
        "visible_bounds_width": 9
      }
    }
  ]
}