{
  "format_version": "1.12.0",
  "minecraft:geometry": [
    {
      "bones": [
        {
          "name": "burmy",
          "pivot": [0.5, 0, 0]
        }, {
          "name": "body",
          "parent": "burmy",
          "pivot": [0.5, 0, 0]
        }, {
          "name": "torso",
          "parent": "body",
          "pivot": [0.5, 0, 0]
        }, {
          "cubes": [
            {
              "origin": [-0.5, 24, 0.25],
              "size": [1, 3, 1],
              "uv": [12, 48]
            }
          ],
          "name": "bone10",
          "parent": "torso",
          "pivot": [0, 27, 0.75]
        }, {
          "cubes": [
            {
              "origin": [-1.5, 20, -0.75],
              "size": [3, 4, 3],
              "uv": [38, 16]
            }
          ],
          "name": "bone9",
          "parent": "bone10",
          "pivot": [0, 24, 0.75]
        }, {
          "cubes": [
            {
              "origin": [-2, 17, -1.25],
              "size": [4, 4, 4],
              "uv": [38, 8]
            }
          ],
          "name": "bone34",
          "parent": "bone9",
          "pivot": [0, 21, 0.75]
        }, {
          "cubes": [
            {
              "origin": [-4, 13, -2.75],
              "size": [8, 5, 7],
              "uv": [0, 36]
            }, {
              "inflate": 0.25,
              "origin": [-4, 13, -2.75],
              "size": [8, 5, 7],
              "uv": [30, 36]
            }
          ],
          "name": "bone",
          "parent": "bone34",
          "pivot": [0, 18, 0.25]
        }, {
          "name": "bone8",
          "parent": "bone",
          "pivot": [0, 15.925, -2.75]
        }, {
          "cubes": [
            {
              "origin": [-0.5, 13.9, -4.5],
              "size": [1, 0, 2],
              "uv": [6, 48]
            }
          ],
          "name": "bone13",
          "parent": "bone8",
          "pivot": [0, 13.9, -2.5]
        }, {
          "cubes": [
            {
              "inflate": 0.01,
              "origin": [-0.5, 13.925, -4.5],
              "size": [1, 1, 2],
              "uv": [0, 48]
            }
          ],
          "name": "bone12",
          "parent": "bone8",
          "pivot": [0, 14.925, -2.5]
        }, {
          "cubes": [
            {
              "origin": [1.5, 14.5, -2.775],
              "size": [1, 2, 0],
              "uv": [16, 48]
            }
          ],
          "name": "bone4",
          "parent": "bone",
          "pivot": [2, 15.5, -2.775]
        }, {
          "cubes": [
            {
              "origin": [1.5, 15, -2.8],
              "size": [1, 1, 0],
              "uv": [38, 35]
            }
          ],
          "name": "bone6",
          "parent": "bone4",
          "pivot": [-1, 12, -6.775]
        }, {
          "cubes": [
            {
              "origin": [-2.5, 14.5, -2.775],
              "size": [1, 2, 0],
              "uv": [18, 48]
            }
          ],
          "name": "bone5",
          "parent": "bone",
          "pivot": [-2, 15.5, -2.775]
        }, {
          "cubes": [
            {
              "origin": [-2.5, 15, -2.8],
              "size": [1, 1, 0],
              "uv": [40, 35]
            }
          ],
          "name": "bone7",
          "parent": "bone5",
          "pivot": [-5, 12, -6.775]
        }, {
          "cubes": [
            {
              "origin": [-5, 4, -3.75],
              "size": [10, 9, 9],
              "uv": [0, 0]
            }, {
              "inflate": 0.25,
              "origin": [-5, 4, -3.75],
              "size": [10, 9, 9],
              "uv": [0, 18]
            }, {
              "origin": [-3.25, 7, -4.5],
              "size": [2, 2, 2],
              "uv": [38, 23]
            }, {
              "origin": [-1.25, 4.125, -4.5],
              "size": [2, 2, 2],
              "uv": [38, 27]
            }, {
              "origin": [1.75, 7.5, -4.5],
              "size": [2, 2, 2],
              "uv": [38, 31]
            }, {
              "origin": [-1.25, 5.75, 4],
              "size": [2, 2, 2],
              "uv": [46, 31]
            }, {
              "origin": [-3.25, 8.75, 4],
              "size": [2, 2, 2],
              "uv": [46, 27]
            }, {
              "origin": [1.75, 9.25, 4],
              "size": [2, 2, 2],
              "uv": [46, 23]
            }
          ],
          "name": "bone2",
          "parent": "bone",
          "pivot": [1, 9, 0.25]
        }, {
          "cubes": [
            {
              "inflate": 0.25,
              "origin": [-3.5, 2, -2.5],
              "size": [7, 2, 6],
              "uv": [38, 0]
            }
          ],
          "name": "bone3",
          "parent": "bone2",
          "pivot": [1, 5, 1.75]
        }
      ],
      "description": {
        "identifier": "geometry.burmy_sandy",
        "texture_height": 64,
        "texture_width": 64,
        "visible_bounds_height": 3.5,
        "visible_bounds_offset": [0, 1.25, 0],
        "visible_bounds_width": 2
      }
    }
  ]
}