{
  "format_version": "1.12.0",
  "minecraft:geometry": [
    {
      "bones": [
        {
          "name": "burmy",
          "pivot": [0.5, 0, 0]
        }, {
          "name": "body",
          "parent": "burmy",
          "pivot": [0.5, 0, 0]
        },
        {
          "name": "torso",
          "parent": "body",
          "pivot": [0.5, 0, 0]
        }, {
          "cubes": [
            {
              "origin": [-0.5, 24, 0.25],
              "size": [1, 3, 1],
              "uv": [44, 41]
            }
          ],
          "name": "bone10",
          "parent": "torso",
          "pivot": [0, 27, 0.75]
        }, {
          "cubes": [
            {
              "origin": [-1.5, 20, -0.75],
              "size": [3, 4, 3],
              "uv": [30, 34]
            }
          ],
          "name": "bone9",
          "parent": "bone10",
          "pivot": [0, 24, 0.75]
        }, {
          "cubes": [
            {
              "origin": [-2, 17, -1.25],
              "size": [4, 4, 4],
              "uv": [30, 26]
            }
          ],
          "name": "bone34",
          "parent": "bone9",
          "pivot": [0, 21, 0.75]
        }, {
          "cubes": [
            {
              "origin": [-4, 13, -2.75],
              "size": [8, 5, 7],
              "uv": [0, 18]
            },
            {
              "inflate": 0.25,
              "origin": [-4, 13, -2.75],
              "size": [8, 5, 7],
              "uv": [0, 30]
            }
          ],
          "name": "bone",
          "parent": "bone34",
          "pivot": [0, 18, 0.25]
        }, {
          "name": "bone8",
          "parent": "bone",
          "pivot": [0, 15.925, -2.75]
        }, {
          "cubes": [
            {
              "origin": [-0.5, 13.9, -4.5],
              "size": [1, 0, 2],
              "uv": [42, 39]
            }
          ],
          "name": "bone13",
          "parent": "bone8",
          "pivot": [0, 13.9, -2.75]
        }, {
          "cubes": [
            {
              "inflate": 0.01,
              "origin": [-0.5, 13.925, -4.5],
              "size": [1, 1, 2],
              "uv": [24, 42]
            }
          ],
          "name": "bone12",
          "parent": "bone8",
          "pivot": [0, 14.925, -2.5]
        }, {
          "cubes": [
            {
              "origin": [1.5, 14.5, -2.775],
              "size": [1, 2, 0],
              "uv": [42, 6]
            }
          ],
          "name": "bone4",
          "parent": "bone",
          "pivot": [2, 15.5, -2.775]
        }, {
          "cubes": [
            {
              "origin": [1.5, 15, -2.8],
              "size": [1, 1, 0],
              "uv": [42, 8]
            }
          ],
          "name": "bone6",
          "parent": "bone4",
          "pivot": [-1, 12, -6.775]
        }, {
          "cubes": [
            {
              "origin": [-2.5, 14.5, -2.775],
              "size": [1, 2, 0],
              "uv": [8, 42]
            }
          ],
          "name": "bone5",
          "parent": "bone",
          "pivot": [-2, 15.5, -2.775]
        }, {
          "cubes": [
            {
              "origin": [-2.5, 15, -2.8],
              "size": [1, 1, 0],
              "uv": [42, 9]
            }
          ],
          "name": "bone7",
          "parent": "bone5",
          "pivot": [-5, 12, -6.775]
        }, {
          "cubes": [
            {
              "origin": [-5, 4, -3.75],
              "size": [10, 9, 9],
              "uv": [0, 0]
            }
          ],
          "name": "bone2",
          "parent": "bone",
          "pivot": [1, 9, 0.25]
        }, {
          "cubes": [
            {
              "origin": [-3.5, 2, -2.5],
              "size": [7, 2, 6],
              "uv": [30, 18]
            }
          ],
          "name": "bone3",
          "parent": "bone2",
          "pivot": [1, 5, 1.75]
        }, {
          "cubes": [
            {
              "origin": [-0.75, 0, 0.5],
              "size": [1, 3, 0],
              "uv": [42, 3]
            }
          ],
          "name": "bone11",
          "parent": "bone3",
          "pivot": [2.25, -3, 0.5]
        }, {
          "cubes": [
            {
              "origin": [-0.5, 0, 0.5],
              "size": [1, 3, 0],
              "uv": [4, 42]
            }
          ],
          "name": "bone14",
          "parent": "bone3",
          "pivot": [0, 3, 0.5],
          "rotation": [0, 0, -35]
        }, {
          "cubes": [
            {
              "origin": [-1, 0, 0.5],
              "size": [1, 3, 0],
              "uv": [6, 42]
            }
          ],
          "name": "bone15",
          "parent": "bone3",
          "pivot": [-0.5, 3, 0.5],
          "rotation": [0, 0, 35]
        }, {
          "cubes": [
            {
              "origin": [-2.99462, 4.36746, -3.25],
              "size": [1, 4, 1],
              "uv": [38, 3]
            }
          ],
          "name": "bone35",
          "parent": "bone2",
          "pivot": [-2.49462, 8.36746, -2.75],
          "rotation": [-32.5, 0, 25.25]
        }, {
          "cubes": [
            {
              "inflate": 0.02,
              "origin": [-2.99462, 2.36746, -3.25],
              "size": [1, 2, 1],
              "uv": [38, 15]
            }
          ],
          "name": "bone16",
          "parent": "bone35",
          "pivot": [-1.99462, 4.36746, -2.75],
          "rotation": [0, 0, 47.5]
        }, {
          "cubes": [
            {
              "origin": [-2.99462, -0.63254, -3.25],
              "size": [1, 3, 1],
              "uv": [34, 41]
            }
          ],
          "name": "bone17",
          "parent": "bone16",
          "pivot": [-2.99462, 2.36746, -2.75],
          "rotation": [0, 0, -42.5]
        }, {
          "cubes": [
            {
              "origin": [1.99462, 4.36746, -3.25],
              "size": [1, 4, 1],
              "uv": [38, 8]
            }
          ],
          "name": "bone18",
          "parent": "bone2",
          "pivot": [2.49462, 8.36746, -2.75],
          "rotation": [-32.5, 0, -25.25]
        }, {
          "cubes": [
            {
              "inflate": 0.02,
              "origin": [1.99462, 2.36746, -3.25],
              "size": [1, 2, 1],
              "uv": [0, 42]
            }
          ],
          "name": "bone19",
          "parent": "bone18",
          "pivot": [1.99462, 4.36746, -2.75],
          "rotation": [0, 0, -47.5]
        }, {
          "cubes": [
            {
              "origin": [1.99462, -0.63254, -3.25],
              "size": [1, 3, 1],
              "uv": [38, 41]
            }
          ],
          "name": "bone20",
          "parent": "bone19",
          "pivot": [2.99462, 2.36746, -2.75],
          "rotation": [0, 0, 42.5]
        }, {
          "name": "bone36",
          "parent": "bone2",
          "pivot": [2.49462, 4.61746, 0],
          "rotation": [0, 0, -25.25]
        }
      ],
      "description": {
        "identifier": "geometry.burmy_trash",
        "texture_height": 64,
        "texture_width": 64,
        "visible_bounds_height": 3.5,
        "visible_bounds_offset": [0, 1.25, 0],
        "visible_bounds_width": 2
      }
    }
  ]
}