{
  "animations": {
    "animation.orbeetle.ground_idle": {
      "bones": {
        "abdomen": {
          "position": [0, -0.5, -0.025],
          "rotation": [-18.04941, 1.70134, -0.93514]
        },
        "body": {
          "position": [-1, 0, 0],
          "rotation": ["3-1*(math.cos(q.anim_time*90+2)*2)", 0, "3-1*(math.cos(q.anim_time*90+2)*2)-3+1*(math.sin(q.anim_time*90+2)*2)"]
        },
        "leftarm": {
          "rotation": [0, 0, "40-1*(math.cos(q.anim_time*90+2)*4)"]
        },
        "leftclawb": {
          "rotation": [0, 0, 65]
        },
        "leftclawf": {
          "rotation": [0, 0, 67.5]
        },
        "lefthand": {
          "rotation": [0, "37.5-1*(math.cos(q.anim_time*90+2)*4)", 0]
        },
        "leftknee": {
          "rotation": ["70+1*(math.cos(q.anim_time*90+2)*4)", 0, 0]
        },
        "leftpalm": {
          "rotation": [0, 0, 27.5]
        },
        "leftshell": {
          "scale": 1
        },
        "legleft": {
          "rotation": ["3+1*(math.cos(q.anim_time*90+2)*4)", -10.30856, -11.00303]
        },
        "legright": {
          "rotation": ["3+1*(math.cos(q.anim_time*90+2)*4)", 24.59477, 4.62934]
        },
        "rightarm": {
          "rotation": [0, 0, "-40+1*(math.cos(q.anim_time*90+2)*4)"]
        },
        "rightclawb": {
          "rotation": [0, 0, -62.5]
        },
        "rightclawf": {
          "rotation": [0, 0, -57.5]
        },
        "righthand": {
          "rotation": [0, "-37.5+1*(math.cos(q.anim_time*90+2)*4)", 0]
        },
        "rightknee": {
          "rotation": ["70+1*(math.cos(q.anim_time*90+2)*4)", 0, 0]
        },
        "rightpalm": {
          "rotation": [0, 0, -17.5]
        },
        "torso": {
          "position": [0, "0+0.1*(math.cos(q.anim_time*90+2)*4)", 1],
          "rotation": ["25+1*(math.cos(q.anim_time*90+2)*4)", 0, 0]
        },
        "waist": {
          "rotation": [0, 0, 0]
        }
      },
      "loop": true
    },
    "animation.orbeetle.ground_walk": {
      "bones": {
        "abdomen": {
          "position": [0, -0.5, -0.025],
          "rotation": [-18.04941, 1.70134, -0.93514]
        },
        "body": {
          "position": [-1, 0, 0],
          "rotation": ["15.5-1*(math.cos(q.anim_time*90+2)*4)", 0, "3-1*(math.cos(q.anim_time*90+2)*4)-3+1*(math.sin(q.anim_time*90+2)*4)"]
        },
        "leftarm": {
          "rotation": [0, -27.5, "40-1*(math.cos(q.anim_time*90+2)*4)"]
        },
        "leftclawb": {
          "rotation": [0, 0, 65]
        },
        "leftclawf": {
          "rotation": [0, 0, 67.5]
        },
        "lefthand": {
          "rotation": [0, "37.5-1*(math.cos(q.anim_time*90+2)*4)", 0]
        },
        "leftknee": {
          "rotation": ["70+1*(math.cos(q.anim_time*90+2)*4)", 0, 0]
        },
        "leftpalm": {
          "rotation": [0, 0, 27.5]
        },
        "leftshell": {
          "scale": 1
        },
        "legleft": {
          "rotation": ["25.5+1*(math.cos(q.anim_time*90+2)*4)", -10.30856, -11.00303]
        },
        "legright": {
          "rotation": ["25.5+1*(math.cos(q.anim_time*90+2)*4)", 24.59477, 4.62934]
        },
        "rightarm": {
          "rotation": [0, 27.5, "-40+1*(math.cos(q.anim_time*90+2)*4)"]
        },
        "rightclawb": {
          "rotation": [0, 0, -62.5]
        },
        "rightclawf": {
          "rotation": [0, 0, -57.5]
        },
        "righthand": {
          "rotation": [0, "-37.5+1*(math.cos(q.anim_time*90+2)*4)", 0]
        },
        "rightknee": {
          "rotation": ["70+1*(math.cos(q.anim_time*90+2)*4)", 0, 0]
        },
        "rightpalm": {
          "rotation": [0, 0, -17.5]
        },
        "torso": {
          "position": [0, "0+0.1*(math.cos(q.anim_time*90+2)*4)", 1],
          "rotation": ["25+1*(math.cos(q.anim_time*90+2)*4)", 0, 0]
        },
        "waist": {
          "rotation": [0, 0, 0]
        }
      },
      "loop": true
    }
  },
  "format_version": "1.8.0"
}