{
  "animations": {
    "animation.wurmple.blink": {
      "animation_length": 0.3333,
      "bones": {
        "eye_left2": {
          "position": {
            "0.0": [-1, 0, 0],
            "0.2917": [-1, 0, 0],
            "0.3333": [0, 0, 0]
          }
        },
        "eye_right2": {
          "position": {
            "0.0": [1, 0, 0],
            "0.2917": [1, 0, 0],
            "0.3333": [0, 0, 0]
          }
        },
        "sleep_left": {
          "position": {
            "0.0": [1, 0, 0],
            "0.2917": [1, 0, 0],
            "0.3333": [0, 0, 0]
          }
        },
        "sleep_right": {
          "position": {
            "0.0": [-1, 0, 0],
            "0.2917": [-1, 0, 0],
            "0.3333": [0, 0, 0]
          }
        }
      }
    },
    "animation.wurmple.cry": {
      "animation_length": 0.75,
      "bones": {
        "arm10": {
          "rotation": {
            "0.0": [0, 0, 0],
            "0.2083": {
              "lerp_mode": "catmullrom",
              "post": [0, 0, 15],
              "pre": [0, 0, 15]
            },
            "0.375": {
              "lerp_mode": "catmullrom",
              "post": [0, 0, 0]
            },
            "0.5417": {
              "lerp_mode": "catmullrom",
              "post": [0, 0, 15]
            },
            "0.75": [0, 0, 0]
          }
        },
        "arm4": {
          "rotation": {
            "0.0": [0, 0, 0],
            "0.2083": {
              "lerp_mode": "catmullrom",
              "post": [0, 0, -15],
              "pre": [0, 0, -15]
            },
            "0.375": {
              "lerp_mode": "catmullrom",
              "post": [0, 0, 0]
            },
            "0.5417": {
              "lerp_mode": "catmullrom",
              "post": [0, 0, -15]
            },
            "0.75": [0, 0, 0]
          }
        },
        "head": {
          "rotation": {
            "0.0": [0, 0, 0],
            "0.1667": {
              "lerp_mode": "catmullrom",
              "post": [-7.5, 0, 0],
              "pre": [-7.5, 0, 0]
            },
            "0.5417": {
              "lerp_mode": "catmullrom",
              "post": [-7.5, 0, 0]
            },
            "0.7083": [0, 0, 0]
          }
        },
        "neck": {
          "rotation": {
            "0.0": [0, 0, 0],
            "0.125": {
              "lerp_mode": "catmullrom",
              "post": [-2.5, 0, 0],
              "pre": [-2.5, 0, 0]
            },
            "0.4167": {
              "lerp_mode": "catmullrom",
              "post": [-2.5, 0, 0]
            },
            "0.75": [0, 0, 0]
          }
        },
        "seg3": {
          "rotation": {
            "0.0": [0, 0, 0],
            "0.125": {
              "lerp_mode": "catmullrom",
              "post": [10, 0, 0],
              "pre": [10, 0, 0]
            },
            "0.5": {
              "lerp_mode": "catmullrom",
              "post": [10, 0, 0]
            },
            "0.75": [0, 0, 0]
          }
        }
      },
      "sound_effects": {
        "0.0417": {
          "effect": "pokemon.wurmple.cry"
        }
      }
    },
    "animation.wurmple.ground_idle": {
      "bones": {
        "arm10": {
          "rotation": [0, 0, "5-math.cos(q.anim_time*60*3)*5"]
        },
        "arm4": {
          "rotation": [0, 0, "-5+math.cos(q.anim_time*60*3)*5"]
        },
        "head": {
          "rotation": ["math.sin(q.anim_time*60*6)*1.5", 0, "-math.cos(q.anim_time*60*3)*1"]
        },
        "neck": {
          "rotation": ["math.cos(q.anim_time*60*6)*0.75", "math.cos(q.anim_time*60*3)*1", "-math.cos(q.anim_time*60*3)*1"]
        },
        "seg3": {
          "rotation": ["math.sin(q.anim_time*60*3)*0.5", 0, 0]
        },
        "seg4": {
          "rotation": ["-math.cos(q.anim_time*60*3)*1", 0, 0]
        }
      },
      "loop": true
    },
    "animation.wurmple.ground_walk": {
      "bones": {
        "arm1": {
          "rotation": ["math.cos(q.anim_time*60*4+30)*15", 0, "-5-math.sin(q.anim_time*60*4)*5"]
        },
        "arm2": {
          "rotation": ["math.cos(q.anim_time*60*4+10)*15", 0, "-5-math.sin(q.anim_time*60*4)*5"]
        },
        "arm3": {
          "rotation": ["math.cos(q.anim_time*60*4-10)*15", 0, "-5-math.sin(q.anim_time*60*4)*5"]
        },
        "arm5": {
          "rotation": ["math.cos(q.anim_time*60*4-30)*15", 0, "-5-math.sin(q.anim_time*60*4)*5"]
        },
        "arm6": {
          "rotation": ["math.cos(q.anim_time*60*4-30)*15", 0, "5+math.sin(q.anim_time*60*4)*5"]
        },
        "arm7": {
          "rotation": ["math.cos(q.anim_time*60*4-10)*15", 0, "5+math.sin(q.anim_time*60*4)*5"]
        },
        "arm8": {
          "rotation": ["math.cos(q.anim_time*60*4+10)*15", 0, "5+math.sin(q.anim_time*60*4)*5"]
        },
        "arm9": {
          "rotation": ["math.cos(q.anim_time*60*4+30)*15", 0, "5+math.sin(q.anim_time*60*4)*5"]
        },
        "head": {
          "rotation": ["math.sin(q.anim_time*60*4)*2.5", 0, 0]
        },
        "neck": {
          "rotation": ["2.5+math.cos(q.anim_time*60*4)*2.5", 0, 0]
        },
        "seg1": {
          "rotation": ["5+math.cos(q.anim_time*60*4)*5", 0, 0]
        },
        "seg2": {
          "rotation": ["-10-math.cos(q.anim_time*60*4)*10", 0, 0]
        },
        "seg3": {
          "rotation": ["5+math.cos(q.anim_time*60*4)*5", 0, 0]
        },
        "seg4": {
          "rotation": ["math.sin(q.anim_time*60*4+30)*2.5", 0, 0]
        }
      },
      "loop": true
    },
    "animation.wurmple.physical": {
      "animation_length": 2.0833,
      "bones": {
        "body": {
          "position": {
            "0.0": [0, 0, 0],
            "0.5": {
              "lerp_mode": "catmullrom",
              "post": [0, 3.5, 1.1],
              "pre": [0, 3.5, 1.1]
            },
            "1.0": {
              "lerp_mode": "catmullrom",
              "post": [0, 3.5, 1.1]
            },
            "1.125": {
              "lerp_mode": "catmullrom",
              "post": [0, 1.1, -1]
            },
            "1.5833": {
              "lerp_mode": "catmullrom",
              "post": [0, 1.1, -1]
            },
            "2.0833": [0, 0, 0]
          }
        },
        "eye_left2": {
          "position": {
            "0.0": [0, 0, 0],
            "0.0417": [-1, 0, 0],
            "1.125": [-1, 0, 0],
            "1.1667": [0, 0, 0]
          }
        },
        "eye_right2": {
          "position": {
            "0.0": [0, 0, 0],
            "0.0417": [1, 0, 0],
            "1.125": [1, 0, 0],
            "1.1667": [0, 0, 0],
            "1.2083": [0, 0, 0]
          }
        },
        "head": {
          "rotation": {
            "0.0": [0, 0, 0],
            "0.2083": {
              "lerp_mode": "catmullrom",
              "post": [2.5, 0, 0],
              "pre": [2.5, 0, 0]
            },
            "0.625": {
              "lerp_mode": "catmullrom",
              "post": [-10, 0, 0]
            },
            "1.0417": [-12.5, 0, 0],
            "1.1667": {
              "lerp_mode": "catmullrom",
              "post": [-5, 0, 0],
              "pre": [-5, 0, 0]
            },
            "1.6667": {
              "lerp_mode": "catmullrom",
              "post": [-5, 0, 0]
            },
            "2.0833": [0, 0, 0]
          }
        },
        "neck": {
          "rotation": {
            "0.0": [0, 0, 0],
            "0.1667": {
              "lerp_mode": "catmullrom",
              "post": [7.5, 0, 0],
              "pre": [7.5, 0, 0]
            },
            "0.625": {
              "lerp_mode": "catmullrom",
              "post": [-10, 0, 0]
            },
            "1.0417": {
              "lerp_mode": "catmullrom",
              "post": [-12.5, 0, 0]
            },
            "1.1667": {
              "lerp_mode": "catmullrom",
              "post": [20, 0, 0]
            },
            "1.6667": {
              "lerp_mode": "catmullrom",
              "post": [20, 0, 0]
            },
            "2.0833": [0, 0, 0]
          }
        },
        "seg1": {
          "rotation": {
            "0.0": [0, 0, 0],
            "0.5": {
              "lerp_mode": "catmullrom",
              "post": [-35, 0, 0],
              "pre": [-35, 0, 0]
            },
            "1.0": {
              "lerp_mode": "catmullrom",
              "post": [-35, 0, 0]
            },
            "1.125": {
              "lerp_mode": "catmullrom",
              "post": [-10, 0, 0]
            },
            "1.5833": {
              "lerp_mode": "catmullrom",
              "post": [-10, 0, 0]
            },
            "2.0833": [0, 0, 0]
          }
        },
        "seg2": {
          "rotation": {
            "0.0": [0, 0, 0],
            "0.5": {
              "lerp_mode": "catmullrom",
              "post": [35, 0, 0],
              "pre": [35, 0, 0]
            },
            "1.0": {
              "lerp_mode": "catmullrom",
              "post": [35, 0, 0]
            },
            "1.125": {
              "lerp_mode": "catmullrom",
              "post": [10, 0, 0]
            },
            "1.5833": {
              "lerp_mode": "catmullrom",
              "post": [10, 0, 0]
            },
            "2.0833": [0, 0, 0]
          }
        },
        "seg3": {
          "rotation": {
            "0.0": [0, 0, 0],
            "0.625": {
              "lerp_mode": "catmullrom",
              "post": [12.5, 0, 0],
              "pre": [12.5, 0, 0]
            },
            "1.0": {
              "lerp_mode": "catmullrom",
              "post": [15, 0, 0]
            },
            "1.125": {
              "lerp_mode": "catmullrom",
              "post": [7.5, 0, 0]
            },
            "1.5833": {
              "lerp_mode": "catmullrom",
              "post": [7.5, 0, 0]
            },
            "2.0833": [0, 0, 0]
          }
        },
        "sleep_left": {
          "position": {
            "0.0": [0, 0, 0],
            "0.0417": [1, 0, 0],
            "1.125": [1, 0, 0],
            "1.1667": [0, 0, 0]
          }
        },
        "sleep_right": {
          "position": {
            "0.0": [0, 0, 0],
            "0.0417": [-1, 0, 0],
            "1.125": [-1, 0, 0],
            "1.1667": [0, 0, 0]
          }
        }
      }
    },
    "animation.wurmple.recoil": {
      "animation_length": 0.75,
      "bones": {
        "arm10": {
          "rotation": {
            "0.0": [0, 0, 0],
            "0.0833": {
              "lerp_mode": "catmullrom",
              "post": [0, 0, 40],
              "pre": [0, 0, 40]
            },
            "0.5": {
              "lerp_mode": "catmullrom",
              "post": [0, 0, 40]
            },
            "0.75": [0, 0, 0]
          }
        },
        "arm4": {
          "rotation": {
            "0.0": [0, 0, 0],
            "0.0833": {
              "lerp_mode": "catmullrom",
              "post": [0, 0, -40],
              "pre": [0, 0, -40]
            },
            "0.5": {
              "lerp_mode": "catmullrom",
              "post": [0, 0, -40]
            },
            "0.75": [0, 0, 0]
          }
        },
        "body": {
          "position": {
            "0.0": [0, 0, 0],
            "0.0417": {
              "lerp_mode": "catmullrom",
              "post": [0, 0.5, 0],
              "pre": [0, 0.5, 0]
            },
            "0.5": {
              "lerp_mode": "catmullrom",
              "post": [0, 0.5, 0]
            },
            "0.75": [0, 0, 0]
          }
        },
        "eye_left2": {
          "position": {
            "0.0": [0, 0, 0],
            "0.0417": [-1, 0, 0],
            "0.625": [-1, 0, 0],
            "0.6667": [0, 0, 0]
          }
        },
        "eye_right2": {
          "position": {
            "0.0": [0, 0, 0],
            "0.0417": [1, 0, 0],
            "0.625": [1, 0, 0],
            "0.6667": [0, 0, 0]
          }
        },
        "head": {
          "rotation": {
            "0.0": [0, 0, 0],
            "0.0833": {
              "lerp_mode": "catmullrom",
              "post": [-5, 0, 0],
              "pre": [-5, 0, 0]
            },
            "0.5833": {
              "lerp_mode": "catmullrom",
              "post": [-5, 0, 0]
            },
            "0.75": [0, 0, 0]
          }
        },
        "neck": {
          "rotation": {
            "0.0": [0, 0, 0],
            "0.0417": {
              "lerp_mode": "catmullrom",
              "post": [-5, 0, 0],
              "pre": [-5, 0, 0]
            },
            "0.5": {
              "lerp_mode": "catmullrom",
              "post": [-5, 0, 0]
            },
            "0.75": [0, 0, 0]
          }
        },
        "seg1": {
          "rotation": {
            "0.0": [0, 0, 0],
            "0.0417": {
              "lerp_mode": "catmullrom",
              "post": [-5, 0, 0],
              "pre": [-5, 0, 0]
            },
            "0.5": {
              "lerp_mode": "catmullrom",
              "post": [-5, 0, 0]
            },
            "0.75": [0, 0, 0]
          }
        },
        "seg2": {
          "rotation": {
            "0.0": [0, 0, 0],
            "0.0417": {
              "lerp_mode": "catmullrom",
              "post": [5, 0, 0],
              "pre": [5, 0, 0]
            },
            "0.5": {
              "lerp_mode": "catmullrom",
              "post": [5, 0, 0]
            },
            "0.75": [0, 0, 0]
          }
        },
        "seg3": {
          "rotation": {
            "0.0": [0, 0, 0],
            "0.0417": {
              "lerp_mode": "catmullrom",
              "post": [5, 0, 0],
              "pre": [5, 0, 0]
            },
            "0.5": {
              "lerp_mode": "catmullrom",
              "post": [5, 0, 0]
            },
            "0.75": [0, 0, 0]
          }
        },
        "sleep_left": {
          "position": {
            "0.0": [0, 0, 0],
            "0.0417": [1, 0, 0],
            "0.625": [1, 0, 0],
            "0.6667": [0, 0, 0]
          }
        },
        "sleep_right": {
          "position": {
            "0.0": [0, 0, 0],
            "0.0417": [-1, 0, 0],
            "0.625": [-1, 0, 0],
            "0.6667": [0, 0, 0]
          }
        }
      }
    },
    "animation.wurmple.sleep": {
      "bones": {
        "arm10": {
          "rotation": [0, 0, 90]
        },
        "arm4": {
          "rotation": [0, 0, -90]
        },
        "eye_left2": {
          "position": [-1, 0, 0]
        },
        "eye_right2": {
          "position": [1, 0, 0]
        },
        "head": {
          "rotation": ["math.cos(q.anim_time*45*2)*0.75", -25, -30]
        },
        "neck": {
          "rotation": ["65-math.sin(q.anim_time*45*2)*0.5", -30, -10]
        },
        "seg1": {
          "rotation": [0, 0, -5]
        },
        "seg2": {
          "rotation": [0, 20, 5]
        },
        "seg3": {
          "rotation": [0, 20, 0]
        },
        "seg4": {
          "rotation": ["math.sin(q.anim_time*45*2)*0.75", 7.5, 0]
        },
        "sleep_left": {
          "position": [1, 0, 0]
        },
        "sleep_right": {
          "position": [-1, 0, 0]
        }
      },
      "loop": true
    },
    "animation.wurmple.special": {
      "animation_length": 2.25,
      "bones": {
        "body": {
          "position": {
            "0.0": [0, 0, 0],
            "0.5": {
              "lerp_mode": "catmullrom",
              "post": [0, 3.5, 1.1],
              "pre": [0, 3.5, 1.1]
            },
            "1.0": {
              "lerp_mode": "catmullrom",
              "post": [0, 3.5, 1.1]
            },
            "1.125": {
              "lerp_mode": "catmullrom",
              "post": [0, 1.1, 0]
            },
            "1.6667": {
              "lerp_mode": "catmullrom",
              "post": [0, 1.1, 0]
            },
            "2.25": [0, 0, 0]
          }
        },
        "eye_left2": {
          "position": {
            "0.0": [0, 0, 0],
            "0.0417": [-1, 0, 0],
            "1.125": [-1, 0, 0],
            "1.1667": [0, 0, 0]
          }
        },
        "eye_right2": {
          "position": {
            "0.0": [0, 0, 0],
            "0.0417": [1, 0, 0],
            "1.125": [1, 0, 0],
            "1.1667": [0, 0, 0],
            "1.2083": [0, 0, 0]
          }
        },
        "head": {
          "rotation": {
            "0.0": [0, 0, 0],
            "0.2083": {
              "lerp_mode": "catmullrom",
              "post": [2.5, 0, 0],
              "pre": [2.5, 0, 0]
            },
            "0.625": {
              "lerp_mode": "catmullrom",
              "post": [-10, 0, 0]
            },
            "1.0417": [-12.5, 0, 0],
            "1.1667": {
              "lerp_mode": "catmullrom",
              "post": [-5, 0, 0],
              "pre": [-5, 0, 0]
            },
            "1.2917": {
              "lerp_mode": "catmullrom",
              "post": [-7.5, 0, 0]
            },
            "1.4167": {
              "lerp_mode": "catmullrom",
              "post": [-2.5, 0, 0]
            },
            "1.75": {
              "lerp_mode": "catmullrom",
              "post": [-5, 0, 0]
            },
            "2.25": [0, 0, 0]
          }
        },
        "neck": {
          "rotation": {
            "0.0": [0, 0, 0],
            "0.1667": {
              "lerp_mode": "catmullrom",
              "post": [7.5, 0, 0],
              "pre": [7.5, 0, 0]
            },
            "0.625": {
              "lerp_mode": "catmullrom",
              "post": [-10, 15, -5]
            },
            "1.0417": {
              "lerp_mode": "catmullrom",
              "post": [-10, 15, -5]
            },
            "1.1667": {
              "lerp_mode": "catmullrom",
              "post": [20, 0, 0]
            },
            "1.75": {
              "lerp_mode": "catmullrom",
              "post": [20, 0, 0]
            },
            "2.25": [0, 0, 0]
          }
        },
        "seg1": {
          "rotation": {
            "0.0": [0, 0, 0],
            "0.5": {
              "lerp_mode": "catmullrom",
              "post": [-35, 0, 0],
              "pre": [-35, 0, 0]
            },
            "1.0": {
              "lerp_mode": "catmullrom",
              "post": [-35, 0, 0]
            },
            "1.125": {
              "lerp_mode": "catmullrom",
              "post": [-10, 0, 0]
            },
            "1.6667": {
              "lerp_mode": "catmullrom",
              "post": [-10, 0, 0]
            },
            "2.25": [0, 0, 0]
          }
        },
        "seg2": {
          "rotation": {
            "0.0": [0, 0, 0],
            "0.5": {
              "lerp_mode": "catmullrom",
              "post": [35, 0, 0],
              "pre": [35, 0, 0]
            },
            "1.0": {
              "lerp_mode": "catmullrom",
              "post": [35, 0, 0]
            },
            "1.125": {
              "lerp_mode": "catmullrom",
              "post": [10, 0, 0]
            },
            "1.6667": {
              "lerp_mode": "catmullrom",
              "post": [10, 0, 0]
            },
            "2.25": [0, 0, 0]
          }
        },
        "seg3": {
          "rotation": {
            "0.0": [0, 0, 0],
            "0.625": {
              "lerp_mode": "catmullrom",
              "post": [12.5, 0, 0],
              "pre": [12.5, 0, 0]
            },
            "1.0": {
              "lerp_mode": "catmullrom",
              "post": [15, 0, 0]
            },
            "1.125": {
              "lerp_mode": "catmullrom",
              "post": [7.5, 0, 0]
            },
            "1.6667": {
              "lerp_mode": "catmullrom",
              "post": [7.5, 0, 0]
            },
            "2.25": [0, 0, 0]
          }
        },
        "sleep_left": {
          "position": {
            "0.0": [0, 0, 0],
            "0.0417": [1, 0, 0],
            "1.125": [1, 0, 0],
            "1.1667": [0, 0, 0]
          }
        },
        "sleep_right": {
          "position": {
            "0.0": [0, 0, 0],
            "0.0417": [-1, 0, 0],
            "1.125": [-1, 0, 0],
            "1.1667": [0, 0, 0]
          }
        }
      }
    }
  },
  "format_version": "1.8.0"
}