{
  "animations": {
    "animation.vullaby.ground_idle": {
      "bones": {
        "eyelid_left": {
          "scale": 0.01
        },
        "eyelid_right": {
          "scale": 0.01
        },
        "feather_left": {
          "rotation": [0, 0, "5-10*math.sin(query.anim_time*90*3)"]
        },
        "feather_left_back": {
          "rotation": [0, 0, "11-15*math.sin(query.anim_time*90*3)"]
        },
        "feather_left_front": {
          "rotation": [0, 0, "5-5*math.sin(query.anim_time*90*3)"]
        },
        "feather_right": {
          "rotation": [0, 0, "-8+10*math.sin(query.anim_time*90*3)"]
        },
        "feather_right_back": {
          "rotation": [0, 0, "-11+15*math.sin(query.anim_time*90*3)"]
        },
        "feather_right_front": {
          "rotation": [0, 0, "-5+5*math.sin(query.anim_time*90*3)"]
        },
        "hair": {
          "rotation": ["5+math.sin(query.anim_time*90*3)", 0, 0]
        },
        "skull": {
          "rotation": ["math.sin(query.anim_time*90*3+10)", 0, 0]
        },
        "torso_top": {
          "rotation": ["5+math.cos(query.anim_time*90*3)", 0, 0]
        },
        "wing_left": {
          "rotation": [0, 0, "50-4*math.cos(query.anim_time*90*3)"]
        },
        "wing_left2": {
          "rotation": [0, "math.sin(query.anim_time*90*3)", 0]
        },
        "wing_right": {
          "rotation": [0, 0, "-50+4*math.cos(query.anim_time*90*3)"]
        },
        "wing_right2": {
          "rotation": [0, "-math.sin(query.anim_time*90*3)", 0]
        }
      },
      "loop": true
    },
    "animation.vullaby.ground_walk": {
      "animation_length": 2,
      "bones": {
        "body": {
          "rotation": [0, "-50+15*math.sin(query.anim_time*90*2+90)+50+4*math.sin(query.anim_time*90*2+90)", 0]
        },
        "eyelid_left": {
          "scale": 0.01
        },
        "eyelid_right": {
          "scale": 0.01
        },
        "feather_left": {
          "rotation": [0, "5*math.sin((query.anim_time*90-8) * 2)", 0]
        },
        "feather_left_back": {
          "rotation": [0, "5*math.sin((query.anim_time*90-8) * 2)", 0]
        },
        "feather_left_front": {
          "rotation": [0, "5*math.sin((query.anim_time*90-8) * 2)", 0]
        },
        "feather_right": {
          "rotation": [0, "-5*math.sin((query.anim_time*90-8) * 2)", 0]
        },
        "feather_right_back": {
          "rotation": [0, "-5*math.sin((query.anim_time*90-8) * 2)", 0]
        },
        "feather_right_front": {
          "rotation": [0, "-5*math.sin((query.anim_time*90-8) * 2)", 0]
        },
        "hair": {
          "rotation": [0, "30*math.sin((q.anim_time*90) *2)", 0]
        },
        "head": {
          "rotation": {
            "0.0417": [2.5, 0, 0],
            "0.125": [5, 0, 0],
            "0.25": [2.5, 0, 0],
            "0.9167": [2.5, 0, 0],
            "1.0": [5, 0, 0],
            "1.125": [2.5, 0, 0]
          }
        },
        "leg_left": {
          "position": {
            "0.0": [0, 1, -3.25],
            "0.125": [0, -0.5, -3],
            "0.1667": [0, 0, -3],
            "1.0": [0, 0, -0.5],
            "1.4167": [0, 0, 0],
            "2.0": [0, 1, -3.25]
          },
          "rotation": [0, "50-20*math.cos(query.anim_time*90*2+90)-50-4*math.cos(query.anim_time*90*2+90)", 0]
        },
        "leg_left2": {
          "rotation": {
            "0.0": [-32.5, 0, 0],
            "0.0833": [0, 0, 0],
            "1.5": [0, 0, 0],
            "1.875": [-32.5, 0, 0]
          }
        },
        "leg_right": {
          "position": {
            "0.0": [0, 0, 0],
            "0.5833": [0, 0, 1],
            "0.8333": [0, 2, -2.25],
            "0.9583": [0, -0.5, -3],
            "1.0": [0, 0, -3],
            "1.75": [0, 0, 0],
            "2.0": [0, 0, 0]
          },
          "rotation": [0, "50-20*math.sin(query.anim_time*90*2+90)-50-4*math.sin(query.anim_time*90*2+90)", 0]
        },
        "leg_right2": {
          "rotation": {
            "0.0": [0, 0, 0],
            "0.5": [0, 0, 0],
            "0.875": [-32.5, 0, 0],
            "0.9583": [0, 0, 0]
          }
        },
        "skull": {
          "rotation": {
            "0.0": [7.5, "5-5*math.sin((query.anim_time*90-3) * 2) 10-5*math.sin((query.anim_time*90-3) * 2)", 0],
            "0.125": [0, "math.cos((query.anim_time*90-3) * 2)", "5-5*math.cos((query.anim_time*90-3) * 2) 10-5*math.cos((query.anim_time*90-3) * 2)"],
            "0.2083": [7.5, "0+math.cos((query.anim_time*90-3) * 2)", "5-5*math.cos((query.anim_time*90-3) * 2) 10-5*math.cos((query.anim_time*90-3) * 2)"],
            "0.3333": [0, "math.cos((query.anim_time*90-3) * 2)", "5-5*math.cos((query.anim_time*90-3) * 2) 10-5*math.cos((query.anim_time*90-3) * 2)"],
            "0.875": [0, "math.cos((query.anim_time*90-3) * 2)", "5-5*math.cos((query.anim_time*90-3) * 2) 10-5*math.cos((query.anim_time*90-3) * 2)"],
            "0.9583": [7.5, "math.cos((query.anim_time*90-3) * 2)", "5-5*math.cos((query.anim_time*90-3) * 2) 10-5*math.cos((query.anim_time*90-3) * 2)"],
            "1.0833": [0, "math.cos((query.anim_time*90-3) * 2)", "5-5*math.cos((query.anim_time*90-3) * 2) 10-5*math.cos((query.anim_time*90-3) * 2)"],
            "2.0": [7.5, "5-5*math.sin((query.anim_time*90-3) * 2) 10-5*math.sin((query.anim_time*90-3) * 2)", 0]
          }
        },
        "torso": {
          "rotation": [5, 0, 0]
        },
        "torso_top": {
          "rotation": {
            "0.0": [5, "5-5*math.sin((query.anim_time*90-3) * 2) 10-5*math.sin((query.anim_time*90-3) * 2)", 0],
            "0.0833": [10, "5-5*math.sin((query.anim_time*90-3) * 2) 10-5*math.sin((query.anim_time*90-3) * 2)", 0],
            "0.2083": [5, "5-5*math.sin((query.anim_time*90-3) * 2) 10-5*math.sin((query.anim_time*90-3) * 2)", 0],
            "0.875": [5, "5-5*math.sin((query.anim_time*90-3) * 2) 10-5*math.sin((query.anim_time*90-3) * 2)", 0],
            "0.9583": [10, "5-5*math.sin((query.anim_time*90-3) * 2) 10-5*math.sin((query.anim_time*90-3) * 2)", 0],
            "1.0833": [5, "5-5*math.sin((query.anim_time*90-3) * 2) 10-5*math.sin((query.anim_time*90-3) * 2)", 0]
          }
        },
        "wing_left": {
          "rotation": [0, 0, "25+5*math.sin((query.anim_time*90-5) * 2)"]
        },
        "wing_left2": {
          "rotation": [0, 0, "-5*math.sin((query.anim_time*90-8) * 2)"]
        },
        "wing_right": {
          "rotation": [0, 0, "-25+5*math.sin((query.anim_time*90-5) * 2)"]
        },
        "wing_right2": {
          "rotation": [0, 0, "5*math.sin((query.anim_time*90-8) * 2)"]
        }
      },
      "loop": true
    },
    "animation.vullaby.sleep": {
      "bones": {
        "body": {
          "position": [0, -3, 0],
          "rotation": ["2*math.cos(query.anim_time*90)", 0, 0]
        },
        "eyelid_left": {
          "position": [0.75, 0, -2.5],
          "scale": 1
        },
        "eyelid_right": {
          "position": [-0.5, 0, -2.5]
        },
        "eyes": {
          "position": [0, 0, 2]
        },
        "feather_left": {
          "rotation": [0, -7.5, 60]
        },
        "feather_left_back": {
          "rotation": [0, -12.5, 57.5]
        },
        "feather_left_front": {
          "rotation": [0, 0, 60]
        },
        "feather_right": {
          "rotation": [0, 5, -60]
        },
        "feather_right_back": {
          "rotation": [0, 12.5, -57.5]
        },
        "feather_right_front": {
          "rotation": [0, 0, -60]
        },
        "hair": {
          "rotation": ["2*math.cos(query.anim_time*90)", 0, 0]
        },
        "leg_left": {
          "position": [0, 0, -2.5],
          "rotation": ["-78+2*math.cos(query.anim_time*90)", -22.10395, -4.63078]
        },
        "leg_left2": {
          "rotation": ["5+2*math.sin(query.anim_time*90)", "10-5*math.cos(query.anim_time*90)", 0]
        },
        "leg_right": {
          "position": [0, 0, -2.65],
          "rotation": ["-82+2*math.cos(query.anim_time*90)", 17.33397, 2.59332]
        },
        "leg_right2": {
          "rotation": ["5+2*math.sin(query.anim_time*90)", "-10+5*math.cos(query.anim_time*90)", 0]
        },
        "skull": {
          "rotation": ["2*math.sin(query.anim_time*90)", 0, 0]
        },
        "wing_left": {
          "rotation": [10, 34, 40]
        },
        "wing_left2": {
          "rotation": [-14.25065, 53.73587, 24.72409]
        },
        "wing_right": {
          "rotation": [-10, -34, -40]
        },
        "wing_right2": {
          "rotation": [7, -42, -40]
        }
      },
      "loop": true
    }
  },
  "format_version": "1.8.0"
}