{
  "animations": {
    "animation.melmetalgmax.ground_idle": {
      "animation_length": 8,
      "bones": {
        "12": {
          "rotation": {
            "0.0": [0, 0, -12.5],
            "1.0": [0, 5, -12.5],
            "2.0": [0, 0, -12.5],
            "3.0": [0, 5, -12.5],
            "4.0": [0, 0, -12.5],
            "5.0": [0, 5, -12.5],
            "6.0": [0, 0, -12.5],
            "7.0": [0, 5, -12.5],
            "8.0": [0, 0, -12.5]
          }
        },
        "13": {
          "rotation": [-12.5, 0, 0]
        },
        "5": {
          "rotation": [0, 0, -12.5]
        },
        "6": {
          "rotation": [-12.5, 0, 0]
        },
        "7": {
          "rotation": {
            "0.0": [0, 0, 12.5],
            "1.0": [0, -5, 12.5],
            "2.0": [0, 0, 12.5],
            "3.0": [0, -5, 12.5],
            "4.0": [0, 0, 12.5],
            "5.0": [0, -5, 12.5],
            "6.0": [0, 0, 12.5],
            "7.0": [0, -5, 12.5],
            "8.0": [0, 0, 12.5]
          }
        },
        "8": {
          "rotation": [0, 0, 12.5]
        },
        "body": {
          "position": {
            "0.0": [0, 0, 0],
            "1.0": [0, -2, 0],
            "2.0": [0, 0, 0],
            "3.0": [0, -2, 0],
            "4.0": [0, 0, 0],
            "5.0": [0, -2, 0],
            "6.0": [0, 0, 0],
            "7.0": [0, -2, 0],
            "8.0": [0, 0, 0]
          }
        },
        "bone2": {
          "position": {
            "0.0": [0, 0, 0],
            "1.0": [0, 2, 0],
            "2.0": [0, 0, 0],
            "3.0": [0, 2, 0],
            "4.0": [0, 0, 0],
            "5.0": [0, 2, 0],
            "6.0": [0, 0, 0],
            "7.0": [0, 2, 0],
            "8.0": [0, 0, 0]
          }
        },
        "bone3": {
          "rotation": [0, 0, 12.5]
        },
        "bone5": {
          "rotation": [0, 0, -12.5]
        },
        "bone9": {
          "position": {
            "0.0": [0, 0, 0],
            "1.0": [0, 2, 0],
            "2.0": [0, 0, 0],
            "3.0": [0, 2, 0],
            "4.0": [0, 0, 0],
            "5.0": [0, 2, 0],
            "6.0": [0, 0, 0],
            "7.0": [0, 2, 0],
            "8.0": [0, 0, 0]
          }
        },
        "cara": {
          "rotation": {
            "0.0": [0, 0, 0],
            "1.0": [7.5, 0, 0],
            "2.0": [0, 0, 0],
            "3.0": [7.5, 0, 0],
            "4.0": [0, 0, 0],
            "5.0": [7.5, 0, 0],
            "6.0": [0, 0, 0],
            "7.0": [7.5, 0, 0],
            "8.0": [0, 0, 0]
          }
        },
        "swirlies": {
          "rotation": [0, "math.sin(query.anim_time*90*0.0001)*90000", 0],
          "scale": [0.8, 1, 0.8]
        }
      },
      "loop": true
    },
    "animation.melmetalgmax.ground_walk": {
      "animation_length": 8,
      "bones": {
        "12": {
          "rotation": {
            "0.0": [0, 0, -12.5],
            "1.0": [0, 7.5, -12.5],
            "2.0": [0, 0, -12.5],
            "3.0": [0, 7.5, -12.5],
            "4.0": [0, 0, -12.5],
            "5.0": [0, 7.5, -12.5],
            "6.0": [0, 0, -12.5],
            "7.0": [0, 7.5, -12.5],
            "8.0": [0, 0, -12.5]
          }
        },
        "13": {
          "rotation": [-12.5, 0, 0]
        },
        "5": {
          "rotation": [0, 0, -12.5]
        },
        "6": {
          "rotation": [-12.5, 0, 0]
        },
        "7": {
          "rotation": {
            "0.0": [0, 0, 12.5],
            "1.0": [0, -7.5, 12.5],
            "2.0": [0, 0, 12.5],
            "3.0": [0, -7.5, 12.5],
            "4.0": [0, 0, 12.5],
            "5.0": [0, -7.5, 12.5],
            "6.0": [0, 0, 12.5],
            "7.0": [0, -7.5, 12.5],
            "8.0": [0, 0, 12.5]
          }
        },
        "8": {
          "rotation": [0, 0, 12.5]
        },
        "body": {
          "position": {
            "0.0": [0, 0, 0],
            "1.0": [0, -2, 0],
            "2.0": [0, 0, 0],
            "3.0": [0, -2, 0],
            "4.0": [0, 0, 0],
            "5.0": [0, -2, 0],
            "6.0": [0, 0, 0],
            "7.0": [0, -2, 0],
            "8.0": [0, 0, 0]
          }
        },
        "bone2": {
          "position": {
            "0.0": [0, 0, 0],
            "1.0": [0, 2, 0],
            "2.0": [0, 0, 0],
            "3.0": [0, 2, 0],
            "4.0": [0, 0, 0],
            "5.0": [0, 2, 0],
            "6.0": [0, 0, 0],
            "7.0": [0, 2, 0],
            "8.0": [0, 0, 0]
          },
          "rotation": {
            "0.0": [0, 0, 0],
            "1.0": [-30, 0, 0],
            "2.0": [0, 0, 0],
            "4.0": [0, 0, 0],
            "5.0": [-30, 0, 0],
            "6.0": [0, 0, 0],
            "8.0": [0, 0, 0]
          }
        },
        "bone3": {
          "rotation": {
            "0.0": [0, 0, 12.5],
            "1.0": [0, 0, 2.5],
            "2.0": [0, 0, 12.5],
            "3.0": [0, 0, 2.5],
            "4.0": [0, 0, 12.5],
            "5.0": [0, 0, 2.5],
            "6.0": [0, 0, 12.5],
            "7.0": [0, 0, 2.5],
            "8.0": [0, 0, 12.5]
          }
        },
        "bone5": {
          "rotation": {
            "0.0": [0, 0, -12.5],
            "1.0": [0, 0, -2.5],
            "2.0": [0, 0, -12.5],
            "3.0": [0, 0, -2.5],
            "4.0": [0, 0, -12.5],
            "5.0": [0, 0, -2.5],
            "6.0": [0, 0, -12.5],
            "7.0": [0, 0, -2.5],
            "8.0": [0, 0, -12.5]
          }
        },
        "bone9": {
          "position": {
            "0.0": [0, 0, 0],
            "1.0": [0, 2, 0],
            "2.0": [0, 0, 0],
            "4.0": [0, 0, 0],
            "5.0": [0, 2, 0],
            "6.0": [0, 0, 0],
            "8.0": [0, 0, 0]
          },
          "rotation": {
            "0.0": [0, 0, 0],
            "2.0": [0, 0, 0],
            "3.0": [-30, 0, 0],
            "4.0": [0, 0, 0],
            "6.0": [0, 0, 0],
            "7.0": [-30, 0, 0],
            "8.0": [0, 0, 0]
          }
        },
        "cara": {
          "rotation": {
            "0.0": [0, 0, 0],
            "1.0": [7.7614, -14.8687, -2.00307],
            "2.0": [0, 0, 0],
            "3.0": [7.7614, 14.8687, 2.00307],
            "4.0": [0, 0, 0],
            "5.0": [7.7614, -14.8687, -2.00307],
            "6.0": [0, 0, 0],
            "7.0": [7.7614, 14.8687, 2.00307],
            "8.0": [0, 0, 0]
          }
        },
        "swirlies": {
          "rotation": [0, "math.sin(query.anim_time*90*0.0001)*90000", 0],
          "scale": [0.8, 1, 0.8]
        }
      },
      "loop": true
    }
  },
  "format_version": "1.8.0"
}