{
  "animations": {
    "animation.melmetal.battle_idle": {
      "bones": {
        "arm_l_1": {
          "rotation": [0, -25, -17.5]
        },
        "arm_l_2": {
          "rotation": ["-0.1995-2*math.sin(q.anim_time*90*1+150)", "0.8553-2*math.sin(q.anim_time*90*1+160)", "42.4922-6*math.sin(q.anim_time*90*1+160)"]
        },
        "arm_l_3": {
          "rotation": [0, 0, 22.5]
        },
        "arm_l_4": {
          "rotation": ["-0.0086+2*math.sin(q.anim_time*90*1+150)", "0.1742-0.0773*math.sin(q.anim_time*90*1+150)", "-42.4922+6*math.sin(q.anim_time*90*1+150)"]
        },
        "bone": {
          "rotation": [0, 40, "52.5018-6*math.sin(q.anim_time*90*1+160)*0.2"]
        },
        "bone2": {
          "rotation": [-16.0129, -37.15855, "-27.0879+6*math.sin(q.anim_time*90*1+150)*0.2"]
        },
        "bone5": {
          "rotation": [4.85886, -37.18907, -13.14495]
        },
        "bone8": {
          "rotation": [2.54391, 35.65251, 0.85591]
        },
        "bot_torso": {
          "position": [0, "0.4*math.sin(q.anim_time*90*1-20)", 0],
          "rotation": ["8.5265+1*math.sin(q.anim_time*90*1+90)", 4.96264, "0.6109+0.1*math.sin(q.anim_time*90*2+90)"]
        },
        "eye": {
          "position": [0, "0-math.sin(q.anim_time*90*2)*0.3", 0]
        },
        "head": {
          "rotation": [-17.89196, -17.54528, 2.18206]
        },
        "leg_bot": {
          "position": [0, "-0.2*math.sin(q.anim_time*90*1-20)", 0],
          "rotation": [30, 0, 0]
        },
        "leg_bot2": {
          "position": [0, "-0.2*math.sin(q.anim_time*90*1-20)", 0],
          "rotation": [-25, 0, -17.5]
        },
        "leg_left_top": {
          "position": [0, "-0.7+0.2*math.sin(q.anim_time*90*1-20)", 0],
          "rotation": [-30, -7.5, 0]
        },
        "leg_right_top": {
          "position": [0, "-1.175+0.2*math.sin(q.anim_time*90*1-20)", 1.95],
          "rotation": [27.26708, 7.15102, 17.64168]
        },
        "middle_torso": {
          "position": [1.35, 0, 0],
          "rotation": ["17.8766+1*math.sin(q.anim_time*90*1+120)", 9.47883, 3.19076]
        },
        "tail_cone": {
          "rotation": ["1*math.sin(q.anim_time*90*2-20)*5", "-6*math.sin(q.anim_time*90*2-20)*0.2", "-3*math.cos(q.anim_time*90*2-20)"]
        },
        "top_torso": {
          "position": [0, -1, 0],
          "rotation": ["-2.5+1*math.sin(q.anim_time*90*1+150)", 0, 0]
        }
      },
      "loop": true
    },
    "animation.melmetal.ground_idle": {
      "bones": {
        "arm_l_1": {
          "rotation": [-7.5, 25, -7.5]
        },
        "arm_l_2": {
          "rotation": ["-0.1995-2*math.sin(q.anim_time*90*1+150)", "0.8553-2*math.sin(q.anim_time*90*1+160)", "42.4922-6*math.sin(q.anim_time*90*1+160)"]
        },
        "arm_l_3": {
          "rotation": [-7.5, -25, 7.5]
        },
        "arm_l_4": {
          "rotation": ["-0.0086+2*math.sin(q.anim_time*90*1+150)", "0.1742-0.0773*math.sin(q.anim_time*90*1+160)", "-42.4922+6*math.sin(q.anim_time*90*1+160)"]
        },
        "bone": {
          "rotation": [0, 30, "12-6*math.sin(q.anim_time*90*1+185)*-1"]
        },
        "bone2": {
          "rotation": [0, -30, "-12.5018+6*math.sin(q.anim_time*90*1+185)*-1"]
        },
        "bone5": {
          "rotation": [0, -37.5, 0]
        },
        "bone8": {
          "rotation": [0, 37.5, 0]
        },
        "bot_torso": {
          "position": [0, "0.4*math.sin(q.anim_time*90*1-20)", 0],
          "rotation": ["1+1*math.sin(q.anim_time*90*1+90)", 0, "0.1*math.sin(q.anim_time*90*2+90)"]
        },
        "eye": {
          "position": [0, "0-math.sin(q.anim_time*90*2)*0.3", 0]
        },
        "head": {
          "rotation": [-10, 0, 0]
        },
        "leg_bot": {
          "position": [0, "-0.2*math.sin(q.anim_time*90*1-20)", 0],
          "rotation": [0, 0, 0]
        },
        "leg_bot2": {
          "position": [0, "-0.2*math.sin(q.anim_time*90*1-20)", 0],
          "rotation": [0, 0, 0]
        },
        "leg_left_top": {
          "position": [0, "0.2*math.sin(q.anim_time*90*1-20)", 0],
          "rotation": [0, -7.5, 0]
        },
        "leg_right_top": {
          "position": [0, "0.2*math.sin(q.anim_time*90*1-20)", 0],
          "rotation": [0, 7.5, 0]
        },
        "middle_torso": {
          "rotation": ["5+1*math.sin(q.anim_time*90*1+120)", 0, 0]
        },
        "tail_cone": {
          "rotation": ["1*math.sin(q.anim_time*90*2-20)*5", "-6*math.sin(q.anim_time*90*2-20)*0.2", "-3*math.cos(q.anim_time*90*2-20)"]
        },
        "top_torso": {
          "position": [0, -1, 0],
          "rotation": ["5+1*math.sin(q.anim_time*90*1+150)", 0, 0]
        }
      },
      "loop": true
    },
    "animation.melmetal.ground_walk": {
      "animation_length": 4,
      "bones": {
        "arm_l_1": {
          "position": [0, 0, "math.cos(q.anim_time*90*2)*1"],
          "rotation": ["math.sin(q.anim_time*90*2-40)*-20", "10+math.cos(q.anim_time*90*2)*-25", "25+math.cos(q.anim_time*90*2+50)*-10"]
        },
        "arm_l_2": {
          "rotation": ["math.sin(q.anim_time*90*2)*10", "math.cos(q.anim_time*90*2-30)*-5", "10+math.cos(q.anim_time*90*2+50)*-10"]
        },
        "arm_l_3": {
          "position": [0, 0, "math.cos(q.anim_time*90*2)*-1"],
          "rotation": ["math.sin(q.anim_time*90*2-40)*20", "-10+math.cos(q.anim_time*90*2)*-25", "-25+math.cos(q.anim_time*90*2+50)*-10"]
        },
        "arm_l_4": {
          "rotation": ["math.sin(q.anim_time*90*2)*-10", "math.cos(q.anim_time*90*2-30)*-5", "-10+math.cos(q.anim_time*90*2+50)*-10"]
        },
        "bone": {
          "rotation": [11.14776, "72.2956+math.cos(q.anim_time*90*2-60)*-8", "14.9367+math.cos(q.anim_time*90*2-60)*-5"]
        },
        "bone2": {
          "rotation": [32.1313, "-71.2163+math.cos(q.anim_time*90*2-60)*-8", "-36.9409+math.cos(q.anim_time*90*2-60)*-5"]
        },
        "bone5": {
          "rotation": [0, "-31+math.cos(q.anim_time*90*2-120)*-5", 0]
        },
        "bone8": {
          "rotation": [0, "30+math.cos(q.anim_time*90*2-120)*-5", 0]
        },
        "bot_torso": {
          "position": [0, "0.9+math.clamp(1*math.sin(q.anim_time*90*4+60),0,2)", "-0.3+0.5*math.cos(q.anim_time*90*4+120)"],
          "rotation": ["5+4*math.sin(q.anim_time*90*4-60)", "12*math.cos(q.anim_time*90*2)", "5*math.sin(q.anim_time*90*2)"]
        },
        "eye": {
          "position": [0, "0.4*math.sin(q.anim_time*90*4-20)", 0]
        },
        "head": {
          "rotation": ["-4.5+math.sin(q.anim_time*90*4-180)*4", 0, 0]
        },
        "leg_bot": {
          "rotation": {
            "0.0": {
              "lerp_mode": "catmullrom",
              "post": [36.94, 0, 0]
            },
            "0.25": {
              "lerp_mode": "catmullrom",
              "post": [15.27, 0, 0]
            },
            "1.25": {
              "lerp_mode": "catmullrom",
              "post": [0.27, 0, 0]
            },
            "1.5": {
              "lerp_mode": "catmullrom",
              "post": [30.27, 0, 0]
            },
            "2.0": {
              "lerp_mode": "catmullrom",
              "post": [36.94, 0, 0]
            },
            "2.25": {
              "lerp_mode": "catmullrom",
              "post": [15.27, 0, 0]
            },
            "3.25": {
              "lerp_mode": "catmullrom",
              "post": [0.27, 0, 0]
            },
            "3.5": {
              "lerp_mode": "catmullrom",
              "post": [30.27, 0, 0]
            },
            "4.0": {
              "lerp_mode": "catmullrom",
              "post": [36.94, 0, 0]
            }
          }
        },
        "leg_bot2": {
          "rotation": {
            "0.0": {
              "lerp_mode": "catmullrom",
              "post": [0.7, 0, 0]
            },
            "0.25": {
              "lerp_mode": "catmullrom",
              "post": [0.27, 0, 0]
            },
            "0.5": {
              "lerp_mode": "catmullrom",
              "post": [30.27, 0, 0]
            },
            "1.0": {
              "lerp_mode": "catmullrom",
              "post": [36.94, 0, 0]
            },
            "1.25": {
              "lerp_mode": "catmullrom",
              "post": [15.27, 0, 0]
            },
            "2.25": {
              "lerp_mode": "catmullrom",
              "post": [0.27, 0, 0]
            },
            "2.5": {
              "lerp_mode": "catmullrom",
              "post": [30.27, 0, 0]
            },
            "3.0": {
              "lerp_mode": "catmullrom",
              "post": [36.94, 0, 0]
            },
            "3.25": {
              "lerp_mode": "catmullrom",
              "post": [15.27, 0, 0]
            },
            "4.0": {
              "lerp_mode": "catmullrom",
              "post": [0.7, 0, 0]
            }
          }
        },
        "leg_left_top": {
          "position": {
            "0.0": [-0.01, 3.23, 0.18],
            "0.1667": [-0.01, 3.17, -1],
            "0.25": [-0.01, -0.03, -1.59],
            "1.25": [-0.01, 1.27, 5.51],
            "1.6667": [-0.01, 2.93, 2.55],
            "1.9583": [-0.01, 3.24, 0.48],
            "2.1667": [-0.01, 3.17, -1],
            "2.25": [-0.01, -0.03, -1.59],
            "3.25": [-0.01, 1.27, 5.51],
            "3.6667": [-0.01, 2.93, 2.55],
            "3.9583": [-0.01, 3.24, 0.48],
            "4.0": [-0.01, 3.23, 0.18]
          },
          "rotation": {
            "0.0": {
              "lerp_mode": "catmullrom",
              "post": [-24.32, -19.73, -4.18]
            },
            "0.0417": {
              "lerp_mode": "catmullrom",
              "post": [-25.64985, -21.01706, -3.44594]
            },
            "0.25": {
              "lerp_mode": "catmullrom",
              "post": [-15.27, -27.5, 0]
            },
            "1.25": {
              "lerp_mode": "catmullrom",
              "post": [9.16329, -25.70885, -6.53894]
            },
            "1.5833": {
              "lerp_mode": "catmullrom",
              "post": [4.08469, -23.45696, -11.66984]
            },
            "2.0417": {
              "lerp_mode": "catmullrom",
              "post": [-25.64985, -21.01706, -3.44594]
            },
            "2.25": {
              "lerp_mode": "catmullrom",
              "post": [-15.27, -27.5, 0]
            },
            "3.25": {
              "lerp_mode": "catmullrom",
              "post": [9.16329, -25.70885, -6.53894]
            },
            "3.5833": {
              "lerp_mode": "catmullrom",
              "post": [4.08469, -23.45696, -11.66984]
            },
            "4.0": {
              "lerp_mode": "catmullrom",
              "post": [-24.32, -19.73, -4.18]
            },
            "4.0417": {
              "lerp_mode": "catmullrom",
              "post": [-25.64985, -21.01706, -3.44594]
            }
          }
        },
        "leg_right_top": {
          "position": {
            "0.0": [0.01, 0.95, 3.74],
            "0.25": [0.01, 1.27, 5.51],
            "0.6667": [0.01, 2.93, 2.55],
            "0.9583": [0.01, 3.24, 0.48],
            "1.0": [0.01, 3.23, 0.18],
            "1.1667": [0.01, 3.17, -1],
            "1.25": [0.01, -0.03, -1.59],
            "2.25": [0.01, 1.27, 5.51],
            "2.6667": [0.01, 2.93, 2.55],
            "2.9583": [0.01, 3.24, 0.48],
            "3.1667": [0.01, 3.17, -1],
            "3.25": [0.01, -0.03, -1.59],
            "4.0": [0.01, 0.95, 3.74]
          },
          "rotation": {
            "0.0": {
              "lerp_mode": "catmullrom",
              "post": [4.8, 26.38, 4.77]
            },
            "0.25": {
              "lerp_mode": "catmullrom",
              "post": [9.16329, 25.70885, 6.53894]
            },
            "0.5833": {
              "lerp_mode": "catmullrom",
              "post": [4.08469, 23.45696, 11.66984]
            },
            "1.0": {
              "lerp_mode": "catmullrom",
              "post": [-24.32, 19.73, 4.18]
            },
            "1.0417": {
              "lerp_mode": "catmullrom",
              "post": [-25.64985, 21.01706, 3.44594]
            },
            "1.25": {
              "lerp_mode": "catmullrom",
              "post": [-15.27, 27.5, 0]
            },
            "2.25": {
              "lerp_mode": "catmullrom",
              "post": [9.16329, 25.70885, 6.53894]
            },
            "2.5833": {
              "lerp_mode": "catmullrom",
              "post": [4.08469, 23.45696, 11.66984]
            },
            "3.0417": {
              "lerp_mode": "catmullrom",
              "post": [-25.64985, 21.01706, 3.44594]
            },
            "3.25": {
              "lerp_mode": "catmullrom",
              "post": [-15.27, 27.5, 0]
            },
            "4.0": {
              "lerp_mode": "catmullrom",
              "post": [4.8, 26.38, 4.77]
            }
          }
        },
        "middle_torso": {
          "rotation": ["4+math.sin(q.anim_time*90*4-60)*2", "math.cos(q.anim_time*90*2-30)*-5", "math.cos(q.anim_time*90*2+30)*4"]
        },
        "shake": {
          "position": {
            "0.0": [0, -1.5, 0],
            "0.25": [0, -1.5, 0],
            "0.2917": [0, -1.8, 0],
            "0.3333": [0, -1.2, 0],
            "0.375": [0, -1.6, 0],
            "0.4583": [0, -1.4, 0],
            "0.5833": [0, -1.6, 0],
            "0.7917": [0, -1.5, 0],
            "1.25": [0, -1.5, 0],
            "1.2917": [0, -1.8, 0],
            "1.3333": [0, -1.2, 0],
            "1.375": [0, -1.6, 0],
            "1.4583": [0, -1.4, 0],
            "1.5833": [0, -1.6, 0],
            "1.7917": [0, -1.5, 0],
            "2.25": [0, -1.5, 0],
            "2.2917": [0, -1.8, 0],
            "2.3333": [0, -1.2, 0],
            "2.375": [0, -1.6, 0],
            "2.4583": [0, -1.4, 0],
            "2.5833": [0, -1.6, 0],
            "2.7917": [0, -1.5, 0],
            "3.25": [0, -1.5, 0],
            "3.2917": [0, -1.8, 0],
            "3.3333": [0, -1.2, 0],
            "3.375": [0, -1.6, 0],
            "3.4583": [0, -1.4, 0],
            "3.5833": [0, -1.6, 0],
            "3.7917": [0, -1.5, 0]
          }
        },
        "tail_cone": {
          "rotation": [-18, "math.sin(q.anim_time*90*2)*25", 0]
        },
        "top_torso": {
          "position": [0, -0.575, 0],
          "rotation": ["-5+math.sin(q.anim_time*90*4-120)*2", "math.cos(q.anim_time*90*2+30)*-5", 0]
        }
      },
      "loop": true
    },
    "animation.melmetal.physical": {
      "animation_length": 3,
      "bones": {
        "arm_l_2": {
          "position": {
            "0.0": [0, 0, -0.8],
            "0.625": [0, 0, -0.8],
            "0.9583": {
              "lerp_mode": "catmullrom",
              "post": [0.13, 0, -0.72],
              "pre": [0.13, 0, -0.72]
            },
            "1.1667": {
              "lerp_mode": "catmullrom",
              "post": [0, 0, 1]
            },
            "1.2083": {
              "lerp_mode": "catmullrom",
              "post": [-1.8, 0, -1.96]
            },
            "1.25": [0, 0, -3],
            "1.2917": [0, 0, -2.1],
            "1.3333": [0, 0, -3],
            "1.4167": [0, 0, -0.8],
            "1.625": [0, 0, -0.8],
            "1.9583": [0, 0, -2.3],
            "2.0": [0, 0, -2.3],
            "3.0": [0, 0, -0.8]
          },
          "rotation": {
            "0.0": [-21.4223, 21.9984, 7.76035],
            "0.625": {
              "lerp_mode": "catmullrom",
              "post": [-21.4223, 28.9984, 16.76035],
              "pre": [-21.4223, 28.9984, 16.76035]
            },
            "0.8333": {
              "lerp_mode": "catmullrom",
              "post": [-21.75, 0.86, 28.7]
            },
            "1.1667": {
              "lerp_mode": "catmullrom",
              "post": [-21.42, -46, 7.76]
            },
            "1.2083": {
              "lerp_mode": "catmullrom",
              "post": [-14.17, -5.25, -3.24]
            },
            "1.25": [-6.92, 63.5, -14.24],
            "1.3333": [-6.92, 63.5, -14.24],
            "1.375": [-21.42, -46, -8.24],
            "1.75": {
              "lerp_mode": "catmullrom",
              "post": [-21.42, -46, -8.24],
              "pre": [-21.42, -46, -8.24]
            },
            "1.875": {
              "lerp_mode": "catmullrom",
              "post": [-1.36, -37.22, -4]
            },
            "1.9583": [0.58, 47.55, -1.88],
            "2.0": [0.58, 32.55, -1.88],
            "2.4167": {
              "lerp_mode": "catmullrom",
              "post": [-21.42, -27.45, 16.12],
              "pre": [-21.42, -27.45, 16.12]
            },
            "3.0": [-21.4223, 21.9984, 7.76035]
          },
          "scale": {
            "1.1667": [1, 1, 1],
            "1.2083": [1, 1, 0.74],
            "1.25": [1, 1, 1]
          }
        },
        "arm_l_4": {
          "position": {
            "0.0": [0, -0.7, 0],
            "0.625": [0, -0.7, 0],
            "1.1667": [0, -0.7, 0],
            "1.3333": [0, -0.7, 2.1],
            "1.375": [1.9, -0.7, -1.45],
            "1.4167": [0, -0.7, -2.9],
            "1.4583": [0, -0.7, -1.8],
            "1.5": [0, -0.7, -2.9],
            "1.6667": {
              "lerp_mode": "catmullrom",
              "post": [0, -0.7, -2.9],
              "pre": [0, -0.7, -2.9]
            },
            "1.875": {
              "lerp_mode": "catmullrom",
              "post": [0, -0.7, -2.1]
            },
            "1.9583": [0, 0, -2.3],
            "2.0": [0, 0, -2.3],
            "2.5": {
              "lerp_mode": "catmullrom",
              "post": [0, -0.7, 0],
              "pre": [0, -0.7, 0]
            },
            "3.0": [0, -0.7, 0]
          },
          "rotation": {
            "0.0": [-2.4223, 10.0016, -26.90362],
            "0.3333": {
              "lerp_mode": "catmullrom",
              "post": [12.58, 10, -11.1],
              "pre": [12.58, 10, -11.1]
            },
            "0.625": {
              "lerp_mode": "catmullrom",
              "post": [-2.4223, 10.0016, -0.90362]
            },
            "1.0": {
              "lerp_mode": "catmullrom",
              "post": [-2.42, 10, -26.9]
            },
            "1.1667": {
              "lerp_mode": "catmullrom",
              "post": [-0.87168, -6.38729, -40.30616]
            },
            "1.25": {
              "lerp_mode": "catmullrom",
              "post": [-2.42, 10, 31.1]
            },
            "1.3333": {
              "lerp_mode": "catmullrom",
              "post": [-2.42, 10, 31.1]
            },
            "1.375": {
              "lerp_mode": "catmullrom",
              "post": [-11.42, 27.5, 8.1]
            },
            "1.4167": [-20.42, -66, 31.1],
            "1.625": [-20.42, -66, 31.1],
            "1.6667": {
              "lerp_mode": "catmullrom",
              "post": [-14.77, -53.25, 23.07],
              "pre": [-14.77, -53.25, 23.07]
            },
            "1.75": {
              "lerp_mode": "catmullrom",
              "post": [-1.36, 10.12, 4]
            },
            "1.875": {
              "lerp_mode": "catmullrom",
              "post": [-1.36, 37.22, 4]
            },
            "1.9583": [0.58, -62.55, 1.88],
            "2.0": [0.58, -46.55, 1.88],
            "2.5": {
              "lerp_mode": "catmullrom",
              "post": [-2.4223, 10.0016, -26.90362],
              "pre": [-2.4223, 10.0016, -26.90362]
            },
            "3.0": [-2.4223, 10.0016, -26.90362]
          }
        },
        "bone": {
          "position": {
            "0.0": [0, 0, 0],
            "0.625": [0, 0, 0],
            "1.1667": {
              "lerp_mode": "catmullrom",
              "post": [0, 0, -2],
              "pre": [0, 0, -2]
            },
            "1.25": [0, 0, 0],
            "1.3333": [0, 0, 0],
            "1.4167": [0, 0, -2],
            "1.625": [0, 0, -2],
            "3.0": [0, 0, 0]
          },
          "rotation": {
            "0.0": [0, 75.16987, 0],
            "0.625": [0, 75.16987, 0],
            "0.9167": {
              "lerp_mode": "catmullrom",
              "post": [0, 80.06, 0],
              "pre": [0, 80.06, 0]
            },
            "1.1667": {
              "lerp_mode": "catmullrom",
              "post": [0, 135.17, 0]
            },
            "1.2083": {
              "lerp_mode": "catmullrom",
              "post": [0, 82.59, 0]
            },
            "1.25": [0, 0, 0],
            "1.3333": [0, 38, 0],
            "1.375": [0, 111.17, 0],
            "1.625": [0, 111.17, 0],
            "1.875": [0, 77.71, 0],
            "1.9583": [0, 83.22, 0],
            "2.0": [0, 83.22, 0],
            "2.4167": {
              "lerp_mode": "catmullrom",
              "post": [0, 93.16987, 0],
              "pre": [0, 93.16987, 0]
            },
            "3.0": [0, 75.16987, 0]
          },
          "scale": {
            "1.2083": [1, 1, 1],
            "1.25": [1.48, 1, 1],
            "1.2917": [1, 1, 1]
          }
        },
        "bone2": {
          "rotation": {
            "0.0": [0, -87.16987, 0],
            "0.625": [0, -87.16987, 0],
            "1.3333": {
              "lerp_mode": "catmullrom",
              "post": [0, -98.17, 0],
              "pre": [0, -98.17, 0]
            },
            "1.375": {
              "lerp_mode": "catmullrom",
              "post": [0, -92.89, 0]
            },
            "1.4167": [0, -10.5, 0],
            "1.625": [0, -3.8, 0],
            "1.75": {
              "lerp_mode": "catmullrom",
              "post": [0, -94.22, 0],
              "pre": [0, -94.22, 0]
            },
            "1.875": [0, -77.95, 0],
            "1.9583": [0, -77.22, 0],
            "2.0": [0, -77.22, 0],
            "2.5": {
              "lerp_mode": "catmullrom",
              "post": [0, -87.16987, 0],
              "pre": [0, -87.16987, 0]
            },
            "3.0": [0, -87.16987, 0]
          },
          "scale": {
            "1.375": [1, 1, 1],
            "1.4167": [1.48, 1, 1],
            "1.4583": [1, 1, 1]
          }
        },
        "bone4": {
          "position": {
            "0.0": [0, 0, 0],
            "0.5": {
              "lerp_mode": "catmullrom",
              "post": [0, 0, 0],
              "pre": [0, 0, 0]
            },
            "1.5833": {
              "lerp_mode": "catmullrom",
              "post": [0, 0, 0]
            },
            "2.1667": {
              "lerp_mode": "catmullrom",
              "post": [0, 0, 0]
            },
            "3.0": [0, 0, 0]
          },
          "rotation": {
            "0.0": [1, 0, 0],
            "0.5": {
              "lerp_mode": "catmullrom",
              "post": [1, 0, 0],
              "pre": [1, 0, 0]
            },
            "1.1667": [-11, 0, 0],
            "1.25": [-31.04949, 4.89093, 6.42149],
            "1.2917": [-26.04949, 4.89093, 6.42149],
            "1.3333": [1.5, 0, 0],
            "1.4167": {
              "lerp_mode": "catmullrom",
              "post": [-23.68059, -1.00714, 2.5391],
              "pre": [-23.68059, -1.00714, 2.5391]
            },
            "1.5": {
              "lerp_mode": "catmullrom",
              "post": [-23.68059, -1.00714, 2.5391]
            },
            "1.5833": {
              "lerp_mode": "catmullrom",
              "post": [-16.12026, -2.01016, 0.24831]
            },
            "1.875": {
              "lerp_mode": "catmullrom",
              "post": [-20.94, 2.16, 7.56]
            },
            "2.1667": {
              "lerp_mode": "catmullrom",
              "post": [1, 0, 0]
            },
            "3.0": [1, 0, 0]
          }
        },
        "bone5": {
          "rotation": {
            "0.0": [-16.28558, -15, -15.5],
            "0.625": [-16.28558, -15, -15.5],
            "1.3333": [-61.29, -15, 12],
            "1.4167": [-27, -10, 0],
            "1.625": [-12, -5, 0],
            "1.9583": [-77.43, -32.5, -1.5],
            "2.0": [-77.43, -32.5, -1.5],
            "2.75": {
              "lerp_mode": "catmullrom",
              "post": [-16.28558, -15, -15.5],
              "pre": [-16.28558, -15, -15.5]
            },
            "3.0": [-16.28558, -15, -15.5]
          }
        },
        "bone6": {
          "rotation": {
            "0.0": {
              "lerp_mode": "catmullrom",
              "post": [0, 0.95, -0.34]
            },
            "0.6667": [0, 0.95, -0.34],
            "0.75": [0, 0.95, -0.34],
            "0.7917": [0, 0.95, -0.34],
            "0.8333": [0, 0.95, -0.34],
            "0.9167": [0, -4.80165, 2.20165],
            "1.1667": {
              "lerp_mode": "catmullrom",
              "post": [0, -4.80165, 2.20165],
              "pre": [0, -4.80165, 2.20165]
            },
            "1.375": {
              "lerp_mode": "catmullrom",
              "post": [0, 9.12466, -4.3447]
            },
            "1.6667": {
              "lerp_mode": "catmullrom",
              "post": [0, 0.95311, -0.33609]
            },
            "2.1667": [0, 0.95311, -0.33609],
            "2.5": [0, 0.95311, -0.33609]
          }
        },
        "bone8": {
          "rotation": {
            "0.0": [-8.42885, 15, 17.5],
            "0.625": [-8.42885, 15, 17.5],
            "1.1667": [0, 0, 0],
            "1.25": [-88, 0, 0],
            "1.3333": [0, 0, 0],
            "1.4167": {
              "lerp_mode": "catmullrom",
              "post": [-8.43, 15, 17.5],
              "pre": [-8.43, 15, 17.5]
            },
            "1.625": {
              "lerp_mode": "catmullrom",
              "post": [-8.43, 15, 17.5]
            },
            "1.9583": [-77.43, 45.5, -1.5],
            "2.0": [-77.43, 45.5, -1.5],
            "2.6667": {
              "lerp_mode": "catmullrom",
              "post": [-8.42885, 15, 17.5],
              "pre": [-8.42885, 15, 17.5]
            },
            "3.0": [-8.42885, 15, 17.5]
          }
        },
        "bot_torso": {
          "position": {
            "0.0": [0, -0.6, 0],
            "0.625": [0, -0.6, -0.89],
            "1.1667": {
              "lerp_mode": "catmullrom",
              "post": [0, -2.3, -1],
              "pre": [0, -2.3, -1]
            },
            "1.25": {
              "lerp_mode": "catmullrom",
              "post": [0, -1.7, -3.87]
            },
            "1.2917": {
              "lerp_mode": "catmullrom",
              "post": [0, -1.7, -3.87]
            },
            "1.3333": {
              "lerp_mode": "catmullrom",
              "post": [0, -1.7, -2.47]
            },
            "1.4167": {
              "lerp_mode": "catmullrom",
              "post": [0, -1.7, -3.87]
            },
            "1.625": {
              "lerp_mode": "catmullrom",
              "post": [0, -1.7, -3.87]
            },
            "1.8333": {
              "lerp_mode": "catmullrom",
              "post": [0, -1.91, -2.49]
            },
            "1.9167": {
              "lerp_mode": "catmullrom",
              "post": [0, -1.06, -1.89]
            },
            "2.125": {
              "lerp_mode": "catmullrom",
              "post": [0, -0.78, -0.51]
            },
            "2.375": {
              "lerp_mode": "catmullrom",
              "post": [0, -0.6, 0]
            },
            "3.0": [0, -0.6, 0]
          },
          "rotation": {
            "0.0": [5, 4, 0.86603],
            "0.3333": {
              "lerp_mode": "catmullrom",
              "post": [11, 4, 0.87],
              "pre": [11, 4, 0.87]
            },
            "0.625": {
              "lerp_mode": "catmullrom",
              "post": [12, 4, 0.86603]
            },
            "0.9167": {
              "lerp_mode": "catmullrom",
              "post": [-3, -11.25, 0.87]
            },
            "1.1667": [-7.79809, -51.75369, 17.09697],
            "1.25": [5, 17, 0.87],
            "1.2917": [4.38987, 16.66599, -4.94489],
            "1.3333": {
              "lerp_mode": "catmullrom",
              "post": [2.36179, 20.21457, -7.53741],
              "pre": [2.36179, 20.21457, -7.53741]
            },
            "1.4167": [5, -36, 0.87],
            "1.4583": [4.98028, -40.29744, 0.95149],
            "1.5417": [5.00887, -44.30127, 0.82998],
            "1.625": {
              "lerp_mode": "catmullrom",
              "post": [5, -36, 0.87],
              "pre": [5, -36, 0.87]
            },
            "1.875": {
              "lerp_mode": "catmullrom",
              "post": [-10, 0, 0.86603]
            },
            "1.9583": {
              "lerp_mode": "catmullrom",
              "post": [7.1, 1.4, 0.87]
            },
            "2.0833": {
              "lerp_mode": "catmullrom",
              "post": [7.1, 1.4, 0.87]
            },
            "2.2917": {
              "lerp_mode": "catmullrom",
              "post": [7.1, -0.4, 0.87]
            },
            "2.5417": {
              "lerp_mode": "catmullrom",
              "post": [3.6, 0.375, 0.86603]
            },
            "2.7917": {
              "lerp_mode": "catmullrom",
              "post": [5, 3.35, 0.86603]
            },
            "3.0": [5, 4, 0.86603]
          }
        },
        "eye": {
          "position": [0, "0-math.sin(q.anim_time*90*2)*0.3", 0]
        },
        "head": {
          "rotation": {
            "0.0": [-17.89196, -17.54528, 2.18206],
            "0.3333": [0, 0, 0],
            "0.5": {
              "lerp_mode": "catmullrom",
              "post": [0, 0, 0],
              "pre": [0, 0, 0]
            },
            "0.625": {
              "lerp_mode": "catmullrom",
              "post": [0, 0, 0.5]
            },
            "0.9583": {
              "lerp_mode": "catmullrom",
              "post": [0, 0, -4]
            },
            "1.375": {
              "lerp_mode": "catmullrom",
              "post": [0, 0, 2]
            },
            "1.75": {
              "lerp_mode": "catmullrom",
              "post": [0, 0, 0]
            },
            "1.9583": {
              "lerp_mode": "catmullrom",
              "post": [0, 2, -1.5]
            },
            "2.25": {
              "lerp_mode": "catmullrom",
              "post": [0, 2, -1.5]
            },
            "2.5417": {
              "lerp_mode": "catmullrom",
              "post": [-17.89196, -17.54528, 2.18206]
            }
          }
        },
        "leg_bot": {
          "position": {
            "1.5833": [0, 0, 0],
            "1.875": [0, 1, -1],
            "2.1667": [0, 0, 0]
          },
          "rotation": {
            "0.0": [17.5, 0, 0],
            "0.5": {
              "lerp_mode": "catmullrom",
              "post": [17.5, 0, 0],
              "pre": [17.5, 0, 0]
            },
            "1.1667": [47.5, 0, 0],
            "1.3333": [41.31915, 0.62897, 0.47902],
            "1.5833": [31.88034, -6.6782, 10.59061],
            "1.875": {
              "lerp_mode": "catmullrom",
              "post": [52.65, 0, 0],
              "pre": [52.65, 0, 0]
            },
            "2.1667": {
              "lerp_mode": "catmullrom",
              "post": [17.5, 0, 0]
            },
            "3.0": [17.5, 0, 0]
          }
        },
        "leg_bot2": {
          "rotation": {
            "0.0": [8.691, 0.95311, -0.33609],
            "0.5": {
              "lerp_mode": "catmullrom",
              "post": [8.69, 0.95, -0.34],
              "pre": [8.69, 0.95, -0.34]
            },
            "1.1667": [-13.37779, -0.32775, -12.77496],
            "1.25": [-25.43333, -7.41641, -15.74903],
            "1.2917": [-30.43333, -7.41641, -15.74903],
            "1.3333": [-10.93699, 0.21152, -12.8189],
            "1.4167": [-21.67828, -4.80165, 2.20165],
            "1.6667": {
              "lerp_mode": "catmullrom",
              "post": [-24.10435, 2.04404, -0.86483],
              "pre": [-24.10435, 2.04404, -0.86483]
            },
            "1.875": {
              "lerp_mode": "catmullrom",
              "post": [-22.846, -3.55543, -2.25415]
            },
            "2.1667": {
              "lerp_mode": "catmullrom",
              "post": [6.64339, 1.24341, -2.81963]
            },
            "2.6667": [8.691, 0.95311, -0.33609],
            "3.0": [8.691, 0.95311, -0.33609]
          }
        },
        "leg_left_top": {
          "position": {
            "0.0": [-0.03, -0.6, -1.46],
            "0.5": {
              "lerp_mode": "catmullrom",
              "post": [-0.03, -0.6, -1.46],
              "pre": [-0.03, -0.6, -1.46]
            },
            "1.1667": [-0.03, -2.1, -1.46],
            "1.25": [-0.03, 1.97, -4.06],
            "1.2917": [-0.03, 1.97, -4.06],
            "1.3333": [-0.03, -2.1, -1.46],
            "1.4167": [-0.03, -0.03, -4.06],
            "1.5833": [-0.03, -0.03, -4.06],
            "1.875": {
              "lerp_mode": "catmullrom",
              "post": [-0.03, -2.17, -2.86],
              "pre": [-0.03, -2.17, -2.86]
            },
            "2.1667": {
              "lerp_mode": "catmullrom",
              "post": [-0.03, -0.6, -1.46]
            },
            "3.0": [-0.03, -0.6, -1.46]
          },
          "rotation": {
            "0.0": [-20.7734, -20.87038, 1.08492],
            "0.5": {
              "lerp_mode": "catmullrom",
              "post": [-20.77, -20.87, 1.08],
              "pre": [-20.77, -20.87, 1.08]
            },
            "1.1667": [-41.77, -20.87, 1.08],
            "1.25": [-11.82, -9.87, -11.92],
            "1.2917": [-11.82, -9.87, -11.92],
            "1.3333": [-41.77, -20.87, 1.08],
            "1.4167": [-6.82, -33.87, -14.92],
            "1.5833": [-6.82, -33.87, -14.92],
            "1.875": {
              "lerp_mode": "catmullrom",
              "post": [-27.95, -21.41, -7.53],
              "pre": [-27.95, -21.41, -7.53]
            },
            "2.1667": {
              "lerp_mode": "catmullrom",
              "post": [-20.7734, -20.87038, 1.08492]
            },
            "3.0": [-20.7734, -20.87038, 1.08492]
          }
        },
        "leg_right_top": {
          "position": {
            "0.0": [0.03, -0.7, 0.34],
            "0.5": {
              "lerp_mode": "catmullrom",
              "post": [0.03, -0.7, 0.34],
              "pre": [0.03, -0.7, 0.34]
            },
            "1.1667": [0.03, -0.7, -2.26],
            "1.25": [0.03, -0.61, -3.18],
            "1.2917": [0.03, -0.885, -3.18],
            "1.3333": [0.03, -0.7, -2.26],
            "1.4167": [0.03, 0.6, -3.86],
            "1.6667": [0.03, -0.4, -4.86],
            "1.875": {
              "lerp_mode": "catmullrom",
              "post": [0.03, -0.52, -2.85],
              "pre": [0.03, -0.52, -2.85]
            },
            "2.1667": {
              "lerp_mode": "catmullrom",
              "post": [0.03, -0.7, -0.01]
            },
            "2.6667": [0.03, -0.7, 0.34],
            "3.0": [0.03, -0.7, 0.34]
          },
          "rotation": {
            "0.0": [-9.4404, 16.7271, 0.81743],
            "0.5": {
              "lerp_mode": "catmullrom",
              "post": [-9.44, 16.73, 0.82],
              "pre": [-9.44, 16.73, 0.82]
            },
            "1.1667": [17.011, 11.2676, 13.247],
            "1.25": [37.42193, 15.78351, 18.04102],
            "1.2917": [37.42193, 15.78351, 18.04102],
            "1.3333": [17.011, 11.2676, 13.247],
            "1.4167": [43.62385, -18.04175, 8.87057],
            "1.6667": [43.62385, -18.04175, 8.87057],
            "1.875": [28.79302, -0.82364, 5.22122],
            "2.1667": {
              "lerp_mode": "catmullrom",
              "post": [-6.8404, 15.7271, 1.56743],
              "pre": [-6.8404, 15.7271, 1.56743]
            },
            "2.6667": [-9.4404, 16.7271, 0.81743],
            "3.0": [-9.4404, 16.7271, 0.81743]
          }
        },
        "middle_torso": {
          "position": [1.35, 0, 0],
          "rotation": ["17.8766+1*math.sin(q.anim_time*90*1+120)", 9.47883, 3.19076]
        },
        "shake": {
          "position": {
            "1.9583": [0, -1.5, 0],
            "2.0": [0, -1.8, 0],
            "2.0417": [0, -1.2, 0],
            "2.0833": [0, -1.6, 0],
            "2.1667": [0, -1.4, 0],
            "2.2917": [0, -1.6, 0]
          }
        },
        "tail_cone": {
          "rotation": {
            "0.0": [0, 0, 0],
            "0.5": {
              "lerp_mode": "catmullrom",
              "post": [-27, 0, 0],
              "pre": [-27, 0, 0]
            },
            "1.25": {
              "lerp_mode": "catmullrom",
              "post": [-27, 0, 0]
            },
            "1.2917": {
              "lerp_mode": "catmullrom",
              "post": [-12, 0, 0]
            },
            "1.3333": {
              "lerp_mode": "catmullrom",
              "post": [-25, 0, 0]
            },
            "1.4583": {
              "lerp_mode": "catmullrom",
              "post": [-12, 0, 0]
            },
            "1.75": {
              "lerp_mode": "catmullrom",
              "post": [-12, 0, 0]
            },
            "2.2083": {
              "lerp_mode": "catmullrom",
              "post": [0, 0, 0]
            },
            "2.9167": [0, 0, 0]
          }
        },
        "top_torso": {
          "position": [0, -1, 0],
          "rotation": ["-2.5+1*math.sin(q.anim_time*90*1+150)", 0, 0]
        }
      }
    },
    "animation.melmetal.quirk": {
      "animation_length": 3,
      "bones": {
        "arm_l_1": {
          "position": {
            "1.5417": [0, 0, 0],
            "1.8333": {
              "lerp_mode": "catmullrom",
              "post": [0, 0, 1],
              "pre": [0, 0, 1]
            },
            "2.2083": {
              "lerp_mode": "catmullrom",
              "post": [-0.8, 0, 1]
            },
            "2.75": [0, 0, 0]
          },
          "rotation": {
            "0.0": [0, 0, 0],
            "1.625": {
              "lerp_mode": "catmullrom",
              "post": [0, 0, 7.5],
              "pre": [0, 0, 7.5]
            },
            "2.125": {
              "lerp_mode": "catmullrom",
              "post": [0, 0, -17.5]
            },
            "3.0": [0, 0, 0]
          }
        },
        "arm_l_3": {
          "rotation": {
            "0.0": [0, 0, 0],
            "0.5": {
              "lerp_mode": "catmullrom",
              "post": [10, 0, -2],
              "pre": [10, 0, -2]
            },
            "1.0417": {
              "lerp_mode": "catmullrom",
              "post": [-8.63, 0, -0.87]
            },
            "2.0": [0, 0, 0]
          }
        },
        "bone": {
          "rotation": {
            "0.0": [0, 0, 0],
            "1.375": {
              "lerp_mode": "catmullrom",
              "post": [0, 0, 0],
              "pre": [0, 0, 0]
            },
            "2.375": {
              "lerp_mode": "catmullrom",
              "post": [-5, 0, 7.5]
            },
            "2.9583": [0, 0, 0]
          }
        },
        "bone2": {
          "rotation": {
            "0.0": [0, 0, 0],
            "0.2917": {
              "lerp_mode": "catmullrom",
              "post": [0, 0, 0],
              "pre": [0, 0, 0]
            },
            "0.8333": {
              "lerp_mode": "catmullrom",
              "post": [-5, -5, -10]
            },
            "1.7917": [0, 0, 0]
          }
        },
        "bone5": {
          "rotation": {
            "0.0": [0, 0, 0],
            "0.5417": {
              "lerp_mode": "catmullrom",
              "post": [5, 0, 0],
              "pre": [5, 0, 0]
            },
            "1.4167": {
              "lerp_mode": "catmullrom",
              "post": [-5, 0, 0]
            },
            "2.5": [0, 0, 0]
          }
        },
        "bone8": {
          "rotation": {
            "0.0": [0, 0, 0],
            "1.0": {
              "lerp_mode": "catmullrom",
              "post": [0, 0, 0],
              "pre": [0, 0, 0]
            },
            "1.9167": {
              "lerp_mode": "catmullrom",
              "post": [-12.5, 0, 0]
            },
            "2.5417": [0, 0, 0]
          }
        },
        "bot_torso": {
          "rotation": {
            "0.0": [0, 0, 0],
            "0.3333": {
              "lerp_mode": "catmullrom",
              "post": [-0.5, 3.5, 1.5],
              "pre": [-0.5, 3.5, 1.5]
            },
            "0.7917": {
              "lerp_mode": "catmullrom",
              "post": [3.64, -0.08, -0.5]
            },
            "1.1667": {
              "lerp_mode": "catmullrom",
              "post": [1.5, -1, 0]
            },
            "1.625": {
              "lerp_mode": "catmullrom",
              "post": [0.92, -0.81, 0.07]
            },
            "1.9583": {
              "lerp_mode": "catmullrom",
              "post": [-1.49, -2.47, -1.95]
            },
            "2.9583": [0, 0, 0]
          }
        }
      }
    },
    "animation.melmetal.recoil": {
      "animation_length": 1.5,
      "bones": {
        "head": {
          "rotation": {
            "0.0": [0, 0, 0],
            "0.0417": {
              "lerp_mode": "catmullrom",
              "post": [17.5, 0, 0],
              "pre": [17.5, 0, 0]
            },
            "0.4583": {
              "lerp_mode": "catmullrom",
              "post": [-5.4, 1.5, 0]
            },
            "1.1667": {
              "lerp_mode": "catmullrom",
              "post": [-0.3, 0, 0]
            },
            "1.5": [0, 0, 0]
          }
        },
        "top_torso": {
          "rotation": {
            "0.0": [0, 0, 0],
            "0.125": {
              "lerp_mode": "catmullrom",
              "post": [-8, 1, 0],
              "pre": [-8, 1, 0]
            },
            "0.8333": {
              "lerp_mode": "catmullrom",
              "post": [1, 0, 0]
            },
            "1.5": [0, 0, 0]
          }
        }
      }
    },
    "animation.melmetal.sleep": {
      "bones": {
        "arm_l_1": {
          "rotation": [-7.5, 25, -7.5]
        },
        "arm_l_2": {
          "rotation": ["-0.1995-2*math.sin(q.anim_time*90*1+150)", "0.8553-2*math.sin(q.anim_time*90*1+160)", "42.4922-6*math.sin(q.anim_time*90*1+160)"]
        },
        "arm_l_3": {
          "rotation": [-7.5, -25, 7.5]
        },
        "arm_l_4": {
          "rotation": ["-0.0086+2*math.sin(q.anim_time*90*1+150)", "0.1742-0.0773*math.sin(q.anim_time*90*1+160)", "-42.4922+6*math.sin(q.anim_time*90*1+160)"]
        },
        "bone": {
          "rotation": [0, 47.5, "52.5018-6*math.sin(q.anim_time*90*1+185)*-1"]
        },
        "bone2": {
          "rotation": [0, -47.5, "-52.5018+6*math.sin(q.anim_time*90*1+185)*-1"]
        },
        "bone5": {
          "rotation": [-6.10609, -44.64607, -12.17396]
        },
        "bone8": {
          "rotation": [-6.10609, 44.64607, 12.17396]
        },
        "bot_torso": {
          "position": [0, "0.4*math.sin(q.anim_time*90*1-20)", 0],
          "rotation": ["1+1*math.sin(q.anim_time*90*1+90)", 0, "0.1*math.sin(q.anim_time*90*2+90)"]
        },
        "eye": {
          "position": [0, "0-math.sin(q.anim_time*90*2)*0.3", 0],
          "scale": [1, 0.3, 1]
        },
        "head": {
          "rotation": [30, 0, 0]
        },
        "leg_bot": {
          "position": [0, "-0.2*math.sin(q.anim_time*90*1-20)", 0],
          "rotation": [0, 0, 0]
        },
        "leg_bot2": {
          "position": [0, "-0.2*math.sin(q.anim_time*90*1-20)", 0],
          "rotation": [0, 0, 0]
        },
        "leg_left_top": {
          "position": [0, "0.2*math.sin(q.anim_time*90*1-20)", 0],
          "rotation": [0, -7.5, 0]
        },
        "leg_right_top": {
          "position": [0, "0.2*math.sin(q.anim_time*90*1-20)", 0],
          "rotation": [0, 7.5, 0]
        },
        "middle_torso": {
          "rotation": ["5+1*math.sin(q.anim_time*90*1+120)", 0, 0]
        },
        "tail_cone": {
          "rotation": ["1*math.sin(q.anim_time*90*2-20)*5", "-6*math.sin(q.anim_time*90*2-20)*0.2", "-3*math.cos(q.anim_time*90*2-20)"]
        },
        "top_torso": {
          "position": [0, -1, 0],
          "rotation": ["10+1*math.sin(q.anim_time*90*1+150)", 0, 0]
        }
      },
      "loop": true
    },
    "animation.melmetal.status": {
      "animation_length": 1.3333,
      "bones": {
        "arm_l_1": {
          "rotation": {
            "0.0": [0, -25, -17.5],
            "0.25": [0, 0, 0],
            "1.3333": [0, -25, -17.5]
          }
        },
        "arm_l_2": {
          "position": {
            "0.3333": [0, 0, -2.3],
            "0.375": [0, 0, -2.3]
          },
          "rotation": {
            "0.0": [-0.1995, 0.8553, 42.4922],
            "0.25": {
              "lerp_mode": "catmullrom",
              "post": [-1.36, -37.22, -4],
              "pre": [-1.36, -37.22, -4]
            },
            "0.3333": [0.58, 47.55, -1.88],
            "0.375": [0.58, 32.55, -1.88],
            "0.7917": {
              "lerp_mode": "catmullrom",
              "post": [-21.42, -27.45, 16.12],
              "pre": [-21.42, -27.45, 16.12]
            },
            "1.3333": [-0.1995, 0.8553, 42.4922]
          }
        },
        "arm_l_3": {
          "rotation": {
            "0.0": [0, 0, 22.5],
            "0.25": [0, 0, 0],
            "1.3333": [0, 0, 22.5]
          }
        },
        "arm_l_4": {
          "position": {
            "0.0": {
              "lerp_mode": "catmullrom",
              "post": [0, -0.7, -2.1]
            },
            "0.25": {
              "lerp_mode": "catmullrom",
              "post": [0, -0.7, -2.1]
            },
            "0.3333": [0, 0, -2.3],
            "0.375": [0, 0, -2.3],
            "0.875": {
              "lerp_mode": "catmullrom",
              "post": [0, -0.7, 0],
              "pre": [0, -0.7, 0]
            },
            "1.3333": {
              "lerp_mode": "catmullrom",
              "post": [0, -0.7, -2.1]
            }
          },
          "rotation": {
            "0.0": [-0.0086, 0.1742, -42.4922],
            "0.25": {
              "lerp_mode": "catmullrom",
              "post": [-1.36, 37.22, 4],
              "pre": [-1.36, 37.22, 4]
            },
            "0.3333": [0.58, -62.55, 1.88],
            "0.375": [0.58, -46.55, 1.88],
            "0.875": {
              "lerp_mode": "catmullrom",
              "post": [-2.4223, 10.0016, -26.90362],
              "pre": [-2.4223, 10.0016, -26.90362]
            },
            "1.3333": [-0.0086, 0.1742, -42.4922]
          }
        },
        "bone": {
          "rotation": {
            "0.0": [0, 40, 52.5018],
            "0.25": [0, 77.71, 0],
            "0.3333": [0, 83.22, 0],
            "0.375": [0, 83.22, 0],
            "0.7917": {
              "lerp_mode": "catmullrom",
              "post": [0, 93.16987, 0],
              "pre": [0, 93.16987, 0]
            },
            "1.3333": [0, 40, 52.5018]
          }
        },
        "bone2": {
          "rotation": {
            "0.0": [-16.0129, -37.15855, -27.0879],
            "0.25": [0, -77.95, 0],
            "0.3333": [0, -77.22, 0],
            "0.375": [0, -77.22, 0],
            "0.875": {
              "lerp_mode": "catmullrom",
              "post": [0, -87.16987, 0],
              "pre": [0, -87.16987, 0]
            },
            "1.3333": [-16.0129, -37.15855, -27.0879]
          }
        },
        "bone4": {
          "position": {
            "0.5417": {
              "lerp_mode": "catmullrom",
              "post": [0, 0, 0],
              "pre": [0, 0, 0]
            }
          },
          "rotation": {
            "0.0": {
              "lerp_mode": "catmullrom",
              "post": [1.26466, 2.34512, 0.05648]
            },
            "0.25": {
              "lerp_mode": "catmullrom",
              "post": [-20.94, 2.16, 7.56]
            },
            "0.5417": {
              "lerp_mode": "catmullrom",
              "post": [1, 0, 0]
            },
            "1.3333": {
              "lerp_mode": "catmullrom",
              "post": [1.26466, 2.34512, 0.05648]
            }
          }
        },
        "bone5": {
          "rotation": {
            "0.0": [4.85886, -37.18907, -13.14495],
            "0.3333": [-77.43, -32.5, -1.5],
            "0.375": [-77.43, -32.5, -1.5],
            "1.125": {
              "lerp_mode": "catmullrom",
              "post": [-16.28558, -15, -15.5],
              "pre": [-16.28558, -15, -15.5]
            },
            "1.3333": [4.85886, -37.18907, -13.14495]
          }
        },
        "bone6": {
          "rotation": {
            "0.5417": [0, 0.95311, -0.33609],
            "0.875": [0, 0.95311, -0.33609]
          }
        },
        "bone8": {
          "rotation": {
            "0.0": [2.54391, 35.65251, 0.85591],
            "0.3333": [-77.43, 45.5, -1.5],
            "0.375": [-77.43, 45.5, -1.5],
            "1.0417": {
              "lerp_mode": "catmullrom",
              "post": [-8.42885, 15, 17.5],
              "pre": [-8.42885, 15, 17.5]
            },
            "1.3333": [2.54391, 35.65251, 0.85591]
          }
        },
        "bot_torso": {
          "position": {
            "0.0": [0, 0.4, 0],
            "0.2083": {
              "lerp_mode": "catmullrom",
              "post": [0, -1.91, -2.49],
              "pre": [0, -1.91, -2.49]
            },
            "0.2917": {
              "lerp_mode": "catmullrom",
              "post": [0, -1.06, -1.89]
            },
            "0.5": {
              "lerp_mode": "catmullrom",
              "post": [0, -0.78, -0.51]
            },
            "0.75": {
              "lerp_mode": "catmullrom",
              "post": [0, -0.6, 0]
            },
            "1.3333": [0, 0.4, 0]
          },
          "rotation": {
            "0.0": [8.5265, 4.96264, 0.6109],
            "0.25": {
              "lerp_mode": "catmullrom",
              "post": [-10, 0, 0.86603],
              "pre": [-10, 0, 0.86603]
            },
            "0.3333": {
              "lerp_mode": "catmullrom",
              "post": [7.1, 1.4, 0.87]
            },
            "0.4583": {
              "lerp_mode": "catmullrom",
              "post": [7.1, 1.4, 0.87]
            },
            "0.6667": {
              "lerp_mode": "catmullrom",
              "post": [7.1, -0.4, 0.87]
            },
            "0.9167": {
              "lerp_mode": "catmullrom",
              "post": [3.6, 0.375, 0.86603]
            },
            "1.1667": {
              "lerp_mode": "catmullrom",
              "post": [5, 3.35, 0.86603]
            },
            "1.3333": [8.5265, 4.96264, 0.6109]
          }
        },
        "head": {
          "rotation": [-17.89196, -17.54528, 2.18206]
        },
        "leg_bot": {
          "position": {
            "0.0": [0, -0.2, 0],
            "0.25": [0, 1, -1],
            "0.5417": [0, 0, 0],
            "1.3333": [0, -0.2, 0]
          },
          "rotation": {
            "0.0": [30, 0, 0],
            "0.25": {
              "lerp_mode": "catmullrom",
              "post": [52.65, 0, 0],
              "pre": [52.65, 0, 0]
            },
            "0.5417": {
              "lerp_mode": "catmullrom",
              "post": [17.5, 0, 0]
            },
            "1.3333": [30, 0, 0]
          }
        },
        "leg_bot2": {
          "position": {
            "0.0": [0, -0.2, 0],
            "1.3333": [0, -0.2, 0]
          },
          "rotation": {
            "0.0": [-25, 0, -17.5],
            "0.25": {
              "lerp_mode": "catmullrom",
              "post": [-22.846, -3.55543, -2.25415],
              "pre": [-22.846, -3.55543, -2.25415]
            },
            "0.5417": {
              "lerp_mode": "catmullrom",
              "post": [6.64339, 1.24341, -2.81963]
            },
            "1.0417": [8.691, 0.95311, -0.33609],
            "1.3333": [-25, 0, -17.5]
          }
        },
        "leg_left_top": {
          "position": {
            "0.0": [0, -0.7, 0],
            "0.25": {
              "lerp_mode": "catmullrom",
              "post": [-0.03, -2.17, -2.86],
              "pre": [-0.03, -2.17, -2.86]
            },
            "0.5417": {
              "lerp_mode": "catmullrom",
              "post": [-0.03, -0.6, -1.46]
            },
            "1.3333": [0, -0.7, 0]
          },
          "rotation": {
            "0.0": [-30, -7.5, 0],
            "0.25": {
              "lerp_mode": "catmullrom",
              "post": [-27.95, -21.41, -7.53],
              "pre": [-27.95, -21.41, -7.53]
            },
            "0.5417": {
              "lerp_mode": "catmullrom",
              "post": [-20.7734, -20.87038, 1.08492]
            },
            "1.3333": [-30, -7.5, 0]
          }
        },
        "leg_right_top": {
          "position": {
            "0.0": [0, -1.175, 1.95],
            "0.25": {
              "lerp_mode": "catmullrom",
              "post": [0.03, -0.52, -2.85],
              "pre": [0.03, -0.52, -2.85]
            },
            "0.5417": {
              "lerp_mode": "catmullrom",
              "post": [0.03, -0.7, -0.01]
            },
            "1.0417": [0.03, -0.7, 0.34],
            "1.3333": [0, -1.175, 1.95]
          },
          "rotation": {
            "0.0": [27.26708, 7.15102, 17.64168],
            "0.25": [28.79302, -0.82364, 5.22122],
            "0.5417": {
              "lerp_mode": "catmullrom",
              "post": [-6.8404, 15.7271, 1.56743],
              "pre": [-6.8404, 15.7271, 1.56743]
            },
            "1.0417": [-9.4404, 16.7271, 0.81743],
            "1.3333": [27.26708, 7.15102, 17.64168]
          }
        },
        "middle_torso": {
          "position": {
            "0.0": [1.35, 0, 0],
            "1.3333": [1.35, 0, 0]
          },
          "rotation": {
            "0.0": [17.8766, 9.47883, 3.19076],
            "1.3333": [17.8766, 9.47883, 3.19076]
          }
        },
        "shake": {
          "position": {
            "0.3333": [0, -1.5, 0],
            "0.375": [0, -1.8, 0],
            "0.4167": [0, -1.2, 0],
            "0.4583": [0, -1.6, 0],
            "0.5417": [0, -1.4, 0],
            "0.6667": [0, -1.6, 0]
          }
        },
        "tail_cone": {
          "rotation": {
            "0.0": [1, -6, -3],
            "0.5833": {
              "lerp_mode": "catmullrom",
              "post": [0, 0, 0],
              "pre": [0, 0, 0]
            },
            "1.2917": [0, 0, 0],
            "1.3333": [1, -6, -3]
          }
        },
        "top_torso": {
          "position": {
            "0.0": [0, -1, 0],
            "1.3333": [0, -1, 0]
          },
          "rotation": {
            "0.0": [-2.5, 0, 0],
            "1.3333": [-2.5, 0, 0]
          }
        }
      }
    }
  },
  "format_version": "1.8.0"
}