{
  "animations": {
    "animation.marshadow.battle_idle": {
      "bones": {
        "anthena_ball2": {
          "position": [0, 1, 0],
          "rotation": ["-2.4981+math.sin(q.anim_time*90*3*2-90)*1-1*6", -0.08722, "-2.4985+math.sin(q.anim_time*90*5-150)*2-1)+6*(math.sin(q.anim_time*90*5/2-90)*10"],
          "scale": [1, "2-math.sin(q.anim_time*90*5*2-90)*0.02-1", "1.9-math.sin(q.anim_time*90*6*2)*0.02-1"]
        },
        "anthena_ball4": {
          "position": [0, 1, 0],
          "rotation": ["-2.4981+math.sin(q.anim_time*90*3*2-90)*1-1*6", -0.08722, "-2.4985+math.sin(q.anim_time*90*5-150)*2-1)+6*(math.sin(q.anim_time*90*5/2-90)*10"],
          "scale": [1, "2-math.sin(q.anim_time*90*5*2-90)*0.02-1", "1.9-math.sin(q.anim_time*90*6*2)*0.02-1"]
        },
        "arm_left": {
          "position": [1, 0.25, "0.5*math.sin(q.anim_time*90*4)"],
          "rotation": ["-11.011-5*math.sin(q.anim_time*90*4+50)", "22.5029-15*math.sin(q.anim_time*90*4)", "29.5478+5*math.sin(q.anim_time*90*4-20)"]
        },
        "arm_right": {
          "position": [-1, 0.5, 0.25],
          "rotation": [-7.76076, "27.9686-20*math.sin(q.anim_time*90*4)", -46.47272]
        },
        "body": {
          "position": [0, "0.25+0.2*math.sin(q.anim_time*90*8)", 0.25],
          "rotation": ["5.9139+1*math.sin(q.anim_time*90*8)", "34.0227-5*math.sin(q.anim_time*90*4-20)", "0.2853-1*math.sin(q.anim_time*90*1)"]
        },
        "bone": {
          "rotation": ["0+Math.sin((query.anim_time) * 90 * 2 - 90) * 2", 0, "0+Math.cos((query.anim_time) * 90 * 2 - 90) * 6"]
        },
        "bone2": {
          "rotation": ["0+Math.sin((query.anim_time) * 90 * 2) * 2", 0, "0+Math.cos((query.anim_time) * 90 * 2 - 40) * 4"],
          "scale": [1, "2-math.sin(q.anim_time*90*5*2-90)*0.02-1", "1.9-math.sin(q.anim_time*90*6*2)*0.02-1"]
        },
        "bone3": {
          "rotation": ["0+Math.sin((query.anim_time) * 90 * 2) * 2", 0, "0+Math.cos((query.anim_time) * 90 * 2 - 40) * -4"],
          "scale": [1, "2-math.sin(q.anim_time*90*5*2-90)*0.02-1", "1.9-math.sin(q.anim_time*90*6*2)*0.02-1"]
        },
        "bone4": {
          "rotation": ["0+Math.sin((query.anim_time) * 90 * 2 - 90) * 2", 0, "0+Math.cos((query.anim_time) * 90 * 2 - 90) * -6"]
        },
        "bone5": {
          "rotation": ["-2.4981+math.sin(q.anim_time*90*3*2-90)*1-1*6", -0.08722, "-2.4985+math.sin(q.anim_time*90*5-150)*2-1)+6*(math.sin(q.anim_time*90*5/2-90)*10"],
          "scale": [1, "2-math.sin(q.anim_time*90*5*2-90)*0.02-1", "1.9-math.sin(q.anim_time*90*6*2)*0.02-1"]
        },
        "bone6": {
          "rotation": ["2.4981+math.sin(q.anim_time*90*3*2-90)*1-1*6", 0.0872, "2.4985+math.sin(q.anim_time*90*5-150)*2-1)+6*(math.sin(q.anim_time*90*5/2-90)*10"],
          "scale": [1, "2-math.sin(q.anim_time*90*5*2-90)*0.02-1", "1.9-math.sin(q.anim_time*90*6*2)*0.02-1"]
        },
        "fire_effect": {
          "rotation": [0, 0, "78.4046+9*math.sin(q.anim_time*90*2-4)"],
          "scale": [1, "2-math.sin(q.anim_time*90*5*2-90)*0.04-1", "1.9-math.sin(q.anim_time*90*6*2)*0.04-1"]
        },
        "fire_effect2": {
          "rotation": [0, 0, "-44.0954+9*math.sin(q.anim_time*180*2-4)"]
        },
        "fire_effect3": {
          "rotation": [0, 0, "-66.5954+9*math.sin(q.anim_time*90*2-4)"],
          "scale": [1, "2-math.sin(q.anim_time*90*5*2-90)*0.04-1", "1.9-math.sin(q.anim_time*90*6*2)*0.04-1"]
        },
        "fire_effect4": {
          "rotation": [0, 0, "48.4046+9*math.sin(q.anim_time*180*2-4)"]
        },
        "flamefist_alternate": {
          "scale": 1
        },
        "flamefist_alternate2": {
          "scale": 1
        },
        "flamefist_left": {
          "scale": 0.01
        },
        "flamefist_right": {
          "scale": 0.01
        },
        "hand_left_1": {
          "rotation": [-16.30513, "47.3481+20*math.sin(q.anim_time*90*4)", -3.9579]
        },
        "hand_left_2": {
          "rotation": [0, 0, 7.5]
        },
        "hand_right_1": {
          "rotation": [-26.00932, "-74.4271+9*math.sin(q.anim_time*90*4)", 26.44392]
        },
        "hand_right_2": {
          "rotation": [0, 0, -7.5]
        },
        "head": {
          "position": [0.15, 0, -0.2],
          "rotation": ["-1.6694+1*math.sin(q.anim_time*90*8-50)", "-29.1884+5*math.sin(q.anim_time*90*4-20)", 4.45075]
        },
        "hood_normal": {
          "scale": 0.01
        },
        "hoot_alternate": {
          "scale": 1.01
        },
        "in_3": {
          "rotation": ["-14.0954-1*math.sin(query.anim_time*180-110)*15", -35, -14.09535]
        },
        "in_4": {
          "rotation": ["5.5981-1*math.sin(query.anim_time*180-130)*20", -38.08904, -13.26799]
        },
        "in_6": {
          "rotation": ["-14.0954-1*math.sin(query.anim_time*270-110)*15", -52.5, -14.09535]
        },
        "in_7": {
          "rotation": ["5.5981-1*math.sin(query.anim_time*270-130)*20", -38.08904, -13.26799]
        },
        "left_leg": {
          "position": ["-0.5+0.2*math.sin(q.anim_time*90*4)", "-0.9+0.1*math.sin(q.anim_time*90*8)", -1.75],
          "rotation": ["-22.5-1*math.sin(q.anim_time*90*8)", -17.5, "1*math.sin(q.anim_time*90*4)"]
        },
        "left_leg_2": {
          "rotation": ["22.5193-2*math.sin(q.anim_time*90*4)", -2.30959, "-0.9572+2*math.sin(q.anim_time*90*4)"]
        },
        "left_shadow_4": {
          "rotation": ["30+math.cos((query.anim_time)*90*2-270)*15", 0, 0],
          "scale": [0.1, 0.1, 0]
        },
        "left_shadow_5": {
          "rotation": ["-math.cos((query.anim_time)*90*2-315)*15", 0, 0]
        },
        "left_shadow_6": {
          "rotation": ["math.cos((query.anim_time)*90*2-350)*25", 0, 0]
        },
        "right_leg": {
          "position": [0.25, "-1.1+0.1*math.sin(q.anim_time*90*8)", "1-0.2*math.sin(q.anim_time*90*4)"],
          "rotation": ["8.7486-5*math.sin(q.anim_time*90*4)", "54.7128-5*math.sin(q.anim_time*90*4)", 34.40719]
        },
        "right_leg_2": {
          "rotation": ["17.3517+10*math.sin(q.anim_time*90*4)", 7.04226, -16.68641]
        },
        "right_shadow_4": {
          "rotation": ["20-math.cos((query.anim_time)*90*2-270)*15", 0, 0],
          "scale": [0.1, 0.1, 0]
        },
        "right_shadow_5": {
          "rotation": ["math.cos((query.anim_time)*90*2-315)*15", 0, 0]
        },
        "right_shadow_6": {
          "rotation": ["-math.cos((query.anim_time)*90*2-350)*25", 0, 0]
        },
        "scarf": {
          "rotation": [0, -7.5, 0],
          "scale": 0.01
        },
        "scarf_alternate": {
          "scale": [1, "2-math.sin(q.anim_time*90*5*1-90)*0.02-1", "1.9-math.sin(q.anim_time*90*6*1)*0.01-1"]
        }
      },
      "loop": true
    },
    "animation.marshadow.blink": {
      "animation_length": 0.625,
      "bones": {
        "eye_left": {
          "scale": {
            "0.0": [1, 1, 1],
            "0.2083": [1, 1, 1],
            "0.2917": [1, 0, 1],
            "0.375": [1, 0, 1],
            "0.4583": [1, 1.1, 1],
            "0.5": [1, 1, 1],
            "0.625": [1, 1, 1]
          }
        },
        "eye_right": {
          "scale": {
            "0.0": [1, 1, 1],
            "0.2083": [1, 1, 1],
            "0.2917": [1, 0, 1],
            "0.375": [1, 0, 1],
            "0.4583": [1, 1.1, 1],
            "0.5": [1, 1, 1],
            "0.625": [1, 1, 1]
          }
        }
      }
    },
    "animation.marshadow.cry": {
      "animation_length": 1.5,
      "bones": {
        "head": {
          "rotation": {
            "0.0": {
              "lerp_mode": "catmullrom",
              "post": [0, 0, 0]
            },
            "0.2083": {
              "lerp_mode": "catmullrom",
              "post": [10, 0, 0]
            },
            "0.4583": {
              "lerp_mode": "catmullrom",
              "post": [-15, 0, 0]
            },
            "1.0": {
              "lerp_mode": "catmullrom",
              "post": [-15, 0, 0]
            },
            "1.25": {
              "lerp_mode": "catmullrom",
              "post": [5, 0, 0]
            },
            "1.5": {
              "lerp_mode": "catmullrom",
              "post": [0, 0, 0]
            }
          }
        }
      }
    },
    "animation.marshadow.ground_idle": {
      "bones": {
        "anthena_ball4": {
          "position": [0, 1, 0],
          "rotation": ["-2.4981+math.sin(q.anim_time*90*3*2-90)*1-1*6", -0.08722, "-2.4985+math.sin(q.anim_time*90*5-150)*2-1)+6*(math.sin(q.anim_time*90*5/2-90)*10"],
          "scale": [1, "2-math.sin(q.anim_time*90*5*2-90)*0.02-1", "1.9-math.sin(q.anim_time*90*6*2)*0.02-1"]
        },
        "arm_left": {
          "rotation": [0, 0, "49.953+Math.cos((query.anim_time) * 90 * 1 - 150) * -2"]
        },
        "arm_right": {
          "rotation": [0, 0, "-49.953+Math.cos((query.anim_time) * 90 * 1 - 150) * 2"]
        },
        "body": {
          "position": [0, "-0.2*math.sin(q.anim_time*90*1)", 0.25],
          "rotation": ["-1+2*math.sin(q.anim_time*90*1-20)", 0, 0]
        },
        "bone5": {
          "rotation": ["-2.4981+math.sin(q.anim_time*90*3*2-90)*1-1*6", -0.08722, "-2.4985+math.sin(q.anim_time*90*5-150)*2-1)+6*(math.sin(q.anim_time*90*5/2-90)*10"],
          "scale": [1, "2-math.sin(q.anim_time*90*5*2-90)*0.02-1", "1.9-math.sin(q.anim_time*90*6*2)*0.02-1"]
        },
        "bone6": {
          "rotation": ["2.4981+math.sin(q.anim_time*90*3*2-90)*1-1*6", 0.0872, "2.4985+math.sin(q.anim_time*90*5-150)*2-1)+6*(math.sin(q.anim_time*90*5/2-90)*10"],
          "scale": [1, "2-math.sin(q.anim_time*90*5*2-90)*0.02-1", "1.9-math.sin(q.anim_time*90*6*2)*0.02-1"]
        },
        "flamefist_alternate": {
          "scale": [0.1, 0.1, 1]
        },
        "flamefist_alternate2": {
          "scale": [0.1, 0.1, 1]
        },
        "hand_left_1": {
          "rotation": [0, 0, "15+Math.cos((query.anim_time) * 90 * 1 - 240) * -3"]
        },
        "hand_left_2": {
          "rotation": [0, 0, 7.5]
        },
        "hand_right_1": {
          "rotation": [0, 0, "-15+Math.cos((query.anim_time) * 90 * 1 - 240) * 3"]
        },
        "hand_right_2": {
          "rotation": [0, 0, -7.5]
        },
        "head": {
          "rotation": ["0-2*math.sin(q.anim_time*90*1+50)", 0, 0]
        },
        "hoot_alternate": {
          "scale": 0.1
        },
        "in_3": {
          "rotation": ["-14.0954-1*math.sin(query.anim_time*180-110)*15", -20, -14.09536]
        },
        "in_4": {
          "rotation": ["5.5981-1*math.sin(query.anim_time*180-130)*20", -38.08904, -13.26799]
        },
        "left_shadow_4": {
          "rotation": ["15+math.cos((query.anim_time)*90*2-270)*15", 0, 0]
        },
        "left_shadow_5": {
          "rotation": ["-math.cos((query.anim_time)*90*2-315)*15", 0, 0]
        },
        "left_shadow_6": {
          "rotation": ["math.cos((query.anim_time)*90*2-350)*25", 0, 0]
        },
        "right_shadow_4": {
          "rotation": ["15-math.cos((query.anim_time)*90*2-270)*15", 0, 0]
        },
        "right_shadow_5": {
          "rotation": ["math.cos((query.anim_time)*90*2-315)*15", 0, 0]
        },
        "right_shadow_6": {
          "rotation": ["-math.cos((query.anim_time)*90*2-350)*25", 0, 0]
        },
        "scarf": {
          "scale": [1, "2-math.sin(q.anim_time*90*5*1-90)*0.02-1", "1.9-math.sin(q.anim_time*90*6*1)*0.01-1"]
        },
        "scarf_alternate": {
          "scale": 0
        }
      },
      "loop": true
    },
    "animation.marshadow.ground_walk": {
      "animation_length": 4,
      "bones": {
        "anthena_ball4": {
          "rotation": ["-7.5+2*math.sin(q.anim_time*90*6+30)", "0+20*math.sin(q.anim_time*90*3)", 0],
          "scale": [1, "2-math.sin(q.anim_time*90*5*2-90)*0.02-1", "1.9-math.sin(q.anim_time*90*6*2)*0.02-1"]
        },
        "arm_left": {
          "position": [1, 0, "0.2*math.sin(q.anim_time*90*3)"],
          "rotation": ["-0.8704-20*math.sin(q.anim_time*90*3+30)", "0.0762-10*math.sin(q.anim_time*90*3+30)", "60.0374-2*math.sin(q.anim_time*90*6+90)"]
        },
        "arm_right": {
          "position": [-1, 0, "-0.2*math.sin(q.anim_time*90*3)"],
          "rotation": ["-0.8704+20*math.sin(q.anim_time*90*3+30)", "-0.0762-20*math.sin(q.anim_time*90*3+30)", "-60.0374+2*math.sin(q.anim_time*90*6+90)"]
        },
        "body": {
          "position": {
            "0.0": {
              "lerp_mode": "catmullrom",
              "post": [0, 0.09, 0]
            },
            "0.375": {
              "lerp_mode": "catmullrom",
              "post": [0, 0.25, 0]
            },
            "0.4583": {
              "lerp_mode": "catmullrom",
              "post": [0, 0.02, 0]
            },
            "1.0417": {
              "lerp_mode": "catmullrom",
              "post": [0, 0.25, 0]
            },
            "1.125": {
              "lerp_mode": "catmullrom",
              "post": [0, 0.02, 0]
            },
            "1.3333": {
              "lerp_mode": "catmullrom",
              "post": [0, 0.09, 0]
            },
            "1.75": {
              "lerp_mode": "catmullrom",
              "post": [0, 0.25, 0]
            },
            "1.7917": {
              "lerp_mode": "catmullrom",
              "post": [0, 0.02, 0]
            },
            "2.4167": {
              "lerp_mode": "catmullrom",
              "post": [0, 0.25, 0]
            },
            "2.4583": {
              "lerp_mode": "catmullrom",
              "post": [0, 0.02, 0]
            },
            "2.6667": {
              "lerp_mode": "catmullrom",
              "post": [0, 0.09, 0]
            },
            "3.0833": {
              "lerp_mode": "catmullrom",
              "post": [0, 0.25, 0]
            },
            "3.125": {
              "lerp_mode": "catmullrom",
              "post": [0, 0.02, 0]
            },
            "3.75": {
              "lerp_mode": "catmullrom",
              "post": [0, 0.25, 0]
            },
            "3.7917": {
              "lerp_mode": "catmullrom",
              "post": [0, 0.02, 0]
            },
            "4.0": {
              "lerp_mode": "catmullrom",
              "post": [0, 0.09, 0]
            }
          },
          "rotation": ["5+2*math.sin(q.anim_time*90*6-50)", "-16*math.sin(q.anim_time*90*3-20)", "1*math.sin(q.anim_time*90*1)"]
        },
        "bone5": {
          "rotation": ["-2.4981+math.sin(q.anim_time*90*3*2-90)*1-1*6", -0.08722, "-2.4985+math.sin(q.anim_time*90*5-150)*2-1)+6*(math.sin(q.anim_time*90*5/2-90)*10"],
          "scale": [1, "2-math.sin(q.anim_time*90*5*2-90)*0.02-1", "1.9-math.sin(q.anim_time*90*6*2)*0.02-1"]
        },
        "bone6": {
          "rotation": ["2.4981+math.sin(q.anim_time*90*3*2-90)*1-1*6", 0.0872, "2.4985+math.sin(q.anim_time*90*5-150)*2-1)+6*(math.sin(q.anim_time*90*5/2-90)*10"],
          "scale": [1, "2-math.sin(q.anim_time*90*5*2-90)*0.02-1", "1.9-math.sin(q.anim_time*90*6*2)*0.02-1"]
        },
        "flamefist_alternate": {
          "scale": 0
        },
        "flamefist_alternate2": {
          "scale": 0
        },
        "hand_left_1": {
          "rotation": [0, "10-10*math.sin(q.anim_time*90*3-60)", 0]
        },
        "hand_left_2": {
          "rotation": [0, 0, 7.5]
        },
        "hand_right_1": {
          "rotation": [0, "-10-10*math.sin(q.anim_time*90*3-60)", 0]
        },
        "hand_right_2": {
          "rotation": [0, 0, -7.5]
        },
        "head": {
          "rotation": ["-2.5+2*math.sin(q.anim_time*90*6+30)", "0+12*math.sin(q.anim_time*90*3)", 0]
        },
        "hoot_alternate": {
          "scale": 0
        },
        "in_3": {
          "rotation": ["-14.0954-1*math.sin(query.anim_time*270-110)*15", -32.5, -14.09535]
        },
        "in_4": {
          "rotation": ["5.5981-1*math.sin(query.anim_time*270-130)*20", -38.08904, -13.26799]
        },
        "left_leg": {
          "position": [0, "math.clamp(1*math.cos(q.anim_time*90*3),0,2)", "-1*math.sin(q.anim_time*90*1)"],
          "rotation": {
            "0.0": {
              "lerp_mode": "catmullrom",
              "post": [-3.54, 0, 0]
            },
            "0.2917": {
              "lerp_mode": "catmullrom",
              "post": [-22.5, 0, 0]
            },
            "0.375": {
              "lerp_mode": "catmullrom",
              "post": [-8.73, 0, 0]
            },
            "0.6667": {
              "lerp_mode": "catmullrom",
              "post": [1.25, 0, 0]
            },
            "1.0": {
              "lerp_mode": "catmullrom",
              "post": [20, 0, 0]
            },
            "1.3333": {
              "lerp_mode": "catmullrom",
              "post": [-3.54, 0, 0]
            },
            "1.625": {
              "lerp_mode": "catmullrom",
              "post": [-22.5, 0, 0]
            },
            "1.75": {
              "lerp_mode": "catmullrom",
              "post": [-8.73, 0, 0]
            },
            "2.0": {
              "lerp_mode": "catmullrom",
              "post": [1.25, 0, 0]
            },
            "2.3333": {
              "lerp_mode": "catmullrom",
              "post": [20, 0, 0]
            },
            "2.6667": {
              "lerp_mode": "catmullrom",
              "post": [-3.54, 0, 0]
            },
            "2.9583": {
              "lerp_mode": "catmullrom",
              "post": [-22.5, 0, 0]
            },
            "3.0833": {
              "lerp_mode": "catmullrom",
              "post": [-8.73, 0, 0]
            },
            "3.3333": {
              "lerp_mode": "catmullrom",
              "post": [1.25, 0, 0]
            },
            "3.6667": {
              "lerp_mode": "catmullrom",
              "post": [20, 0, 0]
            },
            "4.0": {
              "lerp_mode": "catmullrom",
              "post": [-3.54, 0, 0]
            }
          }
        },
        "left_leg_2": {
          "rotation": {
            "0.0": {
              "lerp_mode": "catmullrom",
              "post": [59.1, 0, 0]
            },
            "0.3333": {
              "lerp_mode": "catmullrom",
              "post": [-2.5, 0, 0]
            },
            "0.4167": {
              "lerp_mode": "catmullrom",
              "post": [5.55, 0, 0]
            },
            "0.6667": {
              "lerp_mode": "catmullrom",
              "post": [1.66, 0, 0]
            },
            "1.0": {
              "lerp_mode": "catmullrom",
              "post": [-2.5, 0, 0]
            },
            "1.1667": {
              "lerp_mode": "catmullrom",
              "post": [19.22, 0, 0]
            },
            "1.3333": {
              "lerp_mode": "catmullrom",
              "post": [59.1, 0, 0]
            },
            "1.6667": {
              "lerp_mode": "catmullrom",
              "post": [-2.5, 0, 0]
            },
            "1.75": {
              "lerp_mode": "catmullrom",
              "post": [5.55, 0, 0]
            },
            "2.0": {
              "lerp_mode": "catmullrom",
              "post": [1.66, 0, 0]
            },
            "2.3333": {
              "lerp_mode": "catmullrom",
              "post": [-2.5, 0, 0]
            },
            "2.5": {
              "lerp_mode": "catmullrom",
              "post": [19.22, 0, 0]
            },
            "2.6667": {
              "lerp_mode": "catmullrom",
              "post": [59.1, 0, 0]
            },
            "3.0": {
              "lerp_mode": "catmullrom",
              "post": [-2.5, 0, 0]
            },
            "3.0833": {
              "lerp_mode": "catmullrom",
              "post": [5.55, 0, 0]
            },
            "3.3333": {
              "lerp_mode": "catmullrom",
              "post": [1.66, 0, 0]
            },
            "3.6667": {
              "lerp_mode": "catmullrom",
              "post": [-2.5, 0, 0]
            },
            "3.8333": {
              "lerp_mode": "catmullrom",
              "post": [19.22, 0, 0]
            },
            "4.0": {
              "lerp_mode": "catmullrom",
              "post": [59.1, 0, 0]
            }
          }
        },
        "left_shadow_4": {
          "scale": [1, 1, 0]
        },
        "right_leg": {
          "position": [0, "math.clamp(-1*math.cos(q.anim_time*90*3),0,2)", "1*math.sin(q.anim_time*90*1)"],
          "rotation": {
            "0.0": {
              "lerp_mode": "catmullrom",
              "post": [1.25, 0, 0]
            },
            "0.3333": {
              "lerp_mode": "catmullrom",
              "post": [20, 0, 0]
            },
            "0.6667": {
              "lerp_mode": "catmullrom",
              "post": [-3.54, 0, 0]
            },
            "0.9583": {
              "lerp_mode": "catmullrom",
              "post": [-22.5, 0, 0]
            },
            "1.0417": {
              "lerp_mode": "catmullrom",
              "post": [-8.73, 0, 0]
            },
            "1.3333": {
              "lerp_mode": "catmullrom",
              "post": [1.25, 0, 0]
            },
            "1.6667": {
              "lerp_mode": "catmullrom",
              "post": [20, 0, 0]
            },
            "2.0": {
              "lerp_mode": "catmullrom",
              "post": [-3.54, 0, 0]
            },
            "2.2917": {
              "lerp_mode": "catmullrom",
              "post": [-22.5, 0, 0]
            },
            "2.4167": {
              "lerp_mode": "catmullrom",
              "post": [-8.73, 0, 0]
            },
            "2.6667": {
              "lerp_mode": "catmullrom",
              "post": [1.25, 0, 0]
            },
            "3.0": {
              "lerp_mode": "catmullrom",
              "post": [20, 0, 0]
            },
            "3.3333": {
              "lerp_mode": "catmullrom",
              "post": [-3.54, 0, 0]
            },
            "3.625": {
              "lerp_mode": "catmullrom",
              "post": [-22.5, 0, 0]
            },
            "3.75": {
              "lerp_mode": "catmullrom",
              "post": [-8.73, 0, 0]
            },
            "4.0": {
              "lerp_mode": "catmullrom",
              "post": [1.25, 0, 0]
            }
          }
        },
        "right_leg_2": {
          "rotation": {
            "0.0": {
              "lerp_mode": "catmullrom",
              "post": [1.66, 0, 0]
            },
            "0.3333": {
              "lerp_mode": "catmullrom",
              "post": [-2.5, 0, 0]
            },
            "0.5": {
              "lerp_mode": "catmullrom",
              "post": [19.22, 0, 0]
            },
            "0.6667": {
              "lerp_mode": "catmullrom",
              "post": [59.1, 0, 0]
            },
            "1.0": {
              "lerp_mode": "catmullrom",
              "post": [-2.5, 0, 0]
            },
            "1.0833": {
              "lerp_mode": "catmullrom",
              "post": [5.55, 0, 0]
            },
            "1.3333": {
              "lerp_mode": "catmullrom",
              "post": [1.66, 0, 0]
            },
            "1.6667": {
              "lerp_mode": "catmullrom",
              "post": [-2.5, 0, 0]
            },
            "1.8333": {
              "lerp_mode": "catmullrom",
              "post": [19.22, 0, 0]
            },
            "2.0": {
              "lerp_mode": "catmullrom",
              "post": [59.1, 0, 0]
            },
            "2.3333": {
              "lerp_mode": "catmullrom",
              "post": [-2.5, 0, 0]
            },
            "2.4167": {
              "lerp_mode": "catmullrom",
              "post": [5.55, 0, 0]
            },
            "2.6667": {
              "lerp_mode": "catmullrom",
              "post": [1.66, 0, 0]
            },
            "3.0": {
              "lerp_mode": "catmullrom",
              "post": [-2.5, 0, 0]
            },
            "3.1667": {
              "lerp_mode": "catmullrom",
              "post": [19.22, 0, 0]
            },
            "3.3333": {
              "lerp_mode": "catmullrom",
              "post": [59.1, 0, 0]
            },
            "3.6667": {
              "lerp_mode": "catmullrom",
              "post": [-2.5, 0, 0]
            },
            "3.75": {
              "lerp_mode": "catmullrom",
              "post": [5.55, 0, 0]
            },
            "4.0": {
              "lerp_mode": "catmullrom",
              "post": [1.66, 0, 0]
            }
          }
        },
        "right_shadow_4": {
          "scale": [1, 1, 0]
        },
        "scarf_alternate": {
          "scale": 0
        }
      },
      "loop": true
    },
    "animation.marshadow.left_shoulder": {
      "bones": {
        "anthena_ball2": {
          "position": [0, 1, 0],
          "rotation": ["-2.4981+math.sin(q.anim_time*90*3*2-90)*1-1*6", -0.08722, "-2.4985+math.sin(q.anim_time*90*5-150)*2-1)+6*(math.sin(q.anim_time*90*5/2-90)*10"],
          "scale": [1, "2-math.sin(q.anim_time*90*5*2-90)*0.02-1", "1.9-math.sin(q.anim_time*90*6*2)*0.02-1"]
        },
        "arm_left": {
          "rotation": [-3.50769, "-17.1876+Math.cos((query.anim_time) * 90 * 1 - 150) * 2", 47.94504]
        },
        "arm_right": {
          "rotation": [-2.57827, 27.84815, 5.78441]
        },
        "body": {
          "rotation": [0, 0, 10]
        },
        "bone2": {
          "rotation": ["0+Math.sin((query.anim_time) * 90 * 2) * 2", 0, "0+Math.cos((query.anim_time) * 90 * 2 - 40) * 4"],
          "scale": [1, "2-math.sin(q.anim_time*90*5*2-90)*0.02-1", "1.9-math.sin(q.anim_time*90*6*2)*0.02-1"]
        },
        "bone3": {
          "rotation": ["0+Math.sin((query.anim_time) * 90 * 2) * 2", 0, "0+Math.cos((query.anim_time) * 90 * 2 - 40) * -4"],
          "scale": [1, "2-math.sin(q.anim_time*90*5*2-90)*0.02-1", "1.9-math.sin(q.anim_time*90*6*2)*0.02-1"]
        },
        "fire_effect": {
          "rotation": [0, 0, "78.4046-9*math.sin(q.anim_time*90*2+4)"],
          "scale": [1, "2-math.sin(q.anim_time*90*5*2-90)*0.04-1", "1.9-math.sin(q.anim_time*90*6*2)*0.04-1"]
        },
        "fire_effect2": {
          "rotation": [0, 0, -27.5]
        },
        "fire_effect3": {
          "rotation": [0, 0, "-76.5954+9*math.sin(q.anim_time*90*2-4)"],
          "scale": [1, "2-math.sin(q.anim_time*90*5*2-90)*0.04-1", "1.9-math.sin(q.anim_time*90*6*2)*0.04-1"]
        },
        "fire_effect4": {
          "rotation": [0, 0, -35]
        },
        "flamefist_left": {
          "scale": 0
        },
        "flamefist_right": {
          "scale": 0
        },
        "hand_left_1": {
          "rotation": [0, "22.5+Math.cos((query.anim_time) * 90 * 1 - 150) * 2", 0]
        },
        "hand_left_2": {
          "rotation": [0, 0, 15]
        },
        "hand_right_1": {
          "rotation": [6.42848, -26.7952, -14.03271]
        },
        "hand_right_2": {
          "rotation": [0, 0, -12.5]
        },
        "head": {
          "rotation": [5, -7.5, -10]
        },
        "hood_normal": {
          "scale": 0
        },
        "in_6": {
          "rotation": ["-14.0954-1*math.sin(query.anim_time*180-110)*15", -57.5, -14.09535]
        },
        "in_7": {
          "rotation": ["5.5981-1*math.sin(query.anim_time*180-130)*20", -38.08904, -13.26799]
        },
        "left_leg": {
          "rotation": [-4.13255, -12.06548, 7.66309]
        },
        "left_leg_2": {
          "rotation": [35, 0, 0]
        },
        "left_shadow_4": {
          "rotation": ["-55+math.cos((query.anim_time)*90*2-270)*15", 0, 0]
        },
        "left_shadow_5": {
          "rotation": ["30-math.cos((query.anim_time)*90*2-315)*15", 0, 0]
        },
        "left_shadow_6": {
          "rotation": ["-32.5+math.cos((query.anim_time)*90*2-350)*25", 0, 0]
        },
        "marshadow": {
          "position": [3, -9, 0]
        },
        "right_leg": {
          "rotation": [-3.00487, 7.3859, -2.2891]
        },
        "right_leg_2": {
          "rotation": [5, 0, 0]
        },
        "right_shadow_4": {
          "rotation": ["-85-math.cos((query.anim_time)*90*2-270)*15", 0, 0]
        },
        "right_shadow_5": {
          "rotation": ["50+math.cos((query.anim_time)*90*2-315)*15", 0, 0]
        },
        "right_shadow_6": {
          "rotation": ["-27.5-math.cos((query.anim_time)*90*2-350)*25", 0, 0]
        },
        "scarf": {
          "scale": 0
        },
        "scarf_alternate": {
          "position": [-0.225, 0.1, -0.125],
          "rotation": [0, -5, -3.25],
          "scale": [1, "2-math.sin(q.anim_time*90*5*1-90)*0.02-1", "1.9-math.sin(q.anim_time*90*6*1)*0.01-1"]
        }
      },
      "loop": true
    },
    "animation.marshadow.physical": {
      "animation_length": 2,
      "bones": {
        "anthena_ball2": {
          "position": [0, 1, 0],
          "rotation": ["-2.4981+math.sin(q.anim_time*90*3*2-90)*1-1*6", -0.08722, "-2.4985+math.sin(q.anim_time*90*5-150)*2-1)+6*(math.sin(q.anim_time*90*5/2-90)*10"],
          "scale": [1, "2-math.sin(q.anim_time*90*5*2-90)*0.02-1", "1.9-math.sin(q.anim_time*90*6*2)*0.02-1"]
        },
        "anthena_ball4": {
          "position": [0, 1, 0],
          "rotation": ["-2.4981+math.sin(q.anim_time*90*3*2-90)*1-1*6", -0.08722, "-2.4985+math.sin(q.anim_time*90*5-150)*2-1)+6*(math.sin(q.anim_time*90*5/2-90)*10"],
          "scale": [1, "2-math.sin(q.anim_time*90*5*2-90)*0.02-1", "1.9-math.sin(q.anim_time*90*6*2)*0.02-1"]
        },
        "arm_left": {
          "position": [1, 0.25, 0.5],
          "rotation": [-11.011, 22.5029, 29.5478],
          "scale": {
            "0.3333": [1, 1, 1],
            "0.375": [1.7, 1, 1],
            "0.4167": [1, 1, 1]
          }
        },
        "arm_right": {
          "position": [-1, 0.5, 0.25],
          "rotation": [-7.76076, 27.9686, -46.47272]
        },
        "body": {
          "position": {
            "0.0": [0, 0.25, 0.25],
            "0.2083": [0, -0.6, 0],
            "0.2917": [0, -0.6, -0.5],
            "0.3333": [0, -0.6, 0],
            "0.375": [0, -0.6, -0.75],
            "0.5": [0, -0.6, 0],
            "2.0": [0, 0.25, 0.25]
          },
          "rotation": {
            "0.0": [5.9139, 34.0227, 0.2853],
            "0.2083": [-0.01784, 19.9822, 0.01446],
            "0.2917": [12.47076, -55.0178, 0.04451],
            "0.3333": [7.47133, -19.18447, 0.02925],
            "0.375": {
              "lerp_mode": "catmullrom",
              "post": [9.97247, 52.4822, -0.00128],
              "pre": [9.97247, 52.4822, -0.00128]
            },
            "0.5": {
              "lerp_mode": "catmullrom",
              "post": [-0.02892, 54.82509, -0.00339]
            },
            "2.0": [5.9139, 34.0227, 0.2853]
          }
        },
        "bone": {
          "rotation": ["0+Math.sin((query.anim_time) * 90 * 2 - 90) * 2", 0, "0+Math.cos((query.anim_time) * 90 * 2 - 90) * 6"]
        },
        "bone2": {
          "rotation": ["0+Math.sin((query.anim_time) * 90 * 2) * 2", 0, "0+Math.cos((query.anim_time) * 90 * 2 - 40) * 4"],
          "scale": {
            "0.0": [1, "2-math.sin(q.anim_time*90*5*2-90)*0.02-1", "1.9-math.sin(q.anim_time*90*6*2)*0.02-1"],
            "0.3333": [1, 1, 1],
            "0.375": [1, 1.7, 1],
            "0.4167": [1, "2-math.sin(q.anim_time*90*5*2-90)*0.02-1", "1.9-math.sin(q.anim_time*90*6*2)*0.02-1"]
          }
        },
        "bone3": {
          "rotation": ["0+Math.sin((query.anim_time) * 90 * 2) * 2", 0, "0+Math.cos((query.anim_time) * 90 * 2 - 40) * -4"],
          "scale": {
            "0.0": [1, "2-math.sin(q.anim_time*90*5*2-90)*0.02-1", "1.9-math.sin(q.anim_time*90*6*2)*0.02-1"],
            "0.3333": [1, 1, 1],
            "0.375": [1, 1.7, 1],
            "0.4167": [1, "2-math.sin(q.anim_time*90*5*2-90)*0.02-1", "1.9-math.sin(q.anim_time*90*6*2)*0.02-1"]
          }
        },
        "bone4": {
          "rotation": ["0+Math.sin((query.anim_time) * 90 * 2 - 90) * 2", 0, "0+Math.cos((query.anim_time) * 90 * 2 - 90) * -6"]
        },
        "bone5": {
          "rotation": ["-2.4981+math.sin(q.anim_time*90*3*2-90)*1-1*6", -0.08722, "-2.4985+math.sin(q.anim_time*90*5-150)*2-1)+6*(math.sin(q.anim_time*90*5/2-90)*10"],
          "scale": [1, "2-math.sin(q.anim_time*90*5*2-90)*0.02-1", "1.9-math.sin(q.anim_time*90*6*2)*0.02-1"]
        },
        "bone6": {
          "rotation": ["2.4981+math.sin(q.anim_time*90*3*2-90)*1-1*6", 0.0872, "2.4985+math.sin(q.anim_time*90*5-150)*2-1)+6*(math.sin(q.anim_time*90*5/2-90)*10"],
          "scale": [1, "2-math.sin(q.anim_time*90*5*2-90)*0.02-1", "1.9-math.sin(q.anim_time*90*6*2)*0.02-1"]
        },
        "fire_effect": {
          "rotation": [0, 0, "78.4046+9*math.sin(q.anim_time*90*2-4)"],
          "scale": [1, "2-math.sin(q.anim_time*90*5*2-90)*0.04-1", "1.9-math.sin(q.anim_time*90*6*2)*0.04-1"]
        },
        "fire_effect2": {
          "rotation": [0, 0, "-44.0954+9*math.sin(q.anim_time*180*2-4)"]
        },
        "fire_effect3": {
          "rotation": [0, 0, "-66.5954+9*math.sin(q.anim_time*90*2-4)"],
          "scale": [1, "2-math.sin(q.anim_time*90*5*2-90)*0.04-1", "1.9-math.sin(q.anim_time*90*6*2)*0.04-1"]
        },
        "fire_effect4": {
          "rotation": [0, 0, "48.4046+9*math.sin(q.anim_time*180*2-4)"]
        },
        "flamefist_alternate": {
          "scale": 1
        },
        "flamefist_alternate2": {
          "scale": 1
        },
        "flamefist_left": {
          "scale": 0.01
        },
        "flamefist_right": {
          "scale": 0.01
        },
        "hand_left_1": {
          "rotation": [-16.30513, 47.3481, -3.9579]
        },
        "hand_left_2": {
          "rotation": [0, 0, 7.5]
        },
        "hand_right_1": {
          "rotation": [-26.00932, -74.4271, 26.44392]
        },
        "hand_right_2": {
          "rotation": [0, 0, -7.5]
        },
        "head": {
          "position": {
            "0.0": [0.15, 0, -0.2],
            "2.0": [0.15, 0, -0.2]
          },
          "rotation": {
            "0.0": [-1.6694, -29.1884, 4.45075],
            "0.2083": [19.6586, -9.52438, -3.88326],
            "0.2917": [29.95875, 48.36493, 22.80549],
            "0.375": {
              "lerp_mode": "catmullrom",
              "post": [21.64651, -25.91799, -10.34124],
              "pre": [21.64651, -25.91799, -10.34124]
            },
            "0.5417": {
              "lerp_mode": "catmullrom",
              "post": [21.64651, -25.91799, -10.34124]
            },
            "1.125": {
              "lerp_mode": "catmullrom",
              "post": [12.87227, -29.01271, -0.64854]
            },
            "2.0": [-1.6694, -29.1884, 4.45075]
          }
        },
        "hood_normal": {
          "scale": 0.01
        },
        "hoot_alternate": {
          "scale": 1.01
        },
        "in_3": {
          "rotation": ["-14.0954-1*math.sin(query.anim_time*180-110)*15", -35, -14.09535]
        },
        "in_4": {
          "rotation": ["5.5981-1*math.sin(query.anim_time*180-130)*20", -38.08904, -13.26799]
        },
        "in_6": {
          "rotation": ["6.9733+math.sin(q.anim_time*90*3*2-90)*1-1*6", "-32.586+math.sin(q.anim_time*90*5-150)*2-1)+6*(math.sin(q.anim_time*90*5/2-90)*10", 0]
        },
        "in_7": {
          "rotation": ["6.9733+math.sin(q.anim_time*90*3*2-90)*1-1*6", "-32.586+math.sin(q.anim_time*90*5-150)*2-1)+6*(math.sin(q.anim_time*90*5/2-90)*10", 0]
        },
        "left_leg": {
          "position": [-0.5, -0.9, -1.75],
          "rotation": [-22.5, -17.5, 1]
        },
        "left_leg_2": {
          "rotation": [22.5193, -2.30959, -0.9572]
        },
        "left_shadow_4": {
          "rotation": ["30+math.cos((query.anim_time)*90*2-270)*15", 0, 0],
          "scale": [0.1, 0.1, 0]
        },
        "left_shadow_5": {
          "rotation": ["-math.cos((query.anim_time)*90*2-315)*15", 0, 0]
        },
        "left_shadow_6": {
          "rotation": ["math.cos((query.anim_time)*90*2-350)*25", 0, 0]
        },
        "right_leg": {
          "position": [0.25, -1.1, 1],
          "rotation": [8.7486, 54.7128, 34.40719]
        },
        "right_leg_2": {
          "rotation": [17.3517, 7.04226, -16.68641]
        },
        "right_shadow_4": {
          "rotation": ["20-math.cos((query.anim_time)*90*2-270)*15", 0, 0],
          "scale": [0.1, 0.1, 0]
        },
        "right_shadow_5": {
          "rotation": ["math.cos((query.anim_time)*90*2-315)*15", 0, 0]
        },
        "right_shadow_6": {
          "rotation": ["-math.cos((query.anim_time)*90*2-350)*25", 0, 0]
        },
        "scarf": {
          "rotation": [0, -7.5, 0],
          "scale": 0.01
        },
        "whole_body": {
          "position": {
            "0.375": [0, 0, 0],
            "0.4167": [0, -1, 0],
            "0.4583": [0, 0.1, 0],
            "0.5": [0, -0.8, 0],
            "0.5417": [0, 0.1, 0],
            "0.5833": [0, -0.4, 0],
            "0.6667": [0, 0, 0]
          }
        }
      },
      "loop": true
    },
    "animation.marshadow.recoil": {
      "animation_length": 1.5,
      "bones": {
        "body": {
          "rotation": {
            "0.0": [0, 0, 0],
            "0.125": {
              "lerp_mode": "catmullrom",
              "post": [-8, 1, 0],
              "pre": [-8, 1, 0]
            },
            "0.8333": {
              "lerp_mode": "catmullrom",
              "post": [1, 0, 0]
            },
            "1.5": [0, 0, 0]
          }
        },
        "head": {
          "rotation": {
            "0.0": [0, 0, 0],
            "0.0417": {
              "lerp_mode": "catmullrom",
              "post": [17.5, 0, 0],
              "pre": [17.5, 0, 0]
            },
            "0.4583": {
              "lerp_mode": "catmullrom",
              "post": [-5.4, 1.5, 0]
            },
            "1.1667": {
              "lerp_mode": "catmullrom",
              "post": [-0.3, 0, 0]
            },
            "1.5": [0, 0, 0]
          }
        }
      }
    },
    "animation.marshadow.right_shoulder": {
      "bones": {
        "anthena_ball2": {
          "position": [0, 1, 0],
          "rotation": ["-2.4981+math.sin(q.anim_time*90*3*2-90)*1-1*6", -0.08722, "-2.4985+math.sin(q.anim_time*90*5-150)*2-1)+6*(math.sin(q.anim_time*90*5/2-90)*10"],
          "scale": [1, "2-math.sin(q.anim_time*90*5*2-90)*0.02-1", "1.9-math.sin(q.anim_time*90*6*2)*0.02-1"]
        },
        "arm_right": {
          "rotation": [-4.42303, "39.6358+Math.cos((query.anim_time) * 90 * 1 - 150) * 2", -49.73285]
        },
        "body": {
          "rotation": [0, 0, -10]
        },
        "bone2": {
          "rotation": ["0+Math.sin((query.anim_time) * 90 * 2) * 2", 0, "0+Math.cos((query.anim_time) * 90 * 2 - 40) * 4"],
          "scale": [1, "2-math.sin(q.anim_time*90*5*2-90)*0.02-1", "1.9-math.sin(q.anim_time*90*6*2)*0.02-1"]
        },
        "bone3": {
          "rotation": ["0+Math.sin((query.anim_time) * 90 * 2) * 2", 0, "0+Math.cos((query.anim_time) * 90 * 2 - 40) * -4"],
          "scale": [1, "2-math.sin(q.anim_time*90*5*2-90)*0.02-1", "1.9-math.sin(q.anim_time*90*6*2)*0.02-1"]
        },
        "fire_effect": {
          "rotation": [0, 0, "78.4046-9*math.sin(q.anim_time*90*2+4)"],
          "scale": [1, "2-math.sin(q.anim_time*90*5*2-90)*0.04-1", "1.9-math.sin(q.anim_time*90*6*2)*0.04-1"]
        },
        "fire_effect2": {
          "rotation": [0, 0, 42.5]
        },
        "fire_effect3": {
          "rotation": [0, 0, "-66.5954+9*math.sin(q.anim_time*90*2-4)"],
          "scale": [1, "2-math.sin(q.anim_time*90*5*2-90)*0.04-1", "1.9-math.sin(q.anim_time*90*6*2)*0.04-1"]
        },
        "fire_effect4": {
          "rotation": [0, 0, 30]
        },
        "flamefist_left": {
          "scale": 0
        },
        "flamefist_right": {
          "scale": 0
        },
        "hand_left_1": {
          "rotation": [0, 10, 0]
        },
        "hand_left_2": {
          "rotation": [0, 0, 15]
        },
        "hand_right_1": {
          "rotation": [6.42848, "-26.7952+Math.cos((query.anim_time) * 90 * 1 - 150) * 2", -14.03271]
        },
        "hand_right_2": {
          "rotation": [0, 0, -12.5]
        },
        "head": {
          "rotation": [5, 7.5, 10]
        },
        "hood_normal": {
          "scale": 0
        },
        "in_6": {
          "rotation": ["-14.0954-1*math.sin(query.anim_time*180-110)*15", -57.5, -14.09535]
        },
        "in_7": {
          "rotation": ["5.5981-1*math.sin(query.anim_time*180-130)*20", -38.08904, -13.26799]
        },
        "left_leg": {
          "rotation": [0, -25, 0]
        },
        "left_leg_2": {
          "rotation": [35, 0, 0]
        },
        "left_shadow_4": {
          "rotation": ["-55+math.cos((query.anim_time)*90*2-270)*15", 0, 0]
        },
        "left_shadow_5": {
          "rotation": ["30-math.cos((query.anim_time)*90*2-315)*15", 0, 0]
        },
        "left_shadow_6": {
          "rotation": ["-32.5+math.cos((query.anim_time)*90*2-350)*25", 0, 0]
        },
        "marshadow": {
          "position": [-3, -9, 0]
        },
        "right_leg": {
          "rotation": [-4.13255, 12.06548, -7.66309]
        },
        "right_leg_2": {
          "rotation": [5, 0, 0]
        },
        "right_shadow_4": {
          "rotation": ["-85-math.cos((query.anim_time)*90*2-270)*15", 0, 0]
        },
        "right_shadow_5": {
          "rotation": ["50+math.cos((query.anim_time)*90*2-315)*15", 0, 0]
        },
        "right_shadow_6": {
          "rotation": ["-27.5-math.cos((query.anim_time)*90*2-350)*25", 0, 0]
        },
        "scarf": {
          "scale": 0
        },
        "scarf_alternate": {
          "position": [-0.225, 0.1, -0.125],
          "rotation": [0, 5, 3.25],
          "scale": [1, "2-math.sin(q.anim_time*90*5*1-90)*0.02-1", "1.9-math.sin(q.anim_time*90*6*1)*0.01-1"]
        }
      },
      "loop": true
    },
    "animation.marshadow.sleep": {
      "bones": {
        "anthena_ball4": {
          "position": [0, 1, 0],
          "rotation": ["-2.4981+math.sin(q.anim_time*90*3*2-90)*1-1*6", -0.08722, "-2.4985+math.sin(q.anim_time*90*5-150)*2-1)+6*(math.sin(q.anim_time*90*5/2-90)*10"],
          "scale": [1, "2-math.sin(q.anim_time*90*5*2-90)*0.02-1", "1.9-math.sin(q.anim_time*90*6*2)*0.02-1"]
        },
        "arm_left": {
          "rotation": [0, 0, "49.953+Math.cos((query.anim_time) * 90 * 1 - 150) * -2"]
        },
        "arm_right": {
          "rotation": [0, 0, "-49.953+Math.cos((query.anim_time) * 90 * 1 - 150) * 2"]
        },
        "body": {
          "position": [0, "-0.2*math.sin(q.anim_time*90*1)", 0.25],
          "rotation": ["-1+2*math.sin(q.anim_time*90*1-20)", 0, 0]
        },
        "bone5": {
          "rotation": ["-2.4981+math.sin(q.anim_time*90*3*2-90)*1-1*6", -0.08722, "-2.4985+math.sin(q.anim_time*90*5-150)*2-1)+6*(math.sin(q.anim_time*90*5/2-90)*10"],
          "scale": [1, "2-math.sin(q.anim_time*90*5*2-90)*0.02-1", "1.9-math.sin(q.anim_time*90*6*2)*0.02-1"]
        },
        "bone6": {
          "rotation": ["2.4981+math.sin(q.anim_time*90*3*2-90)*1-1*6", 0.0872, "2.4985+math.sin(q.anim_time*90*5-150)*2-1)+6*(math.sin(q.anim_time*90*5/2-90)*10"],
          "scale": [1, "2-math.sin(q.anim_time*90*5*2-90)*0.02-1", "1.9-math.sin(q.anim_time*90*6*2)*0.02-1"]
        },
        "eye_left": {
          "scale": [1, 0, 1]
        },
        "eye_right": {
          "scale": [1, 0, 1]
        },
        "flamefist_alternate": {
          "scale": [0.1, 0.1, 1]
        },
        "flamefist_alternate2": {
          "scale": [0.1, 0.1, 1]
        },
        "hand_left_1": {
          "rotation": [0, 0, "15+Math.cos((query.anim_time) * 90 * 1 - 240) * -3"]
        },
        "hand_left_2": {
          "rotation": [0, 0, 7.5]
        },
        "hand_right_1": {
          "rotation": [0, 0, "-15+Math.cos((query.anim_time) * 90 * 1 - 240) * 3"]
        },
        "hand_right_2": {
          "rotation": [0, 0, -7.5]
        },
        "head": {
          "rotation": ["20-2*math.sin(q.anim_time*90*1+50)", 0, 0]
        },
        "hoot_alternate": {
          "scale": 0.1
        },
        "in_3": {
          "rotation": ["165.9046-1*math.sin(query.anim_time*180-110)*15", -20, 165.90463]
        },
        "in_4": {
          "rotation": ["5.5981-1*math.sin(query.anim_time*180-130)*20", -38.08904, -13.26799]
        },
        "left_shadow_4": {
          "rotation": ["15+math.cos((query.anim_time)*90*2-270)*15", 0, 0]
        },
        "left_shadow_5": {
          "rotation": ["-math.cos((query.anim_time)*90*2-315)*15", 0, 0]
        },
        "left_shadow_6": {
          "rotation": ["math.cos((query.anim_time)*90*2-350)*25", 0, 0]
        },
        "right_shadow_4": {
          "rotation": ["15-math.cos((query.anim_time)*90*2-270)*15", 0, 0]
        },
        "right_shadow_5": {
          "rotation": ["math.cos((query.anim_time)*90*2-315)*15", 0, 0]
        },
        "right_shadow_6": {
          "rotation": ["-math.cos((query.anim_time)*90*2-350)*25", 0, 0]
        },
        "scarf": {
          "scale": [1, "2-math.sin(q.anim_time*90*5*1-90)*0.02-1", "1.9-math.sin(q.anim_time*90*6*1)*0.01-1"]
        },
        "scarf_alternate": {
          "scale": 0
        }
      },
      "loop": true
    },
    "animation.marshadow.status": {
      "animation_length": 2.9167,
      "bones": {
        "anthena_ball2": {
          "position": [0, 1, 0],
          "rotation": ["-2.4981+math.sin(q.anim_time*90*3*2-90)*1-1*6", -0.08722, "-2.4985+math.sin(q.anim_time*90*5-150)*2-1)+6*(math.sin(q.anim_time*90*5/2-90)*10"],
          "scale": [1, "2-math.sin(q.anim_time*90*5*2-90)*0.02-1", "1.9-math.sin(q.anim_time*90*6*2)*0.02-1"]
        },
        "anthena_ball4": {
          "position": [0, 1, 0],
          "rotation": ["-2.4981+math.sin(q.anim_time*90*3*2-90)*1-1*6", -0.08722, "-2.4985+math.sin(q.anim_time*90*5-150)*2-1)+6*(math.sin(q.anim_time*90*5/2-90)*10"],
          "scale": [1, "2-math.sin(q.anim_time*90*5*2-90)*0.02-1", "1.9-math.sin(q.anim_time*90*6*2)*0.02-1"]
        },
        "arm_left": {
          "position": [1, 0.25, 0.5],
          "rotation": [-11.011, 22.5029, 29.5478]
        },
        "arm_right": {
          "position": [-1, 0.5, 0.25],
          "rotation": [-7.76076, 27.9686, -46.47272]
        },
        "body": {
          "position": [0, 0.25, 0.25],
          "rotation": {
            "0.0": {
              "lerp_mode": "catmullrom",
              "post": [5.9139, 34.0227, 0.2853]
            },
            "0.5": {
              "lerp_mode": "catmullrom",
              "post": [5.53754, 6.41121, 0.03084]
            },
            "1.7083": {
              "lerp_mode": "catmullrom",
              "post": [5.53754, 6.41121, 0.03084]
            },
            "2.9167": {
              "lerp_mode": "catmullrom",
              "post": [5.9139, 34.0227, 0.2853]
            }
          }
        },
        "body_shake": {
          "position": {
            "0.625": [0, 0, 0],
            "1.3333": [0, "-0.2*math.sin(q.anim_time*90*70)", 0],
            "1.7083": [0, 0, 0]
          },
          "rotation": {
            "0.0": [0, 0, 0],
            "0.1667": {
              "lerp_mode": "catmullrom",
              "post": [2.5, 0, 0],
              "pre": [2.5, 0, 0]
            },
            "0.4583": {
              "lerp_mode": "catmullrom",
              "post": [-5, 0, 0]
            },
            "0.7917": {
              "lerp_mode": "catmullrom",
              "post": [9, 0, 0]
            },
            "1.0417": {
              "lerp_mode": "catmullrom",
              "post": [10.09, 0, 0]
            },
            "1.5417": {
              "lerp_mode": "catmullrom",
              "post": [9, 0, 0]
            },
            "2.1667": {
              "lerp_mode": "catmullrom",
              "post": [0.5, 0, 0]
            },
            "2.9167": [0, 0, 0]
          }
        },
        "bone": {
          "rotation": ["0+Math.sin((query.anim_time) * 90 * 2 - 90) * 2", 0, "0+Math.cos((query.anim_time) * 90 * 2 - 90) * 6"]
        },
        "bone2": {
          "rotation": ["0+Math.sin((query.anim_time) * 90 * 2) * 2", 0, "0+Math.cos((query.anim_time) * 90 * 2 - 40) * 4"],
          "scale": {
            "0.0": [1, "2-math.sin(q.anim_time*90*5*2-90)*0.02-1", "1.9-math.sin(q.anim_time*90*6*2)*0.02-1"],
            "0.9167": [1, 1, 1],
            "1.0": ["2+math.cos(q.anim_time*90*4*20+90)*1/2", "2.3+math.cos(q.anim_time*90*4*20)*1", 1],
            "1.5833": ["2+math.cos(q.anim_time*90*4*20+90)*1/2", "2.3+math.cos(q.anim_time*90*4*20)*1", 1],
            "2.5": [1, 1, 1]
          }
        },
        "bone3": {
          "rotation": ["0+Math.sin((query.anim_time) * 90 * 2) * 2", 0, "0+Math.cos((query.anim_time) * 90 * 2 - 40) * -4"],
          "scale": {
            "0.0": [1, "2-math.sin(q.anim_time*90*5*2-90)*0.02-1", "1.9-math.sin(q.anim_time*90*6*2)*0.02-1"],
            "0.9167": [1, 1, 1],
            "1.0": ["2+math.cos(q.anim_time*90*4*20+90)*1/2", "2.3+math.cos(q.anim_time*90*4*20)*1", 1],
            "1.5833": ["2+math.cos(q.anim_time*90*4*20+90)*1/2", "2.3+math.cos(q.anim_time*90*4*20)*1", 1],
            "2.5": [1, 1, 1]
          }
        },
        "bone4": {
          "rotation": ["0+Math.sin((query.anim_time) * 90 * 2 - 90) * 2", 0, "0+Math.cos((query.anim_time) * 90 * 2 - 90) * -6"]
        },
        "bone5": {
          "rotation": ["-2.4981+math.sin(q.anim_time*90*3*2-90)*1-1*6", -0.08722, "-2.4985+math.sin(q.anim_time*90*5-150)*2-1)+6*(math.sin(q.anim_time*90*5/2-90)*10"],
          "scale": [1, "2-math.sin(q.anim_time*90*5*2-90)*0.02-1", "1.9-math.sin(q.anim_time*90*6*2)*0.02-1"]
        },
        "bone6": {
          "rotation": ["2.4981+math.sin(q.anim_time*90*3*2-90)*1-1*6", 0.0872, "2.4985+math.sin(q.anim_time*90*5-150)*2-1)+6*(math.sin(q.anim_time*90*5/2-90)*10"],
          "scale": [1, "2-math.sin(q.anim_time*90*5*2-90)*0.02-1", "1.9-math.sin(q.anim_time*90*6*2)*0.02-1"]
        },
        "fire_effect": {
          "rotation": [0, 0, "78.4046+9*math.sin(q.anim_time*90*2-4)"],
          "scale": [1, "2-math.sin(q.anim_time*90*5*2-90)*0.04-1", "1.9-math.sin(q.anim_time*90*6*2)*0.04-1"]
        },
        "fire_effect2": {
          "rotation": [0, 0, "-44.0954+9*math.sin(q.anim_time*180*2-4)"]
        },
        "fire_effect3": {
          "rotation": [0, 0, "-66.5954+9*math.sin(q.anim_time*90*2-4)"],
          "scale": [1, "2-math.sin(q.anim_time*90*5*2-90)*0.04-1", "1.9-math.sin(q.anim_time*90*6*2)*0.04-1"]
        },
        "fire_effect4": {
          "rotation": [0, 0, "48.4046+9*math.sin(q.anim_time*180*2-4)"]
        },
        "flamefist_alternate": {
          "scale": 1
        },
        "flamefist_alternate2": {
          "scale": 1
        },
        "flamefist_left": {
          "scale": 0.01
        },
        "flamefist_right": {
          "scale": 0.01
        },
        "hand_left_1": {
          "rotation": [-16.30513, 47.3481, -3.9579]
        },
        "hand_left_2": {
          "rotation": [0, 0, 7.5]
        },
        "hand_right_1": {
          "rotation": [-26.00932, -74.4271, 26.44392]
        },
        "hand_right_2": {
          "rotation": [0, 0, -7.5]
        },
        "head": {
          "position": [0.15, 0, -0.2],
          "rotation": {
            "0.0": [-1.6694, -29.1884, 4.45075],
            "0.25": {
              "lerp_mode": "catmullrom",
              "post": [10, 0, 0],
              "pre": [10, 0, 0]
            },
            "0.5": {
              "lerp_mode": "catmullrom",
              "post": [1.85, 0, 0]
            },
            "0.7083": {
              "lerp_mode": "catmullrom",
              "post": [-6.83, 0, 0]
            },
            "1.0": {
              "lerp_mode": "catmullrom",
              "post": [0, 0, 0]
            },
            "1.875": {
              "lerp_mode": "catmullrom",
              "post": [2.5, 0, 0]
            },
            "2.75": [-1.6694, -29.1884, 4.45075]
          }
        },
        "hood_normal": {
          "scale": 0.01
        },
        "hoot_alternate": {
          "scale": 1.01
        },
        "in_3": {
          "rotation": ["-14.0954-1*math.sin(query.anim_time*180-110)*15", -35, -14.09535]
        },
        "in_4": {
          "rotation": ["5.5981-1*math.sin(query.anim_time*180-130)*20", -38.08904, -13.26799]
        },
        "left_leg": {
          "position": [-0.5, -0.9, -1.75],
          "rotation": [-22.5, -17.5, 1]
        },
        "left_leg_2": {
          "rotation": [22.5193, -2.30959, -0.9572]
        },
        "left_shadow_4": {
          "rotation": ["30+math.cos((query.anim_time)*90*2-270)*15", 0, 0],
          "scale": [0.1, 0.1, 0]
        },
        "left_shadow_5": {
          "rotation": ["-math.cos((query.anim_time)*90*2-315)*15", 0, 0]
        },
        "left_shadow_6": {
          "rotation": ["math.cos((query.anim_time)*90*2-350)*25", 0, 0]
        },
        "right_leg": {
          "position": [0.25, -1.1, 1],
          "rotation": [8.7486, 54.7128, 34.40719]
        },
        "right_leg_2": {
          "rotation": [17.3517, 7.04226, -16.68641]
        },
        "right_shadow_4": {
          "rotation": ["20-math.cos((query.anim_time)*90*2-270)*15", 0, 0],
          "scale": [0.1, 0.1, 0]
        },
        "right_shadow_5": {
          "rotation": ["math.cos((query.anim_time)*90*2-315)*15", 0, 0]
        },
        "right_shadow_6": {
          "rotation": ["-math.cos((query.anim_time)*90*2-350)*25", 0, 0]
        },
        "scarf": {
          "rotation": [0, -7.5, 0],
          "scale": 0.01
        }
      },
      "loop": true
    }
  },
  "format_version": "1.8.0"
}