{
  "animations": {
    "animation.zacian.blink": {
      "animation_length": 0.0833,
      "bones": {
        "eye_left_lid": {
          "position": {
            "0.0": [0, -1.52, 0],
            "0.0833": [0, 0, 0]
          }
        },
        "eye_right_lid": {
          "position": {
            "0.0": [0, -1.52, 0],
            "0.0833": [0, 0, 0]
          }
        }
      }
    },
    "animation.zacian.cry": {
      "animation_length": 2.5,
      "bones": {
        "head": {
          "rotation": {
            "0.0": {
              "lerp_mode": "catmullrom",
              "post": [0, 0, 0]
            },
            "0.125": {
              "lerp_mode": "catmullrom",
              "post": [5, 0, 0]
            },
            "0.625": {
              "lerp_mode": "catmullrom",
              "post": [-27.5, 0, 0]
            },
            "2.0": {
              "lerp_mode": "catmullrom",
              "post": [-27.5, 0, 0]
            },
            "2.5": {
              "lerp_mode": "catmullrom",
              "post": [0, 0, 0]
            }
          }
        },
        "mouth": {
          "position": {
            "0.0": {
              "lerp_mode": "catmullrom",
              "post": [0, 0, 0.13]
            },
            "0.25": {
              "lerp_mode": "catmullrom",
              "post": [0, 0, 0]
            },
            "0.375": {
              "lerp_mode": "catmullrom",
              "post": [0, 0.5, 0.75]
            },
            "0.875": {
              "lerp_mode": "catmullrom",
              "post": [0, 0, 0.25]
            },
            "2.25": {
              "lerp_mode": "catmullrom",
              "post": [0, 0, 0.25]
            },
            "2.5": {
              "lerp_mode": "catmullrom",
              "post": [0, 0, 0.13]
            }
          },
          "rotation": {
            "0.0": {
              "lerp_mode": "catmullrom",
              "post": [4.44, 0, 0]
            },
            "0.25": {
              "lerp_mode": "catmullrom",
              "post": [0, 0, 0]
            },
            "0.375": {
              "lerp_mode": "catmullrom",
              "post": [35, 0, 0]
            },
            "0.875": {
              "lerp_mode": "catmullrom",
              "post": [17.5, 0, 0]
            },
            "2.25": {
              "lerp_mode": "catmullrom",
              "post": [17.5, 0, 0]
            },
            "2.5": {
              "lerp_mode": "catmullrom",
              "post": [4.44, 0, 0]
            }
          }
        },
        "neck": {
          "position": {
            "0.8333": {
              "lerp_mode": "catmullrom",
              "post": [0, 0, 0],
              "pre": [0, 0, 0]
            },
            "0.875": {
              "lerp_mode": "catmullrom",
              "post": [0, -0.25, 0]
            },
            "0.9167": {
              "lerp_mode": "catmullrom",
              "post": [0, 0, 0]
            },
            "0.9583": {
              "lerp_mode": "catmullrom",
              "post": [0, -0.25, 0]
            },
            "1.0": {
              "lerp_mode": "catmullrom",
              "post": [0, 0, 0]
            },
            "1.0417": {
              "lerp_mode": "catmullrom",
              "post": [0, -0.25, 0]
            },
            "1.0833": {
              "lerp_mode": "catmullrom",
              "post": [0, 0, 0]
            },
            "1.125": {
              "lerp_mode": "catmullrom",
              "post": [0, -0.25, 0]
            },
            "1.1667": {
              "lerp_mode": "catmullrom",
              "post": [0, 0, 0]
            },
            "1.2083": {
              "lerp_mode": "catmullrom",
              "post": [0, -0.25, 0]
            },
            "1.25": {
              "lerp_mode": "catmullrom",
              "post": [0, 0, 0]
            },
            "1.2917": {
              "lerp_mode": "catmullrom",
              "post": [0, -0.25, 0]
            },
            "1.3333": {
              "lerp_mode": "catmullrom",
              "post": [0, 0, 0]
            },
            "1.375": {
              "lerp_mode": "catmullrom",
              "post": [0, -0.25, 0]
            },
            "1.4167": {
              "lerp_mode": "catmullrom",
              "post": [0, 0, 0]
            },
            "1.4583": {
              "lerp_mode": "catmullrom",
              "post": [0, -0.25, 0]
            },
            "1.5": {
              "lerp_mode": "catmullrom",
              "post": [0, 0, 0]
            },
            "1.5417": {
              "lerp_mode": "catmullrom",
              "post": [0, -0.25, 0]
            },
            "1.5833": {
              "lerp_mode": "catmullrom",
              "post": [0, 0, 0]
            },
            "1.625": {
              "lerp_mode": "catmullrom",
              "post": [0, -0.25, 0]
            },
            "1.6667": {
              "lerp_mode": "catmullrom",
              "post": [0, 0, 0]
            },
            "1.7083": {
              "lerp_mode": "catmullrom",
              "post": [0, -0.25, 0]
            },
            "1.75": {
              "lerp_mode": "catmullrom",
              "post": [0, 0, 0]
            }
          },
          "rotation": {
            "0.0": {
              "lerp_mode": "catmullrom",
              "post": [0, 0, 0]
            },
            "0.125": {
              "lerp_mode": "catmullrom",
              "post": [5, 0, 0]
            },
            "0.625": {
              "lerp_mode": "catmullrom",
              "post": [-12.5, 0, 0]
            },
            "2.0": {
              "lerp_mode": "catmullrom",
              "post": [-12.5, 0, 0]
            },
            "2.5": {
              "lerp_mode": "catmullrom",
              "post": [0, 0, 0]
            }
          }
        },
        "neck1": {
          "position": {
            "0.8333": {
              "lerp_mode": "catmullrom",
              "post": [0, 0, 0],
              "pre": [0, 0, 0]
            },
            "0.875": {
              "lerp_mode": "catmullrom",
              "post": [0, -0.25, 0]
            },
            "0.9167": {
              "lerp_mode": "catmullrom",
              "post": [0, 0, 0]
            },
            "0.9583": {
              "lerp_mode": "catmullrom",
              "post": [0, -0.25, 0]
            },
            "1.0": {
              "lerp_mode": "catmullrom",
              "post": [0, 0, 0]
            },
            "1.0417": {
              "lerp_mode": "catmullrom",
              "post": [0, -0.25, 0]
            },
            "1.0833": {
              "lerp_mode": "catmullrom",
              "post": [0, 0, 0]
            },
            "1.125": {
              "lerp_mode": "catmullrom",
              "post": [0, -0.25, 0]
            },
            "1.1667": {
              "lerp_mode": "catmullrom",
              "post": [0, 0, 0]
            },
            "1.2083": {
              "lerp_mode": "catmullrom",
              "post": [0, -0.25, 0]
            },
            "1.25": {
              "lerp_mode": "catmullrom",
              "post": [0, 0, 0]
            },
            "1.2917": {
              "lerp_mode": "catmullrom",
              "post": [0, -0.25, 0]
            },
            "1.3333": {
              "lerp_mode": "catmullrom",
              "post": [0, 0, 0]
            },
            "1.375": {
              "lerp_mode": "catmullrom",
              "post": [0, -0.25, 0]
            },
            "1.4167": {
              "lerp_mode": "catmullrom",
              "post": [0, 0, 0]
            },
            "1.4583": {
              "lerp_mode": "catmullrom",
              "post": [0, -0.25, 0]
            },
            "1.5": {
              "lerp_mode": "catmullrom",
              "post": [0, 0, 0]
            },
            "1.5417": {
              "lerp_mode": "catmullrom",
              "post": [0, -0.25, 0]
            },
            "1.5833": {
              "lerp_mode": "catmullrom",
              "post": [0, 0, 0]
            },
            "1.625": {
              "lerp_mode": "catmullrom",
              "post": [0, -0.25, 0]
            },
            "1.6667": {
              "lerp_mode": "catmullrom",
              "post": [0, 0, 0]
            },
            "1.7083": {
              "lerp_mode": "catmullrom",
              "post": [0, -0.25, 0]
            },
            "1.75": {
              "lerp_mode": "catmullrom",
              "post": [0, 0, 0]
            }
          },
          "rotation": {
            "0.0": {
              "lerp_mode": "catmullrom",
              "post": [0, 0, 0]
            },
            "0.125": {
              "lerp_mode": "catmullrom",
              "post": [5, 0, 0]
            },
            "0.625": {
              "lerp_mode": "catmullrom",
              "post": [-12.5, 0, 0]
            },
            "2.0": {
              "lerp_mode": "catmullrom",
              "post": [-12.5, 0, 0]
            },
            "2.5": {
              "lerp_mode": "catmullrom",
              "post": [0, 0, 0]
            }
          }
        }
      }
    },
    "animation.zacian.faint": {
      "animation_length": 3.7083,
      "bones": {
        "body": {
          "position": {
            "0.0": [0, 0, 0],
            "0.2083": {
              "lerp_mode": "catmullrom",
              "post": [0, -0.6, 1.85],
              "pre": [0, -0.6, 1.85]
            },
            "0.3333": {
              "lerp_mode": "catmullrom",
              "post": [0, -0.75, 2.25]
            },
            "0.5833": {
              "lerp_mode": "catmullrom",
              "post": [0, -0.75, 2.375]
            },
            "0.8333": {
              "lerp_mode": "catmullrom",
              "post": [0, -0.9, 2.4]
            },
            "0.9583": {
              "lerp_mode": "catmullrom",
              "post": [0, -1.385, 2.41]
            },
            "1.0417": [0, -1.5, 2.425]
          },
          "rotation": {
            "0.0": [0, 0, 0],
            "0.2083": [0, 10, 0],
            "0.3333": [0, 11, 0],
            "0.5833": [0, 11.5, 0],
            "1.0417": [0, 11.5, 0],
            "1.2083": {
              "lerp_mode": "catmullrom",
              "post": [0, 12.63, 0],
              "pre": [0, 12.63, 0]
            }
          }
        },
        "bone": {
          "rotation": {
            "0.0": [0, 0, 0],
            "0.75": [-2.56, 3.87333, 12.42667],
            "2.3333": [-2.88794, 3.63556, 7.42157]
          }
        },
        "bone10": {
          "rotation": {
            "0.0": {
              "lerp_mode": "catmullrom",
              "post": [-30, 0, 15]
            },
            "0.7917": {
              "lerp_mode": "catmullrom",
              "post": [-29.09716, 7.7602, 28.64205]
            },
            "1.5": {
              "lerp_mode": "catmullrom",
              "post": [-30, 0, 15]
            },
            "1.7083": {
              "lerp_mode": "catmullrom",
              "post": [-29.62165, -4.98093, 6.3178]
            },
            "1.9583": {
              "lerp_mode": "catmullrom",
              "post": [-13.33277, -8.21728, -9.72576]
            }
          }
        },
        "bone11": {
          "rotation": {
            "0.0": {
              "lerp_mode": "catmullrom",
              "post": [-20.57639, 9.30727, 23.30696]
            },
            "0.7917": {
              "lerp_mode": "catmullrom",
              "post": [-18.90213, 12.48242, 32.25467]
            },
            "1.5": {
              "lerp_mode": "catmullrom",
              "post": [-20.58, 9.31, 23.31]
            },
            "1.7083": {
              "lerp_mode": "catmullrom",
              "post": [-18.74541, 12.68285, 32.90206]
            },
            "1.9583": {
              "lerp_mode": "catmullrom",
              "post": [27.97777, 4.75308, 11.57847]
            }
          }
        },
        "bone12": {
          "rotation": {
            "0.0": {
              "lerp_mode": "catmullrom",
              "post": [0, 0, 7.5]
            },
            "1.5": {
              "lerp_mode": "catmullrom",
              "post": [0, 0, 7.5]
            },
            "1.7083": {
              "lerp_mode": "catmullrom",
              "post": [0, 0, 22.5]
            },
            "1.9583": {
              "lerp_mode": "catmullrom",
              "post": [7.5, 0, 22.5]
            }
          }
        },
        "bone13": {
          "rotation": {
            "0.0": {
              "lerp_mode": "catmullrom",
              "post": [-15, 0, 0]
            },
            "1.5": {
              "lerp_mode": "catmullrom",
              "post": [-15, 0, 0]
            },
            "1.9583": {
              "lerp_mode": "catmullrom",
              "post": [17.5, 0, 0]
            }
          }
        },
        "bone14": {
          "rotation": {
            "0.0": {
              "lerp_mode": "catmullrom",
              "post": [-45, 0, 0]
            },
            "0.7917": {
              "lerp_mode": "catmullrom",
              "post": [-35, 0, 0]
            },
            "1.4583": {
              "lerp_mode": "catmullrom",
              "post": [-5.24058, 19.22675, 22.80639]
            },
            "1.625": {
              "lerp_mode": "catmullrom",
              "post": [-0.05661, 28.22477, -0.52428]
            },
            "1.7917": {
              "lerp_mode": "catmullrom",
              "post": [2.5, -1.55, 0]
            },
            "1.875": {
              "lerp_mode": "catmullrom",
              "post": [2.5, -19.05, 0]
            },
            "2.0417": {
              "lerp_mode": "catmullrom",
              "post": [2.3462, -6.06325, 0.6505]
            }
          }
        },
        "bone15": {
          "rotation": {
            "0.0": {
              "lerp_mode": "catmullrom",
              "post": [-17.5, 0, 0]
            },
            "0.7917": {
              "lerp_mode": "catmullrom",
              "post": [7.5, 0, 0]
            },
            "1.4583": {
              "lerp_mode": "catmullrom",
              "post": [-5.24058, 19.22675, 22.80639]
            },
            "1.625": {
              "lerp_mode": "catmullrom",
              "post": [-0.05182, 15.72478, -0.51155]
            },
            "1.7917": {
              "lerp_mode": "catmullrom",
              "post": [2.59899, 15.93295, 0.78157]
            },
            "1.875": {
              "lerp_mode": "catmullrom",
              "post": [2.4573, 15.91925, 1.49082]
            },
            "2.0417": {
              "lerp_mode": "catmullrom",
              "post": [2.5, -21.05, 0]
            }
          }
        },
        "bone16": {
          "rotation": {
            "0.0": {
              "lerp_mode": "catmullrom",
              "post": [30, 0, 0]
            },
            "1.4583": {
              "lerp_mode": "catmullrom",
              "post": [-5.24058, 19.22675, 22.80639]
            },
            "1.625": {
              "lerp_mode": "catmullrom",
              "post": [-0.05182, 15.72478, -0.51155]
            },
            "1.7917": {
              "lerp_mode": "catmullrom",
              "post": [2.59899, 15.93295, 0.78157]
            },
            "1.875": {
              "lerp_mode": "catmullrom",
              "post": [2.62724, 25.90947, 1.96507]
            },
            "2.0417": {
              "lerp_mode": "catmullrom",
              "post": [2.99813, 38.89335, 2.78194]
            }
          }
        },
        "bone17": {
          "rotation": {
            "0.0": {
              "lerp_mode": "catmullrom",
              "post": [-17.5, 0, 0]
            },
            "1.4583": {
              "lerp_mode": "catmullrom",
              "post": [-5.24058, 19.22675, 22.80639]
            },
            "1.625": {
              "lerp_mode": "catmullrom",
              "post": [-0.05182, 15.72478, -0.51155]
            },
            "1.7917": {
              "lerp_mode": "catmullrom",
              "post": [2.59899, 15.93295, 0.78157]
            },
            "1.875": {
              "lerp_mode": "catmullrom",
              "post": [2.42939, 13.42152, 1.38066]
            },
            "2.0417": {
              "lerp_mode": "catmullrom",
              "post": [2.54513, -23.54758, -0.11892]
            }
          }
        },
        "bone18": {
          "rotation": {
            "0.0": [0, 0, 0],
            "2.0417": [0, 22.5, 0]
          }
        },
        "bone2": {
          "rotation": {
            "0.0": {
              "lerp_mode": "catmullrom",
              "post": [0, 0, 0]
            },
            "0.7917": {
              "lerp_mode": "catmullrom",
              "post": [-30.00104, 3.30946, 5.77542]
            },
            "1.5": {
              "lerp_mode": "catmullrom",
              "post": [-30, 0, 0]
            },
            "1.9583": {
              "lerp_mode": "catmullrom",
              "post": [-27.62113, -12.19908, -21.99054]
            }
          }
        },
        "bone4": {
          "rotation": {
            "0.0": [0, 0, 0],
            "0.75": [-10, 0, 0]
          }
        },
        "bone5": {
          "rotation": {
            "0.0": [0, 0, 0],
            "0.2917": [6.79, 0, -8.57],
            "0.4167": [7.5, 0, -15],
            "0.5833": [9.5, 0, -15],
            "0.8333": [33.27351, -0.3623, -22.17587],
            "1.0417": [36.71144, -3.50007, -17.96473],
            "1.5833": [12.71144, -3.50007, -17.96473]
          }
        },
        "bone6": {
          "rotation": {
            "0.0": {
              "lerp_mode": "catmullrom",
              "post": [-14.98637, 0.64686, 2.41492]
            },
            "1.5": {
              "lerp_mode": "catmullrom",
              "post": [-14.99, 0.65, 2.41]
            }
          }
        },
        "bone7": {
          "rotation": {
            "0.0": {
              "lerp_mode": "catmullrom",
              "post": [2.55452, 1.29256, 4.83045]
            },
            "1.5": {
              "lerp_mode": "catmullrom",
              "post": [2.55, 1.29, 4.83]
            }
          }
        },
        "bone8": {
          "rotation": {
            "0.0": {
              "lerp_mode": "catmullrom",
              "post": [0, 0, 0]
            },
            "0.2917": {
              "lerp_mode": "catmullrom",
              "post": [12.5, 0, 7.53379]
            },
            "0.7917": {
              "lerp_mode": "catmullrom",
              "post": [42.79487, -18.88952, 4.79459]
            },
            "1.7083": {
              "lerp_mode": "catmullrom",
              "post": [0, 0, 15]
            },
            "1.9583": {
              "lerp_mode": "catmullrom",
              "post": [67.5, 0, -22.5]
            },
            "2.3333": {
              "lerp_mode": "catmullrom",
              "post": [57.5, 0, -22.5]
            }
          }
        },
        "bone9": {
          "rotation": {
            "0.0": {
              "lerp_mode": "catmullrom",
              "post": [-26.06663, 9.08661, 17.89244]
            },
            "0.7917": {
              "lerp_mode": "catmullrom",
              "post": [-23.2835, 15.1162, 31.20507]
            },
            "1.5": {
              "lerp_mode": "catmullrom",
              "post": [-26.07, 9.09, 17.89]
            },
            "1.7083": {
              "lerp_mode": "catmullrom",
              "post": [-24.26982, 13.35243, 27.11515]
            }
          }
        },
        "chest": {
          "position": [0, 0, 0],
          "rotation": {
            "0.0": [0, 0, 0],
            "0.2917": [-11.5, -18.25, 5.75],
            "0.4167": [-15.75, -22.5, 6.5],
            "0.5": [-17.5, -23.5, 6.75],
            "0.5833": [-17.12, -23.5, 6.75],
            "0.7917": [-12.75, -25.25, 6.75],
            "0.9167": [-14.37, -32.625, 6.75],
            "1.0": [-16.725, -35.8, 6.75],
            "1.125": [-28.725, -36, 6.75],
            "2.2917": [-16.22974, -21.68175, 1.62012]
          }
        },
        "eye_left_lid": {
          "position": {
            "0.0": [0, 0, 0],
            "1.2917": [0, -0.31, 0],
            "1.75": [0, -1.44, 0]
          }
        },
        "eye_right_lid": {
          "position": {
            "0.0": [0, 0, 0],
            "1.2917": [0, -0.3, 0],
            "1.75": [0, -1.44, 0]
          }
        },
        "leg_b_left": {
          "rotation": {
            "0.0": [0, 0, 0],
            "0.125": [22.78, 0, -3.47],
            "0.2083": [8.33, 0, -10.42],
            "0.375": [10, 0, -12.5],
            "0.8333": [10, 0, -12.5],
            "1.0": [18.75, 0, -12.5],
            "1.125": [17.5, 0, -12.5],
            "1.5833": [17.5, 0, -12.5],
            "1.75": [-11.225, 5, -25],
            "1.8333": [-11.225, 5, -20.5],
            "2.0": {
              "lerp_mode": "catmullrom",
              "post": [0, 5, 11.1],
              "pre": [0, 5, 11.1]
            },
            "2.125": {
              "lerp_mode": "catmullrom",
              "post": [0, 5, 7.1]
            },
            "2.25": [0, 5, 6.165],
            "2.4167": [0.86805, -2.57529, 15.4237]
          }
        },
        "leg_b_right": {
          "rotation": {
            "0.0": [0, 0, 0],
            "0.125": [22.78, 0, 3.47],
            "0.2083": [8.33, 0, 10.42],
            "0.375": [10, 0, 12.5],
            "0.8333": [10, 0, 12.5],
            "1.0": [19, 0, 12.5],
            "1.125": [20, 0, 12.5],
            "1.5417": [15, -5, 2.5],
            "1.6667": [19.98585, -7.6838, -26.27367],
            "1.8333": [28.45094, -9.13222, -5.9593],
            "1.9167": {
              "lerp_mode": "catmullrom",
              "post": [25, 0.6, 0],
              "pre": [25, 0.6, 0]
            },
            "2.0": {
              "lerp_mode": "catmullrom",
              "post": [30, 1.5, -0.4]
            },
            "2.1667": [37.5, -5, -3.5]
          }
        },
        "leg_f_left3": {
          "position": [-1.57, 0, 0],
          "rotation": {
            "0.0": [0, 0, 0],
            "0.1667": [28.4, 13.5, 7.5],
            "0.2917": [21.42601, 8.85095, 13.12365],
            "0.4167": [24.41752, 6.23029, 14.10803],
            "0.5833": [24.52131, 8.05069, 13.94288],
            "1.0417": [45.23972, 3.52392, 15.80518],
            "1.25": [45.20038, 2.81952, 15.09428],
            "1.5833": [48.87168, -8.51206, 14.61211],
            "1.75": [11.15608, 0.49255, -9.31349],
            "1.8333": [-53.5, 12.5, -17.5],
            "1.9583": {
              "lerp_mode": "catmullrom",
              "post": [-62.75798, 13.13553, -9.58064],
              "pre": [-62.75798, 13.13553, -9.58064]
            },
            "2.0833": {
              "lerp_mode": "catmullrom",
              "post": [-62.39014, 15.87495, -10.60423]
            },
            "2.2917": [-61.58903, 15.25509, -10.59081]
          }
        },
        "leg_f_left5": {
          "rotation": {
            "0.0": [0, 0, 0],
            "0.1667": [-62.14, 0, 0],
            "0.2917": [-39.29, 0, 0],
            "0.4167": [-42.5, 0, 0],
            "0.5833": [-44.5, 0, 0],
            "0.8333": {
              "lerp_mode": "catmullrom",
              "post": [-85.93, 0, 0],
              "pre": [-85.93, 0, 0]
            },
            "0.9583": {
              "lerp_mode": "catmullrom",
              "post": [-79.46, 0, 0]
            },
            "1.0417": [-79.29778, 7.36036, 3.14317],
            "1.75": [-57.5, 0, 0],
            "1.875": {
              "lerp_mode": "catmullrom",
              "post": [-57.5, -25, 0],
              "pre": [-57.5, -25, 0]
            },
            "2.0417": {
              "lerp_mode": "catmullrom",
              "post": [-60.42828, 7.59627, 0.25285]
            },
            "2.2083": [-59.25, 0, 0]
          }
        },
        "leg_f_right": {
          "position": [1.72, 0, 0],
          "rotation": {
            "0.0": [0, 0, 0],
            "0.1667": [28.4, 0, -7.5],
            "0.2917": [21.79, 0, -15],
            "0.4167": [25, 0, -17.5],
            "0.5833": [25, 0, -16.5],
            "0.9167": [24.14, 19.94, -13.07],
            "1.0417": [24, 23.875, -12.5],
            "1.1667": [24, 25.3, -12.5],
            "1.5": [31.75, 0, 0],
            "1.6667": [24.25, -12.5, -17.5],
            "1.7917": [-1.75052, -35.01306, -18.54372],
            "1.9167": [-38.5, 12.5, -17.5],
            "2.0417": {
              "lerp_mode": "catmullrom",
              "post": [-20.00195, 13.89908, 10.48023],
              "pre": [-20.00195, 13.89908, 10.48023]
            },
            "2.2083": {
              "lerp_mode": "catmullrom",
              "post": [-15.24807, 13.53868, 0.53542]
            },
            "2.375": [-11.88562, 25.47494, 1.5242]
          }
        },
        "leg_f_right1": {
          "position": {
            "0.0": [0, 0, 0],
            "1.5": [0, 0, 0],
            "1.9167": [-1.18, 0, 0],
            "2.2083": [-1.59, 0, -0.25],
            "2.375": [-1.47, 0, -0.39]
          },
          "rotation": {
            "0.0": [0, 0, 0],
            "1.5": [0, 0, 0],
            "1.9167": [-9.54524, 4.8613, 28.55029],
            "2.0417": {
              "lerp_mode": "catmullrom",
              "post": [-7.55677, 12.45463, 12.49777],
              "pre": [-7.55677, 12.45463, 12.49777]
            },
            "2.2083": {
              "lerp_mode": "catmullrom",
              "post": [-11.18287, -11.70678, 27.98876]
            },
            "2.375": {
              "lerp_mode": "catmullrom",
              "post": [-10.80561, -6.20335, 25.56823]
            }
          }
        },
        "leg_f_right2": {
          "rotation": {
            "0.0": [0, 0, 0],
            "0.1667": [-62.14, 0, 0],
            "0.2917": [-39.29, 0, 0],
            "0.4167": [-42.5, 0, 0],
            "0.5833": [-44.5, 0, 0],
            "0.8333": {
              "lerp_mode": "catmullrom",
              "post": [-85.93, 0, 0],
              "pre": [-85.93, 0, 0]
            },
            "0.9583": {
              "lerp_mode": "catmullrom",
              "post": [-70.72, 0, 4]
            },
            "1.0417": [-68, 0, 8],
            "1.9167": [-12.5, 0, -7.5],
            "2.0417": {
              "lerp_mode": "catmullrom",
              "post": [-32.5, -25, 0],
              "pre": [-32.5, -25, 0]
            },
            "2.2083": {
              "lerp_mode": "catmullrom",
              "post": [-24.79128, 17.753, 7.40761]
            },
            "2.375": [-20.89632, 3.89526, 24.71397]
          }
        },
        "leg_left2": {
          "rotation": {
            "0.0": [0, 0, 0],
            "0.125": [-33.47, 0, 0],
            "0.2083": [-10.42, 0, 0],
            "0.375": [-12.5, 0, 0],
            "0.8333": [-12.5, 0, 0],
            "1.0": [-23.75, 0, 0],
            "1.125": [-20, 0, 0],
            "1.5833": [-5, -25, -17.5],
            "1.7083": [-2.5, -17.86, -17.5],
            "1.875": [-20.99611, 3.67211, 15.39653],
            "2.0": [-30.47243, 10.36012, 11.41794]
          }
        },
        "leg_left3": {
          "rotation": {
            "0.0": [0, 0, 0],
            "0.2083": [2.08, 0, 12.5],
            "0.375": [2.5, 0, 15],
            "1.125": [2.5, 0, 15]
          }
        },
        "leg_right2": {
          "rotation": {
            "0.0": [0, 0, 0],
            "0.125": [-33.47, 0, 0],
            "0.2083": [-10.42, 0, 0],
            "0.375": [-12.5, 0, 0],
            "0.8333": [-12.5, 0, 0],
            "1.0": [-21.75, 0, 0],
            "1.125": [-25, 0, 0]
          }
        },
        "leg_right3": {
          "rotation": {
            "0.0": [0, 0, 0],
            "0.2083": [2.08, 0, -12.5],
            "0.375": [2.5, 0, -15],
            "1.125": [2.5, 0, -15]
          }
        },
        "neck": {
          "position": {
            "0.9583": {
              "lerp_mode": "catmullrom",
              "post": [0, 0, 0],
              "pre": [0, 0, 0]
            }
          },
          "rotation": {
            "0.9583": {
              "lerp_mode": "catmullrom",
              "post": [0, 0, 0],
              "pre": [0, 0, 0]
            },
            "1.75": [0, -12.5, 0],
            "2.0833": [0, 17.5, 0]
          }
        },
        "tail": {
          "rotation": {
            "0.0": {
              "lerp_mode": "catmullrom",
              "post": [32.5, 0, 0]
            },
            "1.4583": {
              "lerp_mode": "catmullrom",
              "post": [-5.24058, 19.22675, 22.80639]
            },
            "1.625": {
              "lerp_mode": "catmullrom",
              "post": [-0.05182, 15.72478, -0.51155]
            },
            "1.7917": {
              "lerp_mode": "catmullrom",
              "post": [2.50534, -4.04762, -0.10929]
            },
            "1.875": {
              "lerp_mode": "catmullrom",
              "post": [2.5, -19.05, 0]
            },
            "2.0417": {
              "lerp_mode": "catmullrom",
              "post": [2.5, -21.05, 0]
            }
          }
        },
        "tail2": {
          "rotation": {
            "0.0": {
              "lerp_mode": "catmullrom",
              "post": [-52.5, 0, 0]
            },
            "0.7917": {
              "lerp_mode": "catmullrom",
              "post": [-35, 0, 0]
            },
            "1.625": {
              "lerp_mode": "catmullrom",
              "post": [-25.76926, -13.56626, 6.46066]
            },
            "1.75": {
              "lerp_mode": "catmullrom",
              "post": [-26.39218, 18.05776, -8.74472]
            },
            "2.0417": {
              "lerp_mode": "catmullrom",
              "post": [-25.18908, 6.79382, -3.18458]
            }
          }
        },
        "torso": {
          "rotation": {
            "0.0": [0, 0, 0],
            "0.1667": [11.25, 0, 0],
            "0.2917": [16, 0, 0],
            "0.4167": [17.5, 0, 0],
            "0.625": [18, 0, 0],
            "0.8333": {
              "lerp_mode": "catmullrom",
              "post": [25.7, 0, 0],
              "pre": [25.7, 0, 0]
            },
            "1.0": {
              "lerp_mode": "catmullrom",
              "post": [24.75, 0, 0]
            },
            "1.2083": [30.5, 0, 0]
          }
        },
        "zacian": {
          "position": {
            "1.1667": [0, 0, 0],
            "1.25": {
              "lerp_mode": "catmullrom",
              "post": [0, 1.25, 0],
              "pre": [0, 1.25, 0]
            },
            "1.3333": {
              "lerp_mode": "catmullrom",
              "post": [0, -0.5, 0]
            },
            "1.4583": {
              "lerp_mode": "catmullrom",
              "post": [0, 1.25, 0]
            },
            "1.5833": {
              "lerp_mode": "catmullrom",
              "post": [0, 0.25, 0]
            },
            "1.7083": [0, 0, 0]
          },
          "rotation": {
            "1.4583": [0, 0, 0],
            "1.625": {
              "lerp_mode": "catmullrom",
              "post": [0, 0, -4],
              "pre": [0, 0, -4]
            },
            "1.75": {
              "lerp_mode": "catmullrom",
              "post": [0, 0, -18.5]
            },
            "1.8333": {
              "lerp_mode": "catmullrom",
              "post": [0, 0, -60.5]
            },
            "1.9167": {
              "lerp_mode": "catmullrom",
              "post": [0, 0, -85]
            },
            "2.0417": {
              "lerp_mode": "catmullrom",
              "post": [0, 0, -84.86]
            },
            "2.2083": [0, 0, -82.5]
          }
        },
        "zamazenta": {
          "position": {
            "1.1667": [0, 0, 0],
            "1.25": {
              "lerp_mode": "catmullrom",
              "post": [0, 1.25, 0],
              "pre": [0, 1.25, 0]
            },
            "1.3333": {
              "lerp_mode": "catmullrom",
              "post": [0, -0.5, 0]
            },
            "1.4583": {
              "lerp_mode": "catmullrom",
              "post": [0, 1.25, 0]
            },
            "1.5833": {
              "lerp_mode": "catmullrom",
              "post": [0, 0.25, 0]
            },
            "1.7083": [0, 0, 0]
          },
          "rotation": {
            "1.4583": [0, 0, 0],
            "1.625": {
              "lerp_mode": "catmullrom",
              "post": [0, 0, -4],
              "pre": [0, 0, -4]
            },
            "1.75": {
              "lerp_mode": "catmullrom",
              "post": [0, 0, -18.5]
            },
            "1.8333": {
              "lerp_mode": "catmullrom",
              "post": [0, 0, -60.5]
            },
            "1.9167": {
              "lerp_mode": "catmullrom",
              "post": [0, 0, -85]
            },
            "2.0417": {
              "lerp_mode": "catmullrom",
              "post": [0, 0, -84.86]
            },
            "2.2083": [0, 0, -82.5]
          }
        }
      },
      "loop": "hold_on_last_frame"
    },
    "animation.zamazenta.battle_idle": {
      "bones": {
        "body": {
          "position": [0, "-0.25+Math.cos((query.anim_time) * 90 * 2) * 0.2", "0+Math.cos((query.anim_time) * 90 * 2) * 0.2"]
        },
        "bone": {
          "position": [0, "0.52-Math.cos((query.anim_time)*90*2+30)*0.1", "0.49-Math.cos((query.anim_time)*90*2+30)*0.1"],
          "rotation": ["45.3445+Math.cos((query.anim_time) * 90 * 2-90) * 0.7", -5.76252, 5.52749]
        },
        "bone10": {
          "rotation": ["-30+Math.cos((query.anim_time) * 90 * 1 - 90) *4 ", "Math.cos((query.anim_time) * 90 * 1 - 60) * -10", "15+Math.cos((query.anim_time) * 90 * 2 - 45) * 4"]
        },
        "bone11": {
          "rotation": [-32.28388, 12.00829, 27.58896]
        },
        "bone12": {
          "rotation": [0, 0, 7.5]
        },
        "bone13": {
          "rotation": [-15, 0, 0]
        },
        "bone14": {
          "rotation": [-37.5, "Math.cos((query.anim_time) * 90 * 3 - 60) * -10", 0]
        },
        "bone15": {
          "rotation": [-25, 0, 0]
        },
        "bone16": {
          "rotation": [0, "Math.cos((query.anim_time) * 90 * 2 - 90) * -20", 0]
        },
        "bone17": {
          "rotation": [2.5, "Math.cos((query.anim_time) * 90 * 2 - 90) * -10", 0]
        },
        "bone5": {
          "position": [0, "1.4-Math.cos((query.anim_time)*90*2+30)*0.1", "-Math.cos((query.anim_time)*90*2+30)*0.5"],
          "rotation": ["30.5443+Math.cos((query.anim_time) * 90 * 2-90) * 0.7", 4.4486, -11.6934]
        },
        "bone6": {
          "rotation": [-14.98637, 0.64686, 2.41492]
        },
        "bone7": {
          "rotation": [2.55452, 1.29256, 4.83045]
        },
        "bone8": {
          "rotation": ["10.9299+Math.cos((query.anim_time) * 90 * 1 - 90) *4 ", "Math.cos((query.anim_time) * 90 * 1 - 60) * -7.7251", "10.1736+Math.cos((query.anim_time) * 90 * 2 - 45) * 4"]
        },
        "bone9": {
          "rotation": [-25.25766, 11.2531, 22.47096]
        },
        "chest": {
          "rotation": [-2.5, 0, 0]
        },
        "eye_left_lid": {
          "position": [0, 0, 0]
        },
        "head": {
          "rotation": ["Math.cos((query.anim_time) * 90 * 2 - 90) * -1", 0, 0]
        },
        "leg_b_left": {
          "position": [0, -2.14, -0.07],
          "rotation": ["11.5943+Math.cos((query.anim_time) * 90 * 2) * -4", -0.64439, -19.98173]
        },
        "leg_b_right": {
          "position": [0, -0.51, 0],
          "rotation": ["-18.5+Math.cos((query.anim_time) * 90 * 2) * -4", 0, 4.9953]
        },
        "leg_f_left3": {
          "position": [0, "0+Math.cos((query.anim_time) * 90 * 2 - 90) * -0.2", "0+Math.cos((query.anim_time) * 90 * 2 - 45) * 0.2"],
          "rotation": [-41.8161, 8.4082, 24.2829]
        },
        "leg_f_left4": {
          "position": [0.23, "0+Math.cos((query.anim_time) * 90 * 2 - 90) * -0.2", "0+Math.cos((query.anim_time) * 90 * 2 - 45) * 0.2"],
          "rotation": [0, 0, -7.5]
        },
        "leg_f_left5": {
          "rotation": [0, 0, -7.5]
        },
        "leg_f_right": {
          "position": [0, "0+Math.cos((query.anim_time) * 90 * 2 - 90) * -0.2", "0+Math.cos((query.anim_time) * 90 * 2 - 45) * 0.2"],
          "rotation": [17.41461, -9.93752, -19.4607]
        },
        "leg_f_right1": {
          "position": [-0.23, "0+Math.cos((query.anim_time) * 90 * 2 - 90) * -0.2", "0+Math.cos((query.anim_time) * 90 * 2 - 45) * 0.2"],
          "rotation": [-22.5, 0, 7.5]
        },
        "leg_f_right2": {
          "rotation": [-47.40109, -2.68407, 3.27995]
        },
        "leg_left2": {
          "rotation": ["-17.3429+Math.cos((query.anim_time-50) * 90 * 2) * 6", 1.98623, 14.79345]
        },
        "leg_left3": {
          "position": [0, "Math.cos((query.anim_time)*90*2)*0.3", "-Math.cos((query.anim_time)*90*2)*-0.3"],
          "rotation": ["7.9953+Math.cos((query.anim_time) * 90 * 2) * -2", -0.21782, 2.4905]
        },
        "leg_right2": {
          "position": [0, -0.63, 0],
          "rotation": ["-7.5+Math.cos((query.anim_time-50) * 90 * 2) * 6", 0, -4.9907]
        },
        "leg_right3": {
          "position": [0, "0.74-Math.cos((query.anim_time)*90*2)*-0.3", "0-Math.cos((query.anim_time)*90*2)*-0.3"],
          "rotation": ["28+Math.cos((query.anim_time) * 90 * 2) * -3", 0, 0]
        },
        "neck1": {
          "rotation": ["-5+Math.cos((query.anim_time) * 90 * 2 - 90) * 2", 0, 0]
        },
        "tail": {
          "rotation": [32.5, 0, 0]
        },
        "tail2": {
          "rotation": ["-30+Math.cos((query.anim_time) * 90 * 1 - 90) *4 ", "0.52-Math.cos((query.anim_time)*90*3+30)*0.9", "Math.cos((query.anim_time) * 90 * 2 - 45) * 4"]
        },
        "torso": {
          "rotation": ["15+Math.cos((query.anim_time) * 90 * 2 - 90) * -1", 0, 0]
        }
      },
      "loop": true
    },
    "animation.zamazenta.blink": {
      "animation_length": 0.0833,
      "bones": {
        "eye_left_lid": {
          "position": {
            "0.0": [0, -1.52, 0],
            "0.0833": [0, 0, 0]
          }
        },
        "eye_right_lid": {
          "position": {
            "0.0": [0, -1.52, 0],
            "0.0833": [0, 0, 0]
          }
        }
      }
    },
    "animation.zamazenta.cry": {
      "animation_length": 2.5,
      "bones": {
        "head": {
          "rotation": {
            "0.0": {
              "lerp_mode": "catmullrom",
              "post": [0, 0, 0]
            },
            "0.125": {
              "lerp_mode": "catmullrom",
              "post": [5, 0, 0]
            },
            "0.625": {
              "lerp_mode": "catmullrom",
              "post": [-27.5, 0, 0]
            },
            "2.0": {
              "lerp_mode": "catmullrom",
              "post": [-27.5, 0, 0]
            },
            "2.5": {
              "lerp_mode": "catmullrom",
              "post": [0, 0, 0]
            }
          }
        },
        "mouth": {
          "position": {
            "0.0": {
              "lerp_mode": "catmullrom",
              "post": [0, 0, 0.13]
            },
            "0.25": {
              "lerp_mode": "catmullrom",
              "post": [0, 0, 0]
            },
            "0.375": {
              "lerp_mode": "catmullrom",
              "post": [0, 0.5, 0.75]
            },
            "0.875": {
              "lerp_mode": "catmullrom",
              "post": [0, 0, 0.25]
            },
            "2.25": {
              "lerp_mode": "catmullrom",
              "post": [0, 0, 0.25]
            },
            "2.5": {
              "lerp_mode": "catmullrom",
              "post": [0, 0, 0.13]
            }
          },
          "rotation": {
            "0.0": {
              "lerp_mode": "catmullrom",
              "post": [4.44, 0, 0]
            },
            "0.25": {
              "lerp_mode": "catmullrom",
              "post": [0, 0, 0]
            },
            "0.375": {
              "lerp_mode": "catmullrom",
              "post": [35, 0, 0]
            },
            "0.875": {
              "lerp_mode": "catmullrom",
              "post": [17.5, 0, 0]
            },
            "2.25": {
              "lerp_mode": "catmullrom",
              "post": [17.5, 0, 0]
            },
            "2.5": {
              "lerp_mode": "catmullrom",
              "post": [4.44, 0, 0]
            }
          }
        },
        "neck1": {
          "position": {
            "0.8333": {
              "lerp_mode": "catmullrom",
              "post": [0, 0, 0],
              "pre": [0, 0, 0]
            },
            "0.875": {
              "lerp_mode": "catmullrom",
              "post": [0, -0.25, 0]
            },
            "0.9167": {
              "lerp_mode": "catmullrom",
              "post": [0, 0, 0]
            },
            "0.9583": {
              "lerp_mode": "catmullrom",
              "post": [0, -0.25, 0]
            },
            "1.0": {
              "lerp_mode": "catmullrom",
              "post": [0, 0, 0]
            },
            "1.0417": {
              "lerp_mode": "catmullrom",
              "post": [0, -0.25, 0]
            },
            "1.0833": {
              "lerp_mode": "catmullrom",
              "post": [0, 0, 0]
            },
            "1.125": {
              "lerp_mode": "catmullrom",
              "post": [0, -0.25, 0]
            },
            "1.1667": {
              "lerp_mode": "catmullrom",
              "post": [0, 0, 0]
            },
            "1.2083": {
              "lerp_mode": "catmullrom",
              "post": [0, -0.25, 0]
            },
            "1.25": {
              "lerp_mode": "catmullrom",
              "post": [0, 0, 0]
            },
            "1.2917": {
              "lerp_mode": "catmullrom",
              "post": [0, -0.25, 0]
            },
            "1.3333": {
              "lerp_mode": "catmullrom",
              "post": [0, 0, 0]
            },
            "1.375": {
              "lerp_mode": "catmullrom",
              "post": [0, -0.25, 0]
            },
            "1.4167": {
              "lerp_mode": "catmullrom",
              "post": [0, 0, 0]
            },
            "1.4583": {
              "lerp_mode": "catmullrom",
              "post": [0, -0.25, 0]
            },
            "1.5": {
              "lerp_mode": "catmullrom",
              "post": [0, 0, 0]
            },
            "1.5417": {
              "lerp_mode": "catmullrom",
              "post": [0, -0.25, 0]
            },
            "1.5833": {
              "lerp_mode": "catmullrom",
              "post": [0, 0, 0]
            },
            "1.625": {
              "lerp_mode": "catmullrom",
              "post": [0, -0.25, 0]
            },
            "1.6667": {
              "lerp_mode": "catmullrom",
              "post": [0, 0, 0]
            },
            "1.7083": {
              "lerp_mode": "catmullrom",
              "post": [0, -0.25, 0]
            },
            "1.75": {
              "lerp_mode": "catmullrom",
              "post": [0, 0, 0]
            }
          },
          "rotation": {
            "0.0": {
              "lerp_mode": "catmullrom",
              "post": [0, 0, 0]
            },
            "0.125": {
              "lerp_mode": "catmullrom",
              "post": [5, 0, 0]
            },
            "0.625": {
              "lerp_mode": "catmullrom",
              "post": [-12.5, 0, 0]
            },
            "2.0": {
              "lerp_mode": "catmullrom",
              "post": [-12.5, 0, 0]
            },
            "2.5": {
              "lerp_mode": "catmullrom",
              "post": [0, 0, 0]
            }
          }
        }
      }
    },
    "animation.zamazenta.faint": {
      "animation_length": 3.7083,
      "bones": {
        "body": {
          "position": {
            "0.0": [0, 0, 0],
            "0.2083": {
              "lerp_mode": "catmullrom",
              "post": [0, -0.6, 1.85],
              "pre": [0, -0.6, 1.85]
            },
            "0.3333": {
              "lerp_mode": "catmullrom",
              "post": [0, -0.75, 2.25]
            },
            "0.5833": {
              "lerp_mode": "catmullrom",
              "post": [0, -0.75, 2.375]
            },
            "0.8333": {
              "lerp_mode": "catmullrom",
              "post": [0, -0.9, 2.4]
            },
            "0.9583": {
              "lerp_mode": "catmullrom",
              "post": [0, -1.385, 2.41]
            },
            "1.0417": [0, -1.5, 2.425],
            "1.2917": [0, 0, 0],
            "1.375": {
              "lerp_mode": "catmullrom",
              "post": [0, 1.25, 0],
              "pre": [0, 1.25, 0]
            },
            "1.4583": {
              "lerp_mode": "catmullrom",
              "post": [0, -0.5, 0]
            },
            "1.5833": {
              "lerp_mode": "catmullrom",
              "post": [0, 1.25, 0]
            },
            "1.7083": {
              "lerp_mode": "catmullrom",
              "post": [0, 0.25, 0]
            },
            "1.8333": [0, 0, 0]
          },
          "rotation": {
            "0.0": [0, 0, 0],
            "0.2083": [0, 10, 0],
            "0.3333": [0, 11, 0],
            "0.5833": [0, 11.5, 0],
            "1.0417": [0, 11.5, 0],
            "1.2083": {
              "lerp_mode": "catmullrom",
              "post": [0, 12.63, 0],
              "pre": [0, 12.63, 0]
            },
            "1.5833": [0, 0, 0],
            "1.75": {
              "lerp_mode": "catmullrom",
              "post": [0, 0, -4],
              "pre": [0, 0, -4]
            },
            "1.875": {
              "lerp_mode": "catmullrom",
              "post": [0, 0, -18.5]
            },
            "1.9583": {
              "lerp_mode": "catmullrom",
              "post": [0, 0, -60.5]
            },
            "2.0417": {
              "lerp_mode": "catmullrom",
              "post": [0, 0, -85]
            },
            "2.1667": {
              "lerp_mode": "catmullrom",
              "post": [0, 0, -84.86]
            },
            "2.3333": [0, 0, -82.5]
          }
        },
        "bone": {
          "rotation": {
            "0.0": [0, 0, 0],
            "0.2917": [6.79, 0, 8.57],
            "0.4167": [7.5, 0, 15],
            "0.5833": [9.5, 0, 15],
            "0.8333": [36.41, 5.81, 11.14],
            "1.0417": [26.5, 10.25, 9],
            "1.1667": [29.79, 11, 13.5],
            "1.5": [-5.21, 11, 13.5],
            "2.375": [37.01371, -6.37135, -13.82964]
          }
        },
        "bone10": {
          "rotation": {
            "0.0": {
              "lerp_mode": "catmullrom",
              "post": [-30, 0, 15]
            },
            "0.7917": {
              "lerp_mode": "catmullrom",
              "post": [-29.09716, 7.7602, 28.64205]
            },
            "1.5": {
              "lerp_mode": "catmullrom",
              "post": [-30, 0, 15]
            },
            "1.7083": {
              "lerp_mode": "catmullrom",
              "post": [-29.62165, -4.98093, 6.3178]
            },
            "1.9583": {
              "lerp_mode": "catmullrom",
              "post": [-13.33277, -8.21728, -9.72576]
            }
          }
        },
        "bone11": {
          "rotation": {
            "0.0": {
              "lerp_mode": "catmullrom",
              "post": [-20.57639, 9.30727, 23.30696]
            },
            "0.7917": {
              "lerp_mode": "catmullrom",
              "post": [-18.90213, 12.48242, 32.25467]
            },
            "1.5": {
              "lerp_mode": "catmullrom",
              "post": [-20.58, 9.31, 23.31]
            },
            "1.7083": {
              "lerp_mode": "catmullrom",
              "post": [-18.74541, 12.68285, 32.90206]
            },
            "1.9583": {
              "lerp_mode": "catmullrom",
              "post": [27.97777, 4.75308, 11.57847]
            }
          }
        },
        "bone12": {
          "rotation": {
            "0.0": {
              "lerp_mode": "catmullrom",
              "post": [0, 0, 7.5]
            },
            "1.5": {
              "lerp_mode": "catmullrom",
              "post": [0, 0, 7.5]
            },
            "1.7083": {
              "lerp_mode": "catmullrom",
              "post": [0, 0, 22.5]
            },
            "1.9583": {
              "lerp_mode": "catmullrom",
              "post": [7.5, 0, 22.5]
            }
          }
        },
        "bone13": {
          "rotation": {
            "0.0": {
              "lerp_mode": "catmullrom",
              "post": [-15, 0, 0]
            },
            "1.5": {
              "lerp_mode": "catmullrom",
              "post": [-15, 0, 0]
            },
            "1.9583": {
              "lerp_mode": "catmullrom",
              "post": [17.5, 0, 0]
            }
          }
        },
        "bone14": {
          "rotation": {
            "0.0": {
              "lerp_mode": "catmullrom",
              "post": [-45, 0, 0]
            },
            "0.7917": {
              "lerp_mode": "catmullrom",
              "post": [-35, 0, 0]
            },
            "1.4583": {
              "lerp_mode": "catmullrom",
              "post": [-5.24058, 19.22675, 22.80639]
            },
            "1.625": {
              "lerp_mode": "catmullrom",
              "post": [-0.05661, 28.22477, -0.52428]
            },
            "1.7917": {
              "lerp_mode": "catmullrom",
              "post": [2.5, -1.55, 0]
            },
            "1.875": {
              "lerp_mode": "catmullrom",
              "post": [2.5, -19.05, 0]
            },
            "2.0417": {
              "lerp_mode": "catmullrom",
              "post": [2.3462, -6.06325, 0.6505]
            }
          }
        },
        "bone15": {
          "rotation": {
            "0.0": {
              "lerp_mode": "catmullrom",
              "post": [-17.5, 0, 0]
            },
            "0.7917": {
              "lerp_mode": "catmullrom",
              "post": [7.5, 0, 0]
            },
            "1.4583": {
              "lerp_mode": "catmullrom",
              "post": [-5.24058, 19.22675, 22.80639]
            },
            "1.625": {
              "lerp_mode": "catmullrom",
              "post": [-0.05182, 15.72478, -0.51155]
            },
            "1.7917": {
              "lerp_mode": "catmullrom",
              "post": [2.59899, 15.93295, 0.78157]
            },
            "1.875": {
              "lerp_mode": "catmullrom",
              "post": [2.4573, 15.91925, 1.49082]
            },
            "2.0417": {
              "lerp_mode": "catmullrom",
              "post": [2.5, -21.05, 0]
            }
          }
        },
        "bone16": {
          "rotation": {
            "0.0": {
              "lerp_mode": "catmullrom",
              "post": [30, 0, 0]
            },
            "1.4583": {
              "lerp_mode": "catmullrom",
              "post": [-5.24058, 19.22675, 22.80639]
            },
            "1.625": {
              "lerp_mode": "catmullrom",
              "post": [-0.05182, 15.72478, -0.51155]
            },
            "1.7917": {
              "lerp_mode": "catmullrom",
              "post": [2.59899, 15.93295, 0.78157]
            },
            "1.875": {
              "lerp_mode": "catmullrom",
              "post": [2.62724, 25.90947, 1.96507]
            },
            "2.0417": {
              "lerp_mode": "catmullrom",
              "post": [2.99813, 38.89335, 2.78194]
            }
          }
        },
        "bone17": {
          "rotation": {
            "0.0": {
              "lerp_mode": "catmullrom",
              "post": [-17.5, 0, 0]
            },
            "1.4583": {
              "lerp_mode": "catmullrom",
              "post": [-5.24058, 19.22675, 22.80639]
            },
            "1.625": {
              "lerp_mode": "catmullrom",
              "post": [-0.05182, 15.72478, -0.51155]
            },
            "1.7917": {
              "lerp_mode": "catmullrom",
              "post": [2.59899, 15.93295, 0.78157]
            },
            "1.875": {
              "lerp_mode": "catmullrom",
              "post": [2.42939, 13.42152, 1.38066]
            },
            "2.0417": {
              "lerp_mode": "catmullrom",
              "post": [2.54513, -23.54758, -0.11892]
            }
          }
        },
        "bone18": {
          "rotation": {
            "0.0": [0, 0, 0],
            "2.0417": [0, 22.5, 0]
          }
        },
        "bone5": {
          "rotation": {
            "0.0": [0, 0, 0],
            "0.2917": [6.79, 0, -8.57],
            "0.4167": [7.5, 0, -15],
            "0.5833": [9.5, 0, -15],
            "0.8333": [37.71, -5.36, -16.07],
            "1.0417": [28.88716, -1.09018, -22.34949]
          }
        },
        "bone6": {
          "rotation": {
            "0.0": {
              "lerp_mode": "catmullrom",
              "post": [-14.98637, 0.64686, 2.41492]
            },
            "1.5": {
              "lerp_mode": "catmullrom",
              "post": [-14.99, 0.65, 2.41]
            }
          }
        },
        "bone7": {
          "rotation": {
            "0.0": {
              "lerp_mode": "catmullrom",
              "post": [2.55452, 1.29256, 4.83045]
            },
            "1.5": {
              "lerp_mode": "catmullrom",
              "post": [2.55, 1.29, 4.83]
            }
          }
        },
        "bone8": {
          "rotation": {
            "0.0": {
              "lerp_mode": "catmullrom",
              "post": [0, 0, 0]
            },
            "0.7917": {
              "lerp_mode": "catmullrom",
              "post": [0, 0, 21.48]
            },
            "1.7083": {
              "lerp_mode": "catmullrom",
              "post": [0, 0, 15]
            },
            "1.9583": {
              "lerp_mode": "catmullrom",
              "post": [0, 0, -22.5]
            }
          }
        },
        "bone9": {
          "rotation": {
            "0.0": {
              "lerp_mode": "catmullrom",
              "post": [-26.06663, 9.08661, 17.89244]
            },
            "0.7917": {
              "lerp_mode": "catmullrom",
              "post": [-23.2835, 15.1162, 31.20507]
            },
            "1.5": {
              "lerp_mode": "catmullrom",
              "post": [-26.07, 9.09, 17.89]
            },
            "1.7083": {
              "lerp_mode": "catmullrom",
              "post": [-24.26982, 13.35243, 27.11515]
            }
          }
        },
        "chest": {
          "rotation": {
            "0.0": [0, 0, 0],
            "0.2917": [-11.5, -18.25, 5.75],
            "0.4167": [-15.75, -22.5, 6.5],
            "0.5": [-17.5, -23.5, 6.75],
            "0.5833": [-17.12, -23.5, 6.75],
            "0.7917": [-12.75, -25.25, 6.75],
            "0.9167": [-14.37, -32.625, 6.75],
            "1.0": [-16.725, -35.8, 6.75],
            "1.125": [-18.725, -36, 6.75],
            "2.2917": [-16.22974, -21.68175, 1.62012]
          }
        },
        "eye_left_lid": {
          "position": {
            "0.0": [0, 0, 0],
            "1.2917": [0, -0.31, 0],
            "1.75": [0, -1.44, 0]
          }
        },
        "eye_right_lid": {
          "position": {
            "0.0": [0, 0, 0],
            "1.2917": [0, -0.3, 0],
            "1.75": [0, -1.44, 0]
          }
        },
        "leg_b_left": {
          "rotation": {
            "0.0": [0, 0, 0],
            "0.125": [22.78, 0, -3.47],
            "0.2083": [8.33, 0, -10.42],
            "0.375": [10, 0, -12.5],
            "0.8333": [10, 0, -12.5],
            "1.0": [18.75, 0, -12.5],
            "1.125": [17.5, 0, -12.5],
            "1.5833": [17.5, 0, -12.5],
            "1.75": [-11.225, 5, -25],
            "1.8333": [-11.225, 5, -20.5],
            "2.0": {
              "lerp_mode": "catmullrom",
              "post": [0, 5, 11.1],
              "pre": [0, 5, 11.1]
            },
            "2.125": {
              "lerp_mode": "catmullrom",
              "post": [0, 5, 7.1]
            },
            "2.25": [0, 5, 6.165],
            "2.4167": [0.86805, -2.57529, 15.4237]
          }
        },
        "leg_b_right": {
          "rotation": {
            "0.0": [0, 0, 0],
            "0.125": [22.78, 0, 3.47],
            "0.2083": [8.33, 0, 10.42],
            "0.375": [10, 0, 12.5],
            "0.8333": [10, 0, 12.5],
            "1.0": [19, 0, 12.5],
            "1.125": [20, 0, 12.5],
            "1.5417": [15, -5, 2.5],
            "1.6667": [19.98585, -7.6838, -26.27367],
            "1.8333": [28.45094, -9.13222, -5.9593],
            "1.9167": {
              "lerp_mode": "catmullrom",
              "post": [25, 0.6, 0],
              "pre": [25, 0.6, 0]
            },
            "2.0": {
              "lerp_mode": "catmullrom",
              "post": [30, 1.5, -0.4]
            },
            "2.1667": [37.5, -5, -3.5]
          }
        },
        "leg_f_left3": {
          "rotation": {
            "0.0": [0, 0, 0],
            "0.1667": [28.4, 13.5, 7.5],
            "0.2917": [21.79, 13.5, 15],
            "0.4167": [25, 13.5, 17.5],
            "0.5833": [25, 13.5, 16.5],
            "1.0417": [47.5, 16, 29],
            "1.25": [47.5, 16, 29],
            "1.5833": [32.53698, -15.74883, 25.66739],
            "1.75": [11.15608, 0.49255, -9.31349],
            "1.8333": [-53.5, 12.5, -17.5],
            "1.9583": {
              "lerp_mode": "catmullrom",
              "post": [-62.75798, 13.13553, -9.58064],
              "pre": [-62.75798, 13.13553, -9.58064]
            },
            "2.0833": {
              "lerp_mode": "catmullrom",
              "post": [-62.39014, 15.87495, -10.60423]
            },
            "2.2917": [-61.58903, 15.25509, -10.59081]
          }
        },
        "leg_f_left5": {
          "rotation": {
            "0.0": [0, 0, 0],
            "0.1667": [-62.14, 0, 0],
            "0.2917": [-39.29, 0, 0],
            "0.4167": [-42.5, 0, 0],
            "0.5833": [-44.5, 0, 0],
            "0.8333": {
              "lerp_mode": "catmullrom",
              "post": [-85.93, 0, 0],
              "pre": [-85.93, 0, 0]
            },
            "0.9583": {
              "lerp_mode": "catmullrom",
              "post": [-79.46, 0, 0]
            },
            "1.0417": [-79.5, 0, 0],
            "1.75": [-57.5, 0, 0],
            "1.875": {
              "lerp_mode": "catmullrom",
              "post": [-57.5, -25, 0],
              "pre": [-57.5, -25, 0]
            },
            "2.0417": {
              "lerp_mode": "catmullrom",
              "post": [-60.42828, 7.59627, 0.25285]
            },
            "2.2083": [-59.25, 0, 0]
          }
        },
        "leg_f_right": {
          "rotation": {
            "0.0": [0, 0, 0],
            "0.1667": [28.4, 0, -7.5],
            "0.2917": [21.79, 0, -15],
            "0.4167": [25, 0, -17.5],
            "0.5833": [25, 0, -16.5],
            "0.9167": [24.14, 19.94, -13.07],
            "1.0417": [24, 23.875, -12.5],
            "1.1667": [24, 25.3, -12.5],
            "1.5": [31.75, 0, 0],
            "1.6667": [24.25, -12.5, -17.5],
            "1.7917": [-1.75052, -35.01306, -18.54372],
            "1.9167": [-38.5, 12.5, -17.5],
            "2.0417": {
              "lerp_mode": "catmullrom",
              "post": [-20.00195, 13.89908, 10.48023],
              "pre": [-20.00195, 13.89908, 10.48023]
            },
            "2.2083": {
              "lerp_mode": "catmullrom",
              "post": [-15.24807, 13.53868, 0.53542]
            },
            "2.375": [-11.88562, 25.47494, 1.5242]
          }
        },
        "leg_f_right1": {
          "position": {
            "0.0": [0, 0, 0],
            "1.5": [0, 0, 0],
            "1.9167": [-1.18, 0, 0],
            "2.2083": [-1.59, 0, -0.25],
            "2.375": [-1.47, 0, -0.39]
          },
          "rotation": {
            "0.0": [0, 0, 0],
            "1.5": [0, 0, 0],
            "1.9167": [-9.54524, 4.8613, 28.55029],
            "2.0417": {
              "lerp_mode": "catmullrom",
              "post": [-7.55677, 12.45463, 12.49777],
              "pre": [-7.55677, 12.45463, 12.49777]
            },
            "2.2083": {
              "lerp_mode": "catmullrom",
              "post": [-11.18287, -11.70678, 27.98876]
            },
            "2.375": {
              "lerp_mode": "catmullrom",
              "post": [-10.80561, -6.20335, 25.56823]
            }
          }
        },
        "leg_f_right2": {
          "rotation": {
            "0.0": [0, 0, 0],
            "0.1667": [-62.14, 0, 0],
            "0.2917": [-39.29, 0, 0],
            "0.4167": [-42.5, 0, 0],
            "0.5833": [-44.5, 0, 0],
            "0.8333": {
              "lerp_mode": "catmullrom",
              "post": [-85.93, 0, 0],
              "pre": [-85.93, 0, 0]
            },
            "0.9583": {
              "lerp_mode": "catmullrom",
              "post": [-70.72, 0, 4]
            },
            "1.0417": [-68, 0, 8],
            "1.9167": [-12.5, 0, -7.5],
            "2.0417": {
              "lerp_mode": "catmullrom",
              "post": [-32.5, -25, 0],
              "pre": [-32.5, -25, 0]
            },
            "2.2083": {
              "lerp_mode": "catmullrom",
              "post": [-24.79128, 17.753, 7.40761]
            },
            "2.375": [-20.89632, 3.89526, 24.71397]
          }
        },
        "leg_left2": {
          "rotation": {
            "0.0": [0, 0, 0],
            "0.125": [-33.47, 0, 0],
            "0.2083": [-10.42, 0, 0],
            "0.375": [-12.5, 0, 0],
            "0.8333": [-12.5, 0, 0],
            "1.0": [-23.75, 0, 0],
            "1.125": [-20, 0, 0],
            "1.5833": [-5, -25, -17.5],
            "1.7083": [-2.5, -17.86, -17.5],
            "1.875": [-20.99611, 3.67211, 15.39653],
            "2.0": [-30.47243, 10.36012, 11.41794]
          }
        },
        "leg_left3": {
          "rotation": {
            "0.0": [0, 0, 0],
            "0.2083": [2.08, 0, 12.5],
            "0.375": [2.5, 0, 15],
            "1.125": [2.5, 0, 15]
          }
        },
        "leg_right2": {
          "rotation": {
            "0.0": [0, 0, 0],
            "0.125": [-33.47, 0, 0],
            "0.2083": [-10.42, 0, 0],
            "0.375": [-12.5, 0, 0],
            "0.8333": [-12.5, 0, 0],
            "1.0": [-21.75, 0, 0],
            "1.125": [-25, 0, 0]
          }
        },
        "leg_right3": {
          "rotation": {
            "0.0": [0, 0, 0],
            "0.2083": [2.08, 0, -12.5],
            "0.375": [2.5, 0, -15],
            "1.125": [2.5, 0, -15]
          }
        },
        "neck": {
          "position": {
            "0.9583": {
              "lerp_mode": "catmullrom",
              "post": [0, 0, 0],
              "pre": [0, 0, 0]
            }
          },
          "rotation": {
            "0.9583": {
              "lerp_mode": "catmullrom",
              "post": [0, 0, 0],
              "pre": [0, 0, 0]
            },
            "1.75": [0, -12.5, 0],
            "2.0833": [0, 17.5, 0]
          }
        },
        "tail": {
          "rotation": {
            "0.0": {
              "lerp_mode": "catmullrom",
              "post": [32.5, 0, 0]
            },
            "1.4583": {
              "lerp_mode": "catmullrom",
              "post": [-5.24058, 19.22675, 22.80639]
            },
            "1.625": {
              "lerp_mode": "catmullrom",
              "post": [-0.05182, 15.72478, -0.51155]
            },
            "1.7917": {
              "lerp_mode": "catmullrom",
              "post": [2.50534, -4.04762, -0.10929]
            },
            "1.875": {
              "lerp_mode": "catmullrom",
              "post": [2.5, -19.05, 0]
            },
            "2.0417": {
              "lerp_mode": "catmullrom",
              "post": [2.5, -21.05, 0]
            }
          }
        },
        "tail2": {
          "rotation": {
            "0.0": {
              "lerp_mode": "catmullrom",
              "post": [-52.5, 0, 0]
            },
            "0.7917": {
              "lerp_mode": "catmullrom",
              "post": [-35, 0, 0]
            },
            "1.625": {
              "lerp_mode": "catmullrom",
              "post": [-25.76926, -13.56626, 6.46066]
            },
            "1.75": {
              "lerp_mode": "catmullrom",
              "post": [-26.39218, 18.05776, -8.74472]
            },
            "2.0417": {
              "lerp_mode": "catmullrom",
              "post": [-25.18908, 6.79382, -3.18458]
            }
          }
        },
        "torso": {
          "rotation": {
            "0.0": [0, 0, 0],
            "0.1667": [11.25, 0, 0],
            "0.2917": [16, 0, 0],
            "0.4167": [17.5, 0, 0],
            "0.625": [18, 0, 0],
            "0.8333": {
              "lerp_mode": "catmullrom",
              "post": [25.7, 0, 0],
              "pre": [25.7, 0, 0]
            },
            "1.0": {
              "lerp_mode": "catmullrom",
              "post": [24.75, 0, 0]
            },
            "1.2083": [30.5, 0, 0]
          }
        }
      },
      "loop": "hold_on_last_frame"
    },
    "animation.zamazenta.ground_idle": {
      "bones": {
        "body": {
          "position": [0, "-0.25+Math.cos((query.anim_time) * 90 * 2) * 0.2", "0+Math.cos((query.anim_time) * 90 * 2) * 0.2"]
        },
        "bone": {
          "position": [0, "-Math.cos((query.anim_time)*90*2+30)*0.1", "-Math.cos((query.anim_time)*90*2+30)*0.5"],
          "rotation": ["1+Math.cos((query.anim_time) * 90 * 2-90) * 0.7", 0, 0]
        },
        "bone10": {
          "rotation": ["-30+Math.cos((query.anim_time) * 90 * 1 - 90) *4 ", "Math.cos((query.anim_time) * 90 * 1 - 60) * -10", "15+Math.cos((query.anim_time) * 90 * 2 - 45) * 4"]
        },
        "bone11": {
          "rotation": [-32.28388, 12.00829, 27.58896]
        },
        "bone12": {
          "rotation": [0, 0, 7.5]
        },
        "bone13": {
          "rotation": [-15, 0, 0]
        },
        "bone14": {
          "rotation": [-37.5, "Math.cos((query.anim_time) * 90 * 2 - 60) * -10", 0]
        },
        "bone15": {
          "rotation": [-25, 0, 0]
        },
        "bone16": {
          "rotation": [0, "Math.cos((query.anim_time) * 90 * 2 - 90) * -20", 0]
        },
        "bone17": {
          "rotation": [2.5, "Math.cos((query.anim_time) * 90 * 2 - 90) * -10", 0]
        },
        "bone5": {
          "position": [0, "-Math.cos((query.anim_time)*90*2+30)*0.1", "-Math.cos((query.anim_time)*90*2+30)*0.5"],
          "rotation": ["1+Math.cos((query.anim_time) * 90 * 2-90) * 0.7", 0, 0]
        },
        "bone6": {
          "rotation": [-14.98637, 0.64686, 2.41492]
        },
        "bone7": {
          "rotation": [2.55452, 1.29256, 4.83045]
        },
        "bone8": {
          "rotation": ["10.9299+Math.cos((query.anim_time) * 90 * 1 - 90) *4 ", "Math.cos((query.anim_time) * 90 * 1 - 60) * -7.7251", "10.1736+Math.cos((query.anim_time) * 90 * 2 - 45) * 4"]
        },
        "bone9": {
          "rotation": [-25.25766, 11.2531, 22.47096]
        },
        "chest": {
          "rotation": [-2.5, 0, 0]
        },
        "eye_left_lid": {
          "position": [0, 0, 0]
        },
        "head": {
          "rotation": ["Math.cos((query.anim_time) * 90 * 2 - 90) * -1", 0, 0]
        },
        "leg_b_left": {
          "position": [0, "Math.cos((query.anim_time)*90*2)*-0.03", "Math.cos((query.anim_time)*90*2)*-0.07"],
          "rotation": ["1.5095+Math.cos((query.anim_time) * 90 * 2) * -4", 0, -4.99527]
        },
        "leg_b_right": {
          "rotation": ["2.5+Math.cos((query.anim_time) * 90 * 2) * -4", 0, 4.9953]
        },
        "leg_f_left3": {
          "position": [0, "0+Math.cos((query.anim_time) * 90 * 2 - 90) * -0.2", "0+Math.cos((query.anim_time) * 90 * 2 - 45) * 0.2"],
          "rotation": [0, 0, 2.5]
        },
        "leg_f_left4": {
          "position": [0, "0+Math.cos((query.anim_time) * 90 * 2 - 90) * -0.2", "0+Math.cos((query.anim_time) * 90 * 2 - 45) * 0.2"]
        },
        "leg_f_left5": {
          "rotation": [0, 0, -2.5]
        },
        "leg_f_right": {
          "position": [0, "0+Math.cos((query.anim_time) * 90 * 2 - 90) * -0.2", "0+Math.cos((query.anim_time) * 90 * 2 - 45) * 0.2"],
          "rotation": [0, 0, -2.5]
        },
        "leg_f_right1": {
          "position": [0, "0+Math.cos((query.anim_time) * 90 * 2 - 90) * -0.2", "0+Math.cos((query.anim_time) * 90 * 2 - 45) * 0.2"]
        },
        "leg_f_right2": {
          "rotation": [0, 0, 2.5]
        },
        "leg_left2": {
          "rotation": ["-2.5133+Math.cos((query.anim_time-50) * 90 * 2) * 6", 0, 4.99072]
        },
        "leg_left3": {
          "position": [0, "-Math.cos((query.anim_time)*90*2)*-0.3", "-Math.cos((query.anim_time)*90*2)*-0.3"],
          "rotation": ["3+Math.cos((query.anim_time) * 90 * 2) * -3", 0, 0]
        },
        "leg_right2": {
          "rotation": ["-2.5+Math.cos((query.anim_time-50) * 90 * 2) * 6", 0, -4.9907]
        },
        "leg_right3": {
          "position": [0, "-Math.cos((query.anim_time)*90*2)*-0.3", "-Math.cos((query.anim_time)*90*2)*-0.3"],
          "rotation": ["3+Math.cos((query.anim_time) * 90 * 2) * -3", 0, 0]
        },
        "neck1": {
          "rotation": ["Math.cos((query.anim_time) * 90 * 2 - 90) * -0.5", 0, 0]
        },
        "tail": {
          "rotation": [32.5, 0, 0]
        },
        "tail2": {
          "rotation": ["-52.5+Math.cos((query.anim_time) * 90 * 1 - 90) *4 ", "Math.cos((query.anim_time) * 90 * 1 - 60) * -10", "Math.cos((query.anim_time) * 90 * 2 - 45) * 4"]
        },
        "torso": {
          "rotation": ["2.5+Math.cos((query.anim_time) * 90 * 2 - 90) * -1", 0, 0]
        }
      },
      "loop": true
    },
    "animation.zamazenta.ground_walk": {
      "animation_length": 0.5,
      "bones": {
        "bone": {
          "rotation": {
            "0.0": [-7.5, 0, 0],
            "0.0417": [1.67, 0, 0],
            "0.0833": [-14.17, 0, 0],
            "0.125": [-16.25, 0, 0],
            "0.25": [-5, 0, 0],
            "0.2917": [-17.5, 0, 0],
            "0.375": [32.5, 0, 0],
            "0.5": [-7.5, 0, 0]
          }
        },
        "bone10": {
          "rotation": ["20+Math.cos((query.anim_time) * 90 * 8 - 90) * -10-20", 0, 0]
        },
        "bone11": {
          "rotation": [-20.57639, 9.30727, 23.30696]
        },
        "bone12": {
          "rotation": [0, 0, 7.5]
        },
        "bone13": {
          "rotation": [-15, 0, 0]
        },
        "bone14": {
          "rotation": ["20+Math.cos((query.anim_time) * 90 * 8 - 60) * -30", 0, 0]
        },
        "bone16": {
          "rotation": ["20+Math.cos((query.anim_time) * 90 * 8 - 90) * -30", 0, 0]
        },
        "bone18": {
          "rotation": ["20+Math.cos((query.anim_time) * 90 * 8 - 90) * -30", 0, 0]
        },
        "bone5": {
          "rotation": {
            "0.0": [68.5, 0, 0],
            "0.0833": [40, 0, 0],
            "0.2083": [11.25, 0, 0],
            "0.2917": [-3.75, 0, 0],
            "0.3333": [52.5, 0, 0],
            "0.4583": [81.25, 0, 0],
            "0.5": [68.5, 0, 0]
          }
        },
        "bone6": {
          "rotation": [-14.98637, 0.64686, 2.41492]
        },
        "bone7": {
          "rotation": [2.55452, 1.29256, 4.83045]
        },
        "bone8": {
          "rotation": ["Math.cos((query.anim_time) * 90 * 8 + 30) * -20-20", 0, 0]
        },
        "bone9": {
          "rotation": ["Math.cos((query.anim_time) * 90 * 8 - 60) * -10", 0, 0]
        },
        "chest": {
          "position": {
            "0.0": [0, 0, 0],
            "0.1667": {
              "lerp_mode": "catmullrom",
              "post": [0, 0, 0],
              "pre": [0, 0, 0]
            },
            "0.2917": {
              "lerp_mode": "catmullrom",
              "post": [0, 0, 1.5]
            },
            "0.5": [0, 0, 0]
          },
          "rotation": ["5.25+Math.cos((query.anim_time) * 90 * 8 - 120) * -16", 0, 0]
        },
        "leg_b_left": {
          "position": [0, "0+Math.cos((query.anim_time) * 90 * 8 - 20) * 1", 0],
          "rotation": {
            "0.0": [38.5, 0, -3.83],
            "0.0417": [60.25, 0, -3.25],
            "0.0833": [63.75, 0, -10],
            "0.125": {
              "lerp_mode": "catmullrom",
              "post": [59.42, 0, -16],
              "pre": [59.42, 0, -16]
            },
            "0.1667": {
              "lerp_mode": "catmullrom",
              "post": [28.71, 0, -19.17]
            },
            "0.2917": {
              "lerp_mode": "catmullrom",
              "post": [-15.21, 0, -16.5]
            },
            "0.3333": [-22.5, 0, -13.25],
            "0.375": [-16.25, 0, -8.5],
            "0.4167": [-5, 0, -5],
            "0.5": [38.5, 0, -3.83]
          }
        },
        "leg_b_right": {
          "position": [0, "0+Math.cos((query.anim_time) * 90 * 8 - 70) * 1", 0],
          "rotation": {
            "0.0": [-5, 0, 5],
            "0.125": [60.25, 0, 3.25],
            "0.1667": [63.75, 0, 10],
            "0.2083": {
              "lerp_mode": "catmullrom",
              "post": [59.42, 0, 16],
              "pre": [59.42, 0, 16]
            },
            "0.25": {
              "lerp_mode": "catmullrom",
              "post": [28.71, 0, 19.17]
            },
            "0.375": {
              "lerp_mode": "catmullrom",
              "post": [-19.21, 0, 16.5]
            },
            "0.4167": [-22.5, 0, 13.25],
            "0.4583": [-16.25, 0, 8.5],
            "0.5": [-5, 0, 5]
          }
        },
        "leg_f_left3": {
          "position": [0, "0+Math.cos((query.anim_time) * 90 * 8 - 60) * -1", 0],
          "rotation": {
            "0.0": [-29.78, 5, 0],
            "0.0417": [-50.17, 5, 0],
            "0.0833": [-56, 5, 0],
            "0.125": [-49.33, 5, 0],
            "0.25": {
              "lerp_mode": "catmullrom",
              "post": [45, 5, 0],
              "pre": [45, 5, 0]
            },
            "0.3333": {
              "lerp_mode": "catmullrom",
              "post": [55, 5, 0]
            },
            "0.4167": [39.75, 5, 0],
            "0.5": [-29.78, 5, 0]
          }
        },
        "leg_f_left4": {
          "rotation": {
            "0.0": [-55.83, 0, 0],
            "0.0833": [-7.5, 0, 0],
            "0.125": [1.67, 0, 0],
            "0.1667": [-14.17, 0, 0],
            "0.2083": [-28.75, 0, 0],
            "0.3333": [-5, 0, 0],
            "0.375": [-17.5, 0, 0],
            "0.4583": [-92.5, 0, 0],
            "0.5": [-55.83, 0, 0]
          }
        },
        "leg_f_right": {
          "position": [0, "0+Math.cos((query.anim_time) * 90 * 8 - 120) * -1", 0],
          "rotation": {
            "0.0": [-56, -5, 0],
            "0.0417": [-49.33, -5, 0],
            "0.1667": {
              "lerp_mode": "catmullrom",
              "post": [45, -5, 0],
              "pre": [45, -5, 0]
            },
            "0.25": {
              "lerp_mode": "catmullrom",
              "post": [55, -5, 0]
            },
            "0.3333": {
              "lerp_mode": "catmullrom",
              "post": [46.75, -5, 0]
            },
            "0.375": {
              "lerp_mode": "catmullrom",
              "post": [28.2, -5, 0]
            },
            "0.4583": [-50.17, -5, 0],
            "0.5": [-56, -5, 0]
          }
        },
        "leg_f_right1": {
          "rotation": {
            "0.0": [-7.5, 0, 0],
            "0.0417": [1.67, 0, 0],
            "0.0833": [-14.17, 0, 0],
            "0.125": [-28.75, 0, 0],
            "0.25": [-5, 0, 0],
            "0.2917": [-17.5, 0, 0],
            "0.375": [-95, 0, 0],
            "0.5": [-7.5, 0, 0]
          }
        },
        "leg_left2": {
          "rotation": {
            "0.0": [7.5, 0, 0],
            "0.0417": [12.5, 0, 0],
            "0.2083": [-60, 0, 0],
            "0.3333": [0, 0, 0],
            "0.4167": [-2.5, 0, 0],
            "0.5": [7.5, 0, 0]
          }
        },
        "leg_left3": {
          "rotation": {
            "0.0": [34.17, 0, 0],
            "0.0417": [50, 0, 0],
            "0.2083": [-2.5, -12.5, 12.5],
            "0.2917": [40, -12.5, 15],
            "0.4167": [0, 0, 0],
            "0.5": [34.17, 0, 0]
          }
        },
        "leg_right2": {
          "rotation": {
            "0.0": [-2.5, 0, 0],
            "0.125": [12.5, 0, 0],
            "0.2917": [-60, 0, 0],
            "0.4167": [0, 0, 0],
            "0.5": [-2.5, 0, 0]
          }
        },
        "leg_right3": {
          "rotation": {
            "0.0": [2.5, 0, 0],
            "0.125": [50, 0, 0],
            "0.2917": [-2.5, 12.5, -12.5],
            "0.375": [40, 12.5, -15],
            "0.5": [0, 0, 0]
          }
        },
        "neck": {
          "position": [0, -2.4, -3],
          "rotation": ["Math.cos((query.anim_time) * 90 * 8 - 70) * -5", 0, 0]
        },
        "tail2": {
          "rotation": ["-17.5+Math.cos((query.anim_time) * 90 * 8 + 30) * -20", 0, 0]
        },
        "torso": {
          "position": [0, "0+Math.cos((query.anim_time) * 90 * 8) * 3", 0],
          "rotation": ["0+Math.cos((query.anim_time) * 90 * 8 - 90) * 12", 0, 0]
        }
      },
      "loop": true
    },
    "animation.zamazenta.pose": {
      "bones": {
        "bone10": {
          "rotation": [-30, 0, 15]
        },
        "bone11": {
          "rotation": [-20.57639, 9.30727, 23.30696]
        },
        "bone12": {
          "rotation": [0, 0, 7.5]
        },
        "bone13": {
          "rotation": [-15, 0, 0]
        },
        "bone14": {
          "rotation": [-45, 0, 0]
        },
        "bone15": {
          "rotation": [-17.5, 0, 0]
        },
        "bone16": {
          "rotation": [30, 0, 0]
        },
        "bone17": {
          "rotation": [-17.5, 0, 0]
        },
        "bone2": {
          "rotation": [-30, 0, 0]
        },
        "bone6": {
          "rotation": [-14.98637, 0.64686, 2.41492]
        },
        "bone7": {
          "rotation": [2.55452, 1.29256, 4.83045]
        },
        "bone8": {
          "rotation": [10, 0, 22.5]
        },
        "bone9": {
          "rotation": [-26.06663, 9.08661, 17.89244]
        },
        "eye_left_lid": {
          "position": [0, 0, 0]
        },
        "tail": {
          "rotation": [32.5, 0, 0]
        },
        "tail2": {
          "rotation": [-52.5, 0, 0]
        }
      },
      "loop": true
    }
  },
  "format_version": "1.8.0"
}