{
  "animations": {
    "animation.grubbin.ground_idle": {
      "bones": {
        "body": {
          "position": [0, 1, 0],
          "rotation": [-10, 0, 0]
        },
        "bone5": {
          "rotation": [-32.5, 0, 30]
        },
        "bone8": {
          "rotation": [-30, 0, -20]
        },
        "head": {
          "position": [0, "(math.sin(q.anim_time*90*4-45)*0.2+0.2)", 0],
          "rotation": ["10+(math.sin(q.anim_time*90*4)*1+1)", 0, 0]
        },
        "torso": {
          "rotation": ["2.5+(math.sin(q.anim_time*90*4)*1+1)", 0, 0]
        }
      },
      "loop": true
    },
    "animation.grubbin.ground_walk": {
      "animation_length": 1,
      "bones": {
        "body": {
          "position": [0, "math.clamp(math.sin(q.anim_time*90*4-45)*0.25,0,1)+math.clamp(math.sin(-q.anim_time*90*4+60)*0.11,0,20)", 0]
        },
        "bone10": {
          "position": {
            "0.0": [0, 0, 0.75],
            "0.3333": [0, 0.25, 0],
            "0.5": [0, 0, 0],
            "1.0": [0, 0, 0.75]
          }
        },
        "bone5": {
          "position": {
            "0.0": [0, 0, -1],
            "0.5": [0, 1, 0],
            "0.8333": [0, 1.08, -0.67],
            "1.0": [0, 0, -1]
          },
          "rotation": {
            "0.0": [-52.5, 0, 0],
            "0.5": [-7.5, 0, 0],
            "1.0": [-52.5, 0, 0]
          }
        },
        "bone6": {
          "position": {
            "0.0": [0, 0, 0.75],
            "0.3333": [0, 0.5, -0.08],
            "0.5": [0, 0, -0.5],
            "1.0": [0, 0, 0.75]
          }
        },
        "bone7": {
          "position": {
            "0.0": [0, 0, -0.5],
            "0.5": [0, 0.175, 0.75],
            "0.8333": [0, 0.31, -0.08],
            "1.0": [0, 0, -0.5]
          }
        },
        "bone8": {
          "position": {
            "0.0": [0, 1, 0.5],
            "0.3333": [0, 1.08, -0.83],
            "0.5": [0, 0, -1.5],
            "1.0": [0, 1, 0.5]
          },
          "rotation": {
            "0.0": [-17.5, 0, 0],
            "0.5": [-47.5, 0, 0],
            "1.0": [-17.5, 0, 0]
          }
        },
        "bone9": {
          "position": {
            "0.0": [0, 0, -0.5],
            "0.5": [0, 0, 0.5],
            "0.8333": [0, 0.5, -0.17],
            "1.0": [0, 0, -0.5]
          }
        },
        "torso": {
          "position": ["-math.clamp(math.sin(q.anim_time*90*4)*0.5,0,1)+math.clamp(math.sin(-q.anim_time*90*4)*0.5,0,1)", 0, 0],
          "rotation": [0, "math.clamp(math.sin(q.anim_time*90*4-90)*2,0,2)-math.clamp(math.sin(-q.anim_time*90*4-90)*2,0,2)", 0]
        }
      },
      "loop": true
    },
    "animation.grubbin.peeking": {
      "bones": {
        "bone5": {
          "rotation": [-45, 0, 0]
        },
        "bone6": {
          "position": [0, -0.5, 0],
          "rotation": [12.5, 0, 0]
        },
        "bone8": {
          "rotation": [-40, 0, 0]
        },
        "bone9": {
          "position": [0, -0.75, 0],
          "rotation": [12.5, 0, 0]
        },
        "head": {
          "rotation": [0, -12.5, -5]
        },
        "torso": {
          "rotation": [-15.08453, -7.38542, 1.30962]
        }
      },
      "loop": true
    }
  },
  "format_version": "1.8.0"
}