{
  "format_version": "1.12.0",
  "minecraft:geometry": [
    {
      "bones": [
        {
          "name": "uxie",
          "pivot": [0, 0, 0]
        }, {
          "name": "body",
          "parent": "uxie",
          "pivot": [0, 6, 0]
        }, {
          "cubes": [
            {
              "origin": [-2, 3.5, -2.25],
              "size": [4, 4, 4],
              "uv": [26, 23]
            }
          ],
          "name": "torso",
          "parent": "body",
          "pivot": [0, 5.5, -0.25]
        }, {
          "cubes": [
            {
              "origin": [-1.5, 6.5, -1.5],
              "size": [3, 3, 3],
              "uv": [30, 13]
            }
          ],
          "name": "bone8",
          "parent": "torso",
          "pivot": [0, 7, 0]
        }, {
          "cubes": [
            {
              "origin": [-1, 9, -0.65],
              "size": [2, 2, 2],
              "uv": [38, 6]
            }
          ],
          "name": "bone7",
          "parent": "bone8",
          "pivot": [0, 9, 0.35]
        }, {
          "cubes": [
            {
              "origin": [0.5, 9.3, -0.15],
              "size": [2, 1, 1],
              "uv": [42, 29]
            }
          ],
          "name": "bone10",
          "parent": "bone7",
          "pivot": [0.5, 9.75, 0.35]
        }, {
          "cubes": [
            {
              "inflate": 0.01,
              "origin": [2.5, 9.3, -0.15],
              "size": [3, 1, 1],
              "uv": [42, 16]
            }
          ],
          "name": "bone11",
          "parent": "bone10",
          "pivot": [2.5, 9.75, 0.35]
        }, {
          "cubes": [
            {
              "inflate": 0.01,
              "origin": [5.5, 9.3, -0.15],
              "size": [1, 1, 1],
              "uv": [12, 43]
            }
          ],
          "name": "bone12",
          "parent": "bone11",
          "pivot": [5.5, 9.75, 0.35]
        }, {
          "cubes": [
            {
              "origin": [5.51082, 9.30119, -0.15],
              "size": [1, 0, 1],
              "uv": [38, 44]
            }
          ],
          "name": "bone13",
          "parent": "bone12",
          "pivot": [5.5, 9.3, 0.35],
          "rotation": [0, 0, 12.5]
        }, {
          "cubes": [
            {
              "origin": [-2.5, 9.3, -0.15],
              "size": [2, 1, 1],
              "uv": [38, 42]
            }
          ],
          "name": "bone14",
          "parent": "bone7",
          "pivot": [-0.5, 9.75, 0.35]
        }, {
          "cubes": [
            {
              "inflate": 0.01,
              "origin": [-5.5, 9.3, -0.15],
              "size": [3, 1, 1],
              "uv": [42, 23]
            }
          ],
          "name": "bone15",
          "parent": "bone14",
          "pivot": [-2.5, 9.75, 0.35]
        }, {
          "cubes": [
            {
              "inflate": 0.01,
              "origin": [-6.5, 9.3, -0.15],
              "size": [1, 1, 1],
              "uv": [44, 21]
            }
          ],
          "name": "bone16",
          "parent": "bone15",
          "pivot": [-5.5, 9.75, 0.35]
        }, {
          "cubes": [
            {
              "origin": [-6.51082, 9.30119, -0.15],
              "size": [1, 0, 1],
              "uv": [42, 44]
            }
          ],
          "name": "bone17",
          "parent": "bone16",
          "pivot": [-5.5, 9.3, 0.35],
          "rotation": [0, 0, -12.5]
        }, {
          "cubes": [
            {
              "origin": [-3, 10.5, -3.65],
              "size": [6, 5, 7],
              "uv": [0, 23]
            }
          ],
          "name": "head",
          "parent": "bone7",
          "pivot": [0, 11, 0.35]
        }, {
          "cubes": [
            {
              "inflate": 0.01,
              "origin": [0.55, 12.75, -3.65],
              "size": [1, 1, 0],
              "uv": [0, 1]
            }, {
              "inflate": 0.01,
              "origin": [-1.55, 12.75, -3.65],
              "size": [1, 1, 0],
              "uv": [0, 1]
            }, {
              "inflate": 0.01,
              "origin": [0.55, 14.475, -3.65],
              "size": [1, 1, 0],
              "uv": [0, 0]
            }, {
              "inflate": 0.01,
              "origin": [-1.55, 14.475, -3.65],
              "size": [1, 1, 0],
              "uv": [0, 0]
            }
          ],
          "name": "bone6",
          "parent": "head",
          "pivot": [1, 11.5, 0.35]
        }, {
          "cubes": [
            {
              "inflate": 0.001,
              "origin": [-0.5, 10.775, -3.65],
              "size": [1, 1, 0],
              "uv": [20, 45]
            }, {
              "inflate": 0.002,
              "origin": [-0.5, 11.025, -3.65],
              "size": [1, 1, 0],
              "uv": [22, 45]
            }
          ],
          "name": "bone5",
          "parent": "head",
          "pivot": [1, 11.5, 0.35]
        }, {
          "cubes": [
            {
              "origin": [1.17935, 11.54971, -3.675],
              "size": [1, 2, 0],
              "uv": [43, 27]
            }, {
              "origin": [1.52935, 11.54971, -3.675],
              "size": [1, 2, 0],
              "uv": [43, 27]
            }, {
              "inflate": 0.002,
              "origin": [1.17935, 12.64971, -3.7],
              "size": [1, 1, 0],
              "uv": [43, 27]
            }, {
              "inflate": 0.002,
              "origin": [1.52935, 12.64971, -3.7],
              "size": [1, 1, 0],
              "uv": [43, 27]
            }, {
              "origin": [1.17935, 12.44971, -3.7],
              "size": [1, 1, 0],
              "uv": [8, 45]
            }, {
              "origin": [1.52935, 12.44971, -3.7],
              "size": [1, 1, 0],
              "uv": [8, 45]
            }
          ],
          "name": "bone3",
          "parent": "head",
          "pivot": [1.67935, 12.88305, -3.69167],
          "rotation": [0, 0, -10]
        }, {
          "cubes": [
            {
              "mirror": true,
              "origin": [-2.17935, 11.54971, -3.675],
              "size": [1, 2, 0],
              "uv": [43, 27]
            }, {
              "mirror": true,
              "origin": [-2.62935, 11.54971, -3.675],
              "size": [1, 2, 0],
              "uv": [43, 27]
            }, {
              "inflate": 0.002,
              "mirror": true,
              "origin": [-2.17935, 12.64971, -3.7],
              "size": [1, 1, 0],
              "uv": [43, 27]
            }, {
              "inflate": 0.002,
              "mirror": true,
              "origin": [-2.62935, 12.64971, -3.7],
              "size": [1, 1, 0],
              "uv": [43, 27]
            }, {
              "mirror": true,
              "origin": [-2.17935, 12.44971, -3.7],
              "size": [1, 1, 0],
              "uv": [8, 45]
            }, {
              "mirror": true,
              "origin": [-2.62935, 12.44971, -3.7],
              "size": [1, 1, 0],
              "uv": [8, 45]
            }
          ],
          "name": "bone4",
          "parent": "head",
          "pivot": [-1.67935, 12.88305, -3.69167],
          "rotation": [0, 0, 10]
        }, {
          "cubes": [
            {
              "origin": [-0.5, 13.425, -3.7],
              "size": [1, 2, 0],
              "uv": [30, 43]
            }
          ],
          "name": "bone2",
          "parent": "head",
          "pivot": [0.5, 11.5, 0.35]
        }, {
          "cubes": [
            {
              "origin": [-4.5, 15.40866, -3.5567],
              "size": [9, 3, 10],
              "uv": [0, 0]
            }, {
              "inflate": 0.01,
              "origin": [-3, 18.15866, -3.0567],
              "size": [6, 2, 8],
              "uv": [0, 13]
            }, {
              "inflate": 0.02,
              "origin": [-0.5, 18.15866, -3.0567],
              "size": [1, 2, 8],
              "uv": [3, 54]
            }
          ],
          "name": "bone",
          "parent": "head",
          "pivot": [0, 15.61658, -3.50692],
          "rotation": [-40, 0, 0]
        }, {
          "cubes": [
            {
              "origin": [0.25, 4.7, 1.15],
              "size": [1, 0, 3],
              "uv": [38, 10]
            }
          ],
          "name": "tail_left",
          "parent": "torso",
          "pivot": [0.75, 4.7, 1.15],
          "rotation": [-25, 0, 0]
        }, {
          "cubes": [
            {
              "origin": [0.25, 4.7, 4.15],
              "size": [1, 0, 3],
              "uv": [16, 39]
            }
          ],
          "name": "bone25",
          "parent": "tail_left",
          "pivot": [0.75, 4.7, 4.15]
        }, {
          "cubes": [
            {
              "origin": [0.25, 4.7, 7.15],
              "size": [1, 0, 3],
              "uv": [24, 39]
            }
          ],
          "name": "bone26",
          "parent": "bone25",
          "pivot": [0.75, 4.7, 7.15]
        }, {
          "cubes": [
            {
              "origin": [0.25, 4.7, 10.15],
              "size": [1, 0, 3],
              "uv": [32, 39]
            }
          ],
          "name": "bone27",
          "parent": "bone26",
          "pivot": [0.75, 4.7, 10.15]
        }, {
          "cubes": [
            {
              "origin": [0.25, 4.7, 13.15],
              "size": [1, 0, 2],
              "uv": [0, 43]
            }, {
              "origin": [-0.75, 4.7, 14.4],
              "size": [3, 0, 1],
              "uv": [40, 34]
            }, {
              "origin": [-0.75, 4.7, 13.15],
              "size": [3, 0, 1],
              "uv": [42, 18]
            }
          ],
          "name": "bone28",
          "parent": "bone27",
          "pivot": [0.75, 4.7, 13.15]
        }, {
          "cubes": [
            {
              "origin": [-0.75, 4.7, 15.4],
              "size": [3, 0, 4],
              "uv": [30, 19]
            }
          ],
          "name": "bone29",
          "parent": "bone28",
          "pivot": [0.75, 4.7, 15.4]
        }, {
          "cubes": [
            {
              "inflate": 0.02,
              "origin": [0.25, 4.7, 16.4],
              "size": [1, 0, 2],
              "uv": [6, 43]
            }
          ],
          "name": "bone35",
          "parent": "bone29",
          "pivot": [2.25, 5.2, 16.4]
        }, {
          "cubes": [
            {
              "origin": [-0.75, 4.7, 19.4],
              "size": [3, 0, 3],
              "uv": [38, 0]
            }
          ],
          "name": "bone30",
          "parent": "bone29",
          "pivot": [0.75, 4.7, 19.4]
        }, {
          "cubes": [
            {
              "origin": [-0.4, 4.7, 16.4],
              "size": [2, 0, 4],
              "uv": [0, 35]
            }
          ],
          "name": "bone31",
          "parent": "bone29",
          "pivot": [0.6, 4.7, 16.4],
          "rotation": [0, 50, 0]
        }, {
          "cubes": [
            {
              "origin": [0.35, 4.7, 20.4],
              "size": [1, 0, 1],
              "uv": [44, 42]
            }
          ],
          "name": "bone32",
          "parent": "bone31",
          "pivot": [0.6, 4.7, 20.4]
        }, {
          "cubes": [
            {
              "origin": [-0.1, 4.7, 16.4],
              "size": [2, 0, 4],
              "uv": [12, 35]
            }
          ],
          "name": "bone33",
          "parent": "bone29",
          "pivot": [0.9, 4.7, 16.4],
          "rotation": [0, -50, 0]
        }, {
          "cubes": [
            {
              "origin": [0.15, 4.7, 20.4],
              "size": [1, 0, 1],
              "uv": [44, 43]
            }
          ],
          "name": "bone34",
          "parent": "bone33",
          "pivot": [0.65, 4.7, 20.4]
        }, {
          "cubes": [
            {
              "mirror": true,
              "origin": [-1.25, 4.7, 1.15],
              "size": [1, 0, 3],
              "uv": [38, 10]
            }
          ],
          "name": "tail_right",
          "parent": "torso",
          "pivot": [-0.75, 4.7, 1.15],
          "rotation": [-25, 0, 0]
        }, {
          "cubes": [
            {
              "mirror": true,
              "origin": [-1.25, 4.7, 4.15],
              "size": [1, 0, 3],
              "uv": [16, 39]
            }
          ],
          "name": "bone18",
          "parent": "tail_right",
          "pivot": [-0.75, 4.7, 4.15]
        }, {
          "cubes": [
            {
              "mirror": true,
              "origin": [-1.25, 4.7, 7.15],
              "size": [1, 0, 3],
              "uv": [24, 39]
            }
          ],
          "name": "bone19",
          "parent": "bone18",
          "pivot": [-0.75, 4.7, 7.15]
        }, {
          "cubes": [
            {
              "mirror": true,
              "origin": [-1.25, 4.7, 10.15],
              "size": [1, 0, 3],
              "uv": [32, 39]
            }
          ],
          "name": "bone20",
          "parent": "bone19",
          "pivot": [-0.75, 4.7, 10.15]
        }, {
          "cubes": [
            {
              "mirror": true,
              "origin": [-1.25, 4.7, 13.15],
              "size": [1, 0, 2],
              "uv": [0, 43]
            }, {
              "mirror": true,
              "origin": [-2.25, 4.7, 14.4],
              "size": [3, 0, 1],
              "uv": [40, 34]
            }, {
              "mirror": true,
              "origin": [-2.25, 4.7, 13.15],
              "size": [3, 0, 1],
              "uv": [42, 18]
            }
          ],
          "name": "bone21",
          "parent": "bone20",
          "pivot": [-0.75, 4.7, 13.15]
        }, {
          "cubes": [
            {
              "mirror": true,
              "origin": [-2.25, 4.7, 15.4],
              "size": [3, 0, 4],
              "uv": [30, 19]
            }
          ],
          "name": "bone36",
          "parent": "bone21",
          "pivot": [-0.75, 4.7, 15.4]
        }, {
          "cubes": [
            {
              "inflate": 0.02,
              "origin": [-1.25, 4.7, 16.4],
              "size": [1, 0, 2],
              "uv": [6, 43]
            }
          ],
          "name": "bone37",
          "parent": "bone36",
          "pivot": [0.75, 5.2, 16.4]
        }, {
          "cubes": [
            {
              "mirror": true,
              "origin": [-2.25, 4.7, 19.4],
              "size": [3, 0, 3],
              "uv": [38, 0]
            }
          ],
          "name": "bone38",
          "parent": "bone36",
          "pivot": [-0.75, 4.7, 19.4]
        }, {
          "cubes": [
            {
              "mirror": true,
              "origin": [-1.9, 4.7, 16.4],
              "size": [2, 0, 4],
              "uv": [0, 35]
            }
          ],
          "name": "bone39",
          "parent": "bone36",
          "pivot": [-0.9, 4.7, 16.4],
          "rotation": [0, 50, 0]
        }, {
          "cubes": [
            {
              "origin": [-1.15, 4.7, 20.4],
              "size": [1, 0, 1],
              "uv": [44, 42]
            }
          ],
          "name": "bone40",
          "parent": "bone39",
          "pivot": [-0.9, 4.7, 20.4]
        }, {
          "cubes": [
            {
              "mirror": true,
              "origin": [-1.6, 4.7, 16.4],
              "size": [2, 0, 4],
              "uv": [12, 35]
            }
          ],
          "name": "bone41",
          "parent": "bone36",
          "pivot": [-0.6, 4.7, 16.4],
          "rotation": [0, -50, 0]
        }, {
          "cubes": [
            {
              "origin": [-1.35, 4.7, 20.4],
              "size": [1, 0, 1],
              "uv": [44, 43]
            }
          ],
          "name": "bone42",
          "parent": "bone41",
          "pivot": [-0.85, 4.7, 20.4]
        }, {
          "cubes": [
            {
              "origin": [0.9, 3.1, -3.35],
              "size": [1, 1, 3],
              "uv": [0, 39]
            }
          ],
          "name": "bone22",
          "parent": "body",
          "pivot": [1.4, 4.1, -0.35],
          "rotation": [27.5, 0, 0]
        }, {
          "cubes": [
            {
              "origin": [-1.9, 3.1, -3.35],
              "size": [1, 1, 3],
              "uv": [8, 39]
            }
          ],
          "name": "bone23",
          "parent": "body",
          "pivot": [-1.4, 4.1, -0.35],
          "rotation": [27.5, 0, 0]
        }
      ],
      "description": {
        "identifier": "geometry.uxie",
        "texture_height": 64,
        "texture_width": 64,
        "visible_bounds_height": 2.5,
        "visible_bounds_offset": [0, 0.75, 0],
        "visible_bounds_width": 3
      }
    }
  ]
}