{
  "animations": {
    "animation.absol_mega.air_fly": {
      "bones": {
        "body": {
          "position": [0, "math.sin(q.anim_time*90*3)*-1.5", "math.sin(q.anim_time*90*3)*-0.25"],
          "rotation": ["12.5+math.cos(q.anim_time*90*3)*-2.5", 0, 0]
        },
        "chest_fur": {
          "rotation": [-30, 0, 0]
        },
        "chest_fur_1": {
          "rotation": [27.5, 0, 0]
        },
        "chest_fur_2": {
          "rotation": [7.5, 0, 0]
        },
        "chest_fur_left": {
          "rotation": [0, -25, 0]
        },
        "chest_fur_right": {
          "rotation": [0, 35, 0]
        },
        "foot__back_left": {
          "rotation": ["12.5+math.cos(q.anim_time*90*3)*-10", 0, 0]
        },
        "foot_back_right": {
          "rotation": ["12.5+math.cos(q.anim_time*90*3)*-10", 0, 0]
        },
        "foot_front_left": {
          "rotation": ["10+math.cos(q.anim_time*90*3)*-10", 0, 0]
        },
        "foot_front_right": {
          "rotation": ["10+math.cos(q.anim_time*90*3)*-10", 0, 0]
        },
        "hair": {
          "rotation": [0, 0, 47]
        },
        "hair2": {
          "rotation": [0, 8.5, 38]
        },
        "hair3": {
          "rotation": [9.69368, 25.60466, 13.24197]
        },
        "head": {
          "rotation": [-17.5, 0, 0]
        },
        "leg_back_left": {
          "rotation": ["22.5+math.cos(q.anim_time*90*3)*-2.5", 0, -17.5]
        },
        "leg_back_right": {
          "rotation": ["22.5+math.cos(q.anim_time*90*3)*-2.5", 0, 17.5]
        },
        "leg_front_left": {
          "rotation": ["math.cos(q.anim_time*90*3)*-2.5", 0, -12.5]
        },
        "leg_front_right": {
          "rotation": ["math.cos(q.anim_time*90*3)*-2.5", 0, 12.5]
        },
        "neck": {
          "rotation": [20, 0, 0]
        },
        "neck_fur_back2": {
          "rotation": [-45, 0, 0]
        },
        "neck_fur_left2": {
          "rotation": [0, 0, 40]
        },
        "neck_fur_right2": {
          "rotation": [0, 0, -30]
        },
        "tail": {
          "rotation": ["-22.5+math.cos(q.anim_time*90*2)*-2.5", 0, 0]
        },
        "wing_open_left": {
          "rotation": [-45, 0, "-45+math.cos(q.anim_time*90*4.5)*10"]
        },
        "wing_open_left2": {
          "rotation": [0, 0, "45+math.cos(q.anim_time*90*4.5)*22.5"]
        },
        "wing_open_left3": {
          "rotation": [0, 0, "22.5+math.cos(q.anim_time*90*4.5)*5"]
        },
        "wing_open_left4": {
          "rotation": [0, 0, "22.5+math.cos(q.anim_time*90*4.5)*5"]
        },
        "wing_open_right": {
          "rotation": [-45, 0, "45+math.cos(q.anim_time*90*4.5)*-10"]
        },
        "wing_open_right2": {
          "rotation": [0, 0, "-45+math.cos(q.anim_time*90*4.5)*-22.5"]
        },
        "wing_open_right3": {
          "rotation": [0, 0, "-22.5+math.cos(q.anim_time*90*4.5)*-5"]
        },
        "wing_open_right4": {
          "rotation": [0, 0, "-22.5+math.cos(q.anim_time*90*4.5)*-5"]
        }
      },
      "loop": true
    },
    "animation.absol_mega.air_idle": {
      "bones": {
        "body": {
          "position": [0, "math.sin(q.anim_time*90*1.5)*-1.5", "math.sin(q.anim_time*90*1.5)*-0.25"],
          "rotation": ["12.5+math.cos(q.anim_time*90*1.5)*-2.5", 0, 0]
        },
        "chest_fur": {
          "rotation": [-30, 0, 0]
        },
        "chest_fur_1": {
          "rotation": [27.5, 0, 0]
        },
        "chest_fur_2": {
          "rotation": [7.5, 0, 0]
        },
        "chest_fur_left": {
          "rotation": [0, -25, 0]
        },
        "chest_fur_right": {
          "rotation": [0, 35, 0]
        },
        "foot__back_left": {
          "rotation": ["12.5+math.cos(q.anim_time*90*2)*-5", 0, 0]
        },
        "foot_back_right": {
          "rotation": ["12.5+math.cos(q.anim_time*90*2)*-5", 0, 0]
        },
        "foot_front_left": {
          "rotation": ["10+math.cos(q.anim_time*90*2)*-5", 0, 0]
        },
        "foot_front_right": {
          "rotation": ["10+math.cos(q.anim_time*90*2)*-5", 0, 0]
        },
        "hair": {
          "rotation": [0, 0, 47]
        },
        "hair2": {
          "rotation": [0, 8.5, 38]
        },
        "hair3": {
          "rotation": [9.69368, 25.60466, 13.24197]
        },
        "head": {
          "rotation": [-17.5, 0, 0]
        },
        "leg_back_left": {
          "rotation": ["2.5+math.cos(q.anim_time*90*2)*-2.5", 0, 0]
        },
        "leg_back_right": {
          "rotation": ["2.5+math.cos(q.anim_time*90*2)*-2.5", 0, 0]
        },
        "leg_front_left": {
          "rotation": ["math.cos(q.anim_time*90*2)*-2.5", 0, -5]
        },
        "leg_front_right": {
          "rotation": ["math.cos(q.anim_time*90*2)*-2.5", 0, 5]
        },
        "neck": {
          "rotation": [20, 0, 0]
        },
        "neck_fur_back2": {
          "rotation": [-45, 0, 0]
        },
        "neck_fur_left2": {
          "rotation": [0, 0, 40]
        },
        "neck_fur_right2": {
          "rotation": [0, 0, -30]
        },
        "tail": {
          "rotation": ["-22.5+math.cos(q.anim_time*90*2)*-2.5", 0, 0]
        },
        "wing_open_left": {
          "rotation": [-45, 0, "-45+math.cos(q.anim_time*90*3)*10"]
        },
        "wing_open_left2": {
          "rotation": [0, 0, "45+math.cos(q.anim_time*90*3)*22.5"]
        },
        "wing_open_left3": {
          "rotation": [0, 0, "22.5+math.cos(q.anim_time*90*3)*5"]
        },
        "wing_open_left4": {
          "rotation": [0, 0, "22.5+math.cos(q.anim_time*90*3)*5"]
        },
        "wing_open_right": {
          "rotation": [-45, 0, "45+math.cos(q.anim_time*90*3)*-10"]
        },
        "wing_open_right2": {
          "rotation": [0, 0, "-45+math.cos(q.anim_time*90*3)*-22.5"]
        },
        "wing_open_right3": {
          "rotation": [0, 0, "-22.5+math.cos(q.anim_time*90*3)*-5"]
        },
        "wing_open_right4": {
          "rotation": [0, 0, "-22.5+math.cos(q.anim_time*90*3)*-5"]
        }
      },
      "loop": true
    },
    "animation.absol_mega.blink": {
      "animation_length": 0.1667,
      "bones": {
        "eyes_closed": {
          "position": {
            "0.0": [0, 0, -1],
            "0.125": {
              "post": [0, 0, -1],
              "pre": [0, 0, -1]
            },
            "0.1667": {
              "post": [0, 0, 0],
              "pre": [0, 0, -1]
            }
          }
        },
        "eyes_open": {
          "position": {
            "0.0": [0, 0, 1],
            "0.125": {
              "post": [0, 0, 1],
              "pre": [0, 0, 1]
            },
            "0.1667": {
              "post": [0, 0, 0],
              "pre": [0, 0, 1]
            }
          }
        }
      }
    },
    "animation.absol_mega.cry": {
      "animation_length": 2,
      "bones": {
        "mouth": {
          "position": {
            "0.0": [0, 0, 0.17],
            "0.25": {
              "post": [0, 0, -1],
              "pre": [0, 0, 0.17]
            },
            "1.7917": {
              "post": [0, 0, 0.17],
              "pre": [0, 0, -1]
            }
          }
        }
      }
    },
    "animation.absol_mega.ground_idle": {
      "bones": {
        "chest_fur": {
          "rotation": [-30, 0, 0]
        },
        "chest_fur_1": {
          "rotation": [27.5, 0, 0]
        },
        "chest_fur_2": {
          "rotation": [7.5, 0, 0]
        },
        "chest_fur_left": {
          "rotation": [0, -25, 0]
        },
        "chest_fur_right": {
          "rotation": [0, 35, 0]
        },
        "hair": {
          "rotation": [0, 0, 47]
        },
        "hair2": {
          "rotation": [0, 8.5, 38]
        },
        "hair3": {
          "rotation": [9.69368, 25.60466, 13.24197]
        },
        "head": {
          "rotation": ["-17.5+math.sin(query.anim_time*90*2)*2.5", 0, 0]
        },
        "neck": {
          "rotation": [20, 0, 0]
        },
        "neck_fur_back2": {
          "rotation": [-45, 0, 0]
        },
        "neck_fur_left2": {
          "rotation": [0, 0, 40]
        },
        "neck_fur_right2": {
          "rotation": [0, 0, -30]
        },
        "tail": {
          "rotation": ["-22.5+math.sin(query.anim_time*90*2)*2.5", 0, 0]
        },
        "torso": {
          "rotation": ["math.cos(q.anim_time*90*2)*1.5", 0, 0]
        },
        "wing_open_left": {
          "rotation": [-45, 0, "-45+math.sin(query.anim_time*90*2)*-2.5"]
        },
        "wing_open_left2": {
          "rotation": [0, -10, "32.5+math.sin(query.anim_time*90*2)*-2.5"]
        },
        "wing_open_left3": {
          "rotation": [0, -7.5, "17.5+math.sin(query.anim_time*90*2)*-2.5"]
        },
        "wing_open_left4": {
          "rotation": [0, 0, "22.5+math.sin(query.anim_time*90*2)*-2.5"]
        },
        "wing_open_right": {
          "rotation": [-45, 0, "45+math.sin(query.anim_time*90*2)*2.5"]
        },
        "wing_open_right2": {
          "rotation": [0, 10, "-32.5+math.sin(query.anim_time*90*2)*2.5"]
        },
        "wing_open_right3": {
          "rotation": [0, 7.5, "-17.5+math.sin(query.anim_time*90*2)*2.5"]
        },
        "wing_open_right4": {
          "rotation": [0, 0, "-22.5+math.sin(query.anim_time*90*2)*2.5"]
        }
      },
      "loop": true
    },
    "animation.absol_mega.render": {
      "bones": {
        "chest": {
          "rotation": [12.5, 0, 0]
        },
        "chest_fur": {
          "rotation": [-42.5, 0, 0]
        },
        "chest_fur_1": {
          "rotation": [27.5, 0, 0]
        },
        "chest_fur_2": {
          "rotation": [7.5, 0, 0]
        },
        "chest_fur_left": {
          "rotation": [0, -25, 0]
        },
        "chest_fur_right": {
          "rotation": [0, 35, 0]
        },
        "eyes_closed": {
          "position": [0, 0, 0]
        },
        "eyes_halfclosed": {
          "position": [0, 0, 0]
        },
        "eyes_happy": {
          "position": [0, 0, 0]
        },
        "eyes_open": {
          "position": [0, 0, 0]
        },
        "foot__back_left": {
          "rotation": [-14.82005, -12.39135, -1.6575]
        },
        "foot_back_right": {
          "rotation": [0, 15, 0]
        },
        "foot_front_left": {
          "rotation": [12.15846, -18.26883, -13.36473]
        },
        "foot_front_right": {
          "rotation": [-12.07362, 14.63639, 13.31914]
        },
        "hair": {
          "rotation": [0, 0, 45]
        },
        "hair2": {
          "rotation": [1.95155, 7.24305, 27.62353]
        },
        "hair3": {
          "rotation": [8.61775, 34.05444, 17.64371]
        },
        "head": {
          "rotation": [-25.32307, -13.66763, -4.61603]
        },
        "hips": {
          "rotation": [-2.5, 0, 0]
        },
        "leg_back_left": {
          "rotation": [21.9659, -13.44762, -0.11731]
        },
        "leg_back_left2": {
          "rotation": [-10, 0, 0]
        },
        "leg_back_left3": {
          "rotation": [5, 0, 0]
        },
        "leg_back_right": {
          "position": [-0.11888, 0, -1.67283],
          "rotation": [0, -22.5, 0]
        },
        "leg_front_left": {
          "position": [0, -0.25, 0],
          "rotation": [-25.47479, -17.22575, 3.13388]
        },
        "leg_front_left2": {
          "rotation": [14.61364, 12.22219, 2.52829]
        },
        "leg_front_right": {
          "rotation": [12.5, 0, 0]
        },
        "leg_front_right2": {
          "rotation": [0, 0, -10]
        },
        "neck": {
          "rotation": [15.34479, -13.10699, 9.18372]
        },
        "neck_fur_back2": {
          "rotation": [-45, 0, 0]
        },
        "neck_fur_left2": {
          "rotation": [0, 0, 40]
        },
        "neck_fur_right2": {
          "rotation": [0, 0, -30]
        },
        "tail": {
          "rotation": [-8.01788, 32.61138, -0.66603]
        },
        "waist": {
          "rotation": [0, -20, 0]
        }
      },
      "loop": true
    }
  },
  "format_version": "1.8.0"
}