{
  "format_version": "1.12.0",
  "minecraft:geometry": [
    {
      "bones": [
        {
          "name": "wormadam",
          "pivot": [-1, 0, 0]
        }, {
          "name": "body",
          "parent": "wormadam",
          "pivot": [0, 0, 0]
        }, {
          "cubes": [
            {
              "origin": [-0.5, 21, -0.3],
              "pivot": [0, 21, 0.7],
              "rotation": [0, 0, -22.5],
              "size": [1, 2, 1],
              "uv": [16, 52]
            }
          ],
          "name": "torso3",
          "parent": "body",
          "pivot": [-0.325, 22.975, 0.25]
        }, {
          "cubes": [
            {
              "origin": [-1, 20.25, -0.8],
              "size": [2, 1, 2],
              "uv": [50, 50]
            }
          ],
          "name": "bone10",
          "parent": "torso3",
          "pivot": [0, 21.25, 0.75]
        }, {
          "cubes": [
            {
              "origin": [-0.5, 17.75, -0.25],
              "size": [1, 3, 1],
              "uv": [12, 52]
            }
          ],
          "name": "torso2",
          "parent": "bone10",
          "pivot": [0, 20.75, 0.8]
        }, {
          "cubes": [
            {
              "inflate": 0.1,
              "origin": [-0.5, 13.75, -0.25],
              "size": [1, 4, 1],
              "uv": [8, 52]
            }
          ],
          "name": "bone28",
          "parent": "torso2",
          "pivot": [0, 17.75, 0.25]
        }, {
          "cubes": [
            {
              "origin": [-2.5, 10.75, -2.25],
              "size": [5, 4, 5],
              "uv": [0, 43]
            }
          ],
          "name": "bone",
          "parent": "bone28",
          "pivot": [0, 14.75, 0.25]
        }, {
          "cubes": [
            {
              "origin": [-2.5, 14.75, 1.25],
              "size": [2, 3, 0],
              "uv": [28, 52]
            }
          ],
          "name": "bone23",
          "parent": "bone",
          "pivot": [-0.5, 14.75, 1.25],
          "rotation": [-16.73634, -5.188, -16.73634]
        }, {
          "cubes": [
            {
              "origin": [0.5, 14.75, 1.25],
              "size": [2, 3, 0],
              "uv": [32, 52]
            }
          ],
          "name": "bone24",
          "parent": "bone",
          "pivot": [0.5, 14.75, 1.25],
          "rotation": [-16.73634, 5.188, 16.73634]
        }, {
          "cubes": [
            {
              "origin": [-0.5, 11.875, -5.25],
              "size": [1, 1, 3],
              "uv": [48, 36]
            }
          ],
          "name": "bone8",
          "parent": "bone",
          "pivot": [0, 12.875, -2.25],
          "rotation": [25, 0, 0]
        }, {
          "cubes": [
            {
              "origin": [-2.25, 11.75, -2.275],
              "size": [1, 2, 0],
              "uv": [36, 52]
            }
          ],
          "name": "bone2",
          "parent": "bone",
          "pivot": [-1.25, 11.75, -1.275]
        }, {
          "cubes": [
            {
              "origin": [-2.25, 12.2, -2.3],
              "size": [1, 1, 0],
              "uv": [46, 33]
            }
          ],
          "name": "bone3",
          "parent": "bone2",
          "pivot": [-1.25, 11.75, -1.275]
        }, {
          "cubes": [
            {
              "origin": [-2, 13.75, -2.275],
              "size": [1, 1, 0],
              "uv": [50, 42]
            }, {
              "origin": [-1.55, 13.75, -2.3],
              "size": [1, 1, 0],
              "uv": [40, 52]
            }
          ],
          "name": "bone6",
          "parent": "bone3",
          "pivot": [-1.25, 11.2, -1.3]
        }, {
          "cubes": [
            {
              "origin": [1.25, 11.75, -2.275],
              "size": [1, 2, 0],
              "uv": [38, 52]
            }
          ],
          "name": "bone4",
          "parent": "bone",
          "pivot": [2.25, 11.75, -1.275]
        }, {
          "cubes": [
            {
              "origin": [1.25, 12.2, -2.3],
              "size": [1, 1, 0],
              "uv": [48, 42]
            }
          ],
          "name": "bone5",
          "parent": "bone4",
          "pivot": [2.25, 11.75, -1.275]
        }, {
          "cubes": [
            {
              "origin": [1.05, 13.75, -2.275],
              "size": [1, 1, 0],
              "uv": [42, 52]
            }, {
              "origin": [0.6, 13.75, -2.3],
              "size": [1, 1, 0],
              "uv": [52, 42]
            }
          ],
          "name": "bone7",
          "parent": "bone4",
          "pivot": [1.3, 11.2, -1.3]
        }, {
          "cubes": [
            {
              "origin": [-4.5, 14.7, -1.25],
              "size": [2, 0, 3],
              "uv": [46, 30]
            }
          ],
          "name": "arm_left",
          "parent": "bone",
          "pivot": [-2.5, 14.7, 0.25],
          "rotation": [0, 0, -25]
        }, {
          "cubes": [
            {
              "origin": [-7.5, 14.7, -2.25],
              "size": [3, 0, 5],
              "uv": [46, 0]
            }
          ],
          "name": "arm_left2",
          "parent": "arm_left",
          "pivot": [-4.5, 14.7, 0.25]
        }, {
          "cubes": [
            {
              "origin": [-10.5, 14.7, -2.25],
              "size": [3, 0, 5],
              "uv": [46, 5]
            }
          ],
          "name": "arm_left3",
          "parent": "arm_left2",
          "pivot": [-7.5, 14.7, 0.25]
        }, {
          "name": "arm_left4",
          "parent": "arm_left3",
          "pivot": [-10.5, 14.7, 0.25]
        }, {
          "cubes": [
            {
              "origin": [-14.5, 14.7, -0.75],
              "size": [4, 0, 2],
              "uv": [46, 26]
            }
          ],
          "name": "bone9",
          "parent": "arm_left4",
          "pivot": [-10.5, 14.7, 0.25]
        }, {
          "cubes": [
            {
              "origin": [-13.5, 14.7, -2.75],
              "size": [3, 0, 2],
              "uv": [48, 40]
            }
          ],
          "name": "bone18",
          "parent": "arm_left4",
          "pivot": [-10.5, 14.7, -1.75]
        }, {
          "cubes": [
            {
              "origin": [-13.5, 14.7, 1.25],
              "size": [3, 0, 2],
              "uv": [20, 50]
            }
          ],
          "name": "bone11",
          "parent": "arm_left4",
          "pivot": [-10.5, 14.7, 2.25]
        }, {
          "cubes": [
            {
              "origin": [2.5, 14.7, -1.25],
              "size": [2, 0, 3],
              "uv": [48, 33]
            }
          ],
          "name": "arm_right",
          "parent": "bone",
          "pivot": [2.5, 14.7, 0.25],
          "rotation": [0, 0, 25]
        }, {
          "cubes": [
            {
              "origin": [4.5, 14.7, -2.25],
              "size": [3, 0, 5],
              "uv": [46, 10]
            }
          ],
          "name": "arm_right2",
          "parent": "arm_right",
          "pivot": [4.5, 14.7, 0.25]
        }, {
          "cubes": [
            {
              "origin": [7.5, 14.7, -2.25],
              "size": [3, 0, 5],
              "uv": [46, 15]
            }
          ],
          "name": "arm_right3",
          "parent": "arm_right2",
          "pivot": [7.5, 14.7, 0.25]
        }, {
          "name": "arm_right4",
          "parent": "arm_right3",
          "pivot": [10.5, 14.7, 0.25]
        }, {
          "cubes": [
            {
              "origin": [10.5, 14.7, -2.75],
              "size": [3, 0, 2],
              "uv": [30, 50]
            }
          ],
          "name": "bone20",
          "parent": "arm_right4",
          "pivot": [10.5, 14.7, -1.75]
        }, {
          "cubes": [
            {
              "origin": [10.5, 14.7, 1.25],
              "size": [3, 0, 2],
              "uv": [40, 50]
            }
          ],
          "name": "bone21",
          "parent": "arm_right4",
          "pivot": [10.5, 14.7, 2.25]
        }, {
          "cubes": [
            {
              "origin": [10.5, 14.7, -0.75],
              "size": [4, 0, 2],
              "uv": [46, 28]
            }
          ],
          "name": "bone22",
          "parent": "arm_right4",
          "pivot": [10.5, 14.7, 0.25]
        }, {
          "cubes": [
            {
              "origin": [-6, 6, -5.2],
              "pivot": [-1, 9.5, 0.3],
              "rotation": [5, 0, 0],
              "size": [12, 6, 11],
              "uv": [0, 0]
            }, {
              "inflate": 0.2,
              "origin": [-6, 6, -5.2],
              "pivot": [-1, 9.5, 0.3],
              "rotation": [5, 0, 0],
              "size": [12, 6, 11],
              "uv": [0, 17]
            }
          ],
          "name": "torso",
          "parent": "bone",
          "pivot": [0, 12, -0.25]
        }, {
          "cubes": [
            {
              "origin": [-3, 4, -3],
              "size": [6, 3, 6],
              "uv": [0, 34]
            }, {
              "inflate": 0.2,
              "origin": [-3, 4, -3],
              "size": [6, 3, 6],
              "uv": [24, 34]
            }
          ],
          "name": "bone12",
          "parent": "torso",
          "pivot": [0, 4, 0]
        }, {
          "cubes": [
            {
              "inflate": 0.2,
              "origin": [-2, 2.5, -2],
              "size": [4, 3, 4],
              "uv": [20, 43]
            }, {
              "origin": [-2, 2.5, -2],
              "size": [4, 3, 4],
              "uv": [36, 43]
            }
          ],
          "name": "bone13",
          "parent": "bone12",
          "pivot": [0, 5.5, 0]
        }, {
          "cubes": [
            {
              "origin": [-1.5, 0.25, -1.5],
              "size": [3, 3, 3],
              "uv": [46, 20]
            }, {
              "origin": [-1, -0.5, -1.5],
              "pivot": [0, 2.5, -1.5],
              "rotation": [-37.5, 0, 0],
              "size": [2, 3, 0],
              "uv": [20, 52]
            }, {
              "origin": [-1, -0.5, 1.5],
              "pivot": [0, 2.5, 1.5],
              "rotation": [37.5, 0, 0],
              "size": [2, 3, 0],
              "uv": [24, 52]
            }, {
              "origin": [-1.5, -0.5, -1],
              "pivot": [-1.5, 2.5, 0],
              "rotation": [0, 0, 37.5],
              "size": [0, 3, 2],
              "uv": [0, 52]
            }, {
              "origin": [1.5, -0.5, -0.75],
              "pivot": [1.5, 2.5, 0.25],
              "rotation": [0, 0, -37.5],
              "size": [0, 3, 2],
              "uv": [4, 52]
            }
          ],
          "name": "bone14",
          "parent": "bone13",
          "pivot": [0, 2.50665, -1.00876]
        }
      ],
      "description": {
        "identifier": "geometry.wormadam",
        "texture_height": 64,
        "texture_width": 64,
        "visible_bounds_height": 2.5,
        "visible_bounds_offset": [0, 0.75, 0],
        "visible_bounds_width": 3
      }
    }
  ]
}