{
  "animations": {
    "animation.slurpuff.blink": {
      "animation_length": 0.16667,
      "bones": {
        "eyelids": {
          "position": {
            "0.0": [0, 0, -1],
            "0.0833": [0, 0, -1],
            "0.125": [0, 0, 0]
          }
        },
        "eyes": {
          "position": {
            "0.0": [0, 0, 1],
            "0.125": [0, 0, 0]
          }
        }
      }
    },
    "animation.slurpuff.faint": {
      "animation_length": 3
    },
    "animation.slurpuff.ground_idle": {
      "animation_length": 1.5,
      "bones": {
        "feet": {
          "rotation": {
            "0.0": {
              "lerp_mode": "catmullrom",
              "post": [2.5, 0, 0]
            },
            "0.75": {
              "lerp_mode": "catmullrom",
              "post": [10, 0, 0]
            },
            "1.4583": {
              "lerp_mode": "catmullrom",
              "post": [2.5, 0, 0]
            }
          }
        },
        "leftarm": {
          "rotation": {
            "0.0": {
              "lerp_mode": "catmullrom",
              "post": [0, 0, -15]
            },
            "0.7083": {
              "lerp_mode": "catmullrom",
              "post": [0, 0, -25.3]
            },
            "1.4583": {
              "lerp_mode": "catmullrom",
              "post": [0, 0, -15]
            }
          }
        },
        "leftfrostingtuft": {
          "rotation": {
            "0.0": {
              "lerp_mode": "catmullrom",
              "post": [0, 0, 0]
            },
            "0.75": {
              "lerp_mode": "catmullrom",
              "post": [0, 0, 4.85]
            },
            "1.5": {
              "lerp_mode": "catmullrom",
              "post": [0, 0, 0]
            }
          }
        },
        "rightarm": {
          "rotation": {
            "0.0": {
              "lerp_mode": "catmullrom",
              "post": [0, 0, 15]
            },
            "0.7917": {
              "lerp_mode": "catmullrom",
              "post": [0, 0, 24.85]
            },
            "1.4583": {
              "lerp_mode": "catmullrom",
              "post": [0, 0, 15]
            }
          }
        },
        "rightfrostingtuft": {
          "rotation": {
            "0.0": {
              "lerp_mode": "catmullrom",
              "post": [0, 0, 0]
            },
            "0.75": {
              "lerp_mode": "catmullrom",
              "post": [0, 0, -5.13]
            },
            "1.4583": {
              "lerp_mode": "catmullrom",
              "post": [0, 0, 0]
            }
          }
        },
        "slurpuff": {
          "position": {
            "0.0": {
              "lerp_mode": "catmullrom",
              "post": [0, 0.2, 0]
            },
            "0.75": {
              "lerp_mode": "catmullrom",
              "post": [0, 0.6, 0]
            },
            "1.4583": {
              "lerp_mode": "catmullrom",
              "post": [0, 0.2, 0]
            }
          }
        },
        "tongue": {
          "rotation": {
            "0.0": {
              "lerp_mode": "catmullrom",
              "post": [0, 0, -3]
            },
            "0.5417": {
              "lerp_mode": "catmullrom",
              "post": [0, 0, 3]
            },
            "1.4583": {
              "lerp_mode": "catmullrom",
              "post": [0, 0, -3]
            }
          }
        }
      },
      "loop": true
    },
    "animation.slurpuff.ground_walk": {
      "bones": {
        "arms": {
          "rotation": ["Math.cos((query.anim_time - 0.8) * 180) * 5", "Math.cos((query.anim_time - 0.8) * 360) * 5", "Math.cos((query.anim_time - 0.8) * 180) * 5"]
        },
        "body": {
          "rotation": ["Math.cos((query.anim_time - 0.8) * 360) * -5", "Math.cos((query.anim_time - 0.8) * 180) * -5", "Math.cos((query.anim_time - 0.8) * 180) * 5"]
        },
        "frosting": {
          "rotation": ["Math.cos((query.anim_time - 0.8) * 360) * -1", 0, "Math.sin((query.anim_time - 0.8) * 180) * 1"]
        },
        "head": {
          "rotation": ["Math.sin((query.anim_time - 0.8) * 360) * -5", 0, "Math.sin((query.anim_time - 0.8) * 180) * 5"]
        },
        "left_foot": {
          "rotation": ["Math.cos((query.anim_time - 0.8) * 180) * 10", 0, 0]
        },
        "mouth": {
          "rotation": [0, 0, "Math.cos((query.anim_time - 0.8) * 180) * 2"]
        },
        "right_foot": {
          "rotation": ["Math.cos((query.anim_time - 0.8) * 180) * -10", 0, 0]
        }
      },
      "loop": true
    },
    "animation.slurpuff.sleep": {
      "animation_length": 2.25,
      "bones": {
        "body": {
          "position": [0, 0, -12]
        },
        "eyelids": {
          "position": [0, 0, -1]
        },
        "eyes": {
          "position": [0, 0, 1]
        },
        "head": {
          "position": {
            "0.0": {
              "lerp_mode": "catmullrom",
              "post": [0, 0, 0]
            },
            "1.0": {
              "lerp_mode": "catmullrom",
              "post": [0, -0.1, 0]
            },
            "2.25": {
              "lerp_mode": "catmullrom",
              "post": [0, 0, 0]
            }
          },
          "rotation": {
            "0.0": {
              "lerp_mode": "catmullrom",
              "post": [0, 0, 0]
            },
            "1.0": {
              "lerp_mode": "catmullrom",
              "post": [1.5, 0, 0]
            },
            "2.25": {
              "lerp_mode": "catmullrom",
              "post": [0, 0, 0]
            }
          }
        },
        "leftarm": {
          "rotation": {
            "0.0": {
              "lerp_mode": "catmullrom",
              "post": [0, -3.5, 0]
            },
            "1.125": {
              "lerp_mode": "catmullrom",
              "post": [0, 3.5, 0]
            },
            "2.0": {
              "lerp_mode": "catmullrom",
              "post": [0, -3.5, 0]
            },
            "2.25": {
              "lerp_mode": "catmullrom",
              "post": [0, -3.5, 0]
            }
          }
        },
        "leftfoot": {
          "position": {
            "0.0": {
              "lerp_mode": "catmullrom",
              "post": [0, 0.4, 0]
            },
            "2.2083": {
              "lerp_mode": "catmullrom",
              "post": [0, 0.4, 0]
            }
          },
          "rotation": {
            "0.0": {
              "lerp_mode": "catmullrom",
              "post": [7.47178, -0.65182, 4.95744]
            },
            "0.875": {
              "lerp_mode": "catmullrom",
              "post": [14.97178, -0.65182, 4.95744]
            },
            "2.2083": {
              "lerp_mode": "catmullrom",
              "post": [7.47178, -0.65182, 4.95744]
            }
          }
        },
        "rightarm": {
          "rotation": {
            "0.0": {
              "lerp_mode": "catmullrom",
              "post": [0, -3.5, 0]
            },
            "0.875": {
              "lerp_mode": "catmullrom",
              "post": [0, 3.5, 0]
            },
            "2.0": {
              "lerp_mode": "catmullrom",
              "post": [0, -3.5, 0]
            },
            "2.25": {
              "lerp_mode": "catmullrom",
              "post": [0, -3.5, 0]
            }
          }
        },
        "rightfoot": {
          "position": {
            "0.0": {
              "lerp_mode": "catmullrom",
              "post": [0, 0.5, 0]
            },
            "2.2083": {
              "lerp_mode": "catmullrom",
              "post": [0, 0.5, 0]
            }
          },
          "rotation": {
            "0.0": {
              "lerp_mode": "catmullrom",
              "post": [22.71362, -6.49053, -3.76613]
            },
            "1.1667": {
              "lerp_mode": "catmullrom",
              "post": [17.71362, -6.49053, -3.76613]
            },
            "2.2083": {
              "lerp_mode": "catmullrom",
              "post": [22.71362, -6.49053, -3.76613]
            }
          }
        },
        "slurpuff": {
          "position": {
            "0.0": {
              "lerp_mode": "catmullrom",
              "post": [0, -6, 0]
            },
            "2.25": {
              "lerp_mode": "catmullrom",
              "post": [0, -6, 0]
            }
          },
          "rotation": {
            "0.0": {
              "lerp_mode": "catmullrom",
              "post": [-90, 0, 0]
            },
            "2.25": {
              "lerp_mode": "catmullrom",
              "post": [-90, 0, 0]
            }
          }
        },
        "tongue": {
          "rotation": {
            "0.0": {
              "lerp_mode": "catmullrom",
              "post": [0, 0, -10]
            },
            "1.0": {
              "lerp_mode": "catmullrom",
              "post": [0, 0, 7.5]
            },
            "2.25": {
              "lerp_mode": "catmullrom",
              "post": [0, 0, -10]
            }
          }
        }
      },
      "loop": true
    }
  },
  "format_version": "1.8.0"
}