{
  "animations": {
    "animation.fluttermane.air_fly": {
      "animation_length": 4,
      "bones": {
        "bead_front": {
          "rotation": ["-20+math.cos((query.anim_time-0.6) * 90 * 4) * 10", 0, 0]
        },
        "bead_front_left": {
          "rotation": ["-15+math.sin((query.anim_time) * 90 * 4) * 10", 0, 0]
        },
        "bead_front_left2": {
          "rotation": ["25+math.sin((query.anim_time) * 90 * 4) * 10", 0, 0]
        },
        "bead_front_right": {
          "rotation": ["-16+math.sin((query.anim_time) * 90 * 4) * 10", 0, 0]
        },
        "bead_front_right2": {
          "rotation": ["25+math.sin((query.anim_time) * 90 * 4) * 10", 0, 0]
        },
        "body": {
          "position": [0, "math.sin(q.anim_time*90*4)*0.75", 0],
          "rotation": ["15+2.5*math.sin(q.anim_time*90*2)*0.75", 0, "2.5*math.sin(q.anim_time*90*2+90)*0.75"]
        },
        "bone10": {
          "rotation": ["0+math.sin(q.anim_time*90*2+125)*4", 0, 0]
        },
        "bone11": {
          "rotation": ["-math.sin(q.anim_time*90*4+125)*10", 0, 0]
        },
        "bone12": {
          "rotation": ["-math.sin((q.anim_time-0.3)*90*4+125)*10", 0, 0]
        },
        "bone19": {
          "rotation": ["-math.sin((q.anim_time-0.3)*90*4+125)*5", 0, 0]
        },
        "bone20": {
          "rotation": ["-math.sin((q.anim_time-0.3)*90*4+125)*5", 0, 0]
        },
        "bone21": {
          "rotation": [0, "-math.sin((q.anim_time-0.3)*90*4+125)*15", 0]
        },
        "bone22": {
          "rotation": [0, "-math.sin(q.anim_time*90*4+150)*8", 0]
        },
        "bone24": {
          "position": [0, 0.6, -0.4],
          "rotation": [-15, 0, 0]
        },
        "bone6": {
          "rotation": ["0+math.sin(q.anim_time*90*2+125)*4", 0, 0]
        },
        "bone7": {
          "rotation": ["-math.sin(q.anim_time*90*4+125)*10", 0, 0]
        },
        "bone8": {
          "rotation": ["-math.sin((q.anim_time-0.3)*90*4+125)*10", 0, 0]
        },
        "hair_back2": {
          "rotation": [6, 0, 0]
        },
        "hair_back2_joint3": {
          "rotation": [6, 0, 0]
        },
        "hair_back4": {
          "rotation": [6, 0, 0]
        },
        "hair_back5": {
          "rotation": [6, 0, 0]
        },
        "left_lower_flap": {
          "rotation": ["-0.8712+math.sin(q.anim_time*90*2+90)*5", "0+math.sin(q.anim_time*90*4+90)*5", -1.17681]
        },
        "left_lower_flap_2": {
          "rotation": [0, "-math.sin(q.anim_time*90*4+150)*8", 0]
        },
        "left_lower_flap_3": {
          "rotation": [0, "20-math.sin(q.anim_time*90*4+125)*15", 0]
        },
        "left_lower_flap_4": {
          "rotation": [0, "5-math.sin(q.anim_time*90*4-125)*-15", 0]
        },
        "necklace": {
          "rotation": ["17.5+math.sin((query.anim_time) * 90 * 4) * 10", 0, 0]
        },
        "right_lower_flap": {
          "rotation": ["-0.8712+math.sin(q.anim_time*90*2+90)*5", "0-math.sin(q.anim_time*90*4+90)*5", 1.1768]
        },
        "right_lower_flap_2": {
          "rotation": [0, "math.sin(q.anim_time*90*4+150)*8", 0]
        },
        "right_lower_flap_3": {
          "rotation": [0, "-20+math.sin(q.anim_time*90*4+125)*15", 0]
        },
        "right_lower_flap_4": {
          "rotation": [0, "5+math.sin(q.anim_time*90*4-125)*-15", 0]
        },
        "skirt": {
          "rotation": {
            "0.0": {
              "lerp_mode": "catmullrom",
              "post": [0, 1, 0]
            },
            "0.25": {
              "lerp_mode": "catmullrom",
              "post": [0, -2, 0]
            },
            "0.5": {
              "lerp_mode": "catmullrom",
              "post": [0, 1, 0]
            },
            "0.75": {
              "lerp_mode": "catmullrom",
              "post": [0, -2, 0]
            },
            "1.0": {
              "lerp_mode": "catmullrom",
              "post": [0, 1, 0]
            },
            "1.25": {
              "lerp_mode": "catmullrom",
              "post": [0, -2, 0]
            },
            "1.5": {
              "lerp_mode": "catmullrom",
              "post": [0, 1, 0]
            },
            "1.75": {
              "lerp_mode": "catmullrom",
              "post": [0, -2, 0]
            },
            "2.0": {
              "lerp_mode": "catmullrom",
              "post": [0, 1, 0]
            },
            "2.25": {
              "lerp_mode": "catmullrom",
              "post": [0, -2, 0]
            },
            "2.5": {
              "lerp_mode": "catmullrom",
              "post": [0, 1, 0]
            },
            "2.75": {
              "lerp_mode": "catmullrom",
              "post": [0, -2, 0]
            },
            "3.0": {
              "lerp_mode": "catmullrom",
              "post": [0, 1, 0]
            },
            "3.25": {
              "lerp_mode": "catmullrom",
              "post": [0, -2, 0]
            },
            "3.5": {
              "lerp_mode": "catmullrom",
              "post": [0, 1, 0]
            },
            "3.75": {
              "lerp_mode": "catmullrom",
              "post": [0, -2, 0]
            },
            "4.0": {
              "lerp_mode": "catmullrom",
              "post": [0, 1, 0]
            }
          },
          "scale": {
            "0.0": {
              "lerp_mode": "catmullrom",
              "post": [0.99, 1, 0.99]
            },
            "0.25": {
              "lerp_mode": "catmullrom",
              "post": [1.01, 1, 1.01]
            },
            "0.5": {
              "lerp_mode": "catmullrom",
              "post": [0.99, 1, 0.99]
            },
            "0.75": {
              "lerp_mode": "catmullrom",
              "post": [1.01, 1, 1.01]
            },
            "1.0": {
              "lerp_mode": "catmullrom",
              "post": [0.99, 1, 0.99]
            },
            "1.25": {
              "lerp_mode": "catmullrom",
              "post": [1.01, 1, 1.01]
            },
            "1.5": {
              "lerp_mode": "catmullrom",
              "post": [0.99, 1, 0.99]
            },
            "1.75": {
              "lerp_mode": "catmullrom",
              "post": [1.01, 1, 1.01]
            },
            "2.0": {
              "lerp_mode": "catmullrom",
              "post": [0.99, 1, 0.99]
            },
            "2.25": {
              "lerp_mode": "catmullrom",
              "post": [1.01, 1, 1.01]
            },
            "2.5": {
              "lerp_mode": "catmullrom",
              "post": [0.99, 1, 0.99]
            },
            "2.75": {
              "lerp_mode": "catmullrom",
              "post": [1.01, 1, 1.01]
            },
            "3.0": {
              "lerp_mode": "catmullrom",
              "post": [0.99, 1, 0.99]
            },
            "3.25": {
              "lerp_mode": "catmullrom",
              "post": [1.01, 1, 1.01]
            },
            "3.5": {
              "lerp_mode": "catmullrom",
              "post": [0.99, 1, 0.99]
            },
            "3.75": {
              "lerp_mode": "catmullrom",
              "post": [1.01, 1, 1.01]
            },
            "4.0": {
              "lerp_mode": "catmullrom",
              "post": [0.99, 1, 0.99]
            }
          }
        },
        "torso": {
          "rotation": ["22.5+0.03*(math.sin(q.anim_time*90*2)*1)+4*(math.sin(q.anim_time*90*3)*1)", 0, 0]
        }
      },
      "loop": true
    },
    "animation.fluttermane.air_idle": {
      "animation_length": 4,
      "bones": {
        "body": {
          "position": [0, "1*(math.sin(q.anim_time*90*2+45)*1+1)", 0],
          "rotation": ["2.5*math.sin(q.anim_time*90*2)*0.5", 0, "2.5*math.sin(q.anim_time*90*2+90)*0.5"]
        },
        "bone10": {
          "rotation": ["0+math.sin(q.anim_time*90*2+125)*4", 0, 0]
        },
        "bone11": {
          "rotation": ["-math.sin(q.anim_time*90*4+125)*10", 0, 0]
        },
        "bone12": {
          "rotation": ["-math.sin((q.anim_time-0.3)*90*4+125)*10", 0, 0]
        },
        "bone19": {
          "rotation": ["-math.sin((q.anim_time-0.3)*90*4+125)*5", 0, 0]
        },
        "bone20": {
          "rotation": ["-math.sin((q.anim_time-0.3)*90*4+125)*5", 0, 0]
        },
        "bone21": {
          "rotation": [0, "-math.sin((q.anim_time-0.3)*90*4+125)*15", 0]
        },
        "bone22": {
          "rotation": [0, "-math.sin(q.anim_time*90*4+150)*8", 0]
        },
        "bone6": {
          "rotation": ["0+math.sin(q.anim_time*90*2+125)*4", 0, 0]
        },
        "bone7": {
          "rotation": ["-math.sin(q.anim_time*90*4+125)*10", 0, 0]
        },
        "bone8": {
          "rotation": ["-math.sin((q.anim_time-0.3)*90*4+125)*10", 0, 0]
        },
        "hair_back2": {
          "rotation": ["6*(math.sin(q.anim_time*90*1.3)*1)+4*(math.sin(q.anim_time*90*2/2)*1)", 0, 0]
        },
        "hair_back2_joint3": {
          "rotation": ["6*(math.sin(q.anim_time*90*1.3)*1)+4*(math.sin(q.anim_time*90*2/2)*1)", 0, 0]
        },
        "hair_back4": {
          "rotation": ["6*(math.sin(q.anim_time*90*1.3)*1)+4*(math.sin(q.anim_time*90*2/2)*1)", 0, 0]
        },
        "hair_back5": {
          "rotation": ["6*(math.sin(q.anim_time*90*1.3)*1)+4*(math.sin(q.anim_time*90*2/2)*1)", 0, 0]
        },
        "left_lower_flap": {
          "rotation": ["-0.8712+math.sin(q.anim_time*90*2+90)*5", "0+math.sin(q.anim_time*90*4+90)*5", -1.17681]
        },
        "left_lower_flap_2": {
          "rotation": [0, "-math.sin(q.anim_time*90*4+150)*8", 0]
        },
        "left_lower_flap_3": {
          "rotation": [0, "20-math.sin(q.anim_time*90*4+125)*15", 0]
        },
        "left_lower_flap_4": {
          "rotation": [0, "5-math.sin(q.anim_time*90*4-125)*-15", 0]
        },
        "right_lower_flap": {
          "rotation": ["-0.8712+math.sin(q.anim_time*90*2+90)*5", "0-math.sin(q.anim_time*90*4+90)*5", 1.1768]
        },
        "right_lower_flap_2": {
          "rotation": [0, "math.sin(q.anim_time*90*4+150)*8", 0]
        },
        "right_lower_flap_3": {
          "rotation": [0, "-20+math.sin(q.anim_time*90*4+125)*15", 0]
        },
        "right_lower_flap_4": {
          "rotation": [0, "5+math.sin(q.anim_time*90*4-125)*-15", 0]
        },
        "skirt": {
          "position": {
            "0.0": {
              "lerp_mode": "catmullrom",
              "post": [0, 0.55, 0.7]
            },
            "1.5": {
              "lerp_mode": "catmullrom",
              "post": [0, 0.1, 1]
            },
            "4.0": {
              "lerp_mode": "catmullrom",
              "post": [0, 0.55, 0.7]
            }
          },
          "rotation": {
            "0.0": {
              "lerp_mode": "catmullrom",
              "post": [0, 0, 0]
            },
            "1.5": {
              "lerp_mode": "catmullrom",
              "post": [-2, 0, 0]
            },
            "4.0": {
              "lerp_mode": "catmullrom",
              "post": [0, 0, 0]
            }
          },
          "scale": {
            "0.0": {
              "lerp_mode": "catmullrom",
              "post": [1.04, 1, 1.04]
            },
            "1.0": {
              "lerp_mode": "catmullrom",
              "post": [0.99, 1, 0.99]
            },
            "2.0": {
              "lerp_mode": "catmullrom",
              "post": [1.04, 1, 1.04]
            },
            "3.0": {
              "lerp_mode": "catmullrom",
              "post": [0.99, 1, 0.99]
            },
            "4.0": {
              "lerp_mode": "catmullrom",
              "post": [1.04, 1, 1.04]
            }
          }
        },
        "torso": {
          "rotation": ["6+0.03*(math.sin(q.anim_time*90*2)*1)+4*(math.sin(q.anim_time*90*3)*1)", 0, 0]
        }
      },
      "loop": true
    },
    "animation.fluttermane.blink": {
      "animation_length": 0.1667,
      "bones": {
        "eyelid_left": {
          "position": {
            "0.0": [0.025, 0, -0.175],
            "0.125": [0.1, 0, -0.175],
            "0.1667": [0, 0, 0]
          }
        },
        "eyelid_right": {
          "position": {
            "0.0": [0.1, 0, -0.175],
            "0.125": [0.1, 0, -0.175],
            "0.1667": [0, 0, 0]
          }
        }
      }
    },
    "animation.fluttermane.laugh": {
      "animation_length": 5.5,
      "bones": {
        "bone23": {
          "position": {
            "0.0": [0, 0, 0],
            "1.375": [0, 0, 0],
            "2.8333": [0, 0, 0],
            "2.9583": [0, -0.00477, 0.00014],
            "3.0": [0, -0.00523, 0.09986],
            "3.0417": [0, -0.21, -0.2],
            "4.8333": [0, -0.21, -0.2],
            "4.875": [0, -0.00523, 0.09986],
            "4.9167": [0, -0.00477, 0.00014],
            "5.5": [0, 0, 0]
          },
          "scale": {
            "0.0": [1, 1, 1],
            "3.25": [1, 1, 1],
            "3.625": ["1+0.1*math.sin(q.anim_time*90*45)", "1-0.05*math.sin(q.anim_time*90*45)", 1],
            "4.75": [1, 1, 1]
          }
        },
        "bone24": {
          "rotation": {
            "0.0": {
              "lerp_mode": "catmullrom",
              "post": [0, 0, 0]
            },
            "0.25": {
              "lerp_mode": "catmullrom",
              "post": [4.09171, 19.99004, 0.29667]
            },
            "1.125": {
              "lerp_mode": "catmullrom",
              "post": [4.09171, 19.99004, 0.29667]
            },
            "1.375": {
              "lerp_mode": "catmullrom",
              "post": [0, 0, 0]
            },
            "1.7917": {
              "lerp_mode": "catmullrom",
              "post": [-5, -12, 0]
            },
            "2.5": {
              "lerp_mode": "catmullrom",
              "post": [-5, -12, 0]
            },
            "2.8333": {
              "lerp_mode": "catmullrom",
              "post": [0, 0, 0]
            },
            "5.5": {
              "lerp_mode": "catmullrom",
              "post": [0, 0, 0]
            }
          }
        },
        "bone25": {
          "position": {
            "0.0": {
              "lerp_mode": "catmullrom",
              "post": [0, 0, 0]
            },
            "0.25": {
              "lerp_mode": "catmullrom",
              "post": [-0.4, 0, 0]
            },
            "1.125": {
              "lerp_mode": "catmullrom",
              "post": [-0.4, 0, 0]
            },
            "1.375": {
              "lerp_mode": "catmullrom",
              "post": [0, 0, 0]
            },
            "1.7917": {
              "lerp_mode": "catmullrom",
              "post": [0.3, 0, 0]
            },
            "2.5": {
              "lerp_mode": "catmullrom",
              "post": [0.3, 0, 0]
            },
            "2.8333": {
              "lerp_mode": "catmullrom",
              "post": [0, 0, 0]
            },
            "5.5": {
              "lerp_mode": "catmullrom",
              "post": [0, 0, 0]
            }
          }
        },
        "bone26": {
          "position": {
            "0.0": [0, 0, 0],
            "0.25": [-0.3, 0, 0],
            "1.125": [-0.3, 0, 0],
            "1.375": [0, 0, 0],
            "1.7917": [0.3, 0, 0],
            "2.5": [0.3, 0, 0],
            "2.8333": [0, 0, 0],
            "5.5": [0, 0, 0]
          }
        },
        "bone27": {
          "position": {
            "0.0": {
              "lerp_mode": "catmullrom",
              "post": [0, 0, 0]
            },
            "0.2083": {
              "lerp_mode": "catmullrom",
              "post": [-0.28, 0, 0]
            },
            "1.125": {
              "lerp_mode": "catmullrom",
              "post": [-0.28, 0, 0]
            },
            "1.375": {
              "lerp_mode": "catmullrom",
              "post": [0, 0, 0]
            },
            "1.7917": {
              "lerp_mode": "catmullrom",
              "post": [0.2, 0, 0]
            },
            "2.5": {
              "lerp_mode": "catmullrom",
              "post": [0.2, 0, 0]
            },
            "2.8333": {
              "lerp_mode": "catmullrom",
              "post": [0, 0, 0]
            },
            "5.5": {
              "lerp_mode": "catmullrom",
              "post": [0, 0, 0]
            }
          }
        },
        "bone28": {
          "position": {
            "0.0": [0, 0, 0],
            "0.25": [-0.3, 0, 0],
            "1.125": [-0.3, 0, 0],
            "1.375": [0, 0, 0],
            "1.7917": [0.2, 0, 0],
            "2.5": [0.2, 0, 0],
            "2.8333": [0, 0, 0],
            "5.5": [0, 0, 0]
          }
        },
        "bone5": {
          "rotation": {
            "0.0": [0, 0, 0],
            "2.8333": [0, 0, 0],
            "3.625": {
              "lerp_mode": "catmullrom",
              "post": [0, 16, 0],
              "pre": [0, 16, 0]
            },
            "4.2917": {
              "lerp_mode": "catmullrom",
              "post": [1.1459, 15.95998, 4.16064]
            },
            "5.5": [0, 0, 0]
          }
        },
        "bone9": {
          "rotation": {
            "0.0": [0, 0, 0],
            "2.8333": [0, 0, 0],
            "3.625": {
              "lerp_mode": "catmullrom",
              "post": [0, -16, 0],
              "pre": [0, -16, 0]
            },
            "4.2917": {
              "lerp_mode": "catmullrom",
              "post": [1.1459, -15.95998, -4.16064]
            },
            "5.5": [0, 0, 0]
          }
        },
        "head": {
          "position": {
            "0.0": {
              "lerp_mode": "catmullrom",
              "post": [0, 0, 0]
            },
            "0.0417": [-0.02995, 0, 0],
            "0.0833": [-0.11922, 0, 0],
            "0.1667": [-0.38078, 0, 0],
            "0.2083": [-0.47005, 0, 0],
            "0.25": [-0.5, 0, 0],
            "0.7917": [-0.5, 0, 0],
            "1.125": {
              "lerp_mode": "catmullrom",
              "post": [-0.5, 0, 0],
              "pre": [-0.5, 0, 0]
            },
            "2.8333": {
              "lerp_mode": "catmullrom",
              "post": [0, 0, 0]
            },
            "4.5833": {
              "lerp_mode": "catmullrom",
              "post": [0, 0, -0.2]
            }
          },
          "rotation": {
            "0.0": {
              "lerp_mode": "catmullrom",
              "post": [0, 0, 0]
            },
            "0.0417": [0, 0.71879, 0],
            "0.0833": [0, 2.86123, 0],
            "0.1667": [0, 9.13877, 0],
            "0.2083": [0, 11.28121, 0],
            "0.25": [0, 12, 0],
            "0.7917": [0, 12, 0],
            "1.125": {
              "lerp_mode": "catmullrom",
              "post": [0, 12, 0],
              "pre": [0, 12, 0]
            },
            "1.1667": [0, 11.28121, 0],
            "1.2083": [0, 9.13877, 0],
            "1.2917": [0, 2.86123, 0],
            "1.3333": [0, 0.71879, 0],
            "1.375": [0, 0, 0],
            "1.9167": [0, 0, 0],
            "2.4583": [0, 0, 0],
            "2.8333": {
              "lerp_mode": "catmullrom",
              "post": [0, 0, 0],
              "pre": [0, 0, 0]
            },
            "2.875": [-0.19383, 0, 0],
            "3.1667": [-3.90988, 0, 0],
            "3.25": [-4.80617, 0, 0],
            "3.2917": [-5, 0, 0],
            "3.8333": [-2.93673, 0, 0],
            "4.375": [-0.69576, 0, 0],
            "4.5833": {
              "lerp_mode": "catmullrom",
              "post": [0, 0, 0],
              "pre": [0, 0, 0]
            }
          }
        },
        "left_lower_flap": {
          "rotation": {
            "0.0": [0, 0, 0],
            "2.8333": [0, 0, 0],
            "3.625": {
              "lerp_mode": "catmullrom",
              "post": [0, 16, 0],
              "pre": [0, 16, 0]
            },
            "4.2917": {
              "lerp_mode": "catmullrom",
              "post": [1.1459, 15.95998, 4.16064]
            },
            "5.5": [0, 0, 0]
          }
        },
        "mouth": {
          "position": {
            "0.0": [0, 0, 0],
            "1.375": [0, 0, 0],
            "2.8333": [0, 0, 0],
            "2.9583": [0, -0.00477, 0.00014],
            "3.0": [0, -0.00523, 0.09986],
            "4.875": [0, -0.00523, 0.09986],
            "4.9167": [0, -0.00477, 0.00014],
            "5.5": [0, 0, 0]
          }
        },
        "neck": {
          "position": {
            "0.0": [0, 0, 0],
            "0.25": [0, 0, 0],
            "1.125": [0, 0, 0],
            "1.375": [0, 0, 0],
            "2.8333": {
              "lerp_mode": "catmullrom",
              "post": [0, 0, 0],
              "pre": [0, 0, 0]
            },
            "3.625": {
              "lerp_mode": "catmullrom",
              "post": [0, 2, 0]
            },
            "4.0833": {
              "lerp_mode": "catmullrom",
              "post": [0, 0, 0]
            },
            "4.5417": {
              "lerp_mode": "catmullrom",
              "post": [0, 2, 0]
            },
            "4.875": {
              "lerp_mode": "catmullrom",
              "post": [0, 2, 0]
            },
            "5.2917": [0, 0, 0]
          },
          "rotation": {
            "0.0": [0, 0, 0],
            "0.25": [0, 0, 12],
            "1.125": [0, 0, 12],
            "1.375": [0, 0, 0],
            "1.7917": [0, 0, -6],
            "2.5": [0, 0, -6],
            "2.8333": [0, 0, 0],
            "3.1667": {
              "lerp_mode": "catmullrom",
              "post": [0, 0, 2],
              "pre": [0, 0, 2]
            },
            "3.625": {
              "lerp_mode": "catmullrom",
              "post": [0, 0, -5]
            },
            "4.0833": {
              "lerp_mode": "catmullrom",
              "post": [0, 0, 2]
            },
            "4.5417": {
              "lerp_mode": "catmullrom",
              "post": [0, 0, 2]
            },
            "5.5": {
              "lerp_mode": "catmullrom",
              "post": [0, 0, 0]
            }
          }
        },
        "right_lower_flap": {
          "rotation": {
            "0.0": [0, 0, 0],
            "2.8333": [0, 0, 0],
            "3.625": {
              "lerp_mode": "catmullrom",
              "post": [0, -16, 0],
              "pre": [0, -16, 0]
            },
            "4.2917": {
              "lerp_mode": "catmullrom",
              "post": [1.1459, -15.95998, -4.16064]
            },
            "5.5": [0, 0, 0]
          }
        },
        "torso": {
          "position": {
            "0.0": [0, 0, 0],
            "0.25": {
              "lerp_mode": "catmullrom",
              "post": [-0.4, 0, 0.8],
              "pre": [-0.4, 0, 0.8]
            },
            "1.125": {
              "lerp_mode": "catmullrom",
              "post": [-0.4, 0, 0.8]
            },
            "1.375": {
              "lerp_mode": "catmullrom",
              "post": [0, 0, 0]
            },
            "1.7917": {
              "lerp_mode": "catmullrom",
              "post": [-0.8, 0.5, -0.1]
            },
            "2.5": {
              "lerp_mode": "catmullrom",
              "post": [-0.8, 0.5, -0.1]
            },
            "2.8333": [0, 0, 0],
            "5.5": [0, 0, 0]
          },
          "rotation": {
            "0.0": [0, 0, 0],
            "0.25": {
              "lerp_mode": "catmullrom",
              "post": [9.93013, 2.82728, -2.83073],
              "pre": [9.93013, 2.82728, -2.83073]
            },
            "1.125": {
              "lerp_mode": "catmullrom",
              "post": [9.93013, 2.82728, -2.83073]
            },
            "1.375": {
              "lerp_mode": "catmullrom",
              "post": [0, 0, 0]
            },
            "1.7917": {
              "lerp_mode": "catmullrom",
              "post": [7.34644, -6.08983, 6.6393]
            },
            "2.5": {
              "lerp_mode": "catmullrom",
              "post": [7.34644, -6.08983, 6.6393]
            },
            "2.8333": [0, 0, 0],
            "5.5": [0, 0, 0]
          },
          "scale": {
            "0.0": [1, 1, 1],
            "2.8333": [1, 1, 1],
            "5.5": [1, 1, 1]
          }
        }
      }
    },
    "animation.fluttermane.sleep": {
      "bones": {
        "body": {
          "position": [0, "1*(math.sin(q.anim_time*90*2+45)*1+1)", 0]
        },
        "bone10": {
          "rotation": ["0+math.sin(q.anim_time*90*2+125)*4", 0, 0]
        },
        "bone11": {
          "rotation": ["-math.sin(q.anim_time*90*4+125)*10", 0, 0]
        },
        "bone12": {
          "rotation": ["-math.sin((q.anim_time-0.3)*90*4+125)*10", 0, 0]
        },
        "bone19": {
          "rotation": ["-math.sin((q.anim_time-0.3)*90*4+125)*5", 0, 0]
        },
        "bone20": {
          "rotation": ["-math.sin((q.anim_time-0.3)*90*4+125)*5", 0, 0]
        },
        "bone21": {
          "rotation": [0, "-math.sin((q.anim_time-0.3)*90*4+125)*15", 0]
        },
        "bone22": {
          "rotation": [0, "-math.sin(q.anim_time*90*4+150)*8", 0]
        },
        "bone24": {
          "position": [0, -1, 0],
          "rotation": [22.5, 0, 0]
        },
        "bone6": {
          "rotation": ["0+math.sin(q.anim_time*90*2+125)*4", 0, 0]
        },
        "bone7": {
          "rotation": ["-math.sin(q.anim_time*90*4+125)*10", 0, 0]
        },
        "bone8": {
          "rotation": ["-math.sin((q.anim_time-0.3)*90*4+125)*10", 0, 0]
        },
        "eyelid_left": {
          "position": [0, 0, -0.2]
        },
        "eyelid_right": {
          "position": [0, 0, -0.175]
        },
        "fluttermane": {
          "position": [0, 0, 0]
        },
        "hair_back2": {
          "rotation": ["6*(math.sin(q.anim_time*90*1.3)*1)+4*(math.sin(q.anim_time*90*2/2)*1)", 0, 0]
        },
        "hair_back2_joint3": {
          "rotation": ["6*(math.sin(q.anim_time*90*1.3)*1)+4*(math.sin(q.anim_time*90*2/2)*1)", 0, 0]
        },
        "hair_back4": {
          "rotation": ["6*(math.sin(q.anim_time*90*1.3)*1)+4*(math.sin(q.anim_time*90*2/2)*1)", 0, 0]
        },
        "hair_back5": {
          "rotation": ["6*(math.sin(q.anim_time*90*1.3)*1)+4*(math.sin(q.anim_time*90*2/2)*1)", 0, 0]
        },
        "left_lower_flap": {
          "rotation": ["-0.8712+math.sin(q.anim_time*90*2+90)*5", "0+math.sin(q.anim_time*90*4+90)*5", -1.17681]
        },
        "left_lower_flap_2": {
          "rotation": [0, "-math.sin(q.anim_time*90*4+150)*8", 0]
        },
        "left_lower_flap_3": {
          "rotation": [0, "20-math.sin(q.anim_time*90*4+125)*15", 0]
        },
        "left_lower_flap_4": {
          "rotation": [0, "5-math.sin(q.anim_time*90*4-125)*-15", 0]
        },
        "necklace": {
          "position": [0, 0, 2.3],
          "rotation": [25, 0, 0]
        },
        "right_lower_flap": {
          "rotation": ["-0.8712+math.sin(q.anim_time*90*2+90)*5", "0-math.sin(q.anim_time*90*4+90)*5", 1.1768]
        },
        "right_lower_flap_2": {
          "rotation": [0, "math.sin(q.anim_time*90*4+150)*8", 0]
        },
        "right_lower_flap_3": {
          "rotation": [0, "-20+math.sin(q.anim_time*90*4+125)*15", 0]
        },
        "right_lower_flap_4": {
          "rotation": [0, "5+math.sin(q.anim_time*90*4-125)*-15", 0]
        },
        "torso": {
          "rotation": ["6+0.03*(math.sin(q.anim_time*90*2)*1)+4*(math.sin(q.anim_time*90*3)*1)", 0, 0]
        }
      },
      "loop": true
    }
  },
  "format_version": "1.8.0"
}