{
  "format_version": "1.12.0",
  "minecraft:geometry": [
    {
      "bones": [
        {
          "name": "machamp",
          "pivot": [0, -0.5, 0]
        }, {
          "name": "body",
          "parent": "machamp",
          "pivot": [0, 1.5, 0]
        }, {
          "cubes": [
            {
              "inflate": 0.01,
              "origin": [-4, 17.75, -2.5],
              "size": [8, 4, 5],
              "uv": [32, 29]
            },
            {
              "inflate": -0.2,
              "origin": [-2, 17.75, -3.5],
              "size": [4, 4, 1],
              "uv": [26, 80]
            },
            {
              "origin": [-4, 15.75, -2.5],
              "size": [8, 2, 5],
              "uv": [32, 38]
            }
          ],
          "name": "torso",
          "parent": "body",
          "pivot": [0, 19.5, 0]
        }, {
          "cubes": [
            {
              "origin": [-3.5, 17.75, -8.5],
              "size": [7, 4, 0],
              "uv": [0, 87]
            },
            {
              "origin": [-3.50071, 17.75, 8.39879],
              "size": [7, 4, 0],
              "uv": [0, 92]
            }, {
              "origin": [2.47487, 17.75, -6.02513],
              "pivot": [5.97487, 19.75, -6.02513],
              "rotation": [0, -45, 0],
              "size": [7, 4, 0],
              "uv": [16, 87]
            }, {
              "origin": [4.94975, 17.75, -0.05025],
              "pivot": [8.44975, 19.75, -0.05025],
              "rotation": [0, -90, 0],
              "size": [7, 4, 0],
              "uv": [31, 87]
            }, {
              "origin": [2.47487, 17.75, 5.92462],
              "pivot": [5.97487, 19.75, 5.92462],
              "rotation": [0, -135, 0],
              "size": [7, 4, 0],
              "uv": [47, 87]
            }, {
              "mirror": true,
              "origin": [-9.47487, 17.75, -6.02513],
              "pivot": [-5.97487, 19.75, -6.02513],
              "rotation": [0, 45, 0],
              "size": [7, 4, 0],
              "uv": [47, 92]
            }, {
              "mirror": true,
              "origin": [-9.47487, 17.75, 5.92462],
              "pivot": [-5.97487, 19.75, 5.92462],
              "rotation": [0, 135, 0],
              "size": [7, 4, 0],
              "uv": [16, 92]
            }, {
              "mirror": true,
              "origin": [-11.94975, 17.75, -0.05025],
              "pivot": [-8.44975, 19.75, -0.05025],
              "rotation": [0, 90, 0],
              "size": [7, 4, 0],
              "uv": [31, 92]
            }
          ],
          "name": "gmax_swirlies",
          "parent": "torso",
          "pivot": [-0.00009, 19.75, -0.05034]
        }, {
          "cubes": [
            {
              "origin": [-5, 21.25, -3.25],
              "size": [10, 5, 6],
              "uv": [0, 29]
            }
          ],
          "name": "chest",
          "parent": "torso",
          "pivot": [0, 21.25, -0.25]
        }, {
          "cubes": [
            {
              "origin": [-7.5, 30.25, 1.25],
              "size": [15, 7, 4],
              "uv": [0, 18]
            },
            {
              "origin": [-5, 30.25, -0.75],
              "size": [10, 6, 2],
              "uv": [14, 45]
            },
            {
              "origin": [-7, 25.25, -4.75],
              "size": [14, 9, 9],
              "uv": [0, 0]
            }
          ],
          "name": "chest2",
          "parent": "chest",
          "pivot": [0, 25.25, -0.25]
        }, {
          "cubes": [
            {
              "origin": [-3, 31.31915, -5.82358],
              "pivot": [0, 33.81915, -3.82358],
              "rotation": [47.5, 0, 0],
              "size": [6, 5, 4],
              "uv": [28, 58]
            }
          ],
          "name": "neck",
          "parent": "chest2",
          "pivot": [0, 32.97873, -3.11036]
        }, {
          "name": "head",
          "parent": "neck",
          "pivot": [0, 33.75, -6]
        },
        {
          "name": "head_correction",
          "parent": "head",
          "pivot": [0, 33.75, -6]
        },
        {
          "name": "head_ai",
          "parent": "head_correction",
          "pivot": [0, 33.75, -6]
        }, {
          "cubes": [
            {
              "inflate": 0.02,
              "origin": [-3, 35.75, -9.25],
              "size": [6, 4, 6],
              "uv": [38, 18]
            },
            {
              "inflate": 0.01,
              "origin": [-3, 33.75, -6.25],
              "size": [6, 2, 3],
              "uv": [26, 75]
            }, {
              "origin": [-2.25, 36, -9.75],
              "pivot": [-2.25, 38.75, -6.25],
              "rotation": [0, -15, -10],
              "size": [0, 8, 7],
              "uv": [14, 53]
            }, {
              "origin": [0, 36.25, -9.75],
              "size": [0, 11, 7],
              "uv": [0, 40]
            }, {
              "origin": [2.25, 36, -9.75],
              "pivot": [2.25, 38.75, -6.25],
              "rotation": [0, 15, 10],
              "size": [0, 7, 7],
              "uv": [0, 58]
            }, {
              "origin": [-3.5, 35.75, -9.75],
              "size": [7, 1, 4],
              "uv": [46, 13]
            },
            {
              "inflate": 0.01,
              "origin": [-1.5, 35.5, -9.75],
              "size": [3, 1, 1],
              "uv": [58, 42]
            }
          ],
          "name": "head_angle",
          "parent": "head_ai",
          "pivot": [0, 33.75, -6]
        }, {
          "locators": {
            "item_face": [0, 36.75, -9.75]
          },
          "name": "locator_item_face",
          "parent": "head_angle",
          "pivot": [0, 36.75, -9.75]
        }, {
          "locators": {
            "face": [0, 37.75, -9.25]
          },
          "name": "locator_face",
          "parent": "head_angle",
          "pivot": [0, 37.75, -9.25]
        }, {
          "locators": {
            "item_hat": [0, 39.75, -6.25]
          },
          "name": "locator_item_hat",
          "parent": "head_angle",
          "pivot": [0, 39.75, -6.25]
        },
        {
          "locators": {
            "head": [0, 39.75, -7]
          },
          "name": "locator_head",
          "parent": "head_angle",
          "pivot": [0, 39.75, -7]
        }, {
          "cubes": [
            {
              "inflate": 0.01,
              "origin": [-3, 33.75, -9.25],
              "size": [6, 2, 3],
              "uv": [14, 40]
            },
            {
              "origin": [-3.5, 34.75, -9.75],
              "size": [7, 1, 3],
              "uv": [58, 68]
            }
          ],
          "name": "jaw",
          "parent": "head_angle",
          "pivot": [0, 35.75, -6.25]
        }, {
          "cubes": [
            {
              "inflate": 0.03,
              "mirror": true,
              "origin": [-3, 36.75, -9.25],
              "size": [2, 2, 1],
              "uv": [66, 42]
            }
          ],
          "name": "eye_right",
          "parent": "head_angle",
          "pivot": [-2.025, 37.75, -8.775]
        }, {
          "locators": {
            "eye_right": [-1.5, 37.75, -9.25]
          },
          "name": "locator_eye_right",
          "parent": "eye_right",
          "pivot": [-1.5, 37.75, -9.25]
        }, {
          "cubes": [
            {
              "inflate": 0.03,
              "mirror": true,
              "origin": [-2.9, 36.75, -9.15],
              "size": [2, 2, 1],
              "uv": [72, 42]
            }
          ],
          "name": "eyelid_right",
          "parent": "eye_right",
          "pivot": [-1.9, 37.75, -8.65]
        }, {
          "cubes": [
            {
              "inflate": 0.03,
              "origin": [1, 36.75, -9.25],
              "size": [2, 2, 1],
              "uv": [66, 42]
            }
          ],
          "name": "eye_left",
          "parent": "head_angle",
          "pivot": [2.025, 37.75, -8.775]
        }, {
          "locators": {
            "eye_left": [1.5, 37.75, -9.25]
          },
          "name": "locator_eye_left",
          "parent": "eye_left",
          "pivot": [1.5, 37.75, -9.25]
        }, {
          "cubes": [
            {
              "inflate": 0.03,
              "origin": [0.9, 36.75, -9.15],
              "size": [2, 2, 1],
              "uv": [72, 42]
            }
          ],
          "name": "eyelid_left",
          "parent": "eye_left",
          "pivot": [1.9, 37.75, -8.65]
        }, {
          "cubes": [
            {
              "inflate": 0.01,
              "origin": [7, 29.75, -3.5],
              "size": [5, 5, 4],
              "uv": [48, 59]
            },
            {
              "origin": [12, 29.75, -3.5],
              "size": [5, 4, 4],
              "uv": [28, 67]
            }
          ],
          "name": "arm_left",
          "parent": "chest",
          "pivot": [7, 34.25, -1.5]
        }, {
          "cubes": [
            {
              "origin": [17, 30, -3.5],
              "size": [7, 3, 4],
              "uv": [56, 45]
            }
          ],
          "name": "forearm_left",
          "parent": "arm_left",
          "pivot": [17, 31.5, 0.5]
        }, {
          "cubes": [
            {
              "origin": [24, 30.5, -3.25],
              "size": [3, 2, 4],
              "uv": [0, 72]
            }
          ],
          "name": "hand_left",
          "parent": "forearm_left",
          "pivot": [24, 31.5, -1.25]
        }, {
          "locators": {
            "hand_primary2": [27.475, 31.5, -1.25]
          },
          "name": "locator_hand_primary2",
          "parent": "hand_left",
          "pivot": [27.475, 31.5, -1.25]
        }, {
          "cubes": [
            {
              "inflate": 0.01,
              "origin": [27, 31.5, -3.25],
              "size": [2, 1, 1],
              "uv": [70, 80]
            }
          ],
          "name": "finger_index_left",
          "parent": "hand_left",
          "pivot": [27, 32.5, -2.75]
        }, {
          "cubes": [
            {
              "origin": [29, 31.5, -3.25],
              "size": [2, 1, 1],
              "uv": [76, 80]
            }
          ],
          "name": "finger_index_left2",
          "parent": "finger_index_left",
          "pivot": [29, 32.5, -2.75]
        }, {
          "cubes": [
            {
              "inflate": 0.01,
              "origin": [27, 31.5, -2.25],
              "size": [2, 1, 1],
              "uv": [58, 80]
            }
          ],
          "name": "finger_middle_left",
          "parent": "hand_left",
          "pivot": [27, 32.5, -1.75]
        }, {
          "cubes": [
            {
              "origin": [29, 31.5, -2.25],
              "size": [2, 1, 1],
              "uv": [64, 80]
            }
          ],
          "name": "finger_middle_left2",
          "parent": "finger_middle_left",
          "pivot": [29, 32.5, -1.75]
        }, {
          "cubes": [
            {
              "inflate": 0.01,
              "origin": [27, 31.5, -1.25],
              "size": [2, 1, 1],
              "uv": [36, 80]
            }
          ],
          "name": "finger_ring_left",
          "parent": "hand_left",
          "pivot": [27, 32.5, -0.75]
        }, {
          "cubes": [
            {
              "origin": [29, 31.5, -1.25],
              "size": [2, 1, 1],
              "uv": [80, 39]
            }
          ],
          "name": "finger_ring_left2",
          "parent": "finger_ring_left",
          "pivot": [29, 32.5, -0.75]
        }, {
          "cubes": [
            {
              "inflate": 0.01,
              "origin": [27, 31.5, -0.25],
              "size": [2, 1, 1],
              "uv": [78, 68]
            }
          ],
          "name": "finger_pinky_left",
          "parent": "hand_left",
          "pivot": [27, 32.5, 0.25]
        }, {
          "cubes": [
            {
              "origin": [29, 31.5, -0.25],
              "size": [2, 1, 1],
              "uv": [78, 70]
            }
          ],
          "name": "finger_pinky_left2",
          "parent": "finger_pinky_left",
          "pivot": [29, 32.5, 0.25]
        }, {
          "cubes": [
            {
              "inflate": 0.01,
              "origin": [26, 30.5, -3.5],
              "size": [2, 1, 1],
              "uv": [14, 81]
            }
          ],
          "name": "thumb_left",
          "parent": "hand_left",
          "pivot": [26.5, 31, -3]
        }, {
          "cubes": [
            {
              "origin": [28, 30.5, -3.5],
              "size": [1, 1, 1],
              "uv": [64, 9]
            }
          ],
          "name": "thumb_left2",
          "parent": "thumb_left",
          "pivot": [28, 31, -3.5]
        }, {
          "cubes": [
            {
              "inflate": 0.01,
              "origin": [-12, 29.75, -3.5],
              "size": [5, 5, 4],
              "uv": [64, 0]
            },
            {
              "origin": [-17, 29.75, -3.5],
              "size": [5, 4, 4],
              "uv": [68, 9]
            }
          ],
          "name": "arm_right",
          "parent": "chest",
          "pivot": [-7, 34.25, -1.5]
        }, {
          "cubes": [
            {
              "origin": [-24, 30, -3.5],
              "size": [7, 3, 4],
              "uv": [58, 28]
            }
          ],
          "name": "forearm_right",
          "parent": "arm_right",
          "pivot": [-17, 31.5, 0.5]
        }, {
          "cubes": [
            {
              "origin": [-27, 30.5, -3.25],
              "size": [3, 2, 4],
              "uv": [80, 17]
            }
          ],
          "name": "hand_right",
          "parent": "forearm_right",
          "pivot": [-24, 31.5, -1.25]
        }, {
          "locators": {
            "hand_primary3": [-27.475, 31.5, -1.25]
          },
          "name": "locator_hand_primary3",
          "parent": "hand_right",
          "pivot": [-27.475, 31.5, -1.25]
        }, {
          "cubes": [
            {
              "inflate": 0.01,
              "origin": [-29, 31.5, -3.25],
              "size": [2, 1, 1],
              "uv": [60, 82]
            }
          ],
          "name": "finger_index_right",
          "parent": "hand_right",
          "pivot": [-27, 32.5, -2.75]
        }, {
          "cubes": [
            {
              "origin": [-31, 31.5, -3.25],
              "size": [2, 1, 1],
              "uv": [66, 82]
            }
          ],
          "name": "finger_index_right2",
          "parent": "finger_index_right",
          "pivot": [-29, 32.5, -2.75]
        }, {
          "cubes": [
            {
              "inflate": 0.01,
              "origin": [-29, 31.5, -2.25],
              "size": [2, 1, 1],
              "uv": [72, 82]
            }
          ],
          "name": "finger_middle_right",
          "parent": "hand_right",
          "pivot": [-27, 32.5, -1.75]
        }, {
          "cubes": [
            {
              "origin": [-31, 31.5, -2.25],
              "size": [2, 1, 1],
              "uv": [78, 82]
            }
          ],
          "name": "finger_middle_right2",
          "parent": "finger_middle_right",
          "pivot": [-29, 32.5, -1.75]
        }, {
          "cubes": [
            {
              "inflate": 0.01,
              "origin": [-29, 31.5, -1.25],
              "size": [2, 1, 1],
              "uv": [82, 80]
            }
          ],
          "name": "finger_ring_right",
          "parent": "hand_right",
          "pivot": [-27, 32.5, -0.75]
        }, {
          "cubes": [
            {
              "origin": [-31, 31.5, -1.25],
              "size": [2, 1, 1],
              "uv": [14, 83]
            }
          ],
          "name": "finger_ring_right2",
          "parent": "finger_ring_right",
          "pivot": [-29, 32.5, -0.75]
        }, {
          "cubes": [
            {
              "inflate": 0.01,
              "origin": [-29, 31.5, -0.25],
              "size": [2, 1, 1],
              "uv": [20, 83]
            }
          ],
          "name": "finger_pinky_right",
          "parent": "hand_right",
          "pivot": [-27, 32.5, 0.25]
        }, {
          "cubes": [
            {
              "origin": [-31, 31.5, -0.25],
              "size": [2, 1, 1],
              "uv": [42, 83]
            }
          ],
          "name": "finger_pinky_right2",
          "parent": "finger_pinky_right",
          "pivot": [-29, 32.5, 0.25]
        }, {
          "cubes": [
            {
              "inflate": 0.01,
              "origin": [-28, 30.5, -3.5],
              "size": [2, 1, 1],
              "uv": [48, 83]
            }
          ],
          "name": "thumb_right",
          "parent": "hand_right",
          "pivot": [-26.5, 31, -3]
        }, {
          "cubes": [
            {
              "origin": [-29, 30.5, -3.5],
              "size": [1, 1, 1],
              "uv": [66, 84]
            }
          ],
          "name": "thumb_right2",
          "parent": "thumb_right",
          "pivot": [-28, 31, -3.5]
        }, {
          "cubes": [
            {
              "inflate": 0.01,
              "origin": [7, 32.75, 2.25],
              "size": [5, 5, 4],
              "uv": [62, 18]
            },
            {
              "origin": [12, 32.75, 2.25],
              "size": [4, 4, 4],
              "uv": [58, 72]
            }
          ],
          "name": "arm_back_left",
          "parent": "chest",
          "pivot": [7, 36.25, 4.25]
        }, {
          "cubes": [
            {
              "origin": [16, 33, 2.25],
              "size": [7, 3, 4],
              "uv": [56, 52]
            }
          ],
          "name": "forearm_back_left",
          "parent": "arm_back_left",
          "pivot": [16, 34.5, 6.25]
        }, {
          "cubes": [
            {
              "origin": [23, 33.5, 2.5],
              "size": [3, 2, 4],
              "uv": [0, 78]
            }
          ],
          "name": "hand_back_left",
          "parent": "forearm_back_left",
          "pivot": [23, 34.5, 4.5]
        }, {
          "locators": {
            "hand_secondary2": [26.5, 34.5, 4.5]
          },
          "name": "locator_hand_secondary2",
          "parent": "hand_back_left",
          "pivot": [26.5, 34.5, 4.5]
        }, {
          "cubes": [
            {
              "inflate": 0.01,
              "origin": [26, 34.5, 2.5],
              "size": [2, 1, 1],
              "uv": [82, 6]
            }
          ],
          "name": "finger_index_back_left",
          "parent": "hand_back_left",
          "pivot": [26, 35.5, 3]
        }, {
          "cubes": [
            {
              "origin": [28, 34.5, 2.5],
              "size": [2, 1, 1],
              "uv": [36, 82]
            }
          ],
          "name": "finger_index_back_left2",
          "parent": "finger_index_back_left",
          "pivot": [28, 35.5, 3]
        }, {
          "cubes": [
            {
              "inflate": 0.01,
              "origin": [26, 34.5, 3.5],
              "size": [2, 1, 1],
              "uv": [82, 2]
            }
          ],
          "name": "finger_middle_back_left",
          "parent": "hand_back_left",
          "pivot": [26, 35.5, 4]
        }, {
          "cubes": [
            {
              "origin": [28, 34.5, 3.5],
              "size": [2, 1, 1],
              "uv": [82, 4]
            }
          ],
          "name": "finger_middle_back_left2",
          "parent": "finger_middle_back_left",
          "pivot": [28, 35.5, 4]
        }, {
          "cubes": [
            {
              "inflate": 0.01,
              "origin": [26, 34.5, 4.5],
              "size": [2, 1, 1],
              "uv": [48, 81]
            }
          ],
          "name": "finger_ring_back_left",
          "parent": "hand_back_left",
          "pivot": [26, 35.5, 5]
        }, {
          "cubes": [
            {
              "origin": [28, 34.5, 4.5],
              "size": [2, 1, 1],
              "uv": [82, 0]
            }
          ],
          "name": "finger_ring_back_left2",
          "parent": "finger_ring_back_left",
          "pivot": [28, 35.5, 5]
        }, {
          "cubes": [
            {
              "inflate": 0.01,
              "origin": [26, 34.5, 5.5],
              "size": [2, 1, 1],
              "uv": [20, 81]
            }
          ],
          "name": "finger_pinky_back_left",
          "parent": "hand_back_left",
          "pivot": [26, 35.5, 6]
        }, {
          "cubes": [
            {
              "origin": [28, 34.5, 5.5],
              "size": [2, 1, 1],
              "uv": [42, 81]
            }
          ],
          "name": "finger_pinky_back_left2",
          "parent": "finger_pinky_back_left",
          "pivot": [28, 35.5, 6]
        }, {
          "cubes": [
            {
              "inflate": 0.01,
              "origin": [25, 33.5, 2.25],
              "size": [2, 1, 1],
              "uv": [54, 82]
            }
          ],
          "name": "thumb_back_left",
          "parent": "hand_back_left",
          "pivot": [25.5, 34, 2.75]
        }, {
          "cubes": [
            {
              "origin": [27, 33.5, 2.25],
              "size": [1, 1, 1],
              "uv": [64, 11]
            }
          ],
          "name": "thumb_back_left2",
          "parent": "thumb_back_left",
          "pivot": [27, 34, 2.25]
        }, {
          "cubes": [
            {
              "inflate": 0.01,
              "origin": [-12, 32.75, 2.25],
              "size": [5, 5, 4],
              "uv": [66, 59]
            },
            {
              "origin": [-16, 32.75, 2.25],
              "size": [4, 4, 4],
              "uv": [74, 72]
            }
          ],
          "name": "arm_back_right",
          "parent": "chest",
          "pivot": [-7, 36.25, 4.25]
        }, {
          "cubes": [
            {
              "origin": [-23, 33, 2.25],
              "size": [7, 3, 4],
              "uv": [58, 35]
            }
          ],
          "name": "forearm_back_right",
          "parent": "arm_back_right",
          "pivot": [-16, 34.5, 6.25]
        }, {
          "cubes": [
            {
              "origin": [-26, 33.5, 2.5],
              "size": [3, 2, 4],
              "uv": [80, 23]
            }
          ],
          "name": "hand_back_right",
          "parent": "forearm_back_right",
          "pivot": [-23, 34.5, 4.5]
        }, {
          "locators": {
            "hand_secondary3": [-26.5, 34.5, 4.5]
          },
          "name": "locator_hand_secondary3",
          "parent": "hand_back_right",
          "pivot": [-26.5, 34.5, 4.5]
        }, {
          "cubes": [
            {
              "inflate": 0.01,
              "origin": [-28, 34.5, 2.5],
              "size": [2, 1, 1],
              "uv": [0, 84]
            }
          ],
          "name": "finger_index_back_right",
          "parent": "hand_back_right",
          "pivot": [-26, 35.5, 3]
        }, {
          "cubes": [
            {
              "origin": [-30, 34.5, 2.5],
              "size": [2, 1, 1],
              "uv": [6, 84]
            }
          ],
          "name": "finger_index_back_right2",
          "parent": "finger_index_back_right",
          "pivot": [-28, 35.5, 3]
        }, {
          "cubes": [
            {
              "inflate": 0.01,
              "origin": [-28, 34.5, 3.5],
              "size": [2, 1, 1],
              "uv": [36, 84]
            }
          ],
          "name": "finger_middle_back_right",
          "parent": "hand_back_right",
          "pivot": [-26, 35.5, 4]
        }, {
          "cubes": [
            {
              "origin": [-30, 34.5, 3.5],
              "size": [2, 1, 1],
              "uv": [54, 84]
            }
          ],
          "name": "finger_middle_back_right2",
          "parent": "finger_middle_back_right",
          "pivot": [-28, 35.5, 4]
        }, {
          "cubes": [
            {
              "inflate": 0.01,
              "origin": [-28, 34.5, 4.5],
              "size": [2, 1, 1],
              "uv": [84, 59]
            }
          ],
          "name": "finger_ring_back_right",
          "parent": "hand_back_right",
          "pivot": [-26, 35.5, 5]
        }, {
          "cubes": [
            {
              "origin": [-30, 34.5, 4.5],
              "size": [2, 1, 1],
              "uv": [60, 84]
            }
          ],
          "name": "finger_ring_back_right2",
          "parent": "finger_ring_back_right",
          "pivot": [-28, 35.5, 5]
        }, {
          "cubes": [
            {
              "inflate": 0.01,
              "origin": [-28, 34.5, 5.5],
              "size": [2, 1, 1],
              "uv": [84, 61]
            }
          ],
          "name": "finger_pinky_back_right",
          "parent": "hand_back_right",
          "pivot": [-26, 35.5, 6]
        }, {
          "cubes": [
            {
              "origin": [-30, 34.5, 5.5],
              "size": [2, 1, 1],
              "uv": [84, 63]
            }
          ],
          "name": "finger_pinky_back_right2",
          "parent": "finger_pinky_back_right",
          "pivot": [-28, 35.5, 6]
        }, {
          "cubes": [
            {
              "inflate": 0.01,
              "origin": [-27, 33.5, 2.25],
              "size": [2, 1, 1],
              "uv": [84, 65]
            }
          ],
          "name": "thumb_back_right",
          "parent": "hand_back_right",
          "pivot": [-25.5, 34, 2.75]
        }, {
          "cubes": [
            {
              "origin": [-28, 33.5, 2.25],
              "size": [1, 1, 1],
              "uv": [84, 67]
            }
          ],
          "name": "thumb_back_right2",
          "parent": "thumb_back_right",
          "pivot": [-27, 34, 2.25]
        }, {
          "locators": {
            "middle": [0, 20, 0]
          },
          "name": "locator_middle",
          "parent": "body",
          "pivot": [0, 20, 0]
        },
        {
          "locators": {
            "target": [0, 21, -9]
          },
          "name": "locator_target",
          "parent": "body",
          "pivot": [0, 21, -9]
        }, {
          "cubes": [
            {
              "inflate": 0.2,
              "origin": [1.5, 10, -2.5],
              "size": [4, 8, 5],
              "uv": [38, 45]
            }
          ],
          "name": "left_leg",
          "parent": "body",
          "pivot": [2.5, 17, -0.5]
        }, {
          "cubes": [
            {
              "origin": [2, 0, -2],
              "size": [3, 10, 3],
              "uv": [14, 68]
            }
          ],
          "name": "left_leg2",
          "parent": "left_leg",
          "pivot": [3.5, 10, -2]
        }, {
          "cubes": [
            {
              "origin": [1.5, -1, -2.5],
              "size": [4, 2, 4],
              "uv": [78, 42]
            }
          ],
          "name": "left_leg3",
          "parent": "left_leg2",
          "pivot": [3.5, 1, 0.5]
        }, {
          "cubes": [
            {
              "origin": [3.5, -1, -5.5],
              "pivot": [4.5, 0, -2.5],
              "rotation": [0, -5, 0],
              "size": [2, 2, 3],
              "uv": [28, 53]
            },
            {
              "origin": [1.5, -1, -5.5],
              "pivot": [2.5, 0, -2.5],
              "rotation": [0, 5, 0],
              "size": [2, 2, 3],
              "uv": [78, 54]
            }
          ],
          "name": "left_leg4",
          "parent": "left_leg3",
          "pivot": [3.5, -1, -2.5]
        }, {
          "cubes": [
            {
              "inflate": 0.2,
              "origin": [-5.5, 10, -2.5],
              "size": [4, 8, 5],
              "uv": [46, 0]
            }
          ],
          "name": "right_leg",
          "parent": "body",
          "pivot": [-2.5, 17, -0.5]
        }, {
          "cubes": [
            {
              "origin": [-5, 0, -2],
              "size": [3, 10, 3],
              "uv": [46, 68]
            }
          ],
          "name": "right_leg2",
          "parent": "right_leg",
          "pivot": [-3.5, 10, -2]
        }, {
          "cubes": [
            {
              "origin": [-5.5, -1, -2.5],
              "size": [4, 2, 4],
              "uv": [78, 48]
            }
          ],
          "name": "right_leg3",
          "parent": "right_leg2",
          "pivot": [-3.5, 1, 0.5]
        }, {
          "cubes": [
            {
              "origin": [-5.5, -1, -5.5],
              "pivot": [-4.5, 0, -2.5],
              "rotation": [0, 5, 0],
              "size": [2, 2, 3],
              "uv": [80, 29]
            }, {
              "origin": [-3.5, -1, -5.5],
              "pivot": [-2.5, 0, -2.5],
              "rotation": [0, -5, 0],
              "size": [2, 2, 3],
              "uv": [80, 34]
            }
          ],
          "name": "right_leg4",
          "parent": "right_leg3",
          "pivot": [-3.5, -1, -2.5]
        }, {
          "locators": {
            "root": [0, 0, 0]
          },
          "name": "locator_root",
          "parent": "machamp",
          "pivot": [0, 0, 0]
        },
        {
          "locators": {
            "top": [0, 29.15, 0]
          },
          "name": "locator_top",
          "parent": "machamp",
          "pivot": [0, 29.15, 0]
        }
      ],
      "description": {
        "identifier": "geometry.machamp_gigantamax",
        "texture_height": 128,
        "texture_width": 128,
        "visible_bounds_height": 4.5,
        "visible_bounds_offset": [0, 1.75, 0],
        "visible_bounds_width": 5
      }
    }
  ]
}