{
  "format_version": "1.12.0",
  "minecraft:geometry": [
    {
      "description": {
        "identifier": "geometry.camerupt",
        "texture_width": 256,
        "texture_height": 128,
        "visible_bounds_width": 5,
        "visible_bounds_height": 4.5,
        "visible_bounds_offset": [
          0,
          1.75,
          0
        ]
      },
      "bones": [
        {
          "name": "camerupt",
          "pivot": [
            0,
            0,
            0
          ]
        },
        {
          "name": "body",
          "parent": "camerupt",
          "pivot": [
            0,
            2,
            0
          ]
        },
        {
          "name": "torso",
          "parent": "body",
          "pivot": [
            0,
            10,
            1.5
          ],
          "cubes": [
            {
              "origin": [
                -12,
                6,
                -16
              ],
              "size": [
                24,
                22,
                35
              ],
              "uv": [
                0,
                0
              ]
            },
            {
              "origin": [
                -6,
                39,
                -4
              ],
              "size": [
                12,
                8,
                13
              ],
              "uv": [
                0,
                107
              ]
            },
            {
              "origin": [
                4,
                46,
                -5
              ],
              "size": [
                3,
                2,
                15
              ],
              "uv": [
                50,
                107
              ],
              "mirror": true
            },
            {
              "origin": [
                -7,
                46,
                -5
              ],
              "size": [
                3,
                2,
                15
              ],
              "uv": [
                50,
                107
              ]
            },
            {
              "origin": [
                -4,
                46,
                7
              ],
              "size": [
                8,
                2,
                3
              ],
              "uv": [
                37,
                107
              ]
            },
            {
              "origin": [
                -4,
                46,
                -5
              ],
              "size": [
                8,
                2,
                3
              ],
              "uv": [
                37,
                112
              ]
            },
            {
              "origin": [
                -7,
                33,
                -6.5
              ],
              "size": [
                14,
                6,
                18
              ],
              "uv": [
                185,
                89
              ]
            },
            {
              "origin": [
                -9,
                28,
                -10
              ],
              "size": [
                18,
                5,
                25
              ],
              "uv": [
                90,
                93
              ]
            },
            {
              "origin": [
                12,
                9.5,
                -17.5
              ],
              "size": [
                8,
                0,
                3
              ],
              "pivot": [
                12,
                10,
                -16
              ],
              "rotation": [
                42.73421,
                15.69986,
                73.67505
              ],
              "uv": [
                110,
                0
              ]
            },
            {
              "origin": [
                -20,
                9.5,
                -17.5
              ],
              "size": [
                8,
                0,
                3
              ],
              "pivot": [
                -12,
                10,
                -16
              ],
              "rotation": [
                42.73421,
                -15.69986,
                -73.67505
              ],
              "uv": [
                110,
                0
              ],
              "mirror": true
            },
            {
              "origin": [
                -20,
                10.5,
                17.5
              ],
              "size": [
                8,
                0,
                3
              ],
              "pivot": [
                -12,
                10,
                19
              ],
              "rotation": [
                137.26579,
                15.69986,
                -73.67505
              ],
              "uv": [
                110,
                0
              ],
              "mirror": true
            },
            {
              "origin": [
                12,
                10.5,
                17.5
              ],
              "size": [
                8,
                0,
                3
              ],
              "pivot": [
                12,
                10,
                19
              ],
              "rotation": [
                137.26579,
                -15.69986,
                73.67505
              ],
              "uv": [
                110,
                0
              ]
            },
            {
              "origin": [
                9,
                4,
                -16
              ],
              "size": [
                3,
                6,
                35
              ],
              "pivot": [
                12,
                10,
                1.5
              ],
              "rotation": [
                0,
                0,
                -27.5
              ],
              "uv": [
                131,
                22
              ]
            },
            {
              "origin": [
                14.7,
                4.75,
                -16
              ],
              "size": [
                2,
                0,
                10
              ],
              "pivot": [
                14.7,
                4.75,
                -11
              ],
              "rotation": [
                0,
                0,
                52.5
              ],
              "uv": [
                12,
                70
              ]
            },
            {
              "origin": [
                14.7,
                4.75,
                -6
              ],
              "size": [
                2,
                0,
                5
              ],
              "pivot": [
                14.7,
                4.75,
                -11
              ],
              "rotation": [
                0,
                0,
                52.5
              ],
              "uv": [
                17,
                70
              ]
            },
            {
              "origin": [
                14.7,
                4.75,
                9
              ],
              "size": [
                2,
                0,
                10
              ],
              "pivot": [
                14.7,
                4.75,
                14
              ],
              "rotation": [
                0,
                0,
                52.5
              ],
              "uv": [
                77,
                0
              ]
            },
            {
              "origin": [
                14.7,
                4.75,
                -1
              ],
              "size": [
                2,
                0,
                10
              ],
              "pivot": [
                14.7,
                4.75,
                4
              ],
              "rotation": [
                0,
                0,
                52.5
              ],
              "uv": [
                77,
                0
              ]
            },
            {
              "origin": [
                -12,
                4,
                -16
              ],
              "size": [
                24,
                6,
                3
              ],
              "inflate": -0.01,
              "pivot": [
                0,
                10,
                -16
              ],
              "rotation": [
                -27.5,
                0,
                0
              ],
              "uv": [
                141,
                63
              ]
            },
            {
              "origin": [
                1.75,
                4.75,
                -20.7
              ],
              "size": [
                10,
                0,
                2
              ],
              "pivot": [
                6.75,
                4.75,
                -18.7
              ],
              "rotation": [
                52.5,
                0,
                0
              ],
              "uv": [
                89,
                57
              ]
            },
            {
              "origin": [
                -1.5,
                4.75,
                -21.7
              ],
              "size": [
                3,
                0,
                3
              ],
              "pivot": [
                0,
                4.75,
                -18.7
              ],
              "rotation": [
                52.5,
                0,
                0
              ],
              "uv": [
                110,
                3
              ]
            },
            {
              "origin": [
                -11.75,
                4.75,
                -20.7
              ],
              "size": [
                10,
                0,
                2
              ],
              "pivot": [
                -6.75,
                4.75,
                -18.7
              ],
              "rotation": [
                52.5,
                0,
                0
              ],
              "uv": [
                0,
                82
              ]
            },
            {
              "origin": [
                -12,
                4,
                16
              ],
              "size": [
                24,
                6,
                3
              ],
              "inflate": -0.01,
              "pivot": [
                0,
                10,
                19
              ],
              "rotation": [
                27.5,
                0,
                0
              ],
              "uv": [
                141,
                63
              ],
              "mirror": true
            },
            {
              "origin": [
                -1.5,
                4.75,
                18.7
              ],
              "size": [
                3,
                0,
                3
              ],
              "pivot": [
                0,
                4.75,
                21.7
              ],
              "rotation": [
                127.5,
                0,
                0
              ],
              "uv": [
                110,
                3
              ]
            },
            {
              "origin": [
                1.75,
                4.75,
                21.7
              ],
              "size": [
                10,
                0,
                2
              ],
              "pivot": [
                6.75,
                4.75,
                21.7
              ],
              "rotation": [
                -52.5,
                0,
                0
              ],
              "uv": [
                89,
                59
              ]
            },
            {
              "origin": [
                -11.75,
                4.75,
                21.7
              ],
              "size": [
                10,
                0,
                2
              ],
              "pivot": [
                -6.75,
                4.75,
                21.7
              ],
              "rotation": [
                -52.5,
                0,
                0
              ],
              "uv": [
                0,
                32
              ]
            },
            {
              "origin": [
                -12,
                4,
                -16
              ],
              "size": [
                3,
                6,
                35
              ],
              "pivot": [
                -12,
                10,
                1.5
              ],
              "rotation": [
                0,
                0,
                27.5
              ],
              "uv": [
                131,
                22
              ],
              "mirror": true
            },
            {
              "origin": [
                -16.7,
                4.75,
                9
              ],
              "size": [
                2,
                0,
                10
              ],
              "pivot": [
                -14.7,
                4.75,
                14
              ],
              "rotation": [
                0,
                0,
                -52.5
              ],
              "uv": [
                49,
                57
              ]
            },
            {
              "origin": [
                -16.7,
                4.75,
                -1
              ],
              "size": [
                2,
                0,
                10
              ],
              "pivot": [
                -14.7,
                4.75,
                4
              ],
              "rotation": [
                0,
                0,
                -52.5
              ],
              "uv": [
                49,
                57
              ]
            },
            {
              "origin": [
                -16.7,
                4.75,
                -16
              ],
              "size": [
                2,
                0,
                10
              ],
              "pivot": [
                -14.7,
                4.75,
                -11
              ],
              "rotation": [
                0,
                0,
                -52.5
              ],
              "uv": [
                4,
                70
              ]
            },
            {
              "origin": [
                -16.7,
                4.75,
                -6
              ],
              "size": [
                2,
                0,
                5
              ],
              "pivot": [
                -14.7,
                4.75,
                -6
              ],
              "rotation": [
                0,
                0,
                -52.5
              ],
              "uv": [
                9,
                70
              ]
            },
            {
              "origin": [
                1,
                16,
                -14
              ],
              "size": [
                14,
                4,
                27
              ],
              "pivot": [
                8,
                16,
                -14
              ],
              "rotation": [
                -10,
                0,
                0
              ],
              "uv": [
                0,
                57
              ]
            },
            {
              "origin": [
                -15,
                16,
                -14
              ],
              "size": [
                14,
                4,
                27
              ],
              "pivot": [
                -8,
                16,
                -14
              ],
              "rotation": [
                -10,
                0,
                0
              ],
              "uv": [
                0,
                57
              ],
              "mirror": true
            },
            {
              "origin": [
                -15,
                16,
                -14
              ],
              "size": [
                30,
                13,
                4
              ],
              "inflate": -0.01,
              "pivot": [
                0,
                16,
                -14
              ],
              "rotation": [
                20,
                0,
                0
              ],
              "uv": [
                155,
                72
              ]
            },
            {
              "origin": [
                -15,
                11.5,
                8.75
              ],
              "size": [
                30,
                13,
                4
              ],
              "inflate": -0.01,
              "pivot": [
                0,
                11.5,
                12.75
              ],
              "rotation": [
                -42.5,
                0,
                0
              ],
              "uv": [
                155,
                72
              ]
            },
            {
              "origin": [
                -11,
                21.5,
                16.25
              ],
              "size": [
                22,
                7,
                4
              ],
              "inflate": -0.01,
              "pivot": [
                0,
                7.5,
                17.75
              ],
              "rotation": [
                -5,
                0,
                0
              ],
              "uv": [
                151,
                89
              ]
            }
          ]
        },
        {
					"name": "locator_seat_1",
					"parent": "torso",
					"pivot": [0, 28, -12],
					"locators": {
						"seat_1": [0, 28, -12]
					}
				},
				{
					"name": "locator_seat_2",
					"parent": "torso",
					"pivot": [8, 28, -5],
					"rotation": [0, -75, 0],
					"locators": {
						"seat_2": [8, 28, -5]
					}
				},
				{
					"name": "locator_seat_3",
					"parent": "torso",
					"pivot": [-8, 28, -5],
					"rotation": [0, 75, 0],
					"locators": {
						"seat_3": [-8, 28, -5]
					}
				},
				{
					"name": "locator_seat_4",
					"parent": "torso",
					"pivot": [8, 28, 8],
					"rotation": [0, -105, 0],
					"locators": {
						"seat_4": [8, 28, 8]
					}
				},
				{
					"name": "locator_seat_5",
					"parent": "torso",
					"pivot": [-8, 28, 8],
					"rotation": [0, 105, 0],
					"locators": {
						"seat_5": [-8, 28, 8]
					}
				},
				{
					"name": "locator_seat_6",
					"parent": "torso",
					"pivot": [0, 28, 15],
					"rotation": [0, 180, 0],
					"locators": {
						"seat_6": [0, 28, 15]
					}
				},
        {
          "name": "tail",
          "parent": "torso",
          "pivot": [
            0,
            17,
            18
          ],
          "cubes": [
            {
              "origin": [
                -4,
                13,
                16
              ],
              "size": [
                8,
                8,
                8
              ],
              "uv": [
                0,
                0
              ]
            }
          ]
        },
        {
          "name": "tail2",
          "parent": "tail",
          "pivot": [
            0,
            17,
            23.5
          ],
          "cubes": [
            {
              "origin": [
                -3,
                14,
                23
              ],
              "size": [
                6,
                6,
                7
              ],
              "uv": [
                0,
                57
              ]
            }
          ]
        },
        {
          "name": "volcano",
          "parent": "torso",
          "pivot": [
            0,
            31,
            -5
          ],
          "cubes": [
            {
              "origin": [
                7,
                21,
                -12
              ],
              "size": [
                10,
                9,
                10
              ],
              "pivot": [
                12,
                25,
                -7
              ],
              "rotation": [
                0,
                0,
                62.5
              ],
              "uv": [
                28,
                88
              ]
            }
          ]
        },
        {
          "name": "volcano4",
          "parent": "torso",
          "pivot": [
            0,
            31,
            -5
          ],
          "cubes": [
            {
              "origin": [
                -17,
                21,
                -12
              ],
              "size": [
                10,
                9,
                10
              ],
              "pivot": [
                -12,
                25,
                -7
              ],
              "rotation": [
                0,
                0,
                -62.5
              ],
              "uv": [
                28,
                88
              ],
              "mirror": true
            }
          ]
        },
        {
          "name": "volcano2",
          "parent": "torso",
          "pivot": [
            8,
            21,
            5
          ],
          "rotation": [
            0,
            0,
            57.5
          ],
          "cubes": [
            {
              "origin": [
                3,
                20,
                -1
              ],
              "size": [
                10,
                9,
                10
              ],
              "uv": [
                83,
                0
              ]
            }
          ]
        },
        {
          "name": "volcano5",
          "parent": "torso",
          "pivot": [
            -8,
            21,
            5
          ],
          "rotation": [
            0,
            0,
            -57.5
          ],
          "cubes": [
            {
              "origin": [
                -13,
                20,
                -1
              ],
              "size": [
                10,
                9,
                10
              ],
              "uv": [
                83,
                0
              ],
              "mirror": true
            }
          ]
        },
        {
          "name": "volcano3",
          "parent": "torso",
          "pivot": [
            8,
            22,
            16
          ],
          "rotation": [
            0,
            0,
            57.5
          ],
          "cubes": [
            {
              "origin": [
                6,
                20,
                10
              ],
              "size": [
                7,
                9,
                7
              ],
              "uv": [
                226,
                59
              ]
            }
          ]
        },
        {
          "name": "volcano6",
          "parent": "torso",
          "pivot": [
            -8,
            22,
            16
          ],
          "rotation": [
            0,
            0,
            -57.5
          ],
          "cubes": [
            {
              "origin": [
                -13,
                20,
                10
              ],
              "size": [
                7,
                9,
                7
              ],
              "uv": [
                226,
                59
              ],
              "mirror": true
            }
          ]
        },
        {
          "name": "neck",
          "parent": "torso",
          "pivot": [
            0,
            17,
            -14.5
          ],
          "cubes": [
            {
              "origin": [
                -6,
                11,
                -22
              ],
              "size": [
                12,
                13,
                9
              ],
              "uv": [
                73,
                81
              ]
            }
          ]
        },
        {
          "name": "head",
          "parent": "neck",
          "pivot": [
            0,
            16.5,
            -20.5
          ],
          "rotation": [
            -7.5,
            0,
            0
          ],
          "cubes": [
            {
              "origin": [
                -6.5,
                10.5,
                -29
              ],
              "size": [
                13,
                14,
                10
              ],
              "inflate": 0.01,
              "uv": [
                55,
                57
              ]
            }
          ]
        },
        {
          "name": "ear_right",
          "parent": "head",
          "pivot": [
            -6.5,
            23.5,
            -22.5
          ],
          "cubes": [
            {
              "origin": [
                -12,
                21,
                -25
              ],
              "size": [
                6,
                5,
                5
              ],
              "uv": [
                188,
                4
              ]
            }
          ]
        },
        {
          "name": "ear_right2",
          "parent": "ear_right",
          "pivot": [
            -11.5,
            23.5,
            -22.5
          ],
          "cubes": [
            {
              "origin": [
                -15,
                22,
                -24.25
              ],
              "size": [
                4,
                3,
                3.5
              ],
              "uv": [
                101,
                75
              ]
            }
          ]
        },
        {
          "name": "ear_left",
          "parent": "head",
          "pivot": [
            6.5,
            23.5,
            -22.5
          ],
          "cubes": [
            {
              "origin": [
                6,
                21,
                -25
              ],
              "size": [
                6,
                5,
                5
              ],
              "uv": [
                0,
                96
              ]
            }
          ]
        },
        {
          "name": "ear_left2",
          "parent": "ear_left",
          "pivot": [
            11.5,
            23.5,
            -22.5
          ],
          "cubes": [
            {
              "origin": [
                11,
                22,
                -24.25
              ],
              "size": [
                4,
                3,
                3.5
              ],
              "uv": [
                58,
                90
              ]
            }
          ]
        },
        {
          "name": "comb_middle1",
          "parent": "head",
          "pivot": [
            0,
            24.5,
            -22.75
          ],
          "rotation": [
            -15,
            0,
            0
          ],
          "cubes": [
            {
              "origin": [
                -2.5,
                23.5,
                -25.25
              ],
              "size": [
                5,
                3,
                5
              ],
              "uv": [
                139,
                0
              ]
            },
            {
              "origin": [
                -3,
                26,
                -25.75
              ],
              "size": [
                6,
                7,
                6
              ],
              "uv": [
                172,
                36
              ]
            },
            {
              "origin": [
                -2,
                33,
                -24.75
              ],
              "size": [
                4,
                3,
                4
              ],
              "uv": [
                148,
                27
              ]
            },
            {
              "origin": [
                -0.5,
                36,
                -23.25
              ],
              "size": [
                1,
                2,
                1
              ],
              "uv": [
                135,
                0
              ]
            }
          ]
        },
        {
          "name": "comb_right1",
          "parent": "head",
          "pivot": [
            -1.75,
            24,
            -22.75
          ],
          "rotation": [
            -20,
            -5,
            -25
          ],
          "cubes": [
            {
              "origin": [
                -7.5,
                30,
                -24.25
              ],
              "size": [
                4,
                3,
                3.5
              ],
              "pivot": [
                -3.5,
                31.5,
                -22.5
              ],
              "rotation": [
                0,
                0,
                90
              ],
              "uv": [
                101,
                75
              ]
            },
            {
              "origin": [
                -4.5,
                29,
                -25
              ],
              "size": [
                6,
                5,
                5
              ],
              "pivot": [
                -3.5,
                31.5,
                -22.5
              ],
              "rotation": [
                0,
                0,
                90
              ],
              "uv": [
                188,
                4
              ]
            },
            {
              "origin": [
                -0.5,
                27.5,
                -24.5
              ],
              "size": [
                3,
                4,
                4
              ],
              "pivot": [
                -3.5,
                29.5,
                -22.5
              ],
              "rotation": [
                0,
                0,
                90
              ],
              "uv": [
                125,
                0
              ]
            }
          ]
        },
        {
          "name": "comb_left1",
          "parent": "head",
          "pivot": [
            1.75,
            24,
            -22.75
          ],
          "rotation": [
            -20,
            5,
            25
          ],
          "cubes": [
            {
              "origin": [
                3.5,
                30,
                -24.25
              ],
              "size": [
                4,
                3,
                3.5
              ],
              "pivot": [
                3.5,
                31.5,
                -22.5
              ],
              "rotation": [
                0,
                0,
                -90
              ],
              "uv": [
                58,
                90
              ]
            },
            {
              "origin": [
                -1.5,
                29,
                -25
              ],
              "size": [
                6,
                5,
                5
              ],
              "pivot": [
                3.5,
                31.5,
                -22.5
              ],
              "rotation": [
                0,
                0,
                -90
              ],
              "uv": [
                0,
                96
              ]
            },
            {
              "origin": [
                -2.5,
                27.5,
                -24.5
              ],
              "size": [
                3,
                4,
                4
              ],
              "pivot": [
                3.5,
                29.5,
                -22.5
              ],
              "rotation": [
                0,
                0,
                -90
              ],
              "uv": [
                125,
                0
              ],
              "mirror": true
            }
          ]
        },
        {
          "name": "eye_right",
          "parent": "head",
          "pivot": [
            -6.01,
            18.5,
            -25.75
          ],
          "rotation": [
            10,
            0,
            0
          ],
          "cubes": [
            {
              "origin": [
                -6.51,
                15,
                -28.25
              ],
              "size": [
                1,
                7,
                5
              ],
              "inflate": 0.01,
              "uv": [
                214,
                59
              ]
            }
          ]
        },
        {
          "name": "eyelid_right",
          "parent": "eye_right",
          "pivot": [
            -5.41,
            18.5,
            -25.26
          ],
          "cubes": [
            {
              "origin": [
                -6.41,
                15,
                -28.26
              ],
              "size": [
                2,
                7,
                5
              ],
              "inflate": 0.02,
              "uv": [
                228,
                18
              ]
            }
          ]
        },
        {
          "name": "eye_left",
          "parent": "head",
          "pivot": [
            6.01,
            18.5,
            -25.75
          ],
          "rotation": [
            10,
            0,
            0
          ],
          "cubes": [
            {
              "origin": [
                5.51,
                15,
                -28.25
              ],
              "size": [
                1,
                7,
                5
              ],
              "inflate": 0.01,
              "uv": [
                202,
                59
              ]
            }
          ]
        },
        {
          "name": "eyelid_left",
          "parent": "eye_left",
          "pivot": [
            5.41,
            18.5,
            -25.26
          ],
          "cubes": [
            {
              "origin": [
                4.41,
                15,
                -28.26
              ],
              "size": [
                2,
                7,
                5
              ],
              "inflate": 0.02,
              "uv": [
                118,
                45
              ]
            }
          ]
        },
        {
          "name": "snout",
          "parent": "head",
          "pivot": [
            0,
            16.75,
            -29
          ],
          "rotation": [
            35,
            0,
            0
          ],
          "cubes": [
            {
              "origin": [
                -5,
                10.75,
                -35
              ],
              "size": [
                10,
                6,
                6
              ],
              "inflate": 0.01,
              "uv": [
                0,
                16
              ]
            }
          ]
        },
        {
          "name": "jaw",
          "parent": "snout",
          "pivot": [
            0,
            11.5,
            -29.5
          ],
          "rotation": [
            -12.5,
            0,
            0
          ],
          "cubes": [
            {
              "origin": [
                -4.5,
                9.5,
                -34.5
              ],
              "size": [
                9,
                3,
                7
              ],
              "uv": [
                83,
                20
              ]
            }
          ]
        },
        {
          "name": "leg_front_left",
          "parent": "body",
          "pivot": [
            6.75,
            15,
            -9.75
          ],
          "cubes": [
            {
              "origin": [
                1.75,
                8,
                -14.75
              ],
              "size": [
                10,
                8,
                10
              ],
              "uv": [
                188,
                18
              ]
            }
          ]
        },
        {
          "name": "leg_front_left2",
          "parent": "leg_front_left",
          "pivot": [
            6.75,
            8,
            -14.75
          ],
          "cubes": [
            {
              "origin": [
                1.75,
                0,
                -14.75
              ],
              "size": [
                10,
                8,
                10
              ],
              "uv": [
                113,
                9
              ]
            },
            {
              "origin": [
                1.75,
                3,
                -16.75
              ],
              "size": [
                10,
                0,
                2
              ],
              "pivot": [
                6.75,
                3,
                -14.75
              ],
              "rotation": [
                30,
                0,
                0
              ],
              "uv": [
                89,
                57
              ]
            },
            {
              "origin": [
                1.75,
                3,
                -4.75
              ],
              "size": [
                10,
                0,
                2
              ],
              "pivot": [
                6.75,
                3,
                -4.75
              ],
              "rotation": [
                -30,
                0,
                0
              ],
              "uv": [
                56,
                88
              ]
            },
            {
              "origin": [
                11.75,
                3,
                -14.75
              ],
              "size": [
                2,
                0,
                10
              ],
              "pivot": [
                11.75,
                3,
                -9.75
              ],
              "rotation": [
                0,
                0,
                30
              ],
              "uv": [
                12,
                70
              ]
            },
            {
              "origin": [
                -0.25,
                3,
                -14.75
              ],
              "size": [
                2,
                0,
                10
              ],
              "pivot": [
                1.75,
                3,
                -9.75
              ],
              "rotation": [
                0,
                0,
                -30
              ],
              "uv": [
                8,
                70
              ]
            }
          ]
        },
        {
          "name": "leg_front_right",
          "parent": "body",
          "pivot": [
            -6.75,
            15,
            -9.75
          ],
          "cubes": [
            {
              "origin": [
                -11.75,
                8,
                -14.75
              ],
              "size": [
                10,
                8,
                10
              ],
              "uv": [
                158,
                4
              ]
            }
          ]
        },
        {
          "name": "leg_front_right2",
          "parent": "leg_front_right",
          "pivot": [
            -6.75,
            8,
            -14.75
          ],
          "cubes": [
            {
              "origin": [
                -11.75,
                0,
                -14.75
              ],
              "size": [
                10,
                8,
                10
              ],
              "uv": [
                216,
                41
              ]
            },
            {
              "origin": [
                -11.75,
                3,
                -16.75
              ],
              "size": [
                10,
                0,
                2
              ],
              "pivot": [
                -6.75,
                3,
                -14.75
              ],
              "rotation": [
                30,
                0,
                0
              ],
              "uv": [
                0,
                82
              ]
            },
            {
              "origin": [
                -11.75,
                3,
                -4.75
              ],
              "size": [
                10,
                0,
                2
              ],
              "pivot": [
                -6.75,
                3,
                -4.75
              ],
              "rotation": [
                -30,
                0,
                0
              ],
              "uv": [
                53,
                81
              ]
            },
            {
              "origin": [
                -13.75,
                3,
                -14.75
              ],
              "size": [
                2,
                0,
                10
              ],
              "pivot": [
                -11.75,
                3,
                -9.75
              ],
              "rotation": [
                0,
                0,
                -30
              ],
              "uv": [
                4,
                70
              ]
            },
            {
              "origin": [
                -1.75,
                3,
                -14.75
              ],
              "size": [
                2,
                0,
                10
              ],
              "pivot": [
                -1.75,
                3,
                -9.75
              ],
              "rotation": [
                0,
                0,
                30
              ],
              "uv": [
                0,
                70
              ]
            }
          ]
        },
        {
          "name": "leg_back_left",
          "parent": "body",
          "pivot": [
            6.75,
            15,
            12.25
          ],
          "cubes": [
            {
              "origin": [
                1.75,
                8,
                7.25
              ],
              "size": [
                10,
                8,
                10
              ],
              "uv": [
                118,
                27
              ]
            }
          ]
        },
        {
          "name": "leg_back_left2",
          "parent": "leg_back_left",
          "pivot": [
            6.75,
            8,
            7.25
          ],
          "cubes": [
            {
              "origin": [
                1.75,
                0,
                7.25
              ],
              "size": [
                10,
                8,
                10
              ],
              "uv": [
                115,
                75
              ]
            },
            {
              "origin": [
                1.75,
                3,
                5.25
              ],
              "size": [
                10,
                0,
                2
              ],
              "pivot": [
                6.75,
                3,
                7.25
              ],
              "rotation": [
                30,
                0,
                0
              ],
              "uv": [
                89,
                61
              ]
            },
            {
              "origin": [
                1.75,
                3,
                17.25
              ],
              "size": [
                10,
                0,
                2
              ],
              "pivot": [
                6.75,
                3,
                17.25
              ],
              "rotation": [
                -30,
                0,
                0
              ],
              "uv": [
                89,
                59
              ]
            },
            {
              "origin": [
                11.75,
                3,
                7.25
              ],
              "size": [
                2,
                0,
                10
              ],
              "pivot": [
                11.75,
                3,
                12.25
              ],
              "rotation": [
                0,
                0,
                30
              ],
              "uv": [
                77,
                0
              ]
            },
            {
              "origin": [
                -0.25,
                3,
                7.25
              ],
              "size": [
                2,
                0,
                10
              ],
              "pivot": [
                1.75,
                3,
                12.25
              ],
              "rotation": [
                0,
                0,
                -30
              ],
              "uv": [
                73,
                0
              ]
            }
          ]
        },
        {
          "name": "leg_back_right",
          "parent": "body",
          "pivot": [
            -6.75,
            15,
            12.25
          ],
          "cubes": [
            {
              "origin": [
                -11.75,
                8,
                7.25
              ],
              "size": [
                10,
                8,
                10
              ],
              "uv": [
                216,
                0
              ]
            }
          ]
        },
        {
          "name": "leg_back_right2",
          "parent": "leg_back_right",
          "pivot": [
            -6.75,
            8,
            7.25
          ],
          "cubes": [
            {
              "origin": [
                -11.75,
                0,
                7.25
              ],
              "size": [
                10,
                8,
                10
              ],
              "uv": [
                101,
                57
              ]
            },
            {
              "origin": [
                -11.75,
                3,
                5.25
              ],
              "size": [
                10,
                0,
                2
              ],
              "pivot": [
                -6.75,
                3,
                7.25
              ],
              "rotation": [
                30,
                0,
                0
              ],
              "uv": [
                0,
                80
              ]
            },
            {
              "origin": [
                -11.75,
                3,
                17.25
              ],
              "size": [
                10,
                0,
                2
              ],
              "pivot": [
                -6.75,
                3,
                17.25
              ],
              "rotation": [
                -30,
                0,
                0
              ],
              "uv": [
                0,
                32
              ]
            },
            {
              "origin": [
                -13.75,
                3,
                7.25
              ],
              "size": [
                2,
                0,
                10
              ],
              "pivot": [
                -11.75,
                3,
                12.25
              ],
              "rotation": [
                0,
                0,
                -30
              ],
              "uv": [
                49,
                57
              ]
            },
            {
              "origin": [
                -1.75,
                3,
                7.25
              ],
              "size": [
                2,
                0,
                10
              ],
              "pivot": [
                -1.75,
                3,
                12.25
              ],
              "rotation": [
                0,
                0,
                30
              ],
              "uv": [
                45,
                57
              ]
            }
          ]
        }
      ]
    }
  ]
}