{
  "format_version": "1.12.0",
  "minecraft:geometry": [
    {
      "bones": [
        {
          "name": "pansear",
          "pivot": [0, 0, 0]
        }, {
          "name": "body",
          "parent": "pansear",
          "pivot": [0, 0, 0]
        }, {
          "cubes": [
            {
              "origin": [-1.5, 5, -1],
              "size": [3, 3, 2],
              "uv": [27, 13]
            }, {
              "origin": [-1.5, 3, -1],
              "size": [3, 2, 2],
              "uv": [28, 25]
            }
          ],
          "name": "torso",
          "parent": "body",
          "pivot": [0, 0, 0]
        }, {
          "cubes": [
            {
              "origin": [-0.2, 10.4, -3.1],
              "size": [0.5, 0.2, 0],
              "uv": [36, 38]
            }, {
              "origin": [-4, 8, -3],
              "size": [8, 6, 6],
              "uv": [0, 0]
            }
          ],
          "name": "head",
          "parent": "torso",
          "pivot": [0.025, 10.75, -1.55]
        }, {
          "name": "ear",
          "parent": "head",
          "pivot": [0, 0, 0]
        }, {
          "cubes": [
            {
              "mirror": true,
              "origin": [0, 9, 0],
              "size": [6, 7, 0],
              "uv": [15, 23]
            }
          ],
          "name": "left_ear",
          "parent": "ear",
          "pivot": [0, 0, 0],
          "rotation": [0, 0, 15]
        }, {
          "cubes": [
            {
              "origin": [-6, 9, 0],
              "size": [6, 7, 0],
              "uv": [15, 23]
            }
          ],
          "name": "right_ear",
          "parent": "ear",
          "pivot": [0, 0, 0],
          "rotation": [0, 0, -15]
        }, {
          "name": "eye",
          "parent": "head",
          "pivot": [0, 0, 0]
        }, {
          "cubes": [
            {
              "origin": [-2.5, 10.47116, -3.02],
              "size": [1, 2, 0],
              "uv": [35, 37]
            }
          ],
          "name": "right_eye",
          "parent": "eye",
          "pivot": [-2, 11.47116, -2.58849]
        }, {
          "cubes": [
            {
              "origin": [-2, 11.97116, -3.02],
              "size": [0.5, 0.5, 0],
              "uv": [39, 38]
            }
          ],
          "name": "right_eye2",
          "parent": "right_eye",
          "pivot": [0, -0.02884, 0.43151]
        }, {
          "cubes": [
            {
              "origin": [-2.5, 11.97116, -3.02],
              "size": [0.5, 0.5, 0],
              "uv": [39, 38]
            }
          ],
          "name": "right_eye3",
          "parent": "right_eye",
          "pivot": [0, -0.02884, 0.43151]
        }, {
          "cubes": [
            {
              "mirror": true,
              "origin": [1.5, 10.47116, -3.02],
              "size": [1, 2, 0],
              "uv": [35, 37]
            }
          ],
          "name": "left_eye",
          "parent": "eye",
          "pivot": [2, 11.47116, -2.58849]
        }, {
          "cubes": [
            {
              "mirror": true,
              "origin": [1.5, 11.97116, -3.02],
              "size": [0.5, 0.5, 0],
              "uv": [39, 38]
            }
          ],
          "name": "left_eye2",
          "parent": "left_eye",
          "pivot": [0, -0.02884, 0.43151]
        }, {
          "cubes": [
            {
              "mirror": true,
              "origin": [2, 11.97116, -3.02],
              "size": [0.5, 0.5, 0],
              "uv": [39, 38]
            }
          ],
          "name": "left_eye3",
          "parent": "left_eye",
          "pivot": [0, -0.02884, 0.43151]
        }, {
          "name": "emote",
          "parent": "eye",
          "pivot": [0, 0, 0]
        }, {
          "name": "angry",
          "parent": "emote",
          "pivot": [0.1, -0.2, -1]
        }, {
          "cubes": [
            {
              "mirror": true,
              "origin": [0.5, 11.4, -2.022],
              "size": [3, 2, 0],
              "uv": [17, 40]
            }
          ],
          "name": "right_angry",
          "parent": "angry",
          "pivot": [0.1, -0.3, 0]
        }, {
          "cubes": [
            {
              "origin": [-3.5, 11.4, -2.022],
              "size": [3, 2, 0],
              "uv": [17, 40]
            }
          ],
          "name": "left_angry",
          "parent": "angry",
          "pivot": [0.1, -0.3, 0]
        }, {
          "name": "sleepy",
          "parent": "emote",
          "pivot": [0, 0, 1]
        }, {
          "cubes": [
            {
              "origin": [-3, 11, -2.022],
              "size": [2, 2, 0],
              "uv": [35, 40]
            }
          ],
          "name": "right_sleepy",
          "parent": "sleepy",
          "pivot": [0, 0, 1]
        }, {
          "cubes": [
            {
              "mirror": true,
              "origin": [1, 11, -2.022],
              "size": [2, 2, 0],
              "uv": [35, 40]
            }
          ],
          "name": "left_sleepy",
          "parent": "sleepy",
          "pivot": [0, 0, 1]
        }, {
          "name": "happy",
          "parent": "emote",
          "pivot": [0, 0, 0]
        }, {
          "cubes": [
            {
              "origin": [-3, 11, -2.022],
              "size": [2, 2, 0],
              "uv": [25, 40]
            }
          ],
          "name": "right_happy",
          "parent": "happy",
          "pivot": [0, 0, 1]
        }, {
          "cubes": [
            {
              "mirror": true,
              "origin": [1, 11, -2.022],
              "size": [2, 2, 0],
              "uv": [25, 40]
            }
          ],
          "name": "left_happy",
          "parent": "happy",
          "pivot": [0, 0, 1]
        }, {
          "name": "shock",
          "parent": "emote",
          "pivot": [0, 0, 1]
        }, {
          "cubes": [
            {
              "origin": [-3, 10.5, -2.022],
              "size": [2, 2, 0],
              "uv": [30, 40]
            }
          ],
          "name": "right_shock",
          "parent": "shock",
          "pivot": [0, 0, 1]
        }, {
          "cubes": [
            {
              "mirror": true,
              "origin": [1, 10.5, -2.022],
              "size": [2, 2, 0],
              "uv": [30, 40]
            }
          ],
          "name": "left_shock",
          "parent": "shock",
          "pivot": [0, 0, 1]
        }, {
          "name": "sad",
          "parent": "emote",
          "pivot": [0, 0, 0]
        }, {
          "cubes": [
            {
              "origin": [-3.5, 11.4, -3.022],
              "size": [3, 2, 0],
              "uv": [25, 37]
            }
          ],
          "name": "right_sad",
          "parent": "sad",
          "pivot": [0, 0, 0]
        }, {
          "cubes": [
            {
              "mirror": true,
              "origin": [0.5, 11.4, -3.022],
              "size": [3, 2, 0],
              "uv": [25, 37]
            }
          ],
          "name": "left_sad",
          "parent": "sad",
          "pivot": [0, 0, 0]
        }, {
          "name": "mouth",
          "parent": "head",
          "pivot": [0, 0, 0]
        }, {
          "cubes": [
            {
              "origin": [-2.5, 8.5, -3.02],
              "size": [5, 2, 0],
              "uv": [29, 5]
            }
          ],
          "name": "close",
          "parent": "mouth",
          "pivot": [0, 0, 0]
        }, {
          "cubes": [
            {
              "origin": [-2.5, 8.5, -3.02],
              "size": [5, 2, 0],
              "uv": [29, 8]
            }
          ],
          "name": "close2",
          "parent": "mouth",
          "pivot": [0, 0, 0]
        }, {
          "cubes": [
            {
              "origin": [-2.5, 8, -2.02],
              "size": [5, 2, 0],
              "uv": [0, 30]
            }
          ],
          "name": "open",
          "parent": "mouth",
          "pivot": [0, 0, 0]
        }, {
          "cubes": [
            {
              "origin": [-4, 14, -4],
              "size": [8, 4, 5],
              "uv": [0, 13]
            }
          ],
          "name": "top_head",
          "parent": "head",
          "pivot": [0, 0, 0]
        }, {
          "cubes": [
            {
              "origin": [2.4, 18.6, -1.8],
              "pivot": [2.9, 18.6, -1.8],
              "rotation": [-24.82639, 20.22023, -3.97225],
              "size": [1, 1, 0],
              "uv": [29, 11]
            }, {
              "origin": [1.4, 17.7, -2],
              "size": [2, 1, 1],
              "uv": [0, 36]
            }
          ],
          "name": "bone",
          "parent": "top_head",
          "pivot": [2.65, 18.7, -1.5],
          "rotation": [-20, 0, 0]
        }, {
          "cubes": [
            {
              "origin": [-4.5, 7, -0.5],
              "size": [3, 1, 1],
              "uv": [0, 33]
            }
          ],
          "name": "right_arm",
          "parent": "torso",
          "pivot": [-1.5, 7.5, 0]
        }, {
          "cubes": [
            {
              "origin": [-7.5, 6.5, -1],
              "size": [3, 2, 2],
              "uv": [29, 0]
            }
          ],
          "name": "right_arm2",
          "parent": "right_arm",
          "pivot": [-4.5, 7.5, 0]
        }, {
          "cubes": [
            {
              "origin": [-9.08306, 6.5, -0.46802],
              "size": [2, 2, 1],
              "uv": [27, 33]
            }
          ],
          "name": "right_hand",
          "parent": "right_arm2",
          "pivot": [-8.08306, 7.5, 0.03198],
          "rotation": [0, -32.5, 0]
        }, {
          "cubes": [
            {
              "origin": [-7.68306, 8.5, -0.83802],
              "size": [1, 1, 1],
              "uv": [12, 37]
            }
          ],
          "name": "right_finger",
          "parent": "right_arm2",
          "pivot": [-7.18306, 9, -0.33802]
        }, {
          "cubes": [
            {
              "mirror": true,
              "origin": [1.5, 7, -0.5],
              "size": [3, 1, 1],
              "uv": [0, 33]
            }
          ],
          "name": "left_arm",
          "parent": "torso",
          "pivot": [1.5, 7.5, 0]
        }, {
          "cubes": [
            {
              "mirror": true,
              "origin": [4.5, 6.5, -1],
              "size": [3, 2, 2],
              "uv": [29, 0]
            }
          ],
          "name": "left_arm2",
          "parent": "left_arm",
          "pivot": [4.5, 7.5, 0]
        }, {
          "cubes": [
            {
              "mirror": true,
              "origin": [7.08306, 6.5, -0.46802],
              "size": [2, 2, 1],
              "uv": [27, 33]
            }
          ],
          "name": "left_hand",
          "parent": "left_arm2",
          "pivot": [8.08306, 7.5, 0.03198],
          "rotation": [0, 32.5, 0]
        }, {
          "cubes": [
            {
              "mirror": true,
              "origin": [6.68306, 8.5, -0.83802],
              "size": [1, 1, 1],
              "uv": [12, 37]
            }
          ],
          "name": "left_finger",
          "parent": "left_arm2",
          "pivot": [7.18306, 9, -0.33802]
        }, {
          "cubes": [
            {
              "origin": [-0.5, 3, 1],
              "size": [1, 1, 2],
              "uv": [34, 33]
            }
          ],
          "name": "tail",
          "parent": "torso",
          "pivot": [0, 3.5, 1]
        }, {
          "cubes": [
            {
              "origin": [-0.5, 3, 3],
              "size": [1, 1, 4],
              "uv": [28, 19]
            }
          ],
          "name": "tail2",
          "parent": "tail",
          "pivot": [0, 3.5, 3]
        }, {
          "cubes": [
            {
              "origin": [-0.5, 3, 7],
              "size": [1, 1, 1],
              "uv": [19, 36]
            }
          ],
          "name": "tail3",
          "parent": "tail2",
          "pivot": [0, 3.5, 7]
        }, {
          "cubes": [
            {
              "origin": [-1.5, 2.5, 8],
              "size": [3, 2, 4],
              "uv": [0, 23]
            }
          ],
          "name": "tail4",
          "parent": "tail3",
          "pivot": [0, 3.5, 8]
        }, {
          "cubes": [
            {
              "origin": [-1.5, 3.5, 12],
              "size": [3, 0, 2],
              "uv": [28, 30]
            }
          ],
          "name": "tail5",
          "parent": "tail4",
          "pivot": [0, 3.5, 8]
        }, {
          "cubes": [
            {
              "origin": [-2.5, 2, -1],
              "size": [1, 3, 2],
              "uv": [11, 31]
            }
          ],
          "name": "right_thigh",
          "parent": "body",
          "pivot": [-2, 3.5, 0]
        }, {
          "cubes": [
            {
              "origin": [-2.5, 0.72809, -0.5265],
              "size": [1, 2, 1],
              "uv": [7, 37]
            }
          ],
          "name": "right_leg",
          "parent": "right_thigh",
          "pivot": [-2, 1.72809, -0.0265],
          "rotation": [25, 0, 0]
        }, {
          "cubes": [
            {
              "origin": [-3, 0.15, -1.63353],
              "size": [2, 1, 2],
              "uv": [18, 31]
            }
          ],
          "name": "right_feet",
          "parent": "right_leg",
          "pivot": [-2, 0.69853, -0.63353],
          "rotation": [-25, 0, 0]
        }, {
          "cubes": [
            {
              "mirror": true,
              "origin": [1.5, 2, -1],
              "size": [1, 3, 2],
              "uv": [11, 31]
            }
          ],
          "name": "left_thigh",
          "parent": "body",
          "pivot": [2, 3.5, 0]
        }, {
          "cubes": [
            {
              "mirror": true,
              "origin": [1.5, 0.72809, -0.5265],
              "size": [1, 2, 1],
              "uv": [7, 37]
            }
          ],
          "name": "left_leg",
          "parent": "left_thigh",
          "pivot": [2, 1.72809, -0.0265],
          "rotation": [25, 0, 0]
        }, {
          "cubes": [
            {
              "mirror": true,
              "origin": [1, 0.15, -1.63353],
              "size": [2, 1, 2],
              "uv": [18, 31]
            }
          ],
          "name": "left_feet",
          "parent": "left_leg",
          "pivot": [2, 0.69853, -0.63353],
          "rotation": [-25, 0, 0]
        }
      ],
      "description": {
        "identifier": "geometry.pansear",
        "texture_height": 64,
        "texture_width": 64,
        "visible_bounds_height": 2.5,
        "visible_bounds_offset": [0, 0.75, 0],
        "visible_bounds_width": 3
      }
    }
  ]
}