{
  "animations": {
    "animation.kyurem.cry": {
      "animation_length": 2.5,
      "bones": {
        "ankle_left": {
          "rotation": [0, 0, -5]
        },
        "ankle_right": {
          "rotation": [0, 0, 5]
        },
        "arm_left": {
          "rotation": {
            "0.0": {
              "lerp_mode": "catmullrom",
              "post": [0, 10, -47.5]
            },
            "0.5": {
              "lerp_mode": "catmullrom",
              "post": [-19.55933, 9.99038, -44.96148]
            },
            "1.5": {
              "lerp_mode": "catmullrom",
              "post": [-19.55933, 9.99038, -44.96148]
            },
            "2.5": {
              "lerp_mode": "catmullrom",
              "post": [0, 10, -47.5]
            }
          }
        },
        "arm_right": {
          "rotation": {
            "0.0": {
              "lerp_mode": "catmullrom",
              "post": [0, 0, 42.5]
            },
            "0.5": {
              "lerp_mode": "catmullrom",
              "post": [0, -30, 42.5]
            },
            "1.5": {
              "lerp_mode": "catmullrom",
              "post": [0, -30, 42.5]
            },
            "2.5": {
              "lerp_mode": "catmullrom",
              "post": [0, 0, 42.5]
            }
          }
        },
        "body": {
          "position": [0, -2, 0]
        },
        "body2": {
          "position": {
            "0.0": {
              "lerp_mode": "catmullrom",
              "post": [0, 0, 0]
            },
            "0.5833": {
              "lerp_mode": "catmullrom",
              "post": [0, 0, 3]
            },
            "1.5": {
              "lerp_mode": "catmullrom",
              "post": [0, 0, 3]
            },
            "2.5": {
              "lerp_mode": "catmullrom",
              "post": [0, 0, 0]
            }
          },
          "rotation": {
            "0.0": {
              "lerp_mode": "catmullrom",
              "post": [0, 0, 0]
            },
            "0.5833": {
              "lerp_mode": "catmullrom",
              "post": [-20, 0, 0]
            },
            "1.5": {
              "lerp_mode": "catmullrom",
              "post": [-20, 0, 0]
            },
            "2.5": {
              "lerp_mode": "catmullrom",
              "post": [0, 0, 0]
            }
          }
        },
        "bodymain": {
          "position": {
            "0.0": {
              "lerp_mode": "catmullrom",
              "post": [0, 0, 0]
            },
            "0.5": {
              "lerp_mode": "catmullrom",
              "post": [0, 0, 0]
            },
            "0.5833": {
              "lerp_mode": "catmullrom",
              "post": [0, 0, 0]
            },
            "0.625": {
              "lerp_mode": "catmullrom",
              "post": [0, 1, 0]
            },
            "0.6667": {
              "lerp_mode": "catmullrom",
              "post": [0, 0, 0]
            },
            "0.7083": {
              "lerp_mode": "catmullrom",
              "post": [0, 1, 0]
            },
            "0.75": {
              "lerp_mode": "catmullrom",
              "post": [0, 0, 0]
            },
            "0.7917": {
              "lerp_mode": "catmullrom",
              "post": [0, 1, 0]
            },
            "0.8333": {
              "lerp_mode": "catmullrom",
              "post": [0, 0, 0]
            },
            "0.875": {
              "lerp_mode": "catmullrom",
              "post": [0, 1, 0]
            },
            "0.9167": {
              "lerp_mode": "catmullrom",
              "post": [0, 0, 0]
            },
            "0.9583": {
              "lerp_mode": "catmullrom",
              "post": [0, 1, 0]
            },
            "1.0": {
              "lerp_mode": "catmullrom",
              "post": [0, 0, 0]
            },
            "1.0417": {
              "lerp_mode": "catmullrom",
              "post": [0, 1, 0]
            },
            "1.0833": {
              "lerp_mode": "catmullrom",
              "post": [0, 0, 0]
            },
            "1.125": {
              "lerp_mode": "catmullrom",
              "post": [0, 1, 0]
            },
            "1.1667": {
              "lerp_mode": "catmullrom",
              "post": [0, 0, 0]
            },
            "1.2083": {
              "lerp_mode": "catmullrom",
              "post": [0, 1, 0]
            },
            "1.25": {
              "lerp_mode": "catmullrom",
              "post": [0, 1, 0]
            },
            "1.2917": {
              "lerp_mode": "catmullrom",
              "post": [0, 0, 0]
            },
            "1.3333": {
              "lerp_mode": "catmullrom",
              "post": [0, 1, 0]
            },
            "1.375": {
              "lerp_mode": "catmullrom",
              "post": [0, 1, 0]
            },
            "1.4167": {
              "lerp_mode": "catmullrom",
              "post": [0, 0, 0]
            },
            "1.4583": {
              "lerp_mode": "catmullrom",
              "post": [0, 1, 0]
            },
            "1.5": {
              "lerp_mode": "catmullrom",
              "post": [0, 0, 0]
            },
            "2.5": {
              "lerp_mode": "catmullrom",
              "post": [0, 0, 0]
            }
          },
          "rotation": {
            "0.0": {
              "lerp_mode": "catmullrom",
              "post": [0, 0, 0]
            },
            "0.5": {
              "lerp_mode": "catmullrom",
              "post": [-15, 0, 0]
            },
            "2.5": {
              "lerp_mode": "catmullrom",
              "post": [0, 0, 0]
            }
          }
        },
        "foot_left": {
          "rotation": [0, 0, -7.5]
        },
        "foot_right": {
          "rotation": [0, 0, 7.5]
        },
        "forearm_left": {
          "rotation": {
            "0.0": {
              "lerp_mode": "catmullrom",
              "post": [0, -82.5, 0]
            },
            "0.5": {
              "lerp_mode": "catmullrom",
              "post": [0, -47.5, 0]
            },
            "1.5": {
              "lerp_mode": "catmullrom",
              "post": [0, -47.5, 0]
            },
            "2.5": {
              "lerp_mode": "catmullrom",
              "post": [0, -82.5, 0]
            }
          }
        },
        "forearm_right": {
          "rotation": {
            "0.0": {
              "lerp_mode": "catmullrom",
              "post": [0, 70, 0]
            },
            "0.5": {
              "lerp_mode": "catmullrom",
              "post": [0, 55, 0]
            },
            "1.5": {
              "lerp_mode": "catmullrom",
              "post": [0, 55, 0]
            },
            "2.5": {
              "lerp_mode": "catmullrom",
              "post": [0, 70, 0]
            }
          }
        },
        "left_leg": {
          "rotation": [0, 0, 12.5]
        },
        "neck1": {
          "rotation": {
            "0.0": {
              "lerp_mode": "catmullrom",
              "post": [0, 0, 0]
            },
            "0.6667": {
              "lerp_mode": "catmullrom",
              "post": [-27.5, 0, 0]
            },
            "1.5": {
              "lerp_mode": "catmullrom",
              "post": [-27.5, 0, 0]
            },
            "2.5": {
              "lerp_mode": "catmullrom",
              "post": [0, 0, 0]
            }
          }
        },
        "neck2": {
          "rotation": {
            "0.0": {
              "lerp_mode": "catmullrom",
              "post": [0, 0, 0]
            },
            "0.75": {
              "lerp_mode": "catmullrom",
              "post": [-10, 0, 0]
            },
            "1.5": {
              "lerp_mode": "catmullrom",
              "post": [-10, 0, 0]
            },
            "2.5": {
              "lerp_mode": "catmullrom",
              "post": [0, 0, 0]
            }
          }
        },
        "neck3": {
          "rotation": {
            "0.0": {
              "lerp_mode": "catmullrom",
              "post": [0, 0, 0]
            },
            "0.8333": {
              "lerp_mode": "catmullrom",
              "post": [-12.5, 0, 0]
            },
            "1.5": {
              "lerp_mode": "catmullrom",
              "post": [-12.5, 0, 0]
            },
            "2.5": {
              "lerp_mode": "catmullrom",
              "post": [0, 0, 0]
            }
          }
        },
        "neck4": {
          "rotation": {
            "0.0": {
              "lerp_mode": "catmullrom",
              "post": [0, 0, 0]
            },
            "0.9167": {
              "lerp_mode": "catmullrom",
              "post": [-5, 0, 0]
            },
            "1.5": {
              "lerp_mode": "catmullrom",
              "post": [-5, 0, 0]
            },
            "2.5": {
              "lerp_mode": "catmullrom",
              "post": [0, 0, 0]
            }
          }
        },
        "right_leg": {
          "rotation": [0, 0, -12.5]
        }
      },
      "loop": true,
      "sound_effects": {
        "0.1": {
          "effect": "pokemon.kyurem.cry"
        }
      }
    },
    "animation.kyurem.faint": {
      "animation_length": 3,
      "bones": {
        "ankle_left": {
          "rotation": [0, 0, -5]
        },
        "ankle_right": {
          "rotation": [0, 0, 5]
        },
        "arm_left": {
          "rotation": {
            "0.0": {
              "lerp_mode": "catmullrom",
              "post": [0, 10, -47.5]
            },
            "0.5": {
              "lerp_mode": "catmullrom",
              "post": [-19.55933, 9.99038, -44.96148]
            },
            "2.0": {
              "lerp_mode": "catmullrom",
              "post": [-19.55933, 9.99038, -44.96148]
            },
            "2.0417": {
              "lerp_mode": "catmullrom",
              "post": [-14.397, 16.64557, -22.8523]
            },
            "2.25": {
              "lerp_mode": "catmullrom",
              "post": [-19.55933, 9.99038, -44.96148]
            },
            "3.0": {
              "lerp_mode": "catmullrom",
              "post": [-19.55933, 9.99038, -44.96148]
            }
          }
        },
        "arm_right": {
          "rotation": {
            "0.0": {
              "lerp_mode": "catmullrom",
              "post": [0, 0, 42.5]
            },
            "0.5": {
              "lerp_mode": "catmullrom",
              "post": [0, -30, 42.5]
            },
            "2.0417": {
              "lerp_mode": "catmullrom",
              "post": [10.38469, -29.75659, 22.23402]
            },
            "3.0": {
              "lerp_mode": "catmullrom",
              "post": [0, -30, 42.5]
            }
          }
        },
        "body": {
          "position": {
            "0.0": [0, -2, 0],
            "1.1667": [0, -2, 0],
            "1.3333": [0, -0.57, -7.43],
            "1.4583": [0, -20, -13],
            "3.0": [0, -20, -13]
          },
          "rotation": {
            "0.0": {
              "lerp_mode": "catmullrom",
              "post": [0, 0, 0]
            },
            "1.1667": {
              "lerp_mode": "catmullrom",
              "post": [0, 0, 0]
            },
            "1.3333": {
              "lerp_mode": "catmullrom",
              "post": [0, 0, 0]
            },
            "1.625": {
              "lerp_mode": "catmullrom",
              "post": [0, 0, 0]
            },
            "3.0": [0, 0, 0]
          }
        },
        "body2": {
          "position": {
            "0.0": {
              "lerp_mode": "catmullrom",
              "post": [0, 0, 0]
            },
            "1.0833": {
              "lerp_mode": "catmullrom",
              "post": [0, 0, 3]
            },
            "1.375": {
              "lerp_mode": "catmullrom",
              "post": [0, 0, 3]
            },
            "3.0": {
              "lerp_mode": "catmullrom",
              "post": [0, 0, 3]
            }
          },
          "rotation": {
            "0.0": {
              "lerp_mode": "catmullrom",
              "post": [0, 0, 0]
            },
            "1.0833": {
              "lerp_mode": "catmullrom",
              "post": [-12.5, 0, 0]
            },
            "1.375": {
              "lerp_mode": "catmullrom",
              "post": [-20, 0, 0]
            },
            "1.9583": {
              "lerp_mode": "catmullrom",
              "post": [10, 0, 0]
            },
            "3.0": {
              "lerp_mode": "catmullrom",
              "post": [10, 0, 0]
            }
          }
        },
        "bodymain": {
          "position": {
            "0.0": {
              "lerp_mode": "catmullrom",
              "post": [0, 0, 0]
            },
            "1.25": {
              "lerp_mode": "catmullrom",
              "post": [0, 4, 0]
            },
            "1.375": {
              "lerp_mode": "catmullrom",
              "post": [0, 0, 0]
            },
            "1.875": {
              "lerp_mode": "catmullrom",
              "post": [0, 0, 0]
            },
            "1.9583": {
              "lerp_mode": "catmullrom",
              "post": [0, -1.3, 0]
            },
            "2.0": {
              "lerp_mode": "catmullrom",
              "post": [0, 0, 0]
            },
            "2.0417": {
              "lerp_mode": "catmullrom",
              "post": [0, -1.3, 0]
            },
            "2.0833": {
              "lerp_mode": "catmullrom",
              "post": [0, 0, 0]
            },
            "2.125": {
              "lerp_mode": "catmullrom",
              "post": [0, -1.3, 0]
            },
            "2.1667": {
              "lerp_mode": "catmullrom",
              "post": [0, 0, 0]
            },
            "2.2083": {
              "lerp_mode": "catmullrom",
              "post": [0, -1.3, 0]
            },
            "2.25": {
              "lerp_mode": "catmullrom",
              "post": [0, 0, 0]
            },
            "2.2917": {
              "lerp_mode": "catmullrom",
              "post": [0, -1.3, 0]
            },
            "2.3333": {
              "lerp_mode": "catmullrom",
              "post": [0, 0, 0]
            },
            "2.375": {
              "lerp_mode": "catmullrom",
              "post": [0, -1.3, 0]
            },
            "2.4167": {
              "lerp_mode": "catmullrom",
              "post": [0, 0, 0]
            },
            "2.4583": {
              "lerp_mode": "catmullrom",
              "post": [0, -1.3, 0]
            },
            "2.5": {
              "lerp_mode": "catmullrom",
              "post": [0, 0, 0]
            },
            "2.5417": {
              "lerp_mode": "catmullrom",
              "post": [0, -1.3, 0]
            },
            "2.5833": {
              "lerp_mode": "catmullrom",
              "post": [0, 0, 0]
            },
            "2.625": {
              "lerp_mode": "catmullrom",
              "post": [0, 0, 0]
            },
            "2.6667": {
              "lerp_mode": "catmullrom",
              "post": [0, -1.3, 0]
            },
            "2.7083": {
              "lerp_mode": "catmullrom",
              "post": [0, 0, 0]
            },
            "2.75": {
              "lerp_mode": "catmullrom",
              "post": [0, 0, 0]
            },
            "2.7917": {
              "lerp_mode": "catmullrom",
              "post": [0, -1.3, 0]
            },
            "2.8333": {
              "lerp_mode": "catmullrom",
              "post": [0, 0, 0]
            },
            "2.875": {
              "lerp_mode": "catmullrom",
              "post": [0, 0, 0]
            },
            "2.9167": {
              "lerp_mode": "catmullrom",
              "post": [0, -1.3, 0]
            },
            "2.9583": {
              "lerp_mode": "catmullrom",
              "post": [0, 0, 0]
            },
            "3.0": {
              "lerp_mode": "catmullrom",
              "post": [0, 0, 0]
            }
          },
          "rotation": {
            "0.0": {
              "lerp_mode": "catmullrom",
              "post": [0, 0, 0]
            },
            "1.0": {
              "lerp_mode": "catmullrom",
              "post": [-15, 0, 0]
            },
            "1.375": {
              "lerp_mode": "catmullrom",
              "post": [-15, 0, 0]
            },
            "1.875": {
              "lerp_mode": "catmullrom",
              "post": [2.5, 0, 0]
            },
            "3.0": {
              "lerp_mode": "catmullrom",
              "post": [2.5, 0, 0]
            }
          }
        },
        "foot_left": {
          "rotation": {
            "0.0": [0, 0, -7.5],
            "1.1667": [0, 0, -7.5],
            "1.4583": [60, 0, -7.5]
          }
        },
        "foot_right": {
          "rotation": {
            "0.0": [0, 0, 7.5],
            "1.1667": [0, 0, 7.5],
            "1.4583": [55, 0, 7.5]
          }
        },
        "forearm_left": {
          "rotation": {
            "0.0": {
              "lerp_mode": "catmullrom",
              "post": [0, -82.5, 0]
            },
            "1.0": {
              "lerp_mode": "catmullrom",
              "post": [0, -47.5, 0]
            },
            "3.0": {
              "lerp_mode": "catmullrom",
              "post": [0, -47.5, 0]
            }
          }
        },
        "forearm_right": {
          "rotation": {
            "0.0": {
              "lerp_mode": "catmullrom",
              "post": [0, 70, 0]
            },
            "1.0": {
              "lerp_mode": "catmullrom",
              "post": [0, 55, 0]
            },
            "3.0": {
              "lerp_mode": "catmullrom",
              "post": [0, 55, 0]
            }
          }
        },
        "left_leg": {
          "position": {
            "0.0": [0, 0, 0],
            "1.1667": [0, 0, 0],
            "1.625": {
              "lerp_mode": "catmullrom",
              "post": [0, -5, 0],
              "pre": [0, -5, 0]
            },
            "2.0417": {
              "lerp_mode": "catmullrom",
              "post": [0, -7, 0]
            },
            "3.0": {
              "lerp_mode": "catmullrom",
              "post": [0, -7, 0]
            }
          },
          "rotation": {
            "0.0": [0, 0, 12.5],
            "1.1667": [0, 0, 12.5],
            "1.625": {
              "lerp_mode": "catmullrom",
              "post": [84.92327, -9.96156, 13.38045],
              "pre": [84.92327, -9.96156, 13.38045]
            },
            "2.0417": {
              "lerp_mode": "catmullrom",
              "post": [85, 0, 12.5]
            },
            "3.0": {
              "lerp_mode": "catmullrom",
              "post": [85, 0, 12.5]
            }
          }
        },
        "legs": {
          "position": {
            "0.0": [0, 0, 0],
            "1.875": [0, 0, 0],
            "2.0": [0, 1, 0],
            "2.0417": [0, 0, 0],
            "2.0833": [0, 1, 0],
            "2.125": [0, 0, 0],
            "2.1667": [0, 1, 0],
            "2.2083": [0, 0, 0],
            "2.25": [0, 1, 0],
            "2.2917": [0, 0, 0],
            "2.3333": [0, 1, 0],
            "2.375": [0, 0, 0],
            "2.4167": [0, 1, 0],
            "2.4583": [0, 0, 0],
            "2.5": [0, 1, 0],
            "2.5417": [0, 0, 0],
            "2.5833": [0, 1, 0],
            "2.625": [0, 0, 0],
            "2.6667": [0, 1, 0],
            "2.7083": [0, 0, 0],
            "2.75": [0, 1, 0],
            "2.7917": [0, 0, 0],
            "2.8333": [0, 1, 0],
            "2.875": [0, 0, 0],
            "2.9167": [0, 1, 0],
            "2.9583": [0, 0, 0],
            "3.0": [0, 0, 0]
          },
          "rotation": [0, 0, 0]
        },
        "neck": {
          "rotation": {
            "0.0": {
              "lerp_mode": "catmullrom",
              "post": [7.5, 0, 0]
            },
            "3.0": {
              "lerp_mode": "catmullrom",
              "post": [7.5, 0, 0]
            }
          }
        },
        "neck1": {
          "position": {
            "0.0": [0, 0, 0],
            "1.375": [0, 0, 0],
            "2.0417": [0, 0, 2],
            "3.0": [0, 0, 2]
          },
          "rotation": {
            "0.0": {
              "lerp_mode": "catmullrom",
              "post": [0, 0, 0]
            },
            "1.1667": {
              "lerp_mode": "catmullrom",
              "post": [-35, 0, 0]
            },
            "1.375": {
              "lerp_mode": "catmullrom",
              "post": [-35, 0, 0]
            },
            "2.0417": [-7.5, 0, 0],
            "3.0": [-7.5, 0, 0]
          }
        },
        "neck2": {
          "position": {
            "0.0": {
              "lerp_mode": "catmullrom",
              "post": [0, 0, 0]
            },
            "1.25": {
              "lerp_mode": "catmullrom",
              "post": [0, 0, 1]
            },
            "1.375": {
              "lerp_mode": "catmullrom",
              "post": [0, 0, 1]
            },
            "3.0": {
              "lerp_mode": "catmullrom",
              "post": [0, 0, 1]
            }
          },
          "rotation": {
            "0.0": {
              "lerp_mode": "catmullrom",
              "post": [0, 0, 0]
            },
            "1.25": {
              "lerp_mode": "catmullrom",
              "post": [-20, 0, 0]
            },
            "1.375": {
              "lerp_mode": "catmullrom",
              "post": [-20, 0, 0]
            },
            "2.125": {
              "lerp_mode": "catmullrom",
              "post": [-12.5, 0, 0]
            },
            "3.0": {
              "lerp_mode": "catmullrom",
              "post": [-12.5, 0, 0]
            }
          }
        },
        "neck3": {
          "position": {
            "0.0": {
              "lerp_mode": "catmullrom",
              "post": [0, 0, 0]
            },
            "1.3333": {
              "lerp_mode": "catmullrom",
              "post": [0, 0, 1]
            },
            "1.375": {
              "lerp_mode": "catmullrom",
              "post": [0, 0, 1]
            },
            "3.0": {
              "lerp_mode": "catmullrom",
              "post": [0, 0, 1]
            }
          },
          "rotation": {
            "0.0": {
              "lerp_mode": "catmullrom",
              "post": [0, 0, 0]
            },
            "1.3333": {
              "lerp_mode": "catmullrom",
              "post": [-30, 0, 0]
            },
            "1.375": {
              "lerp_mode": "catmullrom",
              "post": [-30, 0, 0]
            },
            "2.0417": {
              "lerp_mode": "catmullrom",
              "post": [-20.95, 0, 0]
            },
            "2.25": {
              "lerp_mode": "catmullrom",
              "post": [-20.95, 0, 0]
            },
            "3.0": {
              "lerp_mode": "catmullrom",
              "post": [-20.95, 0, 0]
            }
          }
        },
        "neck4": {
          "rotation": {
            "0.0": {
              "lerp_mode": "catmullrom",
              "post": [0, 0, 0]
            },
            "1.4167": {
              "lerp_mode": "catmullrom",
              "post": [-5, 0, 0]
            },
            "2.375": {
              "lerp_mode": "catmullrom",
              "post": [-5, 0, 0]
            },
            "3.0": {
              "lerp_mode": "catmullrom",
              "post": [-5, 0, 0]
            }
          }
        },
        "right_leg": {
          "rotation": {
            "0.0": [0, 0, -12.5],
            "1.1667": [0, 0, -12.5],
            "1.625": {
              "lerp_mode": "catmullrom",
              "post": [100.23772, 12.3071, -10.29538],
              "pre": [100.23772, 12.3071, -10.29538]
            },
            "2.0417": {
              "lerp_mode": "catmullrom",
              "post": [74.85424, 10.17689, -14.87114]
            },
            "2.1667": {
              "lerp_mode": "catmullrom",
              "post": [69.71644, 9.39129, -15.95118]
            },
            "3.0": {
              "lerp_mode": "catmullrom",
              "post": [69.71644, 9.39129, -15.95118]
            }
          }
        },
        "tail": {
          "rotation": {
            "0.0": {
              "lerp_mode": "catmullrom",
              "post": [0, 0, 0]
            },
            "1.0": {
              "lerp_mode": "catmullrom",
              "post": [-20, 0, 0]
            },
            "1.25": {
              "lerp_mode": "catmullrom",
              "post": [-20, 0, 0]
            },
            "2.375": {
              "lerp_mode": "catmullrom",
              "post": [27.5, 0, 0]
            },
            "3.0": {
              "lerp_mode": "catmullrom",
              "post": [27.5, 0, 0]
            }
          }
        }
      },
      "loop": true
    },
    "animation.kyurem.ground_idle": {
      "animation_length": 4,
      "bones": {
        "ankle_left": {
          "rotation": {
            "0.0": [0, 0, -5],
            "2.0": [0, 0, -10],
            "4.0": [0, 0, -5]
          }
        },
        "ankle_right": {
          "rotation": {
            "0.0": [0, 0, 5],
            "2.0": [0, 0, 10],
            "4.0": [0, 0, 5]
          }
        },
        "arm_left": {
          "rotation": {
            "0.0": {
              "lerp_mode": "catmullrom",
              "post": [0, 10, -47.5]
            },
            "2.0": {
              "lerp_mode": "catmullrom",
              "post": [0, 25, -47.5]
            },
            "4.0": {
              "lerp_mode": "catmullrom",
              "post": [0, 10, -47.5]
            }
          }
        },
        "arm_right": {
          "rotation": {
            "0.0": {
              "lerp_mode": "catmullrom",
              "post": [0, 0, 42.5]
            },
            "2.0": {
              "lerp_mode": "catmullrom",
              "post": [0, -12.5, 42.5]
            },
            "4.0": {
              "lerp_mode": "catmullrom",
              "post": [0, 0, 42.5]
            }
          }
        },
        "body": {
          "position": {
            "0.0": {
              "lerp_mode": "catmullrom",
              "post": [0, -2, 0]
            },
            "4.0": {
              "lerp_mode": "catmullrom",
              "post": [0, -2, 0]
            }
          }
        },
        "body2": {
          "rotation": {
            "0.0": {
              "lerp_mode": "catmullrom",
              "post": [0, 0, 0]
            },
            "2.0": {
              "lerp_mode": "catmullrom",
              "post": [5, 0, 0]
            },
            "4.0": {
              "lerp_mode": "catmullrom",
              "post": [0, 0, 0]
            }
          }
        },
        "bodyice_left": {
          "rotation": {
            "0.0": {
              "lerp_mode": "catmullrom",
              "post": [0, 0, 0]
            },
            "2.0": {
              "lerp_mode": "catmullrom",
              "post": [0, 0, 5]
            },
            "4.0": {
              "lerp_mode": "catmullrom",
              "post": [0, 0, 0]
            }
          }
        },
        "bodyice_right": {
          "rotation": {
            "0.0": {
              "lerp_mode": "catmullrom",
              "post": [0, 0, 0]
            },
            "2.0": {
              "lerp_mode": "catmullrom",
              "post": [0, 0, -5]
            },
            "4.0": {
              "lerp_mode": "catmullrom",
              "post": [0, 0, 0]
            }
          }
        },
        "bodymain": {
          "position": {
            "0.0": {
              "lerp_mode": "catmullrom",
              "post": [0, 0, 0]
            },
            "2.0": {
              "lerp_mode": "catmullrom",
              "post": [0, 3, 0]
            },
            "4.0": {
              "lerp_mode": "catmullrom",
              "post": [0, 0, 0]
            }
          }
        },
        "foot_left": {
          "rotation": [0, 0, -7.5]
        },
        "foot_right": {
          "rotation": [0, 0, 7.5]
        },
        "forearm_left": {
          "rotation": {
            "0.0": {
              "lerp_mode": "catmullrom",
              "post": [0, -82.5, 0]
            },
            "2.0": {
              "lerp_mode": "catmullrom",
              "post": [0, -77.5, 0]
            },
            "4.0": {
              "lerp_mode": "catmullrom",
              "post": [0, -82.5, 0]
            }
          }
        },
        "forearm_right": {
          "rotation": {
            "0.0": {
              "lerp_mode": "catmullrom",
              "post": [0, 70, 0]
            },
            "2.0": {
              "lerp_mode": "catmullrom",
              "post": [0, 62.5, 0]
            },
            "4.0": {
              "lerp_mode": "catmullrom",
              "post": [0, 70, 0]
            }
          }
        },
        "left_leg": {
          "rotation": {
            "0.0": [0, 0, 12.5],
            "2.0": [0, 0, 17.5],
            "4.0": [0, 0, 12.5]
          }
        },
        "neck": {
          "rotation": [7.5, 0, 0]
        },
        "neck1": {
          "rotation": {
            "0.0": {
              "lerp_mode": "catmullrom",
              "post": [0, 0, 0]
            },
            "1.0": {
              "lerp_mode": "catmullrom",
              "post": [-5, 1, 0]
            },
            "2.0": {
              "lerp_mode": "catmullrom",
              "post": [-10, 0, 0]
            },
            "3.0": {
              "lerp_mode": "catmullrom",
              "post": [-5, -1, 0]
            },
            "4.0": {
              "lerp_mode": "catmullrom",
              "post": [0, 0, 0]
            }
          }
        },
        "neck2": {
          "rotation": {
            "0.0": {
              "lerp_mode": "catmullrom",
              "post": [0, 0, 0]
            },
            "1.0": {
              "lerp_mode": "catmullrom",
              "post": [-1.25, 1, 0]
            },
            "2.0": {
              "lerp_mode": "catmullrom",
              "post": [-2.5, 0, 0]
            },
            "3.0": {
              "lerp_mode": "catmullrom",
              "post": [-1.25, -1, 0]
            },
            "4.0": {
              "lerp_mode": "catmullrom",
              "post": [0, 0, 0]
            }
          }
        },
        "neck3": {
          "rotation": {
            "0.0": {
              "lerp_mode": "catmullrom",
              "post": [0, 0, 0]
            },
            "2.0": {
              "lerp_mode": "catmullrom",
              "post": [-2.5, 0, 0]
            },
            "4.0": {
              "lerp_mode": "catmullrom",
              "post": [0, 0, 0]
            }
          }
        },
        "neck4": {
          "rotation": {
            "0.0": {
              "lerp_mode": "catmullrom",
              "post": [0, 0, 0]
            },
            "2.0": {
              "lerp_mode": "catmullrom",
              "post": [7.5, 0, 0]
            },
            "4.0": {
              "lerp_mode": "catmullrom",
              "post": [0, 0, 0]
            }
          }
        },
        "right_leg": {
          "rotation": {
            "0.0": [0, 0, -12.5],
            "2.0": [0, 0, -17.5],
            "4.0": [0, 0, -12.5]
          }
        },
        "tail": {
          "rotation": {
            "0.0": {
              "lerp_mode": "catmullrom",
              "post": [0, 0, 0]
            },
            "1.0": {
              "lerp_mode": "catmullrom",
              "post": [-7.51365, 2.41476, -0.64743]
            },
            "2.0": {
              "lerp_mode": "catmullrom",
              "post": [-15, 0, 0]
            },
            "3.0": {
              "lerp_mode": "catmullrom",
              "post": [-7.51365, -2.41476, 0.64743]
            },
            "4.0": {
              "lerp_mode": "catmullrom",
              "post": [0, 0, 0]
            }
          }
        }
      },
      "loop": true
    },
    "animation.kyurem.ground_walk": {
      "animation_length": 4,
      "bones": {
        "ankle_left": {
          "rotation": {
            "0.0": {
              "lerp_mode": "catmullrom",
              "post": [-32.5, 0, 0]
            },
            "0.8333": {
              "lerp_mode": "catmullrom",
              "post": [-5, 0, 0]
            },
            "1.0": {
              "lerp_mode": "catmullrom",
              "post": [-16.83, 3.53, 8.09]
            },
            "1.25": {
              "lerp_mode": "catmullrom",
              "post": [-36.01061, 7.42618, 10.0833]
            },
            "1.375": {
              "lerp_mode": "catmullrom",
              "post": [-42.5, 0, 0]
            },
            "1.5833": {
              "lerp_mode": "catmullrom",
              "post": [-17.51319, -1.66508, -2.02926]
            },
            "2.0": {
              "lerp_mode": "catmullrom",
              "post": [-32.5, 0, 0]
            },
            "2.8333": {
              "lerp_mode": "catmullrom",
              "post": [-5, 0, 0]
            },
            "3.0": {
              "lerp_mode": "catmullrom",
              "post": [-16.83, 3.53, 8.09]
            },
            "3.25": {
              "lerp_mode": "catmullrom",
              "post": [-36.01061, 7.42618, 10.0833]
            },
            "3.375": {
              "lerp_mode": "catmullrom",
              "post": [-42.5, 0, 0]
            },
            "3.5833": {
              "lerp_mode": "catmullrom",
              "post": [-17.51319, -1.66508, -2.02926]
            },
            "4.0": {
              "lerp_mode": "catmullrom",
              "post": [-32.5, 0, 0]
            }
          }
        },
        "ankle_right": {
          "rotation": {
            "0.0": {
              "lerp_mode": "catmullrom",
              "post": [-16.83, -3.53, -8.09]
            },
            "0.25": {
              "lerp_mode": "catmullrom",
              "post": [-36.01061, -7.42618, -10.0833]
            },
            "0.375": {
              "lerp_mode": "catmullrom",
              "post": [-42.5, 0, 0]
            },
            "0.5833": {
              "lerp_mode": "catmullrom",
              "post": [-17.51319, 1.66508, 2.02926]
            },
            "1.0": {
              "lerp_mode": "catmullrom",
              "post": [-32.5, 0, 0]
            },
            "1.8333": {
              "lerp_mode": "catmullrom",
              "post": [-5, 0, 0]
            },
            "2.0": {
              "lerp_mode": "catmullrom",
              "post": [-16.83, -3.53, -8.09]
            },
            "2.25": {
              "lerp_mode": "catmullrom",
              "post": [-36.01061, -7.42618, -10.0833]
            },
            "2.375": {
              "lerp_mode": "catmullrom",
              "post": [-42.5, 0, 0]
            },
            "2.5833": {
              "lerp_mode": "catmullrom",
              "post": [-17.51319, 1.66508, 2.02926]
            },
            "3.0": {
              "lerp_mode": "catmullrom",
              "post": [-32.5, 0, 0]
            },
            "3.8333": {
              "lerp_mode": "catmullrom",
              "post": [-5, 0, 0]
            },
            "4.0": {
              "lerp_mode": "catmullrom",
              "post": [-16.83, -3.53, -8.09]
            }
          }
        },
        "arm_left": {
          "rotation": ["0-math.cos((query.anim_time-0.2)*360)*5", "10+math.cos((query.anim_time-0.2)*360)*2", "-47.5+math.cos((query.anim_time-0.2)*360)*4"]
        },
        "arm_right": {
          "rotation": ["0-math.cos((query.anim_time-0.2)*360)*5", "-10-math.cos((query.anim_time-0.2)*360)*2", "47.5-math.cos((query.anim_time-0.2)*360)*4"]
        },
        "body": {
          "position": [0, -2, 0]
        },
        "body1": {
          "position": {
            "0.5417": [0, 0, 0],
            "0.5833": [0, 1, 0],
            "0.625": [0, 0, 0],
            "0.6667": [0, 1, 0],
            "0.7083": [0, 0, 0],
            "1.5417": [0, 0, 0],
            "1.5833": [0, 1, 0],
            "1.625": [0, 0, 0],
            "1.6667": [0, 1, 0],
            "1.7083": [0, 0, 0],
            "2.5417": [0, 0, 0],
            "2.5833": [0, 1, 0],
            "2.625": [0, 0, 0],
            "2.6667": [0, 1, 0],
            "2.7083": [0, 0, 0],
            "3.5417": [0, 0, 0],
            "3.5833": [0, 1, 0],
            "3.625": [0, 0, 0],
            "3.6667": [0, 1, 0],
            "3.7083": [0, 0, 0]
          }
        },
        "body2": {
          "rotation": [0, "0-math.cos((query.anim_time)*180)*0.5", "0+math.cos((query.anim_time)*180)*2"]
        },
        "body3": {
          "rotation": [0, "0+math.cos((query.anim_time-0.2)*180)*1", 0]
        },
        "bodymain": {
          "position": [0, "0+math.clamp((math.sin((query.anim_time)*360)*2),0,2)", 0],
          "rotation": [0, "0-math.cos((query.anim_time+0.2)*180)*3", "0-math.cos((query.anim_time+0.2)*180)*5"]
        },
        "foot_left": {
          "rotation": {
            "0.0": {
              "lerp_mode": "catmullrom",
              "post": [19.82648, 2.86313, -6.93488]
            },
            "0.6667": {
              "lerp_mode": "catmullrom",
              "post": [41.55488, 9.90169, 7.0991]
            },
            "0.8333": {
              "lerp_mode": "catmullrom",
              "post": [45, 0, 0]
            },
            "1.0": {
              "lerp_mode": "catmullrom",
              "post": [96.89, -1.85, 3.33]
            },
            "1.25": {
              "lerp_mode": "catmullrom",
              "post": [54.17, 0, 0]
            },
            "1.375": {
              "lerp_mode": "catmullrom",
              "post": [62.5, 0, 0]
            },
            "1.5833": {
              "lerp_mode": "catmullrom",
              "post": [32.10382, 5.35355, -8.45862]
            },
            "2.0": {
              "lerp_mode": "catmullrom",
              "post": [19.82648, 2.86313, -6.93488]
            },
            "2.6667": {
              "lerp_mode": "catmullrom",
              "post": [41.55488, 9.90169, 7.0991]
            },
            "2.8333": {
              "lerp_mode": "catmullrom",
              "post": [45, 0, 0]
            },
            "3.0": {
              "lerp_mode": "catmullrom",
              "post": [96.89, -1.85, 3.33]
            },
            "3.25": {
              "lerp_mode": "catmullrom",
              "post": [54.17, 0, 0]
            },
            "3.375": {
              "lerp_mode": "catmullrom",
              "post": [62.5, 0, 0]
            },
            "3.5833": {
              "lerp_mode": "catmullrom",
              "post": [32.10382, 5.35355, -8.45862]
            },
            "4.0": {
              "lerp_mode": "catmullrom",
              "post": [19.82648, 2.86313, -6.93488]
            }
          }
        },
        "foot_right": {
          "rotation": {
            "0.0": {
              "lerp_mode": "catmullrom",
              "post": [96.89, 1.85, -3.33]
            },
            "0.25": {
              "lerp_mode": "catmullrom",
              "post": [54.17, 0, 0]
            },
            "0.375": {
              "lerp_mode": "catmullrom",
              "post": [62.5, 0, 0]
            },
            "0.5833": {
              "lerp_mode": "catmullrom",
              "post": [32.10382, -5.35355, 8.45862]
            },
            "1.0": {
              "lerp_mode": "catmullrom",
              "post": [19.82648, -2.86313, 6.93488]
            },
            "1.6667": {
              "lerp_mode": "catmullrom",
              "post": [41.55488, -9.90169, -7.0991]
            },
            "1.8333": {
              "lerp_mode": "catmullrom",
              "post": [45, 0, 0]
            },
            "2.0": {
              "lerp_mode": "catmullrom",
              "post": [96.89, 1.85, -3.33]
            },
            "2.25": {
              "lerp_mode": "catmullrom",
              "post": [54.17, 0, 0]
            },
            "2.375": {
              "lerp_mode": "catmullrom",
              "post": [62.5, 0, 0]
            },
            "2.5833": {
              "lerp_mode": "catmullrom",
              "post": [32.10382, -5.35355, 8.45862]
            },
            "3.0": {
              "lerp_mode": "catmullrom",
              "post": [19.82648, -2.86313, 6.93488]
            },
            "3.6667": {
              "lerp_mode": "catmullrom",
              "post": [41.55488, -9.90169, -7.0991]
            },
            "3.8333": {
              "lerp_mode": "catmullrom",
              "post": [45, 0, 0]
            },
            "4.0": {
              "lerp_mode": "catmullrom",
              "post": [96.89, 1.85, -3.33]
            }
          }
        },
        "forearm_left": {
          "rotation": ["0-math.cos((query.anim_time-0.3)*360)*6", "-82.5-math.cos((query.anim_time-0.3)*360)*2", 0]
        },
        "forearm_right": {
          "rotation": ["0-math.cos((query.anim_time-0.3)*360)*6", "82.5+math.cos((query.anim_time-0.3)*360)*2", 0]
        },
        "head": {
          "rotation": [0, "0+math.cos((query.anim_time)*180)*1", 0]
        },
        "left_leg": {
          "position": {
            "0.0": {
              "lerp_mode": "catmullrom",
              "post": [0, -3, 1.25]
            },
            "0.25": {
              "lerp_mode": "catmullrom",
              "post": [0, -1.32, 1.8]
            },
            "0.4583": {
              "lerp_mode": "catmullrom",
              "post": [0, -2.23, 2.17]
            },
            "0.8333": {
              "lerp_mode": "catmullrom",
              "post": [0, -3.5, 3.25]
            },
            "1.0": {
              "lerp_mode": "catmullrom",
              "post": [0, -1.53, 3.38]
            },
            "1.25": {
              "lerp_mode": "catmullrom",
              "post": [0, 0.73, 1.99]
            },
            "1.5833": {
              "lerp_mode": "catmullrom",
              "post": [0, -1.5, -0.75]
            },
            "2.0": {
              "lerp_mode": "catmullrom",
              "post": [0, -3, 1.25]
            },
            "2.25": {
              "lerp_mode": "catmullrom",
              "post": [0, -1.32, 1.8]
            },
            "2.4583": {
              "lerp_mode": "catmullrom",
              "post": [0, -2.23, 2.17]
            },
            "2.8333": {
              "lerp_mode": "catmullrom",
              "post": [0, -3.5, 3.25]
            },
            "3.0": {
              "lerp_mode": "catmullrom",
              "post": [0, -1.53, 3.38]
            },
            "3.25": {
              "lerp_mode": "catmullrom",
              "post": [0, 0.73, 1.99]
            },
            "3.5833": {
              "lerp_mode": "catmullrom",
              "post": [0, -1.5, -0.75]
            },
            "4.0": {
              "lerp_mode": "catmullrom",
              "post": [0, -3, 1.25]
            }
          },
          "rotation": {
            "0.0": {
              "lerp_mode": "catmullrom",
              "post": [12.32648, -2.86313, 6.93488]
            },
            "0.8333": {
              "lerp_mode": "catmullrom",
              "post": [46.53632, -21.05515, 18.09811]
            },
            "1.0": {
              "lerp_mode": "catmullrom",
              "post": [28.79338, -16.08367, 27.22772]
            },
            "1.375": {
              "lerp_mode": "catmullrom",
              "post": [-9.40804, 3.40487, 19.71975]
            },
            "1.5833": {
              "lerp_mode": "catmullrom",
              "post": [-14.76117, 1.94088, 12.36228]
            },
            "2.0": {
              "lerp_mode": "catmullrom",
              "post": [12.32648, -2.86313, 6.93488]
            },
            "2.8333": {
              "lerp_mode": "catmullrom",
              "post": [46.53632, -21.05515, 18.09811]
            },
            "3.0": {
              "lerp_mode": "catmullrom",
              "post": [28.79338, -16.08367, 27.22772]
            },
            "3.375": {
              "lerp_mode": "catmullrom",
              "post": [-9.40804, 3.40487, 19.71975]
            },
            "3.5833": {
              "lerp_mode": "catmullrom",
              "post": [-14.76117, 1.94088, 12.36228]
            },
            "4.0": {
              "lerp_mode": "catmullrom",
              "post": [12.32648, -2.86313, 6.93488]
            }
          }
        },
        "legs": {
          "position": [0, 0, -5],
          "rotation": [0, 0, 0]
        },
        "neck": {
          "rotation": [7.5, "0+math.cos((query.anim_time)*180)*2", 0]
        },
        "neck1": {
          "rotation": ["-5-math.clamp((math.sin((query.anim_time-0.2)*360)*2),0,4)", 0, 0]
        },
        "neck2": {
          "rotation": ["0-math.clamp((math.sin((query.anim_time-0.3)*360)*1),0,4)", 0, 0]
        },
        "right_leg": {
          "position": {
            "0.0": {
              "lerp_mode": "catmullrom",
              "post": [0, 0.47, 3.38]
            },
            "0.25": {
              "lerp_mode": "catmullrom",
              "post": [0, 0.73, 1.99]
            },
            "0.5833": {
              "lerp_mode": "catmullrom",
              "post": [0, -1.5, -0.75]
            },
            "1.0": {
              "lerp_mode": "catmullrom",
              "post": [0, -2, 1.25]
            },
            "1.25": {
              "lerp_mode": "catmullrom",
              "post": [0, -1.32, 1.8]
            },
            "1.4583": {
              "lerp_mode": "catmullrom",
              "post": [0, -2.23, 2.17]
            },
            "1.8333": {
              "lerp_mode": "catmullrom",
              "post": [0, -3.5, 3.25]
            },
            "2.0": {
              "lerp_mode": "catmullrom",
              "post": [0, -1.53, 3.38]
            },
            "2.25": {
              "lerp_mode": "catmullrom",
              "post": [0, 0.73, 1.99]
            },
            "2.5833": {
              "lerp_mode": "catmullrom",
              "post": [0, -1.5, -0.75]
            },
            "3.0": {
              "lerp_mode": "catmullrom",
              "post": [0, -3, 1.25]
            },
            "3.25": {
              "lerp_mode": "catmullrom",
              "post": [0, -1.32, 1.8]
            },
            "3.4583": {
              "lerp_mode": "catmullrom",
              "post": [0, -2.23, 2.17]
            },
            "3.8333": {
              "lerp_mode": "catmullrom",
              "post": [0, -3.5, 3.25]
            },
            "4.0": {
              "lerp_mode": "catmullrom",
              "post": [0, -1.53, 3.38]
            }
          },
          "rotation": {
            "0.0": {
              "lerp_mode": "catmullrom",
              "post": [28.79338, 16.08367, -27.22772]
            },
            "0.375": {
              "lerp_mode": "catmullrom",
              "post": [-9.40804, -3.40487, -19.71975]
            },
            "0.5833": {
              "lerp_mode": "catmullrom",
              "post": [-14.76117, -1.94088, -12.36228]
            },
            "1.0": {
              "lerp_mode": "catmullrom",
              "post": [12.32648, 2.86313, -6.93488]
            },
            "1.8333": {
              "lerp_mode": "catmullrom",
              "post": [46.53632, 21.05515, -18.09811]
            },
            "2.0": {
              "lerp_mode": "catmullrom",
              "post": [28.79338, 16.08367, -27.22772]
            },
            "2.375": {
              "lerp_mode": "catmullrom",
              "post": [-9.40804, -3.40487, -19.71975]
            },
            "2.5833": {
              "lerp_mode": "catmullrom",
              "post": [-14.76117, -1.94088, -12.36228]
            },
            "3.0": {
              "lerp_mode": "catmullrom",
              "post": [12.32648, 2.86313, -6.93488]
            },
            "3.8333": {
              "lerp_mode": "catmullrom",
              "post": [46.53632, 21.05515, -18.09811]
            },
            "4.0": {
              "lerp_mode": "catmullrom",
              "post": [28.79338, 16.08367, -27.22772]
            }
          }
        },
        "toes_left": {
          "rotation": {
            "0.0": {
              "lerp_mode": "catmullrom",
              "post": [0, 0, 0]
            },
            "0.125": {
              "lerp_mode": "catmullrom",
              "post": [-14.29, 0, 0]
            },
            "0.2917": {
              "lerp_mode": "catmullrom",
              "post": [-27.5, 0, 0]
            },
            "0.6667": {
              "lerp_mode": "catmullrom",
              "post": [-43.05244, -3.24767, -4.38677]
            },
            "0.8333": {
              "lerp_mode": "catmullrom",
              "post": [27.5, 0, 0]
            },
            "1.0": {
              "lerp_mode": "catmullrom",
              "post": [26.44, 0.24, 0.32]
            },
            "1.2917": {
              "lerp_mode": "catmullrom",
              "post": [-30, 0, 0]
            },
            "1.5833": {
              "lerp_mode": "catmullrom",
              "post": [0, 0, 0]
            },
            "2.0": {
              "lerp_mode": "catmullrom",
              "post": [0, 0, 0]
            },
            "2.125": {
              "lerp_mode": "catmullrom",
              "post": [-14.29, 0, 0]
            },
            "2.2917": {
              "lerp_mode": "catmullrom",
              "post": [-27.5, 0, 0]
            },
            "2.6667": {
              "lerp_mode": "catmullrom",
              "post": [-43.05244, -3.24767, -4.38677]
            },
            "2.8333": {
              "lerp_mode": "catmullrom",
              "post": [22.5, 0, 0]
            },
            "3.0": {
              "lerp_mode": "catmullrom",
              "post": [36.44, 0.24, 0.32]
            },
            "3.2917": {
              "lerp_mode": "catmullrom",
              "post": [-30, 0, 0]
            },
            "3.5833": {
              "lerp_mode": "catmullrom",
              "post": [0, 0, 0]
            },
            "4.0": {
              "lerp_mode": "catmullrom",
              "post": [0, 0, 0]
            }
          }
        },
        "toes_right": {
          "rotation": {
            "0.0": {
              "lerp_mode": "catmullrom",
              "post": [18.94, -0.24, -0.32]
            },
            "0.2917": {
              "lerp_mode": "catmullrom",
              "post": [-30, 0, 0]
            },
            "0.5833": {
              "lerp_mode": "catmullrom",
              "post": [0, 0, 0]
            },
            "1.0": {
              "lerp_mode": "catmullrom",
              "post": [0, 0, 0]
            },
            "1.125": {
              "lerp_mode": "catmullrom",
              "post": [-14.29, 0, 0]
            },
            "1.2917": {
              "lerp_mode": "catmullrom",
              "post": [-27.5, 0, 0]
            },
            "1.6667": {
              "lerp_mode": "catmullrom",
              "post": [-43.05244, 3.24767, 4.38677]
            },
            "1.8333": {
              "lerp_mode": "catmullrom",
              "post": [40, 0, 0]
            },
            "2.0": {
              "lerp_mode": "catmullrom",
              "post": [28.94, -0.24, -0.32]
            },
            "2.2917": {
              "lerp_mode": "catmullrom",
              "post": [-30, 0, 0]
            },
            "2.5833": {
              "lerp_mode": "catmullrom",
              "post": [0, 0, 0]
            },
            "3.0": {
              "lerp_mode": "catmullrom",
              "post": [0, 0, 0]
            },
            "3.125": {
              "lerp_mode": "catmullrom",
              "post": [-14.29, 0, 0]
            },
            "3.2917": {
              "lerp_mode": "catmullrom",
              "post": [-27.5, 0, 0]
            },
            "3.6667": {
              "lerp_mode": "catmullrom",
              "post": [-43.05244, 3.24767, 4.38677]
            },
            "3.8333": {
              "lerp_mode": "catmullrom",
              "post": [27.5, 0, 0]
            },
            "4.0": {
              "lerp_mode": "catmullrom",
              "post": [36.44, -0.24, -0.32]
            }
          }
        }
      },
      "loop": true
    },
    "animation.kyurem.physical_attack": {
      "animation_length": 2,
      "bones": {
        "ankle_left": {
          "rotation": [0, 0, -5]
        },
        "ankle_right": {
          "rotation": [0, 0, 5]
        },
        "arm_left": {
          "rotation": {
            "0.0": {
              "lerp_mode": "catmullrom",
              "post": [0, 10, -47.5]
            },
            "0.5": {
              "lerp_mode": "catmullrom",
              "post": [-19.55933, 9.99038, -44.96148]
            },
            "1.25": {
              "lerp_mode": "catmullrom",
              "post": [-19.55933, 9.99038, -44.96148]
            },
            "1.5": {
              "lerp_mode": "catmullrom",
              "post": [-19.55933, 9.99038, -44.96148]
            },
            "2.0": {
              "lerp_mode": "catmullrom",
              "post": [0, 10, -47.5]
            }
          }
        },
        "arm_right": {
          "rotation": {
            "0.0": {
              "lerp_mode": "catmullrom",
              "post": [0, 0, 42.5]
            },
            "0.5": {
              "lerp_mode": "catmullrom",
              "post": [0, -30, 42.5]
            },
            "2.0": {
              "lerp_mode": "catmullrom",
              "post": [0, 0, 42.5]
            }
          }
        },
        "body": {
          "position": [0, -2, 0]
        },
        "body2": {
          "position": {
            "0.0": {
              "lerp_mode": "catmullrom",
              "post": [0, 0, 0]
            },
            "0.5833": {
              "lerp_mode": "catmullrom",
              "post": [0, 0, 3]
            },
            "0.875": {
              "lerp_mode": "catmullrom",
              "post": [0, 0, 3]
            },
            "2.0": {
              "lerp_mode": "catmullrom",
              "post": [0, 0, 0]
            }
          },
          "rotation": {
            "0.0": {
              "lerp_mode": "catmullrom",
              "post": [0, 0, 0]
            },
            "0.5833": {
              "lerp_mode": "catmullrom",
              "post": [-12.5, 0, 0]
            },
            "0.875": {
              "lerp_mode": "catmullrom",
              "post": [-20, 0, 0]
            },
            "1.0833": {
              "lerp_mode": "catmullrom",
              "post": [7.5, 0, 0]
            },
            "2.0": {
              "lerp_mode": "catmullrom",
              "post": [0, 0, 0]
            }
          }
        },
        "bodymain": {
          "position": {
            "0.0": {
              "lerp_mode": "catmullrom",
              "post": [0, 0, 0]
            },
            "0.75": {
              "lerp_mode": "catmullrom",
              "post": [0, 4, 0]
            },
            "0.875": {
              "lerp_mode": "catmullrom",
              "post": [0, 0, 0]
            },
            "1.0": {
              "lerp_mode": "catmullrom",
              "post": [0, 0, 0]
            },
            "1.0833": {
              "lerp_mode": "catmullrom",
              "post": [0, -1.3, 0]
            },
            "1.125": {
              "lerp_mode": "catmullrom",
              "post": [0, 0, 0]
            },
            "1.1667": {
              "lerp_mode": "catmullrom",
              "post": [0, -1.3, 0]
            },
            "1.2083": {
              "lerp_mode": "catmullrom",
              "post": [0, 0, 0]
            },
            "1.25": {
              "lerp_mode": "catmullrom",
              "post": [0, -1.3, 0]
            },
            "1.2917": {
              "lerp_mode": "catmullrom",
              "post": [0, 0, 0]
            },
            "1.3333": {
              "lerp_mode": "catmullrom",
              "post": [0, -1.3, 0]
            },
            "1.375": {
              "lerp_mode": "catmullrom",
              "post": [0, 0, 0]
            },
            "2.0": {
              "lerp_mode": "catmullrom",
              "post": [0, 0, 0]
            }
          },
          "rotation": {
            "0.0": {
              "lerp_mode": "catmullrom",
              "post": [0, 0, 0]
            },
            "0.5": {
              "lerp_mode": "catmullrom",
              "post": [-15, 0, 0]
            },
            "0.875": {
              "lerp_mode": "catmullrom",
              "post": [-15, 0, 0]
            },
            "1.0": {
              "lerp_mode": "catmullrom",
              "post": [35, 0, 0]
            },
            "1.1667": {
              "lerp_mode": "catmullrom",
              "post": [40, 0, 0]
            },
            "2.0": {
              "lerp_mode": "catmullrom",
              "post": [0, 0, 0]
            }
          }
        },
        "foot_left": {
          "rotation": [0, 0, -7.5]
        },
        "foot_right": {
          "rotation": [0, 0, 7.5]
        },
        "forearm_left": {
          "rotation": {
            "0.0": {
              "lerp_mode": "catmullrom",
              "post": [0, -82.5, 0]
            },
            "0.5": {
              "lerp_mode": "catmullrom",
              "post": [0, -47.5, 0]
            },
            "2.0": {
              "lerp_mode": "catmullrom",
              "post": [0, -82.5, 0]
            }
          }
        },
        "forearm_right": {
          "rotation": {
            "0.0": {
              "lerp_mode": "catmullrom",
              "post": [0, 70, 0]
            },
            "0.5": {
              "lerp_mode": "catmullrom",
              "post": [0, 55, 0]
            },
            "2.0": {
              "lerp_mode": "catmullrom",
              "post": [0, 70, 0]
            }
          }
        },
        "left_leg": {
          "rotation": [0, 0, 12.5]
        },
        "neck": {
          "rotation": [7.5, 0, 0]
        },
        "neck1": {
          "rotation": {
            "0.0": {
              "lerp_mode": "catmullrom",
              "post": [0, 0, 0]
            },
            "0.6667": {
              "lerp_mode": "catmullrom",
              "post": [-35, 0, 0]
            },
            "0.875": {
              "lerp_mode": "catmullrom",
              "post": [-35, 0, 0]
            },
            "1.1667": {
              "lerp_mode": "catmullrom",
              "post": [-30, 0, 0]
            },
            "2.0": {
              "lerp_mode": "catmullrom",
              "post": [0, 0, 0]
            }
          }
        },
        "neck2": {
          "position": {
            "0.0": {
              "lerp_mode": "catmullrom",
              "post": [0, 0, 0]
            },
            "0.75": {
              "lerp_mode": "catmullrom",
              "post": [0, 0, 1]
            },
            "0.875": {
              "lerp_mode": "catmullrom",
              "post": [0, 0, 1]
            },
            "2.0": {
              "lerp_mode": "catmullrom",
              "post": [0, 0, 0]
            }
          },
          "rotation": {
            "0.0": {
              "lerp_mode": "catmullrom",
              "post": [0, 0, 0]
            },
            "0.75": {
              "lerp_mode": "catmullrom",
              "post": [-20, 0, 0]
            },
            "0.875": {
              "lerp_mode": "catmullrom",
              "post": [-20, 0, 0]
            },
            "1.25": {
              "lerp_mode": "catmullrom",
              "post": [-20, 0, 0]
            },
            "2.0": {
              "lerp_mode": "catmullrom",
              "post": [0, 0, 0]
            }
          }
        },
        "neck3": {
          "position": {
            "0.0": {
              "lerp_mode": "catmullrom",
              "post": [0, 0, 0]
            },
            "0.8333": {
              "lerp_mode": "catmullrom",
              "post": [0, 0, 1]
            },
            "0.875": {
              "lerp_mode": "catmullrom",
              "post": [0, 0, 1]
            },
            "2.0": {
              "lerp_mode": "catmullrom",
              "post": [0, 0, 0]
            }
          },
          "rotation": {
            "0.0": {
              "lerp_mode": "catmullrom",
              "post": [0, 0, 0]
            },
            "0.8333": {
              "lerp_mode": "catmullrom",
              "post": [-30, 0, 0]
            },
            "0.875": {
              "lerp_mode": "catmullrom",
              "post": [-30, 0, 0]
            },
            "1.375": {
              "lerp_mode": "catmullrom",
              "post": [-12.5, 0, 0]
            },
            "2.0": {
              "lerp_mode": "catmullrom",
              "post": [0, 0, 0]
            }
          }
        },
        "neck4": {
          "rotation": {
            "0.0": {
              "lerp_mode": "catmullrom",
              "post": [0, 0, 0]
            },
            "0.9167": {
              "lerp_mode": "catmullrom",
              "post": [-5, 0, 0]
            },
            "1.5": {
              "lerp_mode": "catmullrom",
              "post": [-15, 0, 0]
            },
            "2.0": {
              "lerp_mode": "catmullrom",
              "post": [0, 0, 0]
            }
          }
        },
        "right_leg": {
          "rotation": [0, 0, -12.5]
        },
        "tail": {
          "rotation": {
            "0.0": {
              "lerp_mode": "catmullrom",
              "post": [0, 0, 0]
            },
            "0.5": {
              "lerp_mode": "catmullrom",
              "post": [-20, 0, 0]
            },
            "0.75": {
              "lerp_mode": "catmullrom",
              "post": [-20, 0, 0]
            },
            "1.5": {
              "lerp_mode": "catmullrom",
              "post": [27.5, 0, 0]
            },
            "2.0": {
              "lerp_mode": "catmullrom",
              "post": [0, 0, 0]
            }
          }
        }
      },
      "loop": true
    },
    "animation.kyurem.pose": {
      "bones": {
        "ankle_left": {
          "rotation": [0, 0, -5]
        },
        "ankle_right": {
          "rotation": [0, 0, 5]
        },
        "arm_left": {
          "rotation": [0, 10, -47.5]
        },
        "arm_right": {
          "rotation": [0, 0, 42.5]
        },
        "body": {
          "position": [0, -2, 0]
        },
        "foot_left": {
          "rotation": [0, 0, -7.5]
        },
        "foot_right": {
          "rotation": [0, 0, 7.5]
        },
        "forearm_left": {
          "rotation": [0, -82.5, 0]
        },
        "forearm_right": {
          "rotation": [0, 70, 0]
        },
        "left_leg": {
          "rotation": [0, 0, 12.5]
        },
        "neck": {
          "rotation": [7.5, 0, 0]
        },
        "right_leg": {
          "rotation": [0, 0, -12.5]
        }
      },
      "loop": true
    }
  },
  "format_version": "1.8.0"
}