{
  "format_version": "1.12.0",
  "minecraft:geometry": [
    {
      "bones": [
        {
          "name": "sandslash",
          "pivot": [0, 0, 0]
        }, {
          "name": "body",
          "parent": "sandslash",
          "pivot": [0, 0, 0]
        }, {
          "cubes": [
            {
              "origin": [-3.5, 11, -3.5],
              "size": [7, 4, 6],
              "uv": [0, 15]
            },
            {
              "origin": [-4.5, 3, -3.5],
              "size": [9, 8, 7],
              "uv": [0, 0]
            }
          ],
          "name": "torso",
          "parent": "body",
          "pivot": [0, 6.5, 0],
          "rotation": [10, 0, 0]
        }, {
          "name": "head",
          "parent": "torso",
          "pivot": [0, 15, -1.5]
        },
        {
          "name": "head_correction",
          "parent": "head",
          "pivot": [0, 15, -1.5]
        },
        {
          "name": "head_ai",
          "parent": "head_correction",
          "pivot": [0, 15, -1.5]
        }, {
          "cubes": [
            {
              "origin": [-3, 14.75, -5.5],
              "size": [6, 5, 7],
              "uv": [0, 25]
            }, {
              "inflate": 0.01,
              "origin": [-1.5, 15.75, -8.5],
              "pivot": [0, 17.75, -5.5],
              "rotation": [30, 0, 0],
              "size": [3, 2, 3],
              "uv": [25, 0]
            }, {
              "origin": [-1.5, 19.75, -5.5],
              "pivot": [0, 19.75, -5.5],
              "rotation": [-20, 0, 0],
              "size": [3, 4, 0],
              "uv": [20, 15]
            }
          ],
          "name": "head_angle",
          "parent": "head_ai",
          "pivot": [0, 15, -1.5],
          "rotation": [-5, 0, 0]
        }, {
          "cubes": [
            {
              "origin": [-1.5, 14.75, -7.25],
              "size": [3, 1, 3],
              "uv": [46, 0]
            }
          ],
          "name": "jaw",
          "parent": "head_angle",
          "pivot": [0, 15.75, -5.25],
          "rotation": [7.5, 0, 0]
        }, {
          "name": "eyes",
          "parent": "head_angle",
          "pivot": [0, 17.5, -3.5]
        }, {
          "cubes": [
            {
              "origin": [-3.01, 16.5, -5.51],
              "size": [1, 2, 3],
              "uv": [0, 50]
            }
          ],
          "name": "eye_right",
          "parent": "eyes",
          "pivot": [-2.51, 17.5, -4.01]
        }, {
          "cubes": [
            {
              "inflate": 0.01,
              "origin": [-2.91, 16.5, -5.41],
              "size": [1, 2, 3],
              "uv": [22, 57]
            }
          ],
          "name": "eyelid_right",
          "parent": "eye_right",
          "pivot": [-2.41, 17.5, -3.91]
        }, {
          "cubes": [
            {
              "origin": [2.01, 16.5, -5.51],
              "size": [1, 2, 3],
              "uv": [28, 48]
            }
          ],
          "name": "eye_left",
          "parent": "eyes",
          "pivot": [2.51, 17.5, -4.01]
        }, {
          "cubes": [
            {
              "inflate": 0.01,
              "origin": [1.91, 16.5, -5.41],
              "size": [1, 2, 3],
              "uv": [27, 55]
            }
          ],
          "name": "eyelid_left",
          "parent": "eye_left",
          "pivot": [2.41, 17.5, -3.91]
        }, {
          "cubes": [
            {
              "mirror": true,
              "origin": [-4.75, 18.5, -2.25],
              "size": [3, 7, 0],
              "uv": [0, 0]
            }
          ],
          "name": "ear_right",
          "parent": "head_angle",
          "pivot": [-2.75, 19.5, -2.25],
          "rotation": [-30, 15, -45]
        }, {
          "cubes": [
            {
              "origin": [1.75, 18.5, -2.25],
              "size": [3, 7, 0],
              "uv": [0, 25]
            }
          ],
          "name": "ear_left",
          "parent": "head_angle",
          "pivot": [2.75, 19.5, -2.25],
          "rotation": [-30, -15, 45]
        }, {
          "cubes": [
            {
              "origin": [-2.5, 18.75, 1],
              "size": [5, 0, 9],
              "uv": [35, 45]
            }
          ],
          "name": "quill_head_center1",
          "parent": "head_angle",
          "pivot": [0, 18.75, 1.75],
          "rotation": [27.5, 0, 0]
        }, {
          "cubes": [
            {
              "mirror": true,
              "origin": [-2.5, 16.75, 1],
              "size": [5, 0, 11],
              "uv": [43, 53]
            }
          ],
          "name": "quill_head_center2",
          "parent": "head_angle",
          "pivot": [0, 16.75, 1.75],
          "rotation": [15, 0, 0]
        }, {
          "cubes": [
            {
              "origin": [-3.75, 19.75, -4.5],
              "size": [4, 0, 10],
              "uv": [26, 51]
            }
          ],
          "name": "quill_head_right1",
          "parent": "head_angle",
          "pivot": [-1.75, 19.75, -2.5],
          "rotation": [30, 15, -30]
        }, {
          "cubes": [
            {
              "origin": [-5.5, 17, -0.5],
              "size": [5, 0, 9],
              "uv": [35, 45]
            }
          ],
          "name": "quill_head_right2",
          "parent": "head_angle",
          "pivot": [-3, 17, 0.5],
          "rotation": [30, -5, -30]
        }, {
          "cubes": [
            {
              "origin": [-5.5, 16.5, -0.5],
              "size": [5, 0, 9],
              "uv": [35, 45]
            }
          ],
          "name": "quill_head_right3",
          "parent": "head_angle",
          "pivot": [-3, 16.5, 0.5],
          "rotation": [35, -45, -60]
        }, {
          "cubes": [
            {
              "mirror": true,
              "origin": [-0.25, 19.75, -4.5],
              "size": [4, 0, 10],
              "uv": [26, 51]
            }
          ],
          "name": "quill_head_left1",
          "parent": "head_angle",
          "pivot": [1.75, 19.75, -2.5],
          "rotation": [30, -15, 30]
        }, {
          "cubes": [
            {
              "mirror": true,
              "origin": [0.5, 17, -0.5],
              "size": [5, 0, 9],
              "uv": [35, 45]
            }
          ],
          "name": "quill_head_left2",
          "parent": "head_angle",
          "pivot": [3, 17, 0.5],
          "rotation": [30, 5, 30]
        }, {
          "cubes": [
            {
              "mirror": true,
              "origin": [0.5, 16.5, -0.5],
              "size": [5, 0, 9],
              "uv": [35, 45]
            }
          ],
          "name": "quill_head_left3",
          "parent": "head_angle",
          "pivot": [3, 16.5, 0.5],
          "rotation": [35, 45, 60]
        }, {
          "cubes": [
            {
              "origin": [-2.5, 14.75, 2],
              "size": [5, 0, 11],
              "uv": [43, 53]
            }
          ],
          "name": "quill_center1",
          "parent": "torso",
          "pivot": [0, 14.75, 2.5]
        }, {
          "cubes": [
            {
              "mirror": true,
              "origin": [-2.5, 12.75, 2.5],
              "size": [5, 0, 11],
              "uv": [43, 53]
            }
          ],
          "name": "quill_center2",
          "parent": "torso",
          "pivot": [0, 12.75, 2.5],
          "rotation": [-7.5, 0, 0]
        }, {
          "cubes": [
            {
              "origin": [-2.5, 10.75, 3],
              "size": [5, 0, 11],
              "uv": [43, 53]
            }
          ],
          "name": "quill_center3",
          "parent": "torso",
          "pivot": [0, 10.75, 3.5],
          "rotation": [-17.5, 0, 0]
        }, {
          "cubes": [
            {
              "mirror": true,
              "origin": [-2.5, 8.75, 3.25],
              "size": [5, 0, 11],
              "uv": [43, 53]
            }
          ],
          "name": "quill_center4",
          "parent": "torso",
          "pivot": [0, 8.75, 3.5],
          "rotation": [-27.5, 0, 0]
        }, {
          "cubes": [
            {
              "origin": [-6, 15, 0.5],
              "size": [5, 0, 10],
              "uv": [34, 54]
            }
          ],
          "name": "quill_right1",
          "parent": "torso",
          "pivot": [-3.5, 15, 1.5],
          "rotation": [15, -10, -30]
        }, {
          "cubes": [
            {
              "origin": [-6, 13, 1.5],
              "size": [5, 0, 10],
              "uv": [34, 54]
            }
          ],
          "name": "quill_right2",
          "parent": "torso",
          "pivot": [-3.5, 13, 2.5],
          "rotation": [5, -15, -30]
        }, {
          "cubes": [
            {
              "origin": [-6, 11, 2.5],
              "size": [5, 0, 10],
              "uv": [34, 54]
            }
          ],
          "name": "quill_right3",
          "parent": "torso",
          "pivot": [-3.5, 11, 3.5],
          "rotation": [-5, -20, -30]
        }, {
          "cubes": [
            {
              "origin": [-6, 9, 2.5],
              "size": [5, 0, 10],
              "uv": [34, 54]
            }
          ],
          "name": "quill_right4",
          "parent": "torso",
          "pivot": [-3.5, 9, 3.5],
          "rotation": [-15, -25, -30]
        }, {
          "cubes": [
            {
              "origin": [-6, 7, 2.5],
              "size": [5, 0, 10],
              "uv": [34, 54]
            }
          ],
          "name": "quill_right5",
          "parent": "torso",
          "pivot": [-3.5, 7, 3.5],
          "rotation": [-25, -30, -30]
        }, {
          "cubes": [
            {
              "origin": [-6, 14, -0.5],
              "size": [5, 0, 10],
              "uv": [34, 54]
            }
          ],
          "name": "quill_right6",
          "parent": "torso",
          "pivot": [-3.5, 14, 0.5],
          "rotation": [25, -50, -60]
        }, {
          "cubes": [
            {
              "origin": [-6, 12, 0.5],
              "size": [5, 0, 10],
              "uv": [34, 54]
            }
          ],
          "name": "quill_right7",
          "parent": "torso",
          "pivot": [-3.5, 12, 1],
          "rotation": [17.5, -55, -60]
        }, {
          "cubes": [
            {
              "origin": [-7, 9.5, 1.5],
              "size": [5, 0, 10],
              "uv": [34, 54]
            }
          ],
          "name": "quill_right8",
          "parent": "torso",
          "pivot": [-4.5, 9.5, 2.5],
          "rotation": [5, -60, -60]
        }, {
          "cubes": [
            {
              "origin": [-10, 13.5, -1.5],
              "size": [7, 3, 0],
              "uv": [30, 61]
            }
          ],
          "name": "quill_right9",
          "parent": "torso",
          "pivot": [-3.5, 15, -1.5],
          "rotation": [-15, 30, 15]
        }, {
          "cubes": [
            {
              "mirror": true,
              "origin": [1, 15, 0.5],
              "size": [5, 0, 10],
              "uv": [34, 54]
            }
          ],
          "name": "quill_left1",
          "parent": "torso",
          "pivot": [3.5, 15, 1.5],
          "rotation": [15, 10, 30]
        }, {
          "cubes": [
            {
              "mirror": true,
              "origin": [1, 13, 1.5],
              "size": [5, 0, 10],
              "uv": [34, 54]
            }
          ],
          "name": "quill_left2",
          "parent": "torso",
          "pivot": [3.5, 13, 2.5],
          "rotation": [5, 15, 30]
        }, {
          "cubes": [
            {
              "mirror": true,
              "origin": [1, 11, 2.5],
              "size": [5, 0, 10],
              "uv": [34, 54]
            }
          ],
          "name": "quill_left3",
          "parent": "torso",
          "pivot": [3.5, 11, 3.5],
          "rotation": [-5, 20, 30]
        }, {
          "cubes": [
            {
              "mirror": true,
              "origin": [1, 9, 2.5],
              "size": [5, 0, 10],
              "uv": [34, 54]
            }
          ],
          "name": "quill_left4",
          "parent": "torso",
          "pivot": [3.5, 9, 3.5],
          "rotation": [-15, 25, 30]
        }, {
          "cubes": [
            {
              "mirror": true,
              "origin": [1, 7, 2.5],
              "size": [5, 0, 10],
              "uv": [34, 54]
            }
          ],
          "name": "quill_left5",
          "parent": "torso",
          "pivot": [3.5, 7, 3.5],
          "rotation": [-25, 30, 30]
        }, {
          "cubes": [
            {
              "mirror": true,
              "origin": [1, 14, -0.5],
              "size": [5, 0, 10],
              "uv": [34, 54]
            }
          ],
          "name": "quill_left6",
          "parent": "torso",
          "pivot": [3.5, 14, 0.5],
          "rotation": [25, 50, 60]
        }, {
          "cubes": [
            {
              "mirror": true,
              "origin": [1, 12, 0.5],
              "size": [5, 0, 10],
              "uv": [34, 54]
            }
          ],
          "name": "quill_left7",
          "parent": "torso",
          "pivot": [3.5, 12, 1],
          "rotation": [17.5, 55, 60]
        }, {
          "cubes": [
            {
              "mirror": true,
              "origin": [2, 9.5, 1.5],
              "size": [5, 0, 10],
              "uv": [34, 54]
            }
          ],
          "name": "quill_left8",
          "parent": "torso",
          "pivot": [4.5, 9.5, 2.5],
          "rotation": [5, 60, 60]
        }, {
          "cubes": [
            {
              "mirror": true,
              "origin": [3, 13.5, -1.5],
              "size": [7, 3, 0],
              "uv": [30, 61]
            }
          ],
          "name": "quill_left9",
          "parent": "torso",
          "pivot": [3.5, 15, -1.5],
          "rotation": [-15, -30, -15]
        }, {
          "cubes": [
            {
              "origin": [3, 12, -2.5],
              "size": [5, 2, 2],
              "uv": [38, 41]
            }
          ],
          "name": "arm_left",
          "parent": "torso",
          "pivot": [3.5, 13, -1.5]
        }, {
          "cubes": [
            {
              "mirror": true,
              "origin": [8, 12, -3.5],
              "size": [5, 3, 4],
              "uv": [18, 37]
            }, {
              "origin": [13, 12.75, -2.75],
              "pivot": [13, 14.75, -2.75],
              "rotation": [-10, -10, 15],
              "size": [6, 2, 0],
              "uv": [52, 4]
            }, {
              "origin": [13, 12.75, -0.5],
              "pivot": [13, 14.75, -0.5],
              "rotation": [10, 10, 15],
              "size": [6, 2, 0],
              "uv": [52, 6]
            }
          ],
          "name": "hand_left",
          "parent": "arm_left",
          "pivot": [8, 14, -1.5]
        }, {
          "cubes": [
            {
              "origin": [-8, 12, -2.5],
              "size": [5, 2, 2],
              "uv": [26, 44]
            }
          ],
          "name": "arm_right",
          "parent": "torso",
          "pivot": [-3.5, 13, -1.5]
        }, {
          "cubes": [
            {
              "mirror": true,
              "origin": [-13, 12, -3.5],
              "size": [5, 3, 4],
              "uv": [19, 25]
            }, {
              "origin": [-19, 12.75, -2.75],
              "pivot": [-13, 14.75, -2.75],
              "rotation": [-10, 10, -15],
              "size": [6, 2, 0],
              "uv": [40, 12]
            }, {
              "origin": [-19, 12.75, -0.25],
              "pivot": [-13, 14.75, -0.25],
              "rotation": [10, -10, -15],
              "size": [6, 2, 0],
              "uv": [40, 14]
            }
          ],
          "name": "hand_right",
          "parent": "arm_right",
          "pivot": [-8, 14, -1.5]
        }, {
          "cubes": [
            {
              "inflate": 0.01,
              "origin": [-2.5, 3, 1.5],
              "size": [5, 5, 8],
              "uv": [0, 37]
            }
          ],
          "name": "tail",
          "parent": "torso",
          "pivot": [0, 5.5, 1.5],
          "rotation": [-25, 0, 0]
        }, {
          "cubes": [
            {
              "origin": [-1.5, 3.55, 8.5],
              "size": [3, 4, 8],
              "uv": [0, 50]
            }
          ],
          "name": "tail2",
          "parent": "tail",
          "pivot": [0, 5.5, 9.5]
        }, {
          "cubes": [
            {
              "origin": [-6, 2.5, -3],
              "size": [4, 6, 6],
              "uv": [32, 0]
            },
            {
              "origin": [-5, 0.5, -0.75],
              "size": [2, 2, 3],
              "uv": [14, 52]
            }
          ],
          "name": "leg_right",
          "parent": "body",
          "pivot": [-4.5, 6.5, 0],
          "rotation": [0, 10, 0]
        }, {
          "cubes": [
            {
              "origin": [-5.5, 0, -2.5],
              "size": [3, 2, 5],
              "uv": [32, 27]
            }, {
              "origin": [-5.25, 0, -6.5],
              "pivot": [-5.25, 0, -2.5],
              "rotation": [0, -2.5, 35],
              "size": [0, 2, 4],
              "uv": [0, 33]
            }, {
              "origin": [-2.75, 0, -6.5],
              "pivot": [-2.75, 0, -2.5],
              "rotation": [0, 2.5, -35],
              "size": [0, 2, 4],
              "uv": [0, 35]
            }
          ],
          "name": "foot_right",
          "parent": "leg_right",
          "pivot": [-4, 2, 0.75]
        }, {
          "cubes": [
            {
              "origin": [2, 2.5, -3],
              "size": [4, 6, 6],
              "uv": [26, 12]
            },
            {
              "origin": [3, 0.5, -0.75],
              "size": [2, 2, 3],
              "uv": [21, 50]
            }
          ],
          "name": "leg_left",
          "parent": "body",
          "pivot": [4.5, 6.5, 0],
          "rotation": [0, -10, 0]
        }, {
          "cubes": [
            {
              "origin": [2.5, 0, -2.5],
              "size": [3, 2, 5],
              "uv": [32, 34]
            }, {
              "origin": [5.25, 0, -6.5],
              "pivot": [5.25, 0, -2.5],
              "rotation": [0, 2.5, -35],
              "size": [0, 2, 4],
              "uv": [0, 39]
            }, {
              "origin": [2.75, 0, -6.5],
              "pivot": [2.75, 0, -2.5],
              "rotation": [0, -2.5, 35],
              "size": [0, 2, 4],
              "uv": [0, 37]
            }
          ],
          "name": "foot_left",
          "parent": "leg_left",
          "pivot": [4, 2, 0.75]
        }
      ],
      "description": {
        "identifier": "geometry.sandslash",
        "texture_height": 64,
        "texture_width": 64,
        "visible_bounds_height": 3.5,
        "visible_bounds_offset": [0, 1.25, 0],
        "visible_bounds_width": 4
      }
    }
  ]
}