{
  "animations": {
    "animation.tauros.ground_idle": {
      "bones": {
        "torso": {
          "position": [0, "-math.sin(q.anim_time*90*4-45)*0.15", 0],
          "rotation": ["math.sin(q.anim_time*90*4-90)*0.5+1", "math.sin(q.anim_time*90*2+33*1)*1", 0]
        }
      },
      "loop": true
    },
    "animation.tauros.ground_run": {
      "bones": {
        "body": {
          "position": [0, "-1.5+math.clamp(math.sin(q.anim_time*90*4)*1.1,0.4,1.1)+math.clamp(math.sin(q.anim_time*90*4+180)*1.1,0.4,1.1)", "math.sin(q.anim_time*90*4*2-33)*1"],
          "rotation": ["-math.sin(q.anim_time*90*4*2+45)*6", 0, 0]
        },
        "torso": {
          "position": [0, 0, 0],
          "rotation": [0, 0, 0]
        }
      },
      "loop": true
    },
    "animation.tauros.ground_walk": {
      "bones": {
        "body": {
          "position": [0, "-1.75+math.clamp(math.sin(q.anim_time*90*4)*1.1,0.5,1)+math.clamp(math.sin(q.anim_time*90*4+180)*1.1,0.5,1)", 0],
          "rotation": [0, 0, "math.clamp(math.sin(q.anim_time*90*4-90)*1,-0.8,0.8)+math.sin(q.anim_time*90*4-180)*1"]
        },
        "torso": {
          "rotation": ["math.sin(q.anim_time*90*4-90)*0.5+0.5", 0, 0]
        }
      },
      "loop": true
    }
  },
  "format_version": "1.8.0"
}