{
  "format_version": "1.12.0",
  "minecraft:geometry": [
    {
      "bones": [
        {
          "name": "tornadus_therian",
          "pivot": [0, 0, 0]
        },
        {
          "name": "body",
          "parent": "tornadus_therian",
          "pivot": [0, 20, 0]
        }, {
          "cubes": [
            {
              "inflate": -0.25,
              "origin": [-7, 14.39438, -7.38015],
              "size": [14, 11, 13],
              "uv": [0, 0]
            }, {
              "origin": [-1, 14.57536, -7.82696],
              "pivot": [0.19935, 18.75886, -7.48861],
              "rotation": [7, 0, 0],
              "size": [2, 4, 1],
              "uv": [16, 157]
            }, {
              "origin": [-6, 12.84313, -5.61109],
              "pivot": [-0.2, 16.48313, -0.93109],
              "rotation": [23.5, 0, 0],
              "size": [12, 7, 9],
              "uv": [40, 66]
            }
          ],
          "name": "torso",
          "parent": "body",
          "pivot": [0, 14.93839, -1.15828]
        }, {
          "name": "tail",
          "parent": "torso",
          "pivot": [-0.44672, 19.9347, 3.14245]
        }, {
          "cubes": [
            {
              "origin": [-5, 13.22817, -1.55517],
              "size": [10, 10, 12],
              "uv": [46, 44]
            },
            {
              "inflate": 0.2,
              "origin": [-5, 13.22817, -1.55517],
              "size": [10, 10, 12],
              "uv": [180, 123]
            },
            {
              "inflate": 0.4,
              "origin": [-5, 13.22817, -1.55517],
              "size": [10, 10, 12],
              "uv": [180, 145]
            }
          ],
          "name": "tail_cloud",
          "parent": "tail",
          "pivot": [3.35328, 16.38817, 1.80483]
        }, {
          "cubes": [
            {
              "origin": [-5.5, 13.09768, 7.86735],
              "size": [11, 11, 9],
              "uv": [0, 53]
            },
            {
              "inflate": 0.2,
              "origin": [-5.5, 13.09768, 7.86735],
              "size": [11, 11, 9],
              "uv": [182, 83]
            },
            {
              "inflate": 0.5,
              "origin": [-5.5, 13.09768, 7.86735],
              "size": [11, 11, 9],
              "uv": [182, 103]
            }
          ],
          "name": "tail_cloud2",
          "parent": "tail_cloud",
          "pivot": [3.56319, 17.62817, 8.80483]
        }, {
          "cubes": [
            {
              "origin": [-1.5, 18.41817, 14.80483],
              "size": [3, 3, 5],
              "uv": [148, 37]
            }
          ],
          "name": "tail_main",
          "parent": "tail_cloud2",
          "pivot": [0, 18.91817, 16.80483]
        }, {
          "cubes": [
            {
              "inflate": 0.1,
              "origin": [-1.5, 18.46817, 19.63483],
              "size": [3, 4, 4],
              "uv": [148, 89]
            }
          ],
          "name": "bone19",
          "parent": "tail_main",
          "pivot": [0, 18.46817, 19.63483]
        }, {
          "cubes": [
            {
              "inflate": 0.2,
              "origin": [-1, 22.48817, 25.01483],
              "size": [2, 3, 4],
              "uv": [154, 127]
            },
            {
              "inflate": 0.2,
              "origin": [-0.5, 21.53817, 23.88483],
              "size": [1, 1, 2],
              "uv": [138, 127]
            },
            {
              "inflate": 0.2,
              "origin": [-1, 21.56817, 24.33483],
              "size": [2, 1, 2],
              "uv": [124, 61]
            },
            {
              "inflate": 0.2,
              "origin": [-2, 18.51817, 23.26483],
              "size": [4, 4, 7],
              "uv": [132, 130]
            }
          ],
          "name": "bone20",
          "parent": "bone19",
          "pivot": [0, 18.51817, 23.26483]
        }, {
          "cubes": [
            {
              "inflate": 0.2,
              "origin": [-2.5, 18.47817, 30.34483],
              "size": [5, 5, 9],
              "uv": [32, 99]
            },
            {
              "inflate": 0.2,
              "origin": [-1, 23.42817, 33.18483],
              "size": [2, 3, 4],
              "uv": [42, 152]
            },
            {
              "inflate": 0.2,
              "origin": [-1, 22.52817, 32.24483],
              "size": [2, 1, 2],
              "uv": [118, 74]
            },
            {
              "inflate": 0.2,
              "origin": [-0.5, 22.49817, 31.43483],
              "size": [1, 1, 2],
              "uv": [138, 89]
            }
          ],
          "name": "bone21",
          "parent": "bone20",
          "pivot": [-0.5, 18.47817, 30.12483]
        }, {
          "cubes": [
            {
              "inflate": 0.2,
              "origin": [-3, 18.45817, 39.69483],
              "size": [6, 6, 10],
              "uv": [0, 89]
            },
            {
              "inflate": 0.2,
              "origin": [-1, 24.51817, 42.29483],
              "size": [2, 3, 4],
              "uv": [152, 15]
            },
            {
              "inflate": 0.2,
              "origin": [-1, 23.51817, 41.44483],
              "size": [2, 1, 2],
              "uv": [116, 41]
            },
            {
              "inflate": 0.2,
              "origin": [-0.5, 23.48817, 40.63483],
              "size": [1, 1, 2],
              "uv": [132, 89]
            }
          ],
          "name": "bone22",
          "parent": "bone21",
          "pivot": [0, 18.45817, 39.63483]
        }, {
          "cubes": [
            {
              "inflate": 0.2,
              "origin": [-1, 24.48817, 52.11483],
              "size": [2, 4, 4],
              "uv": [108, 149]
            },
            {
              "inflate": 0.2,
              "origin": [-0.5, 24.46817, 50.61483],
              "size": [1, 1, 2],
              "uv": [54, 128]
            },
            {
              "inflate": 0.2,
              "origin": [-1, 24.49817, 51.42483],
              "size": [2, 1, 2],
              "uv": [112, 16]
            },
            {
              "inflate": 0.2,
              "origin": [-3.5, 18.44817, 50.09483],
              "size": [7, 7, 9],
              "uv": [39, 83]
            }
          ],
          "name": "bone25",
          "parent": "bone22",
          "pivot": [0, 18.29817, 49.87483]
        }, {
          "cubes": [
            {
              "inflate": 0.2,
              "origin": [-4, 18.38817, 59.40483],
              "size": [8, 8, 12],
              "uv": [54, 0]
            },
            {
              "inflate": 0.2,
              "origin": [-1, 25.43817, 61.85483],
              "size": [2, 4, 4],
              "uv": [96, 149]
            },
            {
              "inflate": 0.2,
              "origin": [-1, 25.44817, 60.85483],
              "size": [2, 1, 2],
              "uv": [108, 41]
            },
            {
              "inflate": 0.2,
              "origin": [-0.5, 25.41817, 60.04483],
              "size": [1, 1, 2],
              "uv": [126, 74]
            }
          ],
          "name": "bone26",
          "parent": "bone25",
          "pivot": [0, 18.38817, 59.25483]
        }, {
          "cubes": [
            {
              "inflate": 0.2,
              "origin": [-4.5, 20.20702, 71.09672],
              "pivot": [1.5, 20.29817, 71.18483],
              "rotation": [20, 0, 0],
              "size": [9, 15, 14],
              "uv": [0, 24]
            }
          ],
          "name": "bone27",
          "parent": "bone26",
          "pivot": [0, 21.16738, 70.8793],
          "rotation": [-2.5, 0, 0]
        }, {
          "cubes": [
            {
              "origin": [-4.5, 13.96532, 13.6592],
              "size": [9, 6, 10],
              "uv": [0, 73]
            },
            {
              "inflate": 0.25,
              "origin": [-4.5, 13.96532, 13.7992],
              "size": [9, 6, 10],
              "uv": [175, 35]
            },
            {
              "inflate": 0.4,
              "origin": [-4.5, 13.96532, 13.6592],
              "size": [9, 6, 10],
              "uv": [174, 56]
            }
          ],
          "name": "tail_cloud3",
          "parent": "tail_cloud2",
          "pivot": [3.56319, 17.76817, 15.26483]
        }, {
          "cubes": [
            {
              "origin": [-3, 14.48296, 21.59106],
              "size": [6, 4, 6],
              "uv": [124, 43]
            },
            {
              "inflate": 0.2,
              "origin": [-3, 14.48296, 21.59106],
              "size": [6, 4, 6],
              "uv": [215, 52]
            },
            {
              "inflate": 0.5,
              "origin": [-3, 14.48296, 21.59106],
              "size": [6, 4, 6],
              "uv": [215, 62]
            }
          ],
          "name": "tail_cloud4",
          "parent": "tail_cloud3",
          "pivot": [3.56319, 16.76817, 23.26483]
        }, {
          "cubes": [
            {
              "origin": [-2, 16.52296, 26.83106],
              "size": [4, 0, 6],
              "uv": [42, 146]
            }
          ],
          "name": "tail_cloud5",
          "parent": "tail_cloud4",
          "pivot": [0, 16.52296, 26.83106]
        },
        {
          "locators": {
            "seat_1": [0, 24.5, 10]
          },
          "name": "locator_seat_1",
          "parent": "tail_cloud2",
          "pivot": [0, 23.5, 7]
        },
        {
          "cubes": [
            {
              "origin": [-6, 22.43839, -6.65828],
              "pivot": [0, 27.93839, -1.15828],
              "rotation": [7.5, 0, 0],
              "size": [12, 9, 11],
              "uv": [46, 24]
            }
          ],
          "name": "chest",
          "parent": "torso",
          "pivot": [0, 24.93839, -1.15828]
        }, {
          "name": "wings_close",
          "parent": "chest",
          "pivot": [5.39, 31.6547, 1.48245]
        }, {
          "cubes": [
            {
              "origin": [4.54423, 13.42023, -9.44452],
              "pivot": [4.46197, 16.50777, 1.1994],
              "rotation": [-0.32652, -2.4786, 7.50706],
              "size": [3, 15, 14],
              "uv": [133, 203]
            }, {
              "origin": [4.17423, 15.42023, -10.44452],
              "pivot": [4.09197, 17.50777, 0.1994],
              "rotation": [-0.32652, -2.4786, 7.50706],
              "size": [4, 7, 3],
              "uv": [186, 203]
            }, {
              "origin": [6.17423, 13.89023, -14.04452],
              "pivot": [4.09197, 16.97777, -2.4006],
              "rotation": [-0.32652, -2.4786, 7.50706],
              "size": [0, 8, 4],
              "uv": [187, 218]
            }, {
              "origin": [6.8103, 23.3988, -11.92366],
              "pivot": [4.46197, 16.50777, 1.1994],
              "rotation": [-19.69521, -2.70371, -2.90396],
              "size": [2, 6, 12],
              "uv": [152, 174]
            }
          ],
          "name": "wing_close_right",
          "parent": "wings_close",
          "pivot": [5.51, 29.8747, -1.21755],
          "rotation": [26.73617, 6.95624, -13.98394]
        }, {
          "cubes": [
            {
              "origin": [5.41884, 10.7735, -8.73601],
              "pivot": [4.46197, 16.36777, 0.1994],
              "rotation": [14.14447, -2.34914, 20.01754],
              "size": [2, 6, 11],
              "uv": [100, 183]
            }
          ],
          "name": "wing_close_right2",
          "parent": "wing_close_right",
          "pivot": [6.64139, 14.77288, -3.34219]
        }, {
          "cubes": [
            {
              "origin": [2.64139, -2.72712, -9.34219],
              "pivot": [2.64139, 4.77288, -0.34219],
              "rotation": [14.53274, -7.77165, 19.59961],
              "size": [0, 20, 18],
              "uv": [82, 195]
            }
          ],
          "name": "wing_close_right3",
          "parent": "wing_close_right2",
          "pivot": [4.64139, 9.77288, -3.34219]
        }, {
          "cubes": [
            {
              "mirror": true,
              "origin": [-7.54423, 13.42023, -9.44452],
              "pivot": [-4.46197, 16.50777, 1.1994],
              "rotation": [-0.32652, 2.4786, -7.50706],
              "size": [3, 15, 14],
              "uv": [133, 203]
            }, {
              "mirror": true,
              "origin": [-8.17423, 15.42023, -10.44452],
              "pivot": [-4.09197, 17.50777, 0.1994],
              "rotation": [-0.32652, 2.4786, -7.50706],
              "size": [4, 7, 3],
              "uv": [186, 203]
            }, {
              "mirror": true,
              "origin": [-6.17423, 13.89023, -14.04452],
              "pivot": [-4.09197, 16.97777, -2.4006],
              "rotation": [-0.32652, 2.4786, -7.50706],
              "size": [0, 8, 4],
              "uv": [187, 218]
            }, {
              "mirror": true,
              "origin": [-8.8103, 23.3988, -11.92366],
              "pivot": [-4.46197, 16.50777, 1.1994],
              "rotation": [-19.69521, 2.70371, 2.90396],
              "size": [2, 6, 12],
              "uv": [152, 174]
            }
          ],
          "name": "wing_close_left",
          "parent": "wings_close",
          "pivot": [-5.51, 29.8747, -1.21755],
          "rotation": [26.73617, -6.95624, 13.98394]
        }, {
          "cubes": [
            {
              "mirror": true,
              "origin": [-7.41884, 10.7735, -8.73601],
              "pivot": [-4.46197, 16.36777, 0.1994],
              "rotation": [14.14447, 2.34914, -20.01754],
              "size": [2, 6, 11],
              "uv": [100, 183]
            }
          ],
          "name": "wing_close_left2",
          "parent": "wing_close_left",
          "pivot": [-6.64139, 14.77288, -3.34219]
        }, {
          "cubes": [
            {
              "mirror": true,
              "origin": [-2.64139, -2.72712, -9.34219],
              "pivot": [-2.64139, 4.77288, -0.34219],
              "rotation": [14.53274, 7.77165, -19.59961],
              "size": [0, 20, 18],
              "uv": [82, 195]
            }
          ],
          "name": "wing_close_left3",
          "parent": "wing_close_left2",
          "pivot": [-4.64139, 9.77288, -3.34219]
        }, {
          "name": "wings",
          "parent": "chest",
          "pivot": [5.39, 31.6547, -0.51755]
        }, {
          "cubes": [
            {
              "inflate": 0.1,
              "origin": [4.39, 24.6547, -2.01755],
              "size": [15, 7, 2],
              "uv": [90, 56]
            }, {
              "inflate": 0.1,
              "origin": [9.55, 29.6147, -2.5175],
              "pivot": [14.55, 31.1147, -1.0175],
              "rotation": [0, 0, 15],
              "size": [6, 3, 3],
              "uv": [148, 45]
            }, {
              "inflate": 0.09,
              "origin": [15.25, 29.3547, -2.5175],
              "size": [5, 3, 3],
              "uv": [148, 61]
            }, {
              "inflate": 0.11,
              "origin": [3.39, 30.6547, -2.5175],
              "pivot": [9.39, 32.1547, -1.0175],
              "rotation": [0, 0, -15],
              "size": [7, 3, 3],
              "uv": [148, 0]
            }
          ],
          "name": "wing_right",
          "parent": "wings",
          "pivot": [5.39, 31.6547, -0.51755]
        }, {
          "cubes": [
            {
              "origin": [16.42779, 24.62884, -2.01755],
              "size": [11, 7, 2],
              "uv": [94, 32]
            },
            {
              "inflate": 0.05,
              "origin": [17.66779, 29.58884, -2.5175],
              "size": [8, 3, 3],
              "uv": [126, 141]
            }
          ],
          "name": "bone3",
          "parent": "wing_right",
          "pivot": [17.62842, 32.58531, -1.01754]
        }, {
          "cubes": [
            {
              "origin": [13.61285, 19.63581, -1.01755],
              "pivot": [15.11779, 24.50884, -1.01755],
              "rotation": [0, 0, 2.5],
              "size": [3, 6, 0],
              "uv": [40, 53]
            }
          ],
          "name": "bone39",
          "parent": "bone3",
          "pivot": [15.11779, 24.50884, -1.01755]
        }, {
          "cubes": [
            {
              "origin": [16.59658, 19.83639, -1.01755],
              "size": [3, 6, 0],
              "uv": [40, 59]
            }
          ],
          "name": "bone38",
          "parent": "bone3",
          "pivot": [18.11779, 24.70884, -1.01755]
        }, {
          "cubes": [
            {
              "origin": [19.61302, 19.83673, -1.01755],
              "pivot": [21.11779, 23.70884, -1.01755],
              "rotation": [0, 0, -1.5],
              "size": [3, 6, 0],
              "uv": [32, 89]
            }
          ],
          "name": "bone37",
          "parent": "bone3",
          "pivot": [21.11779, 24.70884, -1.01755]
        }, {
          "cubes": [
            {
              "origin": [22.62945, 19.83664, -1.01755],
              "pivot": [24.11779, 23.70884, -1.01755],
              "rotation": [0, 0, -3],
              "size": [3, 6, 0],
              "uv": [20, 137]
            }
          ],
          "name": "bone36",
          "parent": "bone3",
          "pivot": [24.11779, 24.70884, -1.01755]
        }, {
          "cubes": [
            {
              "inflate": 0.1,
              "origin": [23.55779, 23.20884, -2.01755],
              "size": [12, 9, 2],
              "uv": [0, 118]
            },
            {
              "inflate": 0.1,
              "origin": [23.55779, 29.47884, -2.5175],
              "size": [12, 3, 3],
              "uv": [28, 122]
            },
            {
              "inflate": 0.1,
              "origin": [26.55779, 29.92884, -3.0175],
              "size": [7, 3, 4],
              "uv": [84, 130]
            }, {
              "origin": [24.20779, 32.23884, -1.0175],
              "pivot": [27.20779, 31.23884, -0.51755],
              "rotation": [0, 0, 10],
              "size": [9, 4, 0],
              "uv": [94, 16]
            }, {
              "inflate": 0.09,
              "origin": [34.50779, 29.13884, -2.5175],
              "pivot": [35.50779, 30.63884, -1.0175],
              "rotation": [0, 0, -30],
              "size": [2, 3, 3],
              "uv": [0, 157]
            }, {
              "origin": [32.55779, 22.56884, -2.01755],
              "pivot": [35.05779, 27.06884, -1.01755],
              "rotation": [0, 0, -22.5],
              "size": [5, 9, 2],
              "uv": [148, 26]
            }
          ],
          "name": "bone",
          "parent": "bone3",
          "pivot": [23.65385, 32.2022, -1.01755]
        }, {
          "cubes": [
            {
              "origin": [22.6791, 13.87241, -1.01755],
              "pivot": [24.67518, 22.46773, -1.01755],
              "rotation": [0, 0, 5.5],
              "size": [5, 12, 0],
              "uv": [148, 97]
            }
          ],
          "name": "bone23",
          "parent": "bone",
          "pivot": [24.67518, 23.46773, -1.01755]
        }, {
          "cubes": [
            {
              "origin": [26.39737, 13.68616, -1.01755],
              "pivot": [28.92293, 22.25879, -1.01755],
              "rotation": [0, 0, -7],
              "size": [5, 10, 0],
              "uv": [150, 73]
            }
          ],
          "name": "bone24",
          "parent": "bone",
          "pivot": [28.92293, 23.25879, -1.01755]
        }, {
          "cubes": [
            {
              "origin": [31.04095, 14.04741, -1.01755],
              "pivot": [32.97041, 21.81773, -1.01755],
              "rotation": [0, 0, -14.5],
              "size": [5, 10, 0],
              "uv": [150, 51]
            }
          ],
          "name": "bone28",
          "parent": "bone",
          "pivot": [32.97041, 22.81773, -1.01755]
        }, {
          "cubes": [
            {
              "origin": [34.95518, 15.23186, -1.01755],
              "pivot": [36.38528, 22.55261, -1.01755],
              "rotation": [0, 0, -29.5],
              "size": [5, 16, 0],
              "uv": [62, 146]
            }
          ],
          "name": "bone29",
          "parent": "bone",
          "pivot": [36.38528, 23.55261, -1.01755]
        }, {
          "cubes": [
            {
              "origin": [34.10237, 14.2768, -1.01755],
              "pivot": [36.73198, 27.17861, -1.01755],
              "rotation": [0, 0, -61],
              "size": [5, 17, 0],
              "uv": [32, 146]
            }
          ],
          "name": "bone30",
          "parent": "bone",
          "pivot": [36.73198, 29.17861, -1.01755]
        }, {
          "cubes": [
            {
              "origin": [14.43205, 19.22553, -1.01755],
              "pivot": [15.97, 24.5947, -1.01755],
              "rotation": [0, 0, 2.5],
              "size": [3, 6, 0],
              "uv": [10, 157]
            }
          ],
          "name": "bone40",
          "parent": "wing_right",
          "pivot": [15.97, 24.5947, -1.01755]
        }, {
          "cubes": [
            {
              "origin": [11.56518, 19.56483, -1.01755],
              "pivot": [13.05, 24.9347, -1.01755],
              "rotation": [0, 0, 6],
              "size": [3, 6, 0],
              "uv": [120, 155]
            }
          ],
          "name": "bone41",
          "parent": "wing_right",
          "pivot": [13.05, 24.9347, -1.01755]
        }, {
          "cubes": [
            {
              "origin": [5.50583, 20.51801, -1.01755],
              "pivot": [6.93, 25.8847, -1.01755],
              "rotation": [0, 0, 10],
              "size": [3, 6, 0],
              "uv": [54, 152]
            }
          ],
          "name": "bone43",
          "parent": "wing_right",
          "pivot": [6.93, 25.8847, -1.01755]
        }, {
          "cubes": [
            {
              "origin": [8.46795, 19.92553, -1.01755],
              "pivot": [9.93, 25.2947, -1.01755],
              "rotation": [0, 0, 7.5],
              "size": [3, 6, 0],
              "uv": [120, 149]
            }
          ],
          "name": "bone42",
          "parent": "wing_right",
          "pivot": [9.93, 25.2947, -1.01755]
        }, {
          "cubes": [
            {
              "inflate": 0.1,
              "mirror": true,
              "origin": [-19.39, 24.6547, -2.01755],
              "size": [15, 7, 2],
              "uv": [90, 56]
            }, {
              "inflate": 0.1,
              "mirror": true,
              "origin": [-15.55, 29.6147, -2.5175],
              "pivot": [-14.55, 31.1147, -1.0175],
              "rotation": [0, 0, -15],
              "size": [6, 3, 3],
              "uv": [148, 45]
            },
            {
              "inflate": 0.09,
              "mirror": true,
              "origin": [-20.25, 29.3547, -2.5175],
              "size": [5, 3, 3],
              "uv": [149, 61]
            }, {
              "inflate": 0.11,
              "mirror": true,
              "origin": [-10.39, 30.6547, -2.5175],
              "pivot": [-9.39, 32.1547, -1.0175],
              "rotation": [0, 0, 15],
              "size": [7, 3, 3],
              "uv": [148, 0]
            }
          ],
          "name": "wing_left",
          "parent": "wings",
          "pivot": [-5.39, 31.6547, -0.51755]
        }, {
          "cubes": [
            {
              "mirror": true,
              "origin": [-26.42779, 24.62884, -2.01755],
              "size": [11, 7, 2],
              "uv": [94, 32]
            }, {
              "inflate": 0.05,
              "mirror": true,
              "origin": [-25.66779, 29.58884, -2.5175],
              "size": [8, 3, 3],
              "uv": [126, 141]
            }
          ],
          "name": "bone17",
          "parent": "wing_left",
          "pivot": [-17.62842, 32.58531, -1.01754]
        }, {
          "cubes": [
            {
              "mirror": true,
              "origin": [-16.56923, 19.63486, -1.01755],
              "pivot": [-15.11779, 23.50884, -1.01755],
              "rotation": [0, 0, -2.5],
              "size": [3, 6, 0],
              "uv": [40, 53]
            }
          ],
          "name": "bone47",
          "parent": "bone17",
          "pivot": [-15.11779, 24.50884, -1.01755]
        }, {
          "cubes": [
            {
              "mirror": true,
              "origin": [-19.59658, 19.83639, -1.01755],
              "size": [3, 6, 0],
              "uv": [40, 59]
            }
          ],
          "name": "bone49",
          "parent": "bone17",
          "pivot": [-18.11779, 24.70884, -1.01755]
        }, {
          "cubes": [
            {
              "mirror": true,
              "origin": [-22.61302, 19.83673, -1.01755],
              "pivot": [-21.11779, 23.70884, -1.01755],
              "rotation": [0, 0, 1.5],
              "size": [3, 6, 0],
              "uv": [32, 89]
            }
          ],
          "name": "bone50",
          "parent": "bone17",
          "pivot": [-21.11779, 24.70884, -1.01755]
        }, {
          "cubes": [
            {
              "mirror": true,
              "origin": [-25.62945, 19.83664, -1.01755],
              "pivot": [-24.11779, 23.70884, -1.01755],
              "rotation": [0, 0, 3],
              "size": [3, 6, 0],
              "uv": [20, 137]
            }
          ],
          "name": "bone51",
          "parent": "bone17",
          "pivot": [-24.11779, 24.70884, -1.01755]
        }, {
          "cubes": [
            {
              "inflate": 0.1,
              "mirror": true,
              "origin": [-35.55779, 23.20884, -2.01755],
              "size": [12, 9, 2],
              "uv": [0, 118]
            }, {
              "inflate": 0.1,
              "mirror": true,
              "origin": [-35.55779, 29.47884, -2.5175],
              "size": [12, 3, 3],
              "uv": [28, 122]
            }, {
              "inflate": 0.1,
              "mirror": true,
              "origin": [-33.55779, 29.92884, -3.0175],
              "size": [7, 3, 4],
              "uv": [84, 130]
            }, {
              "mirror": true,
              "origin": [-33.20779, 32.23884, -1.0175],
              "pivot": [-27.20779, 31.23884, -0.51755],
              "rotation": [0, 0, -10],
              "size": [9, 4, 0],
              "uv": [94, 16]
            }, {
              "inflate": 0.09,
              "mirror": true,
              "origin": [-36.50779, 29.13884, -2.5175],
              "pivot": [-35.50779, 30.63884, -1.0175],
              "rotation": [0, 0, 30],
              "size": [2, 3, 3],
              "uv": [0, 157]
            }, {
              "mirror": true,
              "origin": [-37.55779, 22.56884, -2.01755],
              "pivot": [-35.05779, 27.06884, -1.01755],
              "rotation": [0, 0, 22.5],
              "size": [5, 9, 2],
              "uv": [148, 26]
            }
          ],
          "name": "bone18",
          "parent": "bone17",
          "pivot": [-23.65385, 32.2022, -1.01755]
        }, {
          "cubes": [
            {
              "mirror": true,
              "origin": [-27.6791, 13.87241, -1.01755],
              "pivot": [-24.67518, 22.46773, -1.01755],
              "rotation": [0, 0, -5.5],
              "size": [5, 12, 0],
              "uv": [148, 97]
            }
          ],
          "name": "bone31",
          "parent": "bone18",
          "pivot": [-24.67518, 23.46773, -1.01755]
        }, {
          "cubes": [
            {
              "mirror": true,
              "origin": [-31.39737, 13.68616, -1.01755],
              "pivot": [-28.92293, 22.25879, -1.01755],
              "rotation": [0, 0, 7],
              "size": [5, 10, 0],
              "uv": [150, 73]
            }
          ],
          "name": "bone32",
          "parent": "bone18",
          "pivot": [-28.92293, 23.25879, -1.01755]
        }, {
          "cubes": [
            {
              "mirror": true,
              "origin": [-36.04095, 14.04741, -1.01755],
              "pivot": [-32.97041, 21.81773, -1.01755],
              "rotation": [0, 0, 14.5],
              "size": [5, 10, 0],
              "uv": [150, 51]
            }
          ],
          "name": "bone33",
          "parent": "bone18",
          "pivot": [-32.97041, 22.81773, -1.01755]
        }, {
          "cubes": [
            {
              "mirror": true,
              "origin": [-39.95518, 15.23186, -1.01755],
              "pivot": [-36.38528, 22.55261, -1.01755],
              "rotation": [0, 0, 29.5],
              "size": [5, 16, 0],
              "uv": [62, 146]
            }
          ],
          "name": "bone34",
          "parent": "bone18",
          "pivot": [-36.38528, 23.55261, -1.01755]
        }, {
          "cubes": [
            {
              "mirror": true,
              "origin": [-39.10237, 14.2768, -1.01755],
              "pivot": [-36.73198, 27.17861, -1.01755],
              "rotation": [0, 0, 61],
              "size": [5, 17, 0],
              "uv": [32, 146]
            }
          ],
          "name": "bone35",
          "parent": "bone18",
          "pivot": [-36.73198, 29.17861, -1.01755]
        }, {
          "cubes": [
            {
              "mirror": true,
              "origin": [-17.43205, 19.22553, -1.01755],
              "pivot": [-15.97, 24.5947, -1.01755],
              "rotation": [0, 0, -2.5],
              "size": [3, 6, 0],
              "uv": [10, 157]
            }
          ],
          "name": "bone48",
          "parent": "wing_left",
          "pivot": [-15.97, 24.5947, -1.01755]
        }, {
          "cubes": [
            {
              "mirror": true,
              "origin": [-14.56518, 19.56483, -1.01755],
              "pivot": [-13.05, 24.9347, -1.01755],
              "rotation": [0, 0, -6],
              "size": [3, 6, 0],
              "uv": [120, 155]
            }
          ],
          "name": "bone46",
          "parent": "wing_left",
          "pivot": [-13.05, 24.9347, -1.01755]
        }, {
          "cubes": [
            {
              "mirror": true,
              "origin": [-8.50583, 20.51801, -1.01755],
              "pivot": [-6.93, 25.8847, -1.01755],
              "rotation": [0, 0, -10],
              "size": [3, 6, 0],
              "uv": [54, 152]
            }
          ],
          "name": "bone44",
          "parent": "wing_left",
          "pivot": [-6.93, 24.8847, -1.01755]
        }, {
          "cubes": [
            {
              "mirror": true,
              "origin": [-11.46795, 19.92553, -1.01755],
              "pivot": [-9.93, 25.2947, -1.01755],
              "rotation": [0, 0, -7.5],
              "size": [3, 6, 0],
              "uv": [120, 149]
            }
          ],
          "name": "bone45",
          "parent": "wing_left",
          "pivot": [-9.93, 25.2947, -1.01755]
        }, {
          "cubes": [
            {
              "inflate": -0.2,
              "origin": [-3.5, 28.45531, -4.16592],
              "size": [7, 8, 7],
              "uv": [25, 188]
            }
          ],
          "name": "neck",
          "parent": "chest",
          "pivot": [-0.02131, 30.95531, 0.52408]
        }, {
          "cubes": [
            {
              "inflate": 0.1,
              "origin": [-4, 36.45531, -4.90592],
              "size": [8, 8, 8],
              "uv": [25, 211]
            }, {
              "origin": [-2.5, 38.50531, -6.88592],
              "pivot": [0, 38.66531, -4.38592],
              "rotation": [9, 0, 0],
              "size": [5, 2, 5],
              "uv": [61, 202]
            }
          ],
          "name": "head",
          "parent": "neck",
          "pivot": [0.84968, 36.65984, -0.85144]
        }, {
          "cubes": [
            {
              "inflate": -0.01,
              "origin": [-2.5, 36.82641, -6.87117],
              "pivot": [0, 38.66641, -4.37117],
              "rotation": [9, 0, 0],
              "size": [5, 2, 5],
              "uv": [59, 216]
            }
          ],
          "name": "jaw",
          "parent": "head",
          "pivot": [0.27385, 38.39531, -4.61592]
        }, {
          "cubes": [
            {
              "origin": [-1.00415, 38.20531, -8.11552],
              "pivot": [-0.00415, 39.20531, -7.11552],
              "rotation": [0, -45, 0],
              "size": [2, 2, 2],
              "uv": [27, 113]
            }
          ],
          "name": "mask",
          "parent": "head",
          "pivot": [-0.00415, 39.20531, -8.02263],
          "rotation": [10, 0, 0]
        }, {
          "cubes": [
            {
              "origin": [0.09878, 35.20531, -8.55521],
              "size": [6, 6, 0],
              "uv": [150, 83]
            }
          ],
          "name": "mask_right",
          "parent": "mask",
          "pivot": [-0.00122, 38.20531, -8.72842],
          "rotation": [0, -30, 0]
        }, {
          "cubes": [
            {
              "origin": [6.16746, 34.20531, -8.62096],
              "size": [6, 8, 0],
              "uv": [72, 149]
            }
          ],
          "name": "bone4",
          "parent": "mask_right",
          "pivot": [5.99878, 38.20531, -8.72842],
          "rotation": [0, -42.5, 0]
        }, {
          "cubes": [
            {
              "origin": [-6.09879, 35.20531, -8.55521],
              "size": [6, 6, 0],
              "uv": [154, 134]
            }
          ],
          "name": "mask_left",
          "parent": "mask",
          "pivot": [0.00121, 38.20531, -8.72842],
          "rotation": [0, 30, 0]
        }, {
          "cubes": [
            {
              "origin": [-12.16747, 34.20531, -8.62096],
              "size": [6, 8, 0],
              "uv": [84, 149]
            }
          ],
          "name": "bone6",
          "parent": "mask_left",
          "pivot": [-5.99879, 38.20531, -8.72842],
          "rotation": [0, 42.5, 0]
        }, {
          "name": "eyes",
          "parent": "head",
          "pivot": [-0.20761, 2.42668, -0.38874]
        },
        {
          "name": "eye_left",
          "parent": "eyes",
          "pivot": [-1.72129, 42.55197, -4.62247]
        }, {
          "cubes": [
            {
              "origin": [-2.99076, 41.9219, -5.01295],
              "pivot": [-1.49076, 42.4219, -4.51295],
              "rotation": [0, 0, 50.17547],
              "size": [3, 1, 1],
              "uv": [132, 61]
            }
          ],
          "name": "eye_left4",
          "parent": "eye_left",
          "pivot": [-0.81076, 41.4519, -5.02295]
        }, {
          "cubes": [
            {
              "inflate": -0.1,
              "origin": [-3.82545, 40.64272, -5.10954],
              "size": [3, 2, 1],
              "uv": [100, 41]
            },
            {
              "inflate": -0.1,
              "origin": [-3.82545, 42.34272, -5.10954],
              "size": [2, 1, 1],
              "uv": [132, 63]
            }
          ],
          "name": "eye_left2",
          "parent": "eye_left",
          "pivot": [-2.49143, 37.52353, -3.8285]
        }, {
          "cubes": [
            {
              "inflate": 0.1,
              "mirror": true,
              "origin": [-3.89521, 40.34272, -4.87939],
              "size": [3, 2, 1],
              "uv": [120, 12]
            },
            {
              "inflate": 0.09,
              "mirror": true,
              "origin": [-3.89521, 42.34272, -4.87939],
              "size": [2, 1, 1],
              "uv": [120, 9]
            }
          ],
          "name": "eye_left_lid",
          "parent": "eye_left2",
          "pivot": [-2.70521, 42.09272, -4.45939]
        }, {
          "cubes": [
            {
              "origin": [-2.90057, 41.48343, -5.01087],
              "size": [1, 1, 1],
              "uv": [28, 110]
            }, {
              "inflate": -0.35,
              "mirror": true,
              "origin": [-2.89838, 41.48343, -5.37876],
              "size": [1, 1, 1],
              "uv": [23, 108]
            }
          ],
          "name": "eye_left3",
          "parent": "eye_left2",
          "pivot": [-2.40057, 41.98343, -4.51087]
        }, {
          "name": "eye_right",
          "parent": "eyes",
          "pivot": [1.72129, 42.55197, -4.62247]
        }, {
          "cubes": [
            {
              "mirror": true,
              "origin": [-0.00924, 41.9219, -5.01295],
              "pivot": [1.49076, 42.4219, -4.51295],
              "rotation": [0, 0, -50.17547],
              "size": [3, 1, 1],
              "uv": [132, 61]
            }
          ],
          "name": "eye_right4",
          "parent": "eye_right",
          "pivot": [0.81076, 41.4519, -5.02295]
        }, {
          "cubes": [
            {
              "inflate": -0.1,
              "mirror": true,
              "origin": [0.82545, 40.64272, -5.10954],
              "size": [3, 2, 1],
              "uv": [100, 41]
            },
            {
              "inflate": -0.1,
              "mirror": true,
              "origin": [1.82545, 42.34272, -5.10954],
              "size": [2, 1, 1],
              "uv": [132, 63]
            }
          ],
          "name": "eye_right2",
          "parent": "eye_right",
          "pivot": [2.49143, 37.52353, -3.8285]
        }, {
          "cubes": [
            {
              "inflate": 0.1,
              "origin": [0.89521, 40.34272, -4.87939],
              "size": [3, 2, 1],
              "uv": [120, 12]
            },
            {
              "inflate": 0.09,
              "origin": [1.89521, 42.34272, -4.87939],
              "size": [2, 1, 1],
              "uv": [120, 9]
            }
          ],
          "name": "eye_right_lid",
          "parent": "eye_right2",
          "pivot": [2.70521, 42.09272, -4.45939]
        }, {
          "cubes": [
            {
              "mirror": true,
              "origin": [1.90057, 41.48343, -5.01087],
              "size": [1, 1, 1],
              "uv": [28, 110]
            },
            {
              "inflate": -0.35,
              "origin": [1.89838, 41.48343, -5.37876],
              "size": [1, 1, 1],
              "uv": [23, 108]
            }
          ],
          "name": "eye_right3",
          "parent": "eye_right2",
          "pivot": [2.40057, 41.98343, -4.51087]
        }, {
          "name": "horns",
          "parent": "head",
          "pivot": [-0.45977, 1.92, -2.35]
        }, {
          "cubes": [
            {
              "origin": [1.81561, 42.74084, -4.32641],
              "size": [0, 2, 9],
              "uv": [72, 138]
            }
          ],
          "name": "horn_right",
          "parent": "horns",
          "pivot": [1.81561, 43.74084, -4.32641],
          "rotation": [45.30476, -1.30258, 26.30699]
        }, {
          "cubes": [
            {
              "origin": [1.81561, 42.74084, 4.67359],
              "size": [0, 2, 8],
              "uv": [126, 147]
            }
          ],
          "name": "horn_right2",
          "parent": "horn_right",
          "pivot": [1.81561, 43.74084, 4.67359],
          "rotation": [0, 5, 0]
        }, {
          "cubes": [
            {
              "origin": [-1.81562, 42.74084, -4.32641],
              "size": [0, 2, 9],
              "uv": [90, 138]
            }
          ],
          "name": "horn_left",
          "parent": "horns",
          "pivot": [-1.81562, 43.74084, -4.32641],
          "rotation": [45.30476, 1.30258, -26.30699]
        }, {
          "cubes": [
            {
              "origin": [-1.81562, 42.74084, 4.67359],
              "size": [0, 2, 8],
              "uv": [142, 147]
            }
          ],
          "name": "horn_left2",
          "parent": "horn_left",
          "pivot": [-1.81562, 43.74084, 4.67359],
          "rotation": [0, -5, 0]
        }, {
          "cubes": [
            {
              "origin": [-1.57717, 43.65531, -4.85592],
              "pivot": [0.42283, 44.65531, -2.85592],
              "rotation": [15.5, 0, 0],
              "size": [3, 5, 5],
              "uv": [142, 111]
            }, {
              "inflate": 0.15,
              "origin": [-2.5, 40.20531, 3.18408],
              "size": [5, 4, 5],
              "uv": [0, 137]
            }, {
              "inflate": 0.15,
              "origin": [-2, 36.66873, 2.72962],
              "pivot": [-0.02724, 37.71826, 4.55893],
              "rotation": [2.5, 0, 0],
              "size": [4, 5, 4],
              "uv": [148, 6]
            }, {
              "inflate": 0.15,
              "origin": [-1, 34.64845, 2.1953],
              "pivot": [0.02723, 37.60826, 4.23893],
              "rotation": [11.5, 0, 0],
              "size": [2, 3, 3],
              "uv": [72, 131]
            }, {
              "origin": [-1, 44.4505, -1.75211],
              "pivot": [0, 45.9505, 1.74789],
              "rotation": [-10, 0, 0],
              "size": [2, 3, 7],
              "uv": [108, 139]
            }, {
              "origin": [0, 44.0811, -2.17346],
              "pivot": [-0.40204, 45.12531, 6.87408],
              "rotation": [-2.49444, 0, 0],
              "size": [0, 8, 11],
              "uv": [60, 112]
            }
          ],
          "name": "hair",
          "parent": "head",
          "pivot": [0.15332, 45.45531, 0.99408]
        }, {
          "name": "legs",
          "parent": "body",
          "pivot": [6.94328, 14.9847, -1.64755],
          "rotation": [6, 0, 0]
        }, {
          "cubes": [
            {
              "origin": [5.81328, 9.35925, -5.53252],
              "size": [5, 8, 8],
              "uv": [94, 0]
            }
          ],
          "name": "leg_right",
          "parent": "legs",
          "pivot": [6.94328, 14.9847, -1.64755],
          "rotation": [32.5, 0, 0]
        }, {
          "cubes": [
            {
              "origin": [6.32103, 6.15563, -5.09532],
              "pivot": [0, 8.39363, -1.85252],
              "rotation": [-15, 0, 0],
              "size": [4, 4, 6],
              "uv": [26, 136]
            }
          ],
          "name": "leg_right2",
          "parent": "leg_right",
          "pivot": [8.32103, 9.22658, -2.14865]
        }, {
          "cubes": [
            {
              "origin": [6.82103, 0.64118, -3.66332],
              "pivot": [8.32103, 7.99363, -3.00252],
              "rotation": [-65, 0, 0],
              "size": [3, 8, 3],
              "uv": [60, 99]
            }
          ],
          "name": "leg_right3",
          "parent": "leg_right2",
          "pivot": [8.32103, 6.81625, -3.68621]
        }, {
          "cubes": [
            {
              "inflate": -0.01,
              "origin": [6.321, 0.95066, -10.6302],
              "size": [4, 3, 3],
              "uv": [148, 141]
            },
            {
              "origin": [5.82103, 3.65066, -10.6302],
              "size": [5, 3, 3],
              "uv": [148, 67]
            }
          ],
          "name": "foe_right",
          "parent": "leg_right3",
          "pivot": [8.32101, 3.80066, -8.9002],
          "rotation": [51.5, 0, 0]
        }, {
          "cubes": [
            {
              "origin": [7.321, 6.21066, -10.4002],
              "size": [2, 2, 2],
              "uv": [76, 20]
            }
          ],
          "name": "finger_1_right",
          "parent": "foe_right",
          "pivot": [8.321, 6.07066, -9.4602],
          "rotation": [-5, 0, 0]
        }, {
          "cubes": [
            {
              "inflate": 0.15,
              "origin": [7.321, 8.07066, -10.4602],
              "size": [2, 2, 2],
              "uv": [84, 20]
            }
          ],
          "name": "bone2",
          "parent": "finger_1_right",
          "pivot": [8.321, 8.094, -9.45354],
          "rotation": [10, 0, 0]
        }, {
          "cubes": [
            {
              "origin": [7.821, 9.20553, -11.05625],
              "pivot": [8.321, 11.20553, -10.05625],
              "rotation": [22.5, 0, 0],
              "size": [1, 2, 2],
              "uv": [32, 95]
            }, {
              "origin": [8.321, 11.20553, -11.05625],
              "pivot": [9.321, 11.20553, -10.05625],
              "rotation": [22.5, 0, 0],
              "size": [0, 2, 2],
              "uv": [104, 78]
            }
          ],
          "name": "bone5",
          "parent": "bone2",
          "pivot": [8.321, 10.10066, -9.7802],
          "rotation": [-12.5, 0, 0]
        }, {
          "cubes": [
            {
              "origin": [8.801, 4.70066, -10.4602],
              "size": [2, 3, 2],
              "uv": [46, 136]
            }
          ],
          "name": "finger_1_right2",
          "parent": "foe_right",
          "pivot": [9.801, 5.56066, -9.4602],
          "rotation": [-4.55233, -0.39785, 18.93475]
        }, {
          "cubes": [
            {
              "inflate": 0.15,
              "origin": [8.80525, 7.57201, -10.57959],
              "size": [2, 2, 2],
              "uv": [84, 20]
            }
          ],
          "name": "bone7",
          "parent": "finger_1_right2",
          "pivot": [9.801, 7.584, -9.45354],
          "rotation": [10, 0, 0]
        }, {
          "cubes": [
            {
              "origin": [9.30525, 8.72744, -11.17185],
              "pivot": [9.801, 10.69553, -10.05625],
              "rotation": [22.5, 0, 0],
              "size": [1, 2, 2],
              "uv": [32, 95]
            }, {
              "origin": [9.80525, 10.72744, -11.17185],
              "pivot": [10.801, 10.69553, -10.05625],
              "rotation": [22.5, 0, 0],
              "size": [0, 2, 2],
              "uv": [104, 78]
            }
          ],
          "name": "bone8",
          "parent": "bone7",
          "pivot": [9.801, 9.59066, -9.7802],
          "rotation": [-12.5, 0, 0]
        }, {
          "cubes": [
            {
              "mirror": true,
              "origin": [5.789, 4.70066, -10.4602],
              "size": [2, 3, 2],
              "uv": [46, 141]
            }
          ],
          "name": "finger_1_left2",
          "parent": "foe_right",
          "pivot": [6.789, 5.56066, -9.4602],
          "rotation": [-4.55233, 0.39785, -18.93475]
        }, {
          "cubes": [
            {
              "inflate": 0.15,
              "mirror": true,
              "origin": [5.78475, 7.57201, -10.57959],
              "size": [2, 2, 2],
              "uv": [84, 20]
            }
          ],
          "name": "bone9",
          "parent": "finger_1_left2",
          "pivot": [6.789, 7.584, -9.45354],
          "rotation": [10, 0, 0]
        }, {
          "cubes": [
            {
              "mirror": true,
              "origin": [6.28475, 8.72744, -11.17185],
              "pivot": [6.789, 10.69553, -10.05625],
              "rotation": [22.5, 0, 0],
              "size": [1, 2, 2],
              "uv": [32, 95]
            }, {
              "mirror": true,
              "origin": [6.78475, 10.72744, -11.17185],
              "pivot": [5.789, 10.69553, -10.05625],
              "rotation": [22.5, 0, 0],
              "size": [0, 2, 2],
              "uv": [104, 78]
            }
          ],
          "name": "bone10",
          "parent": "bone9",
          "pivot": [6.789, 9.59066, -9.7802],
          "rotation": [-12.5, 0, 0]
        }, {
          "cubes": [
            {
              "mirror": true,
              "origin": [-10.81328, 9.35925, -5.53252],
              "size": [5, 8, 8],
              "uv": [94, 0]
            }
          ],
          "name": "leg_left",
          "parent": "legs",
          "pivot": [-6.94328, 14.9847, -1.64755],
          "rotation": [32.5, 0, 0]
        }, {
          "cubes": [
            {
              "mirror": true,
              "origin": [-10.32103, 6.15563, -5.09532],
              "pivot": [0, 8.39363, -1.85252],
              "rotation": [-15, 0, 0],
              "size": [4, 4, 6],
              "uv": [26, 136]
            }
          ],
          "name": "leg_left2",
          "parent": "leg_left",
          "pivot": [-8.32103, 9.22658, -2.14865]
        }, {
          "cubes": [
            {
              "mirror": true,
              "origin": [-9.82103, 0.64118, -3.66332],
              "pivot": [-8.32103, 7.99363, -3.00252],
              "rotation": [-65, 0, 0],
              "size": [3, 8, 3],
              "uv": [60, 99]
            }
          ],
          "name": "leg_left3",
          "parent": "leg_left2",
          "pivot": [-8.32103, 6.81625, -3.68621]
        }, {
          "cubes": [
            {
              "inflate": -0.01,
              "mirror": true,
              "origin": [-10.321, 0.95066, -10.6302],
              "size": [4, 3, 3],
              "uv": [148, 141]
            }, {
              "mirror": true,
              "origin": [-10.82103, 3.65066, -10.6302],
              "size": [5, 3, 3],
              "uv": [148, 67]
            }
          ],
          "name": "foe_left",
          "parent": "leg_left3",
          "pivot": [-8.32101, 3.80066, -8.9002],
          "rotation": [51.5, 0, 0]
        }, {
          "cubes": [
            {
              "mirror": true,
              "origin": [-9.321, 6.21066, -10.4002],
              "size": [2, 2, 2],
              "uv": [76, 20]
            }
          ],
          "name": "finger_1_left",
          "parent": "foe_left",
          "pivot": [-8.321, 6.07066, -9.4602],
          "rotation": [-5, 0, 0]
        }, {
          "cubes": [
            {
              "inflate": 0.15,
              "mirror": true,
              "origin": [-9.321, 8.07066, -10.4602],
              "size": [2, 2, 2],
              "uv": [84, 20]
            }
          ],
          "name": "bone11",
          "parent": "finger_1_left",
          "pivot": [-8.321, 8.094, -9.45354],
          "rotation": [10, 0, 0]
        }, {
          "cubes": [
            {
              "mirror": true,
              "origin": [-8.821, 9.20553, -11.05625],
              "pivot": [-8.321, 11.20553, -10.05625],
              "rotation": [22.5, 0, 0],
              "size": [1, 2, 2],
              "uv": [32, 95]
            }, {
              "mirror": true,
              "origin": [-8.321, 11.20553, -11.05625],
              "pivot": [-9.321, 11.20553, -10.05625],
              "rotation": [22.5, 0, 0],
              "size": [0, 2, 2],
              "uv": [104, 78]
            }
          ],
          "name": "bone12",
          "parent": "bone11",
          "pivot": [-8.321, 10.10066, -9.7802],
          "rotation": [-12.5, 0, 0]
        }, {
          "cubes": [
            {
              "mirror": true,
              "origin": [-10.801, 4.70066, -10.4602],
              "size": [2, 3, 2],
              "uv": [46, 136]
            }
          ],
          "name": "finger_1_right4",
          "parent": "foe_left",
          "pivot": [-9.801, 5.56066, -9.4602],
          "rotation": [-4.55233, 0.39785, -18.93475]
        }, {
          "cubes": [
            {
              "inflate": 0.15,
              "mirror": true,
              "origin": [-10.80525, 7.57201, -10.57959],
              "size": [2, 2, 2],
              "uv": [84, 20]
            }
          ],
          "name": "bone13",
          "parent": "finger_1_right4",
          "pivot": [-9.801, 7.584, -9.45354],
          "rotation": [10, 0, 0]
        }, {
          "cubes": [
            {
              "mirror": true,
              "origin": [-10.30525, 8.72744, -11.17185],
              "pivot": [-9.801, 10.69553, -10.05625],
              "rotation": [22.5, 0, 0],
              "size": [1, 2, 2],
              "uv": [32, 95]
            }, {
              "mirror": true,
              "origin": [-9.80525, 10.72744, -11.17185],
              "pivot": [-10.801, 10.69553, -10.05625],
              "rotation": [22.5, 0, 0],
              "size": [0, 2, 2],
              "uv": [104, 78]
            }
          ],
          "name": "bone14",
          "parent": "bone13",
          "pivot": [-9.801, 9.59066, -9.7802],
          "rotation": [-12.5, 0, 0]
        }, {
          "cubes": [
            {
              "origin": [-7.789, 4.70066, -10.4602],
              "size": [2, 3, 2],
              "uv": [46, 141]
            }
          ],
          "name": "finger_1_left3",
          "parent": "foe_left",
          "pivot": [-6.789, 5.56066, -9.4602],
          "rotation": [-4.55233, -0.39785, 18.93475]
        }, {
          "cubes": [
            {
              "inflate": 0.15,
              "origin": [-7.78475, 7.57201, -10.57959],
              "size": [2, 2, 2],
              "uv": [84, 20]
            }
          ],
          "name": "bone15",
          "parent": "finger_1_left3",
          "pivot": [-6.789, 7.584, -9.45354],
          "rotation": [10, 0, 0]
        }, {
          "cubes": [
            {
              "origin": [-7.28475, 8.72744, -11.17185],
              "pivot": [-6.789, 10.69553, -10.05625],
              "rotation": [22.5, 0, 0],
              "size": [1, 2, 2],
              "uv": [32, 95]
            }, {
              "origin": [-6.78475, 10.72744, -11.17185],
              "pivot": [-5.789, 10.69553, -10.05625],
              "rotation": [22.5, 0, 0],
              "size": [0, 2, 2],
              "uv": [104, 78]
            }
          ],
          "name": "bone16",
          "parent": "bone15",
          "pivot": [-6.789, 9.59066, -9.7802],
          "rotation": [-12.5, 0, 0]
        }
      ],
      "description": {
        "identifier": "geometry.tornadus_therian",
        "texture_height": 256,
        "texture_width": 256,
        "visible_bounds_height": 5.5,
        "visible_bounds_offset": [0, 2.25, 0],
        "visible_bounds_width": 12
      }
    }
  ]
}