{
  "format_version": "1.12.0",
  "minecraft:geometry": [
    {
      "bones": [
        {
          "name": "tornadus",
          "pivot": [0, 0, 0]
        }, {
          "name": "mainthing",
          "parent": "tornadus",
          "pivot": [0, 23, 0.25]
        }, {
          "cubes": [
            {
              "origin": [-4, 17, -2.85],
              "size": [8, 5, 6],
              "uv": [28, 55]
            }
          ],
          "name": "upperbody",
          "parent": "mainthing",
          "pivot": [0.61448, 4, 0]
        }, {
          "cubes": [
            {
              "origin": [-6, 22, -3.25],
              "size": [12, 8, 7],
              "uv": [0, 24]
            }
          ],
          "name": "torso",
          "parent": "upperbody",
          "pivot": [0.36448, 22, 0.25]
        }, {
          "name": "arms",
          "parent": "torso",
          "pivot": [0.61448, 29, 0]
        },
        {
          "name": "arm_right",
          "parent": "arms",
          "pivot": [7.11448, 28, -1],
          "rotation": [-12.5, 0, 0]
        }, {
          "cubes": [
            {
              "origin": [5.91343, 25.35819, -1.62981],
              "size": [6, 6, 6],
              "uv": [60, 12]
            }
          ],
          "name": "shoulder_right",
          "parent": "arm_right",
          "pivot": [6.61448, 28, 1.5],
          "rotation": [59.99269, 64.43583, 59.78703]
        }, {
          "cubes": [
            {
              "origin": [10.91343, 25.35819, -0.62981],
              "size": [6, 5, 5],
              "uv": [22, 66]
            }
          ],
          "name": "bicep_right",
          "parent": "shoulder_right",
          "pivot": [10.16343, 27.85819, 2.62019],
          "rotation": [0.21773, 21.89709, 43.95811]
        }, {
          "cubes": [
            {
              "origin": [15.91343, 25.85819, -1.12981],
              "size": [6, 4, 4],
              "uv": [64, 67]
            }
          ],
          "name": "forearm_right",
          "parent": "bicep_right",
          "pivot": [16.16343, 27.85819, 1.62019],
          "rotation": [130.4663, 87.32461, 139.81941]
        }, {
          "cubes": [
            {
              "origin": [20.91343, 26.35819, 0.37019],
              "size": [3, 3, 2],
              "uv": [52, 75]
            }
          ],
          "name": "wrist_right",
          "parent": "forearm_right",
          "pivot": [22.16343, 27.85819, 1.12019],
          "rotation": [147.52455, -7.842, -6.86788]
        }, {
          "cubes": [
            {
              "origin": [23.91343, 25.85819, 0.37019],
              "size": [3, 4, 2],
              "uv": [74, 54]
            }
          ],
          "name": "hand_right",
          "parent": "wrist_right",
          "pivot": [24.91343, 28.10819, 1.12019],
          "rotation": [-9.9352, -3.76135, -6.95601]
        }, {
          "name": "fingers_right",
          "parent": "hand_right",
          "pivot": [25.16343, 27.85819, 1.87019]
        }, {
          "cubes": [
            {
              "origin": [24.91343, 28.85819, 1.12019],
              "size": [1, 2, 1],
              "uv": [29, 50]
            }
          ],
          "name": "thumb_right",
          "parent": "fingers_right",
          "pivot": [25.16343, 28.85819, 2.87019],
          "rotation": [5.96275, -4.55749, 37.26251]
        }, {
          "cubes": [
            {
              "origin": [24.91343, 30.85819, 1.12019],
              "size": [1, 2, 1],
              "uv": [19, 50]
            }
          ],
          "name": "rthumb_tip",
          "parent": "thumb_right",
          "pivot": [25.41343, 30.85819, 1.87019],
          "rotation": [32.5, 0, 0]
        }, {
          "cubes": [
            {
              "origin": [26.91343, 28.85819, 1.37019],
              "size": [2, 1, 1],
              "uv": [72, 75]
            }
          ],
          "name": "index_right",
          "parent": "fingers_right",
          "pivot": [26.91343, 29.35819, 1.87019],
          "rotation": [0, 65, 0]
        }, {
          "cubes": [
            {
              "origin": [28.91343, 28.85819, 1.37019],
              "size": [2, 1, 1],
              "uv": [66, 75]
            }
          ],
          "name": "Rindex_tip",
          "parent": "index_right",
          "pivot": [29.16343, 29.35819, 2.12019],
          "rotation": [0, 25, 0]
        }, {
          "cubes": [
            {
              "origin": [26.91343, 27.85819, 1.37019],
              "size": [2, 1, 1],
              "uv": [60, 75]
            }
          ],
          "name": "middle_right",
          "parent": "fingers_right",
          "pivot": [26.91343, 28.35819, 1.87019],
          "rotation": [0, 57.5, 0]
        }, {
          "cubes": [
            {
              "origin": [28.91343, 27.85819, 1.37019],
              "pivot": [28.91343, 28.35819, 2.12019],
              "rotation": [0, 20, 0],
              "size": [2, 1, 1],
              "uv": [74, 31]
            }
          ],
          "name": "Rmiddle_tip",
          "parent": "middle_right",
          "pivot": [28.76762, 28.35819, 1.54325]
        }, {
          "cubes": [
            {
              "origin": [26.91343, 26.85819, 1.37019],
              "size": [2, 1, 1],
              "uv": [71, 37]
            }
          ],
          "name": "ring_right",
          "parent": "fingers_right",
          "pivot": [26.91343, 27.35819, 1.87019],
          "rotation": [0, 62.5, 0]
        }, {
          "cubes": [
            {
              "origin": [28.91343, 26.85819, 1.37019],
              "size": [2, 1, 1],
              "uv": [60, 69]
            }
          ],
          "name": "Rring_tip",
          "parent": "ring_right",
          "pivot": [28.86448, 27.25, 2.25],
          "rotation": [0, 15, 0]
        }, {
          "cubes": [
            {
              "origin": [26.91343, 25.85819, 1.37019],
              "size": [2, 1, 1],
              "uv": [69, 30]
            }
          ],
          "name": "pinky_right",
          "parent": "fingers_right",
          "pivot": [26.91343, 26.35819, 1.87019],
          "rotation": [0, 67.5, 0]
        }, {
          "cubes": [
            {
              "origin": [28.91343, 25.85819, 1.37019],
              "size": [2, 1, 1],
              "uv": [60, 67]
            }
          ],
          "name": "Rpinky_right",
          "parent": "pinky_right",
          "pivot": [28.91343, 26.35819, 2.12019],
          "rotation": [0, 20, 0]
        }, {
          "name": "arm_left",
          "parent": "arms",
          "pivot": [-3.38552, 28.25, -0.25]
        }, {
          "cubes": [
            {
              "mirror": true,
              "origin": [-10.68447, 25.35819, -1.62981],
              "size": [6, 6, 6],
              "uv": [56, 55]
            }
          ],
          "name": "shoulder_left",
          "parent": "arm_left",
          "pivot": [-5.38552, 27.75, 0.25],
          "rotation": [59.99269, -64.43583, -59.78703]
        }, {
          "cubes": [
            {
              "mirror": true,
              "origin": [-14.76296, 26.19134, -1.41317],
              "size": [6, 5, 5],
              "uv": [0, 63]
            }
          ],
          "name": "bicep_left",
          "parent": "shoulder_left",
          "pivot": [-8.37562, 27.85819, 1.8029],
          "rotation": [-5.64117, -18.68286, -28.10758]
        }, {
          "cubes": [
            {
              "mirror": true,
              "origin": [-20.7174, 26.85253, -0.85126],
              "size": [6, 4, 4],
              "uv": [44, 67]
            }
          ],
          "name": "forearm_left",
          "parent": "bicep_left",
          "pivot": [-14.01296, 28.69134, 1.40634],
          "rotation": [-163.26515, -85.65569, 159.82773]
        }, {
          "cubes": [
            {
              "mirror": true,
              "origin": [-22.91096, 27.39667, 2.14739],
              "size": [3, 3, 2],
              "uv": [52, 75]
            }
          ],
          "name": "wrist_left",
          "parent": "forearm_left",
          "pivot": [-19.34365, 27.98554, 2.46825],
          "rotation": [102.92684, -16.57187, -18.17577]
        }, {
          "cubes": [
            {
              "mirror": true,
              "origin": [-25.91096, 27.06306, 2.03072],
              "size": [3, 4, 2],
              "uv": [74, 54]
            }
          ],
          "name": "hand_left",
          "parent": "wrist_left",
          "pivot": [-23.41096, 29.06306, 3.03072],
          "rotation": [22.5, 0, 0]
        }, {
          "name": "fingers_left",
          "parent": "hand_left",
          "pivot": [-24.00926, 28.52759, 2.23061]
        }, {
          "cubes": [
            {
              "mirror": true,
              "origin": [-25.46806, 29.53558, 2.70772],
              "size": [1, 2, 1],
              "uv": [29, 50]
            }
          ],
          "name": "thumb_left",
          "parent": "fingers_left",
          "pivot": [-24.96806, 30.53558, 3.20772],
          "rotation": [5.96275, 4.55749, -37.26251]
        }, {
          "cubes": [
            {
              "mirror": true,
              "origin": [-25.46806, 31.28342, 2.8551],
              "size": [1, 2, 1],
              "uv": [19, 50]
            }
          ],
          "name": "thumbleft2",
          "parent": "thumb_left",
          "pivot": [-25.06759, 31.15668, 3.09885],
          "rotation": [32.5, 0, 0]
        }, {
          "cubes": [
            {
              "mirror": true,
              "origin": [-28.23989, 30.06306, 2.70179],
              "size": [2, 1, 1],
              "uv": [72, 75]
            }
          ],
          "name": "index_left",
          "parent": "fingers_left",
          "pivot": [-26.33358, 30.56306, 3.62441],
          "rotation": [0, -65, 0]
        }, {
          "cubes": [
            {
              "mirror": true,
              "origin": [-29.97027, 30.06306, 2.83087],
              "size": [2, 1, 1],
              "uv": [66, 75]
            }
          ],
          "name": "indexleft2",
          "parent": "index_left",
          "pivot": [-28.06396, 30.56306, 2.90825],
          "rotation": [0, -25, 0]
        }, {
          "cubes": [
            {
              "mirror": true,
              "origin": [-28.29165, 29.06306, 2.65002],
              "size": [2, 1, 1],
              "uv": [60, 75]
            }
          ],
          "name": "middle_left",
          "parent": "fingers_left",
          "pivot": [-26.44826, 29.56306, 3.68732],
          "rotation": [0, -57.5, 0]
        }, {
          "cubes": [
            {
              "mirror": true,
              "origin": [-30.07019, 29.06306, 2.25304],
              "pivot": [-29.30664, 29.02759, 2.57354],
              "rotation": [0, -20, 0],
              "size": [2, 1, 1],
              "uv": [74, 31]
            }
          ],
          "name": "midleft2",
          "parent": "middle_left",
          "pivot": [-28.16082, 29.02759, 2.9966]
        }, {
          "cubes": [
            {
              "mirror": true,
              "origin": [-28.25972, 28.06306, 2.68196],
              "size": [2, 1, 1],
              "uv": [71, 37]
            }
          ],
          "name": "ring_left",
          "parent": "fingers_left",
          "pivot": [-26.37271, 28.56306, 3.6437],
          "rotation": [0, -62.5, 0]
        }, {
          "cubes": [
            {
              "mirror": true,
              "origin": [-30.0916, 28.06306, 2.68223],
              "size": [2, 1, 1],
              "uv": [60, 69]
            }
          ],
          "name": "ringleft2",
          "parent": "ring_left",
          "pivot": [-28.12568, 28.56306, 2.92341],
          "rotation": [0, -15, 0]
        }, {
          "cubes": [
            {
              "mirror": true,
              "origin": [-28.21752, 27.06306, 2.72415],
              "size": [2, 1, 1],
              "uv": [69, 30]
            }
          ],
          "name": "pinky_left",
          "parent": "fingers_left",
          "pivot": [-26.29364, 27.56306, 3.60684],
          "rotation": [0, -67.5, 0]
        }, {
          "cubes": [
            {
              "mirror": true,
              "origin": [-30.00805, 27.06306, 2.63676],
              "size": [2, 1, 1],
              "uv": [60, 67]
            }
          ],
          "name": "pinkleft2",
          "parent": "pinky_left",
          "pivot": [-28.36061, 28.02759, 2.83647],
          "rotation": [0, -20, 0]
        }, {
          "cubes": [
            {
              "origin": [-4.5, 30, -3.75],
              "size": [9, 3, 8],
              "uv": [0, 39]
            },
            {
              "origin": [-4, 32.5, -3.25],
              "size": [8, 5, 7],
              "uv": [45, 0]
            }
          ],
          "name": "head",
          "parent": "torso",
          "pivot": [0.37521, 29.5, 0.5]
        }, {
          "cubes": [
            {
              "inflate": 0.005,
              "origin": [-4, 31.5, 1.25],
              "size": [8, 4, 4],
              "uv": [59, 39]
            },
            {
              "inflate": 0.01,
              "origin": [-4.5, 34.5, 3.5],
              "size": [9, 2, 3],
              "uv": [31, 24]
            }, {
              "inflate": 0.01,
              "origin": [-4, 36.25, 7.25],
              "pivot": [0.75, 9.25, 12],
              "rotation": [12.5, 0, 0],
              "size": [8, 3, 4],
              "uv": [64, 47]
            }, {
              "inflate": 0.01,
              "origin": [-1.5, 38, 2.25],
              "pivot": [0.25, 11, 7],
              "rotation": [7.5, 0, 0],
              "size": [3, 3, 4],
              "uv": [19, 50]
            }, {
              "inflate": 0.01,
              "origin": [-0.5, 39.25, 7.25],
              "pivot": [1.25, 12.25, 12],
              "rotation": [12.5, 0, 0],
              "size": [1, 2, 3],
              "uv": [39, 66]
            }
          ],
          "name": "hair",
          "parent": "head",
          "pivot": [-0.125, 33.5, 2.75]
        }, {
          "name": "horn",
          "parent": "head",
          "pivot": [0, 34.31, -3]
        }, {
          "cubes": [
            {
              "origin": [0.91, 36.76, -3.92],
              "pivot": [-0.09, 39.76, -2.92],
              "rotation": [15, 0, 0],
              "size": [2, 2, 2],
              "uv": [55, 90]
            }, {
              "origin": [1.41, 38.53, -3.6],
              "pivot": [0.41, 40.53, -2.6],
              "rotation": [15, 0, 0],
              "size": [1, 2, 1],
              "uv": [50, 91]
            }
          ],
          "name": "right",
          "parent": "horn",
          "pivot": [-2.5, 34.31, -3]
        }, {
          "cubes": [
            {
              "mirror": true,
              "origin": [-2.91, 36.76, -3.92],
              "pivot": [0.09, 39.76, -2.92],
              "rotation": [15, 0, 0],
              "size": [2, 2, 2],
              "uv": [55, 90]
            }, {
              "mirror": true,
              "origin": [-2.41, 38.53, -3.6],
              "pivot": [-0.41, 40.53, -2.6],
              "rotation": [15, 0, 0],
              "size": [1, 2, 1],
              "uv": [50, 91]
            }
          ],
          "name": "left",
          "parent": "horn",
          "pivot": [2.5, 34.31, -3]
        }, {
          "name": "eyes",
          "parent": "head",
          "pivot": [0.25, 30.25, -3.25]
        }, {
          "cubes": [
            {
              "origin": [-0.25672, 34.94696, -3.27],
              "pivot": [1.24328, 35.44696, -2.77],
              "rotation": [0, 0, -47.5],
              "size": [3, 1, 1],
              "uv": [50, 29]
            }, {
              "origin": [-2.74328, 34.94696, -3.27],
              "pivot": [-1.24328, 35.44696, -2.77],
              "rotation": [0, 0, 47.5],
              "size": [3, 1, 1],
              "uv": [26, 45]
            }
          ],
          "name": "brows",
          "parent": "eyes",
          "pivot": [0.25, 31.5, -2]
        }, {
          "name": "pupils",
          "parent": "eyes",
          "pivot": [0.25, 31.5, -2]
        }, {
          "cubes": [
            {
              "origin": [1.5, 34.25, -3.267],
              "size": [1, 1, 0],
              "uv": [0, 39]
            }
          ],
          "name": "pupil_right",
          "parent": "pupils",
          "pivot": [0.25, 30.75, -3.25]
        }, {
          "cubes": [
            {
              "origin": [-2.5, 34.25, -3.267],
              "size": [1, 1, 0],
              "uv": [31, 26]
            }
          ],
          "name": "pupil_left",
          "parent": "pupils",
          "pivot": [-1.75, 30.5, -3.25]
        }, {
          "cubes": [
            {
              "origin": [0.5, 33.25, -3.26],
              "size": [3, 2, 0],
              "uv": [50, 31]
            },
            {
              "origin": [1.5, 35.25, -3.26],
              "size": [2, 1, 0],
              "uv": [4, 14]
            }
          ],
          "name": "eye_right",
          "parent": "eyes",
          "pivot": [2.25, 30.5, -2]
        }, {
          "cubes": [
            {
              "origin": [-3.5, 33.25, -3.26],
              "size": [3, 2, 0],
              "uv": [31, 29]
            },
            {
              "origin": [-3.5, 35.25, -3.26],
              "size": [2, 1, 0],
              "uv": [0, 14]
            }
          ],
          "name": "eye_left",
          "parent": "eyes",
          "pivot": [-1.75, 30.5, -2]
        }, {
          "cubes": [
            {
              "origin": [-3.25, 36.5, -1.25],
              "pivot": [-1.25, 29.5, -3.25],
              "rotation": [0, 0, 37.5],
              "size": [3, 3, 2],
              "uv": [75, 6]
            }, {
              "mirror": true,
              "origin": [0.25, 36.5, -1.25],
              "pivot": [1.25, 29.5, -3.25],
              "rotation": [0, 0, -37.5],
              "size": [3, 3, 2],
              "uv": [75, 6]
            }
          ],
          "name": "ears",
          "parent": "head",
          "pivot": [-0.25, 33.5, -2.5]
        }, {
          "cubes": [
            {
              "origin": [-5.5, 33, -3.79],
              "size": [11, 1, 0],
              "uv": [26, 86]
            }, {
              "origin": [2.84, 32.62, -3.77],
              "pivot": [3.34, 34.12, -3.77],
              "rotation": [0, 0, 35],
              "size": [2, 3, 0],
              "uv": [37, 91]
            }, {
              "mirror": true,
              "origin": [-4.84, 32.62, -3.77],
              "pivot": [-3.34, 34.12, -3.77],
              "rotation": [0, 0, -35],
              "size": [2, 3, 0],
              "uv": [37, 91]
            }, {
              "inflate": -0.2,
              "origin": [4.52521, 35.5, -3.98],
              "pivot": [6.37521, 28.5, -2.45],
              "rotation": [0, 0, -45],
              "size": [2, 2, 1],
              "uv": [52, 24]
            }, {
              "origin": [1.75, 31, -3.78],
              "size": [1, 2, 0],
              "uv": [31, 24]
            }, {
              "origin": [-4.84479, 32.54, -3.76],
              "pivot": [-4.34479, 33.04, -3.76],
              "rotation": [0, 0, 42.5],
              "size": [1, 1, 0],
              "uv": [0, 30]
            }, {
              "mirror": true,
              "origin": [3.84479, 32.54, -3.76],
              "pivot": [4.34479, 33.04, -3.76],
              "rotation": [0, 0, -42.5],
              "size": [1, 1, 0],
              "uv": [0, 30]
            }, {
              "origin": [2.42521, 32, -3.77],
              "size": [1, 1, 0],
              "uv": [5, 27]
            },
            {
              "mirror": true,
              "origin": [-3.42521, 32, -3.77],
              "size": [1, 1, 0],
              "uv": [5, 27]
            },
            {
              "origin": [-2.75, 31, -3.78],
              "size": [1, 2, 0],
              "uv": [0, 0]
            }
          ],
          "name": "mustache",
          "parent": "head",
          "pivot": [0.37521, 29.25, -2.25]
        }, {
          "cubes": [
            {
              "origin": [-1.75, 32.07, -3.77],
              "size": [4, 1, 0],
              "uv": [45, 12]
            },
            {
              "origin": [0.75, 31.1, -3.76],
              "size": [1, 1, 0],
              "uv": [8, 14]
            },
            {
              "origin": [-1.75, 31.1, -3.76],
              "size": [1, 1, 0],
              "uv": [0, 2]
            }
          ],
          "name": "mouth",
          "parent": "head",
          "pivot": [0.25, 27.5, -2]
        }, {
          "locators": {
            "seat_1": [0, 18.5, 7]
          },
          "name": "locator_seat_1",
          "parent": "torso",
          "pivot": [0, 17.5, 4]
        }, {
          "cubes": [
            {
              "inflate": 0.4,
              "origin": [-7.5, 8.75, -7.35],
              "size": [15, 9, 15],
              "uv": [8, 104]
            },
            {
              "inflate": 0.2,
              "origin": [-7.5, 8.75, -7.35],
              "size": [15, 9, 15],
              "uv": [68, 104]
            },
            {
              "origin": [-7.5, 8.75, -7.35],
              "size": [15, 9, 15],
              "uv": [0, 0]
            }
          ],
          "name": "cloud",
          "parent": "mainthing",
          "pivot": [-2.5, 9, 0]
        }, {
          "name": "cloud_end",
          "parent": "cloud",
          "pivot": [-3.5, 3.25, 8.9],
          "rotation": [27.5, 0, 0]
        }, {
          "cubes": [
            {
              "origin": [0, 8.41393, 5.30675],
              "size": [0, 3, 5],
              "uv": [0, 6]
            }
          ],
          "name": "cloud_tail1",
          "parent": "cloud_end",
          "pivot": [-3.5, 3.25, 8.9]
        }, {
          "cubes": [
            {
              "origin": [0, 6.41393, 5.80675],
              "size": [0, 2, 4],
              "uv": [26, 39]
            }
          ],
          "name": "cloud_tail",
          "parent": "cloud_end",
          "pivot": [-3.5, 3.25, 8.9]
        }, {
          "cubes": [
            {
              "origin": [0, 3.41393, 6.30675],
              "size": [0, 3, 3],
              "uv": [0, 21]
            }
          ],
          "name": "cloud_tail3",
          "parent": "cloud_end",
          "pivot": [-3.5, 3.25, 8.9]
        }, {
          "cubes": [
            {
              "origin": [-2, 16.25, 5.9],
              "pivot": [-1, 16.25, 6.9],
              "rotation": [-27.39012, -0.28246, -40.49013],
              "size": [2, 6, 2],
              "uv": [0, 39]
            }, {
              "origin": [-1.5, 20, 6.65],
              "pivot": [-0.5, 18, 6.65],
              "rotation": [-27.39012, -0.28246, -40.49013],
              "size": [2, 2, 1],
              "uv": [45, 0]
            }
          ],
          "name": "tail_1",
          "parent": "cloud",
          "pivot": [-2.5, 15.75, 6.4]
        }, {
          "cubes": [
            {
              "origin": [-6, 21.75, 8.4],
              "pivot": [-1, 21.75, 9.4],
              "rotation": [-12.5, 0, -40],
              "size": [3, 7, 2],
              "uv": [0, 73]
            }, {
              "origin": [-2.25, 28.32, 8.28],
              "pivot": [2.75, 21.5, 8.15],
              "rotation": [-12.5, 0, -40],
              "size": [2, 2, 1],
              "uv": [45, 3]
            }
          ],
          "name": "tail_2",
          "parent": "tail_1",
          "pivot": [-3.50578, 19.39535, 9.30758]
        }, {
          "cubes": [
            {
              "origin": [-8.38557, 24.1331, 9.67631],
              "pivot": [-5.37423, 23.6647, 8.60508],
              "rotation": [10, 0, -37.5],
              "size": [3, 9, 3],
              "uv": [0, 83]
            }, {
              "inflate": 0.01,
              "origin": [-6.05, 29.75, 10.65],
              "pivot": [-5, 24.75, 14.65],
              "rotation": [10, 0, -37.5],
              "size": [2, 2, 1],
              "uv": [0, 27]
            }
          ],
          "name": "tail_3",
          "parent": "tail_2",
          "pivot": [-8.04522, 23.95294, 10.21789]
        }, {
          "cubes": [
            {
              "origin": [-14.25, 29.75, 8.4],
              "pivot": [-13.25, 29.75, 9.4],
              "rotation": [52.73749, -4.55749, -43.46275],
              "size": [4, 8, 3],
              "uv": [0, 0]
            }, {
              "origin": [-13.25, 32.5, 7.5],
              "pivot": [-13.25, 32.5, 8.5],
              "rotation": [-4.38624, 34.61507, 42.06461],
              "size": [1, 3, 3],
              "uv": [0, 50]
            }
          ],
          "name": "tail_4",
          "parent": "tail_3",
          "pivot": [-13.00476, 29.85635, 8.66425]
        }, {
          "cubes": [
            {
              "origin": [-18.5, 34, -4.35],
              "pivot": [-14.5, 35, 3.65],
              "rotation": [-0.64222, 3.65963, -49.31878],
              "size": [5, 3, 9],
              "uv": [50, 24]
            }, {
              "origin": [-15.25, 37.91, 1.3],
              "pivot": [-11.25, 37.75, 3.4],
              "rotation": [-0.64222, 3.65963, -49.31878],
              "size": [3, 2, 3],
              "uv": [50, 55]
            }
          ],
          "name": "tail_5",
          "parent": "tail_4",
          "pivot": [-14.90776, 33.3186, 4.61625]
        }, {
          "cubes": [
            {
              "inflate": 0.01,
              "origin": [-18.75, 32.5, -12.1],
              "pivot": [-14.75, 34.5, -4.1],
              "rotation": [35.48812, 11.47329, -45.13428],
              "size": [5, 4, 9],
              "uv": [0, 50]
            }, {
              "inflate": 0.01,
              "origin": [-15.75, 37.25, -8.24],
              "pivot": [-11.75, 38.25, -4.35],
              "rotation": [35.48812, 11.47329, -45.13428],
              "size": [4, 2, 4],
              "uv": [69, 24]
            }
          ],
          "name": "tail_6",
          "parent": "tail_5",
          "pivot": [-15.65889, 32.74639, -3.02742]
        }, {
          "cubes": [
            {
              "inflate": 0.01,
              "origin": [-16.25, 30.25, -17.6],
              "pivot": [-11.25, 30.25, -8.6],
              "rotation": [58.99014, 6.6058, -37.34578],
              "size": [6, 4, 10],
              "uv": [28, 29]
            }, {
              "origin": [-13.25, 36.25, -13.1],
              "pivot": [-6.25, 35.25, -9.1],
              "rotation": [58.99014, 6.6058, -37.34578],
              "size": [4, 2, 4],
              "uv": [68, 0]
            }
          ],
          "name": "tail_7",
          "parent": "tail_6",
          "pivot": [-10.87738, 30.18846, -10.68544]
        }, {
          "cubes": [
            {
              "inflate": 0.01,
              "origin": [-13.00755, 17.15625, -16.68568],
              "pivot": [-8.92919, 21.49329, -15.67184],
              "rotation": [0, 5, 0],
              "size": [10, 7, 5],
              "uv": [34, 43]
            }
          ],
          "name": "tip_8",
          "parent": "tail_7",
          "pivot": [-9.04296, 24.06924, -14.32237],
          "rotation": [0, 2.5, -37.5]
        }
      ],
      "description": {
        "identifier": "geometry.unknown",
        "texture_height": 128,
        "texture_width": 128,
        "visible_bounds_height": 6.5,
        "visible_bounds_offset": [0, 2.75, 0],
        "visible_bounds_width": 6
      }
    }
  ]
}