{
  "animations": {
    "animation.greattusk.blink": {
      "animation_length": 0.1667,
      "bones": {
        "eyelid_left": {
          "position": {
            "0.0": [0.1, 0, -0.1],
            "0.125": [0.1, 0, -0.1],
            "0.1667": [0, 0, 0]
          }
        },
        "eyelid_right": {
          "position": {
            "0.0": [-0.1, 0, -0.1],
            "0.125": [-0.1, 0, -0.1],
            "0.1667": [0, 0, 0]
          }
        }
      }
    },
    "animation.greattusk.cry": {
      "animation_length": 1.5,
      "bones": {
        "jaw": {
          "rotation": {
            "0.0": [0, 0, 0],
            "0.25": [17.5, 0, 0],
            "1.25": [17.5, 0, 0],
            "1.5": [0, 0, 0]
          }
        },
        "neck": {
          "rotation": {
            "0.0": [0, 0, 0],
            "0.25": [10, 0, 0],
            "1.25": [10, 0, 0],
            "1.5": [0, 0, 0]
          }
        }
      }
    },
    "animation.greattusk.ground_idle": {
      "bones": {
        "back_plate": {
          "rotation": [0, 0, 0]
        },
        "ear_left": {
          "rotation": [0, -5, "10-math.sin(q.anim_time*90*1.5-20)*2"]
        },
        "ear_left2": {
          "rotation": [0, 0, "-17.5-math.sin(q.anim_time*90*1.5-60)*4"]
        },
        "ear_right": {
          "rotation": [0, 5, "-10-math.sin(q.anim_time*90*1.5-20)*2"]
        },
        "ear_right2": {
          "rotation": [0, 0, "17.5+math.sin(q.anim_time*90*1.5-60)*4"]
        },
        "eyelid_right": {
          "position": [0, 0, 0]
        },
        "front_plate": {
          "rotation": [0, 0, 0]
        },
        "head": {
          "rotation": ["7.5+math.sin(q.anim_time*90*1.5-20)*1", "math.sin(q.anim_time*90*0.5-20)*2", 0]
        },
        "head_plate": {
          "rotation": ["math.sin(q.anim_time*90*1.5-20)*1", "math.sin(q.anim_time*90*0.5-20)*2", 0]
        },
        "tail": {
          "rotation": ["-17.5+math.sin(q.anim_time*90*1.5-80)*1", 0, 0]
        },
        "tail2": {
          "rotation": ["35+math.sin(q.anim_time*90*1.5-100)*1.5", "math.sin(q.anim_time*90*0.5-100)*5", 0]
        },
        "tail3": {
          "rotation": ["math.sin(q.anim_time*90*1.5-120)*2", "math.sin(q.anim_time*90*0.5-120)*7", 0]
        },
        "tail4": {
          "position": [-0.1, -2, -3],
          "rotation": ["25+math.sin(q.anim_time*90*1.5-140)*2.5", "math.sin(q.anim_time*90*0.5-140)*1", 0]
        },
        "torso_front": {
          "rotation": ["math.sin(q.anim_time*90*1.5)*0.5", 0, 0]
        },
        "tread3": {
          "rotation": [15, 0, 0]
        },
        "tread4": {
          "rotation": [0, 0, 0]
        },
        "tread5": {
          "position": [0, 0, 0],
          "rotation": [22.5, 0, 0]
        },
        "tread6": {
          "rotation": [7.5, 0, 0]
        },
        "trunk": {
          "rotation": [47.5, 0, 0]
        },
        "trunk2": {
          "rotation": [35, 0, 0]
        },
        "trunk3": {
          "rotation": [55, 0, 0]
        }
      },
      "loop": true
    },
    "animation.greattusk.ground_walk": {
      "animation_length": 1.33333,
      "bones": {
        "head": {
          "rotation": ["0+math.cos(q.anim_time*90*3*2-60)*1", 0, "0+math.sin(q.anim_time*90*3-60)*2"]
        },
        "head_plate": {
          "position": {
            "0.0": [0, 0, 0],
            "0.2917": [0, 0, 0],
            "0.3333": [0, 0.3, 0],
            "0.375": [0, -0.26, 0],
            "0.4583": [0, 0, 0],
            "1.0": [0, 0, 0],
            "1.0417": [0, 0.3, 0],
            "1.0833": [0, -0.26, 0],
            "1.1667": [0, 0, 0],
            "1.3333": [0, 0, 0]
          },
          "rotation": ["0+math.cos(q.anim_time*90*3*2-60)*1", 0, "0+math.sin(q.anim_time*90*3-60)*2"]
        },
        "leg_back_left": {
          "position": ["0+math.cos(q.anim_time*90*3-60)*0.2", "-0.2+math.clamp(math.cos(q.anim_time*90*3-60)*1,0,2)", "0-math.sin(q.anim_time*90*3-60)*0.7"],
          "rotation": ["0-math.sin(q.anim_time*90*3-60)*6", "0+math.sin(q.anim_time*90*3-60)*6", 0]
        },
        "leg_back_right": {
          "position": ["0-math.cos(q.anim_time*90*3-240)*0.2", "-0.2+math.clamp(math.cos(q.anim_time*90*3-240)*1,0,2)", "0-math.sin(q.anim_time*90*3-240)*0.8"],
          "rotation": ["0-math.sin(q.anim_time*90*3-240)*6", "0-math.sin(q.anim_time*90*3-240)*6", 0]
        },
        "leg_front_left": {
          "position": ["0.3+math.cos(q.anim_time*90*3-180)*-0.3", "0.5+math.clamp(math.cos(q.anim_time*90*3-180)*1,0,2)", "-math.sin(q.anim_time*90*3-180)*0.5"],
          "rotation": ["6-math.sin(q.anim_time*90*3-180)*15", "0+math.sin(q.anim_time*90*3-180)*6", 0]
        },
        "leg_front_right": {
          "position": ["-0.3+math.cos(q.anim_time*90*3)*0.3", "0.5+math.clamp(math.cos(q.anim_time*90*3)*1,0,2)", "-math.sin(q.anim_time*90*3)*0.5"],
          "rotation": ["6-math.sin(q.anim_time*90*3)*15", "0+math.sin(q.anim_time*90*3)*6", 0]
        },
        "tail": {
          "rotation": ["-4+math.sin(q.anim_time*90*3*2+60)*2", "0+math.cos(q.anim_time*90*3+60)*-4", 0]
        },
        "tail2": {
          "rotation": ["15+math.sin(q.anim_time*90*3*2+40)*2", "0+math.cos(q.anim_time*90*3+40)*-4", 0]
        },
        "tail3": {
          "rotation": ["12.5+math.sin(q.anim_time*90*3*2+20)*2", "0+math.cos(q.anim_time*90*3+20)*-4", 0]
        },
        "tail4": {
          "rotation": ["7.5+math.sin(q.anim_time*90*3*2)*2", "0+math.cos(q.anim_time*90*3)*-4", 0]
        },
        "torso_back": {
          "position": {
            "0.0": [0, "0+math.sin(q.anim_time*90*3*2)*0.4", 0],
            "0.2917": [0, "0+math.sin(q.anim_time*90*3*2)*0.4", 0],
            "0.3333": [0, "-0.4+math.sin(q.anim_time*90*3*2)*0.4", 0],
            "0.4167": [0, "0+math.sin(q.anim_time*90*3*2)*0.4", 0],
            "0.5417": [0, "0+math.sin(q.anim_time*90*3*2)*0.4", 0],
            "0.5833": [0, "-0.2+math.sin(q.anim_time*90*3*2)*0.4", 0],
            "0.6667": [0, "0+math.sin(q.anim_time*90*3*2)*0.4", 0],
            "0.9583": [0, "0+math.sin(q.anim_time*90*3*2)*0.4", 0],
            "1.0": [0, "-0.4+math.sin(q.anim_time*90*3*2)*0.4", 0],
            "1.0833": [0, "0+math.sin(q.anim_time*90*3*2)*0.4", 0],
            "1.2083": [0, "0+math.sin(q.anim_time*90*3*2)*0.4", 0],
            "1.25": [0, "-0.2+math.sin(q.anim_time*90*3*2)*0.4", 0],
            "1.3333": [0, "0+math.sin(q.anim_time*90*3*2)*0.4", 0]
          }
        },
        "torso_front": {
          "position": {
            "0.0": [0, "0+math.sin(q.anim_time*90*3*2)*0.4", 0],
            "0.2917": [0, "0+math.sin(q.anim_time*90*3*2)*0.4", 0],
            "0.3333": [0, "-0.4+math.sin(q.anim_time*90*3*2)*0.4", 0],
            "0.4167": [0, "0+math.sin(q.anim_time*90*3*2)*0.4", 0],
            "0.5417": [0, "0+math.sin(q.anim_time*90*3*2)*0.4", 0],
            "0.5833": [0, "-0.2+math.sin(q.anim_time*90*3*2)*0.4", 0],
            "0.6667": [0, "0+math.sin(q.anim_time*90*3*2)*0.4", 0],
            "0.9583": [0, "0+math.sin(q.anim_time*90*3*2)*0.4", 0],
            "1.0": [0, "-0.4+math.sin(q.anim_time*90*3*2)*0.4", 0],
            "1.0833": [0, "0+math.sin(q.anim_time*90*3*2)*0.4", 0],
            "1.2083": [0, "0+math.sin(q.anim_time*90*3*2)*0.4", 0],
            "1.25": [0, "-0.2+math.sin(q.anim_time*90*3*2)*0.4", 0],
            "1.3333": [0, "0+math.sin(q.anim_time*90*3*2)*0.4", 0]
          }
        },
        "tread5": {
          "position": [0, 0, 0],
          "rotation": [22.5, 0, 0]
        },
        "trunk": {
          "rotation": [47.5, 0, 0]
        },
        "trunk2": {
          "rotation": [35, 0, 0]
        },
        "trunk3": {
          "rotation": [55, 0, 0]
        }
      },
      "loop": true
    }
  },
  "format_version": "1.8.0"
}