{
  "animations": {
    "animation.butterfree_gmax.air_idle": {
      "bones": {
        "antenna_left": {
          "rotation": ["4.8820597710-math.cos((query.anim_time-0.8)*180)*2", -1.08089, 12.45392]
        },
        "antenna_left2": {
          "rotation": ["-32.50-math.cos((query.anim_time-1.1)*180)*4", 0, 0]
        },
        "antenna_left3": {
          "rotation": ["-12.50-math.cos((query.anim_time-1.4)*180)*6", 0, 0]
        },
        "antenna_left4": {
          "rotation": ["-42.50-math.cos((query.anim_time-1.7)*180)*6", 0, 0]
        },
        "antenna_left5": {
          "rotation": ["-37.50-math.cos((query.anim_time-2)*180)*7", 0, 0]
        },
        "antenna_right": {
          "rotation": ["4.8820597710-math.cos((query.anim_time-0.8)*180)*2", 1.08089, -12.45392]
        },
        "antenna_right2": {
          "rotation": ["-32.50-math.cos((query.anim_time-1.1)*180)*4", 0, 0]
        },
        "antenna_right3": {
          "rotation": ["-12.50-math.cos((query.anim_time-1.4)*180)*6", 0, 0]
        },
        "antenna_right4": {
          "rotation": ["-42.50-math.cos((query.anim_time-1.7)*180)*6", 0, 0]
        },
        "antenna_right5": {
          "rotation": ["-37.50-math.cos((query.anim_time-2)*180)*7", 0, 0]
        },
        "body": {
          "position": [0, "math.sin(query.anim_time*180)*2", 0],
          "rotation": [10, 0, 0]
        },
        "head": {
          "rotation": ["0-math.cos((query.anim_time-0.5)*180)*3", 0, 0]
        },
        "leg_left": {
          "rotation": ["math.cos((query.anim_time-0.6)*180)*6", 0, 0]
        },
        "leg_right": {
          "rotation": ["math.cos((query.anim_time-0.6)*180)*6", 0, 0]
        },
        "swirlies": {
          "rotation": [0, "math.sin(query.anim_time*90*0.0001)*90000", 0]
        },
        "wing_left_down": {
          "rotation": [0, "-7.5+math.sin((query.anim_time-1.2)*180)*7", 0]
        },
        "wing_left_down2": {
          "rotation": [0, "12.5+math.sin((query.anim_time-1.8)*180)*24", 0]
        },
        "wing_left_top": {
          "rotation": [0, "-12.5+math.sin((query.anim_time-1)*180)*12", 0]
        },
        "wing_left_top2": {
          "rotation": [0, "math.sin((query.anim_time-1.4)*180)*25", 0]
        },
        "wing_left_top3": {
          "rotation": [0, "math.sin((query.anim_time-1.6)*180)*28", 0]
        },
        "wing_right_down": {
          "rotation": [0, "7.5-math.sin((query.anim_time-1.2)*180)*7", 0]
        },
        "wing_right_down2": {
          "rotation": [0, "-12.5-math.sin((query.anim_time-1.8)*180)*24", 0]
        },
        "wing_right_top": {
          "rotation": [0, "12.5-math.sin((query.anim_time-1)*180)*12", 0]
        },
        "wing_right_top2": {
          "rotation": [0, "0-math.sin((query.anim_time-1.4)*180)*25", 0]
        },
        "wing_right_top3": {
          "rotation": [0, "0-math.sin((query.anim_time-1.6)*180)*28", 0]
        }
      },
      "loop": true
    },
    "animation.butterfree_gmax.battle_idle": {
      "bones": {
        "antenna_left": {
          "rotation": ["4.8820597710-math.cos((query.anim_time-0.8)*300)*2", -1.08089, 12.45392]
        },
        "antenna_left2": {
          "rotation": ["-32.50-math.cos((query.anim_time-1.1)*300)*4", 0, 0]
        },
        "antenna_left3": {
          "rotation": ["-12.50-math.cos((query.anim_time-1.4)*300)*6", 0, 0]
        },
        "antenna_left4": {
          "rotation": ["-42.50-math.cos((query.anim_time-1.7)*300)*6", 0, 0]
        },
        "antenna_left5": {
          "rotation": ["-37.50-math.cos((query.anim_time-2)*300)*7", 0, 0]
        },
        "antenna_right": {
          "rotation": ["4.8820597710-math.cos((query.anim_time-0.8)*300)*2", 1.08089, -12.45392]
        },
        "antenna_right2": {
          "rotation": ["-32.50-math.cos((query.anim_time-1.1)*300)*4", 0, 0]
        },
        "antenna_right3": {
          "rotation": ["-12.50-math.cos((query.anim_time-1.4)*300)*6", 0, 0]
        },
        "antenna_right4": {
          "rotation": ["-42.50-math.cos((query.anim_time-1.7)*300)*6", 0, 0]
        },
        "antenna_right5": {
          "rotation": ["-37.50-math.cos((query.anim_time-2)*300)*7", 0, 0]
        },
        "body": {
          "position": [0, "math.sin(query.anim_time*300)*2", 0],
          "rotation": [10, 0, 0]
        },
        "head": {
          "rotation": ["0-math.cos((query.anim_time-0.5)*300)*3", 0, 0]
        },
        "leg_left": {
          "rotation": ["7.5+math.cos((query.anim_time-0.6)*300)*6", 0, 0]
        },
        "leg_right": {
          "rotation": ["-10+math.cos((query.anim_time-0.6)*300)*6", 0, 0]
        },
        "swirlies": {
          "rotation": [0, "math.sin(query.anim_time*90*0.0001)*90000", 0]
        },
        "wing_left_down": {
          "rotation": [0, "-7.5+math.sin((query.anim_time-1.2)*300)*7", 0]
        },
        "wing_left_down2": {
          "rotation": [0, "12.5-math.sin((query.anim_time-1.8)*300)*24", 0]
        },
        "wing_left_top": {
          "rotation": [0, "-12.5+math.sin((query.anim_time-1)*300)*12", 0]
        },
        "wing_left_top2": {
          "rotation": [0, "math.sin((query.anim_time-1.2)*300)*25", 0]
        },
        "wing_left_top3": {
          "rotation": [0, "math.sin((query.anim_time-1.4)*300)*28", 0]
        },
        "wing_right_down": {
          "rotation": [0, "7.5-math.sin((query.anim_time-1.2)*300)*7", 0]
        },
        "wing_right_down2": {
          "rotation": [0, "-12.5+math.sin((query.anim_time-1.8)*300)*24", 0]
        },
        "wing_right_top": {
          "rotation": [0, "12.5-math.sin((query.anim_time-1)*300)*12", 0]
        },
        "wing_right_top2": {
          "rotation": [0, "-(math.sin((query.anim_time-1.2)*300)*25)", 0]
        },
        "wing_right_top3": {
          "rotation": [0, "-(math.sin((query.anim_time-1.4)*300)*28)", 0]
        }
      },
      "loop": true
    },
    "animation.butterfree_gmax.fly": {
      "bones": {
        "antenna_left": {
          "rotation": ["4.8820597710-math.cos((query.anim_time-0.8)*300)*2", -1.08089, 12.45392]
        },
        "antenna_left2": {
          "rotation": ["-32.50-math.cos((query.anim_time-1.1)*300)*4", 0, 0]
        },
        "antenna_left3": {
          "rotation": ["-12.50-math.cos((query.anim_time-1.4)*300)*6", 0, 0]
        },
        "antenna_left4": {
          "rotation": ["-42.50-math.cos((query.anim_time-1.7)*300)*6", 0, 0]
        },
        "antenna_left5": {
          "rotation": ["-37.50-math.cos((query.anim_time-2)*300)*7", 0, 0]
        },
        "antenna_right": {
          "rotation": ["4.8820597710-math.cos((query.anim_time-0.8)*300)*2", 1.08089, -12.45392]
        },
        "antenna_right2": {
          "rotation": ["-32.50-math.cos((query.anim_time-1.1)*300)*4", 0, 0]
        },
        "antenna_right3": {
          "rotation": ["-12.50-math.cos((query.anim_time-1.4)*300)*6", 0, 0]
        },
        "antenna_right4": {
          "rotation": ["-42.50-math.cos((query.anim_time-1.7)*300)*6", 0, 0]
        },
        "antenna_right5": {
          "rotation": ["-37.50-math.cos((query.anim_time-2)*300)*7", 0, 0]
        },
        "body": {
          "position": [0, "math.sin(query.anim_time*300)*2", 0],
          "rotation": [30, 0, 0]
        },
        "head": {
          "position": [0, 0.17021, -0.47014],
          "rotation": ["-22.5-math.cos((query.anim_time-0.5)*300)*3", 0, 0]
        },
        "leg_left": {
          "rotation": ["7.5+math.cos((query.anim_time-0.6)*300)*6", 0, 0]
        },
        "leg_right": {
          "rotation": ["-10+math.cos((query.anim_time-0.6)*300)*6", 0, 0]
        },
        "swirlies": {
          "rotation": [0, "math.sin(query.anim_time*90*0.0001)*90000", 0]
        },
        "wing_left_down": {
          "rotation": [0, "-7.5+math.sin((query.anim_time-1.2)*300)*7", 0]
        },
        "wing_left_down2": {
          "rotation": [0, "12.5-math.sin((query.anim_time-1.8)*300)*24", 0]
        },
        "wing_left_top": {
          "rotation": [0, "-12.5+math.sin((query.anim_time-1)*300)*12", 0]
        },
        "wing_left_top2": {
          "rotation": [0, "math.sin((query.anim_time-1.2)*300)*25", 0]
        },
        "wing_left_top3": {
          "rotation": [0, "math.sin((query.anim_time-1.4)*300)*28", 0]
        },
        "wing_right_down": {
          "rotation": [0, "7.5-math.sin((query.anim_time-1.2)*300)*7", 0]
        },
        "wing_right_down2": {
          "rotation": [0, "-12.5+math.sin((query.anim_time-1.8)*300)*24", 0]
        },
        "wing_right_top": {
          "rotation": [0, "12.5-math.sin((query.anim_time-1)*300)*12", 0]
        },
        "wing_right_top2": {
          "rotation": [0, "-(math.sin((query.anim_time-1.2)*300)*25)", 0]
        },
        "wing_right_top3": {
          "rotation": [0, "-(math.sin((query.anim_time-1.4)*300)*28)", 0]
        }
      },
      "loop": true
    }
  },
  "format_version": "1.8.0"
}