{
  "animations": {
    "animation.magmortar.battle_idle": {
      "bones": {
        "arm_left": {
          "rotation": ["5.0767+math.sin(q.anim_time*90*2-0)*-1.5", -9.96156, "44.1196-math.sin(q.anim_time*90*1-90)*-1"]
        },
        "arm_left2": {
          "rotation": [0, "22.5-math.sin(q.anim_time*90*2-10)*4", "0-math.sin(q.anim_time*90*1-10)*2"]
        },
        "arm_right": {
          "rotation": ["-1.2643+math.sin(q.anim_time*90*2-0)*-1.5", -64.3804, "0.264-math.sin(q.anim_time*90*1-90)*-1"]
        },
        "body": {
          "rotation": [0, -25, 0]
        },
        "head": {
          "rotation": ["-3.0535+math.sin(q.anim_time*90*2+60)*-1.5", 25.20507, "3.7431+math.sin(q.anim_time*90*1-130+180)*-0.75"]
        },
        "head_flap": {
          "rotation": [3, 0, 0]
        },
        "headfire": {
          "rotation": ["-2.4981+math.sin(q.anim_time*90*3*2-90)*1-1*6", -0.08722, "-2.4985+math.sin(q.anim_time*90*5-150)*2-1)+6*(math.sin(q.anim_time*90*5/2-90)*10"],
          "scale": [1, "2-math.sin(q.anim_time*90*5*2-90)*0.02-1", "1.9-math.sin(q.anim_time*90*6*2)*0.02-1"]
        },
        "leftarm": {
          "rotation": [0, 0, 45]
        },
        "lefthand": {
          "rotation": [0, 15, 0]
        },
        "leftleg": {
          "rotation": [0, -5, 0]
        },
        "leg_left": {
          "position": [1, "0+math.sin(q.anim_time*90*2-30)*-0.5", 0],
          "rotation": [0, -12.5, 0]
        },
        "leg_left2": {
          "position": [0, "-math.sin(q.anim_time*90*2-30)*-0.5", 0],
          "rotation": [0, -5, 0]
        },
        "leg_right": {
          "position": [0, "0+math.sin(q.anim_time*90*2-30)*-0.5", 0],
          "rotation": [0, 25, 0]
        },
        "leg_right2": {
          "position": [0, "-math.sin(q.anim_time*90*2-30)*-0.5", 0],
          "rotation": [0, 5, 0]
        },
        "rightarm": {
          "rotation": [0, 0, -45]
        },
        "righthand": {
          "rotation": [0, -15, 0]
        },
        "rightleg": {
          "rotation": [0, 5, 0]
        },
        "tail2": {
          "rotation": [30, 0, 0]
        },
        "torso": {
          "position": [0, "0+math.sin(q.anim_time*90*2-90)*-0.5", 0],
          "rotation": ["5+math.sin(q.anim_time*90*2-0)*-1.5", 0, "0+math.sin(q.anim_time*90*1-90)*-1"]
        }
      },
      "loop": true
    },
    "animation.magmortar.battleflame": {
      "bones": {
        "arm_flame_left": {
          "rotation": ["math.sin(q.anim_time*90*3*3-90)*1-1*6", 0, "2.4985+math.sin(q.anim_time*90*5.5-150)*2-1)+6*(math.sin(q.anim_time*90*5/2-90)*10"],
          "scale": [1, "2-math.sin(q.anim_time*90*5*6-90)*0.05-1", "2-math.sin(q.anim_time*90*6*4)*0.05-1"]
        },
        "arm_flame_right": {
          "rotation": ["math.sin(q.anim_time*90*3*3-90)*1-1*6", 0, "2.4985+math.sin(q.anim_time*90*5.5-150)*2-1)+6*(math.sin(q.anim_time*90*5/2-90)*10"],
          "scale": [1, "2-math.sin(q.anim_time*90*5*6-90)*0.05-1", "2-math.sin(q.anim_time*90*6*4)*0.05-1"]
        },
        "head_flame_top": {
          "rotation": ["math.sin(q.anim_time*90*3*3-90)*1-1*6", 0, "math.sin(q.anim_time*90*5.5-150)*2-1)+6*(math.sin(q.anim_time*90*5/2-90)*10"],
          "scale": [1, "2-math.sin(q.anim_time*90*5*4-90)*0.05-1", "2-math.sin(q.anim_time*90*6*4)*0.05-1"]
        },
        "head_flame_top2": {
          "rotation": ["math.sin(q.anim_time*90*3*3-90)*1-1*6", 0, "math.sin(q.anim_time*90*5.5-150)*2-1)+6*(math.sin(q.anim_time*90*5/2-90)*10"],
          "scale": [1, "2-math.sin(q.anim_time*90*5*4-90)*0.05-1", "2-math.sin(q.anim_time*90*6*4)*0.05-1"]
        },
        "tail": {
          "rotation": ["math.sin(q.anim_time*90*3*3-90)*1-1*6", 0, "2.4985+math.sin(q.anim_time*90*5.5-150)*2-1)+6*(math.sin(q.anim_time*90*5/2-90)*10"],
          "scale": [1, "2-math.sin(q.anim_time*90*5*4-90)*0.05-1", "2-math.sin(q.anim_time*90*6*4)*0.05-1"]
        }
      },
      "loop": true
    },
    "animation.magmortar.cry": {
      "animation_length": 1.8333,
      "bones": {
        "arm_flame_left": {
          "scale": {
            "0.0": [1, 1, 1],
            "0.25": [1, 1, 1],
            "0.9167": ["1+math.cos(q.anim_time*50*6*11)*0.15", "1+math.cos(q.anim_time*50*6*11)*0.15", 1],
            "1.8333": [1, 1, 1]
          }
        },
        "arm_flame_right": {
          "scale": {
            "0.0": [1, 1, 1],
            "0.25": [1, 1, 1],
            "0.9167": ["1+math.cos(q.anim_time*50*6*11)*0.15", "1+math.cos(q.anim_time*50*6*11)*0.15", 1],
            "1.8333": [1, 1, 1]
          }
        },
        "head": {
          "rotation": {
            "0.0417": [0, 0, 0],
            "0.2917": {
              "lerp_mode": "catmullrom",
              "post": [2.5, 0, 0],
              "pre": [2.5, 0, 0]
            },
            "0.5": {
              "lerp_mode": "catmullrom",
              "post": [-20, 0, 0]
            },
            "1.125": {
              "lerp_mode": "catmullrom",
              "post": [-22.5, 0, 0]
            },
            "1.6667": [0, 0, 0]
          }
        },
        "head_flame_top": {
          "scale": {
            "0.0": [1, 1, 1],
            "0.25": [1, 1, 1],
            "0.9167": ["1+math.cos(q.anim_time*50*6*11)*0.15", "1+math.cos(q.anim_time*50*6*11)*0.15", 1],
            "1.8333": [1, 1, 1]
          }
        },
        "head_flame_top2": {
          "scale": {
            "0.0": [1, 1, 1],
            "0.25": [1, 1, 1],
            "0.9167": ["1+math.cos(q.anim_time*50*6*11)*0.15", "1+math.cos(q.anim_time*50*6*11)*0.15", 1],
            "1.8333": [1, 1, 1]
          }
        },
        "headfire": {
          "rotation": {
            "0.0": [0, 0, 0],
            "0.25": [0, 0, 0],
            "0.3333": ["-2.4981+math.sin(q.anim_time*90*3*2-90)*1-1*6", -0.08722, "-2.4985+math.sin(q.anim_time*90*5-150)*2-1)+6*(math.sin(q.anim_time*90*5/2-90)*10"],
            "1.8333": [0, 0, 0]
          },
          "scale": {
            "0.0": [1, 1, 1],
            "0.25": [1, 1, 1],
            "0.3333": ["1+math.cos(q.anim_time*50*5*20+10)*1/2", "1+math.cos(q.anim_time*50*5*20)*1", 1],
            "0.9167": ["1+math.cos(q.anim_time*50*6*20+10)*1", "1+math.cos(q.anim_time*50*6*20)*1", 1],
            "1.8333": [1, 1, 1]
          }
        },
        "jaw": {
          "rotation": {
            "0.2917": [0, 0, 0],
            "0.5": [17.5, 0, 0],
            "1.4583": [17.5, 0, 0],
            "1.8333": [0, 0, 0]
          }
        },
        "lip_bottom": {
          "rotation": {
            "0.0": [0, 0, 0],
            "0.2083": [0, 0, 0],
            "0.2917": {
              "lerp_mode": "catmullrom",
              "post": [-2.5, 0, 0],
              "pre": [-2.5, 0, 0]
            },
            "0.5": {
              "lerp_mode": "catmullrom",
              "post": [25, 0, 0]
            },
            "0.9583": {
              "lerp_mode": "catmullrom",
              "post": [25, 0, 0]
            },
            "1.8333": [0, 0, 0]
          }
        },
        "tail": {
          "rotation": {
            "0.0": [0, 0, 0],
            "0.25": [0, 0, 0],
            "0.3333": ["-2.4981+math.sin(q.anim_time*90*3*2-90)*1-1*6", -0.08722, "-2.4985+math.sin(q.anim_time*90*5-150)*2-1)+6*(math.sin(q.anim_time*90*5/2-90)*10"],
            "1.8333": [0, 0, 0]
          },
          "scale": {
            "0.0": [1, 1, 1],
            "0.25": [1, 1, 1],
            "0.9167": ["1+math.cos(q.anim_time*50*6*11)*0.15", "1+math.cos(q.anim_time*50*6*11)*0.15", 1],
            "1.8333": [1, 1, 1]
          }
        }
      },
      "sound_effects": {
        "0.4583": {
          "effect": "pokemon.magmortar.cry"
        }
      }
    },
    "animation.magmortar.ground_idle": {
      "bones": {
        "arm_flame_left": {
          "rotation": ["math.sin(q.anim_time*90*3*2-90)*1-1*6", 0, "-2.4985+math.sin(q.anim_time*90*5-150)*2-1)+6*(math.sin(q.anim_time*90*5/2-90)*10"],
          "scale": [1, "2-math.sin(q.anim_time*90*5*2-90)*0.02-1", "1.9-math.sin(q.anim_time*90*6*2)*0.02-1"]
        },
        "arm_flame_right": {
          "rotation": ["math.sin(q.anim_time*90*3*2-90)*1-1*6", 0, "2.4985+math.sin(q.anim_time*90*5-150)*2-1)+6*(math.sin(q.anim_time*90*5/2-90)*10"],
          "scale": [1, "2-math.sin(q.anim_time*90*5*2-90)*0.02-1", "1.9-math.sin(q.anim_time*90*6*2)*0.02-1"]
        },
        "arm_left": {
          "rotation": ["5+math.sin(q.anim_time*90*2-0)*-1.5", 0, "45-math.sin(q.anim_time*90*1-90)*-1"]
        },
        "arm_left2": {
          "rotation": [0, "15-math.sin(q.anim_time*90*2-10)*3", 0]
        },
        "arm_right": {
          "rotation": ["5+math.sin(q.anim_time*90*2-0)*-1.5", 0, "-45-math.sin(q.anim_time*90*1-90)*-1"]
        },
        "arm_right2": {
          "rotation": [0, "-15+math.sin(q.anim_time*90*2-10)*3", 0]
        },
        "head": {
          "rotation": ["-2.5+math.sin(q.anim_time*90*2+60)*-1.5", 0, "0+math.sin(q.anim_time*90*1-130+180)*-0.75"]
        },
        "head_flame_top": {
          "scale": [1, "2-math.sin(q.anim_time*90*5*2-90)*0.02-1", "1.9-math.sin(q.anim_time*90*6*2)*0.02-1"]
        },
        "head_flame_top2": {
          "scale": [1, "2-math.sin(q.anim_time*90*5*2-90)*0.06-1", "1.9-math.sin(q.anim_time*90*6*2)*0.06"]
        },
        "headfire": {
          "rotation": ["-2.4981+math.sin(q.anim_time*90*3*2-90)*1-1*6", -0.08722, "-2.4985+math.sin(q.anim_time*90*5-150)*2-1)+6*(math.sin(q.anim_time*90*5/2-90)*10"],
          "scale": [1, "2-math.sin(q.anim_time*90*5*2-90)*0.02-1", "1.9-math.sin(q.anim_time*90*6*2)*0.02-1"]
        },
        "leftarm": {
          "rotation": [0, 0, 45]
        },
        "lefthand": {
          "rotation": [0, 15, 0]
        },
        "leftleg": {
          "rotation": [0, -5, 0]
        },
        "leg_left": {
          "position": [0, "0+math.sin(q.anim_time*145)*-0.5", 0]
        },
        "leg_left2": {
          "position": [0, "-math.sin(q.anim_time*145)*-0.50", 0]
        },
        "leg_right": {
          "position": [0, "0+math.sin(q.anim_time*145)*-0.5", 0]
        },
        "leg_right2": {
          "position": [0, "-math.sin(q.anim_time*145)*-0.50", 0]
        },
        "rightarm": {
          "rotation": [0, 0, -45]
        },
        "righthand": {
          "rotation": [0, -15, 0]
        },
        "rightleg": {
          "rotation": [0, 5, 0]
        },
        "tail": {
          "rotation": ["-2.4981+math.sin(q.anim_time*90*3*2-90)*1-1*6", -0.08722, "-2.4985+math.sin(q.anim_time*90*5-150)*2-1)+6*(math.sin(q.anim_time*90*5/2-90)*10"],
          "scale": [1, "2-math.sin(q.anim_time*90*5*2-90)*0.02-1", "1.9-math.sin(q.anim_time*90*6*2)*0.02-1"]
        },
        "tail2": {
          "rotation": [30, 0, 0]
        },
        "torso": {
          "position": [0, "0+math.sin(q.anim_time*145)*-0.5", 0],
          "rotation": ["5+math.sin(q.anim_time*90*2-0)*-1.5", 0, "0+math.sin(q.anim_time*90*1-90)*-1"]
        }
      },
      "loop": true
    },
    "animation.magmortar.ground_walk": {
      "animation_length": 1.3333,
      "bones": {
        "arm_flame_left": {
          "scale": [1, "2-math.sin(q.anim_time*90*6*2-30)*0.02-1", "1.9-math.sin(q.anim_time*90*6*2)*0.02-1"]
        },
        "arm_flame_left2": {
          "position": [0, 1, 2],
          "rotation": [-30, -25, "0-math.cos(q.anim_time*90*3-60)*12"]
        },
        "arm_flame_right": {
          "scale": [1, "2-math.sin(q.anim_time*90*6*2-30)*0.02-1", "1.9-math.sin(q.anim_time*90*6*2)*0.02-1"]
        },
        "arm_flame_right2": {
          "position": [0, 1, 2],
          "rotation": [-30, 25, "0-math.cos(q.anim_time*90*3-60)*12"]
        },
        "arm_left": {
          "rotation": ["15+math.cos(q.anim_time*90*3-60)*2", "10+math.cos(q.anim_time*90*3-60)*12", "25+math.cos(q.anim_time*90*3*2-90)*2"]
        },
        "arm_left2": {
          "rotation": [0, "25-math.cos(q.anim_time*90*3-160)*2", "20-math.cos(q.anim_time*90*3*2-120)*2"]
        },
        "arm_right": {
          "rotation": ["15+math.cos(q.anim_time*90*3-60)*2", "-10+math.cos(q.anim_time*90*3-60)*12", "-25+math.cos(q.anim_time*90*3*2-90)*2"]
        },
        "arm_right2": {
          "rotation": [0, "-25-math.cos(q.anim_time*90*3-160)*2", "-20-math.cos(q.anim_time*90*3*2-120)*2"]
        },
        "body": {
          "position": [0, 0.5, "0-math.sin(q.anim_time*90*3*2)*0.3"]
        },
        "foot_left": {
          "rotation": {
            "0.0": [-7.5, 0, 0],
            "0.375": [-7.5, 0, 0],
            "0.6667": [-15, 0, 0],
            "0.9583": [2.5, 0, 0],
            "1.3333": [-7.5, 0, 0]
          }
        },
        "foot_right": {
          "rotation": {
            "0.0": [0, 0, 0],
            "0.3333": [0, 0, 0],
            "0.375": [0, 0, 0],
            "0.4583": [-7.5, 0, 0],
            "0.5833": [-15, 0, 0],
            "0.75": [-20, 0, 0],
            "0.9583": [-20, 0, 0],
            "1.3333": [0, 0, 0]
          }
        },
        "head_flame_top": {
          "rotation": [-5, 0, 0],
          "scale": [1, "2-math.sin(q.anim_time*90*6*2-30)*0.02-1", "1.9-math.sin(q.anim_time*90*6*2)*0.02-1"]
        },
        "head_flame_top2": {
          "position": [0, 0, 1],
          "rotation": [-15, 0, 0],
          "scale": [1, "2-math.sin(q.anim_time*90*6*2-30)*0.02-1", "1.9-math.sin(q.anim_time*90*6*2)*0.02-1"]
        },
        "leg_left": {
          "position": [0.25, "0.3-math.clamp(math.cos(q.anim_time*90*3)*5/2,0,10)", "0+math.sin(q.anim_time*90*3)*2"],
          "rotation": ["math.sin(q.anim_time*90*3)*12", 0, 0]
        },
        "leg_left2": {
          "rotation": {
            "0.0": [35, 0, 0],
            "0.3333": [35, 0, 0],
            "0.6667": [35, 0, 0],
            "1.0": [10, 0, 0],
            "1.1667": [15, 0, 0],
            "1.3333": [35, 0, 0]
          }
        },
        "leg_right": {
          "position": [0.25, "-2+math.clamp(math.cos(q.anim_time*90*3)*5/2,0,10)", "0-math.sin(q.anim_time*90*3)*2"],
          "rotation": ["2.5-math.sin(q.anim_time*90*3)*12", 5, 0]
        },
        "leg_right2": {
          "rotation": {
            "0.0": [35, 0, 0],
            "0.1667": [15, 0, 0],
            "0.3333": [10, 0, 0],
            "0.6667": [35, 0, 0],
            "1.0": [35, 0, 0],
            "1.3333": [35, 0, 0]
          }
        },
        "tail": {
          "scale": [1, "2-math.sin(q.anim_time*90*6*2-30)*0.02-1", "1.9-math.sin(q.anim_time*90*6*2)*0.02-1"]
        },
        "torso": {
          "position": [0, "-0.5+math.sin(q.anim_time*90*3*2)*0.45", 0],
          "rotation": ["5+math.cos(q.anim_time*90*3*2)*2", "math.sin(q.anim_time*90*3)*2", "math.sin(q.anim_time*90*3)*2"]
        }
      },
      "loop": true
    },
    "animation.magmortar.physicalOLD": {
      "animation_length": 3.6,
      "bones": {
        "arm_right": {
          "rotation": {
            "0.0": [0, 0, 0],
            "0.8": {
              "lerp_mode": "catmullrom",
              "post": [0, 0, 0],
              "pre": [0, 0, 0]
            },
            "0.9": {
              "lerp_mode": "catmullrom",
              "post": [-12.5, 0, 22.5]
            },
            "1.5": {
              "lerp_mode": "catmullrom",
              "post": [0, 0, 0]
            }
          }
        },
        "arm_right2": {
          "rotation": {
            "0.0": [0, 0, 0],
            "0.8": {
              "lerp_mode": "catmullrom",
              "post": [0, 0, 0],
              "pre": [0, 0, 0]
            },
            "0.9": {
              "lerp_mode": "catmullrom",
              "post": [0, 0, 25]
            },
            "1.5": {
              "lerp_mode": "catmullrom",
              "post": [0, 0, 0]
            }
          }
        },
        "arm_right3": {
          "position": {
            "0.0": [0, 0, 0],
            "0.8": {
              "lerp_mode": "catmullrom",
              "post": [0, 0, 0],
              "pre": [0, 0, 0]
            },
            "0.9": {
              "lerp_mode": "catmullrom",
              "post": [1, 0, 0]
            },
            "1.5": {
              "lerp_mode": "catmullrom",
              "post": [0, 0, 0]
            }
          },
          "rotation": {
            "0.0": [0, 0, 0],
            "0.8": {
              "lerp_mode": "catmullrom",
              "post": [0, 0, 0],
              "pre": [0, 0, 0]
            },
            "0.9": {
              "lerp_mode": "catmullrom",
              "post": [0, 0, 20]
            },
            "1.5": {
              "lerp_mode": "catmullrom",
              "post": [0, 0, 0]
            }
          }
        },
        "claw_back_right": {
          "position": {
            "0.0": [0, 0, 0],
            "0.6": {
              "lerp_mode": "catmullrom",
              "post": [4, 0, 0],
              "pre": [4, 0, 0]
            },
            "1.4": {
              "lerp_mode": "catmullrom",
              "post": [4, 0, 0]
            },
            "1.9": [0, 0, 0]
          }
        },
        "claw_front_right": {
          "position": {
            "0.0": [0, 0, 0],
            "0.6": {
              "lerp_mode": "catmullrom",
              "post": [4, 0, 0],
              "pre": [4, 0, 0]
            },
            "1.4": {
              "lerp_mode": "catmullrom",
              "post": [4, 0, 0]
            },
            "1.9": [0, 0, 0]
          }
        },
        "claw_top_right": {
          "position": {
            "0.0": [0, 0, 0],
            "0.6": {
              "lerp_mode": "catmullrom",
              "post": [4, 0, 0],
              "pre": [4, 0, 0]
            },
            "1.4": {
              "lerp_mode": "catmullrom",
              "post": [4, 0, 0]
            },
            "1.9": [0, 0, 0]
          }
        },
        "head": {
          "rotation": {
            "0.0": [0, 0, 0],
            "0.8": {
              "lerp_mode": "catmullrom",
              "post": [-7.5, 0, 0],
              "pre": [-7.5, 0, 0]
            },
            "0.9": {
              "lerp_mode": "catmullrom",
              "post": [17.5, 0, 0]
            },
            "1.5": {
              "lerp_mode": "catmullrom",
              "post": [0, 0, 0]
            }
          }
        },
        "tail": {
          "rotation": [30, 0, 0]
        },
        "tail2": {
          "rotation": [30, 0, 0]
        },
        "torso": {
          "rotation": {
            "0.0": {
              "lerp_mode": "catmullrom",
              "post": [0, 0, 0]
            },
            "0.8": {
              "lerp_mode": "catmullrom",
              "post": [10, 0, 0]
            },
            "0.9": [-24, 0, 0],
            "1.5": [0, 0, 0]
          }
        }
      }
    },
    "animation.magmortar.pose": {
      "loop": true
    },
    "animation.magmortar.recoil": {
      "animation_length": 0.6667,
      "bones": {
        "eyelid_left": {
          "scale": {
            "0.0": [1, 1, 1],
            "0.0417": [1.1, 1.1, 1.1],
            "0.5417": [1.1, 1.1, 1.1],
            "0.5833": [1, 1, 1]
          }
        },
        "eyelid_right": {
          "scale": {
            "0.0": [1, 1, 1],
            "0.0417": [1.1, 1.1, 1.1],
            "0.5417": [1.1, 1.1, 1.1],
            "0.5833": [1, 1, 1]
          }
        },
        "head": {
          "rotation": {
            "0.0": [0, 0, 0],
            "0.0417": {
              "lerp_mode": "catmullrom",
              "post": [9, 0, 0],
              "pre": [9, 0, 0]
            },
            "0.2083": {
              "lerp_mode": "catmullrom",
              "post": [-5, 0, 0]
            },
            "0.375": {
              "lerp_mode": "catmullrom",
              "post": [-10, 0, 0]
            },
            "0.625": [0, 0, 0]
          }
        },
        "lip_bottom": {
          "rotation": {
            "0.0": [0, 0, 0],
            "0.0417": {
              "lerp_mode": "catmullrom",
              "post": [0, 0, 0],
              "pre": [0, 0, 0]
            },
            "0.1667": {
              "lerp_mode": "catmullrom",
              "post": [17.5, 0, 0]
            },
            "0.375": {
              "lerp_mode": "catmullrom",
              "post": [17.5, 0, 0]
            },
            "0.6667": [0, 0, 0]
          }
        },
        "torso": {
          "rotation": {
            "0.0": [0, 0, 0],
            "0.0833": {
              "lerp_mode": "catmullrom",
              "post": [-7, 0, 0],
              "pre": [-7, 0, 0]
            },
            "0.3333": {
              "lerp_mode": "catmullrom",
              "post": [-9, 0, 0]
            },
            "0.625": [0, 0, 0]
          }
        }
      }
    },
    "animation.magmortar.sleep": {
      "bones": {
        "eyelid_left": {
          "scale": 1.1
        },
        "eyelid_right": {
          "scale": 1.1
        },
        "head": {
          "rotation": [5, 0, 0]
        }
      },
      "loop": true
    },
    "animation.magmortar.special": {
      "animation_length": 2.5833,
      "bones": {
        "arm_flame_left": {
          "rotation": {
            "0.0": ["math.sin(q.anim_time*90*3*3-90)*1-1*6", 0, "2.4985+math.sin(q.anim_time*90*5.5-150)*2-1)+6*(math.sin(q.anim_time*90*5/2-90)*10"],
            "1.2083": ["math.sin(q.anim_time*90*3*3-90)*1-1*6", 0, "2.4985+math.sin(q.anim_time*90*5.5-150)*2-1)+6*(math.sin(q.anim_time*90*5/2-90)*10"],
            "1.25": ["math.sin(q.anim_time*90*3*3-90)*1-1*6", 0, "2.4985+math.sin(q.anim_time*90*5.5-150)*2-1)+6*(math.sin(q.anim_time*90*5/2-90)*10"],
            "1.7083": ["math.sin(q.anim_time*90*3*3-90)*1-1*6", 0, "2.4985+math.sin(q.anim_time*90*5.5-150)*2-1)+6*(math.sin(q.anim_time*90*5/2-90)*10"]
          },
          "scale": {
            "0.0": [1, "2-math.sin(q.anim_time*90*5*4-90)*0.05-1", "2-math.sin(q.anim_time*90*6*4)*0.05-1"],
            "1.2083": [1, "2-math.sin(q.anim_time*90*5*4-90)*0.05-1", "2-math.sin(q.anim_time*90*6*4)*0.05-1"],
            "1.25": [1, "2-math.sin(q.anim_time*90*4*24-90)*0.085", "2-math.sin(q.anim_time*90*12*4)*0.06"],
            "1.3333": [1, "2-math.sin(q.anim_time*90*4*24-90)*0.085", "2-math.sin(q.anim_time*90*12*4)*0.06"],
            "1.7083": [1, "2-math.sin(q.anim_time*90*5*4-90)*0.05-1", "2-math.sin(q.anim_time*90*6*4)*0.05-1"]
          }
        },
        "arm_flame_right": {
          "rotation": {
            "0.0": ["math.sin(q.anim_time*90*3*3-90)*1-1*6", 0, "2.4985+math.sin(q.anim_time*90*5.5-150)*2-1)+6*(math.sin(q.anim_time*90*5/2-90)*10"],
            "1.2083": ["math.sin(q.anim_time*90*3*3-90)*1-1*6", 0, "2.4985+math.sin(q.anim_time*90*5.5-150)*2-1)+6*(math.sin(q.anim_time*90*5/2-90)*10"],
            "1.25": ["math.sin(q.anim_time*90*3*3-90)*1-1*6", 0, "2.4985+math.sin(q.anim_time*90*5.5-150)*2-1)+6*(math.sin(q.anim_time*90*5/2-90)*10"],
            "1.7083": ["math.sin(q.anim_time*90*3*3-90)*1-1*6", 0, "2.4985+math.sin(q.anim_time*90*5.5-150)*2-1)+6*(math.sin(q.anim_time*90*5/2-90)*10"]
          },
          "scale": {
            "0.0": [1, "2-math.sin(q.anim_time*90*5*4-90)*0.05-1", "2-math.sin(q.anim_time*90*6*4)*0.05-1"],
            "1.2083": [1, "2-math.sin(q.anim_time*90*5*4-90)*0.05-1", "2-math.sin(q.anim_time*90*6*4)*0.05-1"],
            "1.25": [1, "2-math.sin(q.anim_time*90*4*24-90)*0.085", "2-math.sin(q.anim_time*90*12*4)*0.06"],
            "1.3333": [1, "2-math.sin(q.anim_time*90*4*24-90)*0.085", "2-math.sin(q.anim_time*90*12*4)*0.06"],
            "1.7083": [1, "2-math.sin(q.anim_time*90*5*4-90)*0.05-1", "2-math.sin(q.anim_time*90*6*4)*0.05-1"]
          }
        },
        "arm_left": {
          "rotation": {
            "0.0833": [5.0767, -9.96156, 43.1196],
            "1.1667": [5.0767, -9.96156, 43.1196],
            "1.25": {
              "lerp_mode": "catmullrom",
              "post": [4.99997, 0, 44.00004],
              "pre": [4.99997, 0, 44.00004]
            },
            "1.5": {
              "lerp_mode": "catmullrom",
              "post": [5.00471, 2.49048, 44.21807]
            },
            "1.9167": [5.0767, -9.96156, 43.1196],
            "2.5833": [5.0767, -9.96156, 43.1196]
          }
        },
        "arm_left2": {
          "rotation": {
            "0.0833": [0, 23.02094, 0],
            "1.2083": [0, 23.02094, 0],
            "1.3333": {
              "lerp_mode": "catmullrom",
              "post": [0, 43.02, 0],
              "pre": [0, 43.02, 0]
            },
            "1.5833": {
              "lerp_mode": "catmullrom",
              "post": [0, 45.52, 0]
            },
            "1.9167": [0, 23.02094, 0],
            "2.5833": [0, 23.02094, 0]
          }
        },
        "arm_right": {
          "position": {
            "0.0833": [0, 0, 0],
            "1.1667": [-0.4, 0, -1],
            "1.2083": {
              "lerp_mode": "catmullrom",
              "post": [3.6, 0, 5],
              "pre": [3.6, 0, 5]
            },
            "1.875": [0, 0, 0],
            "2.5833": [0, 0, 0]
          },
          "rotation": {
            "0.0833": [-1.26428, -64.3804, -0.73597],
            "0.375": {
              "lerp_mode": "catmullrom",
              "post": [-1.00052, -56.88184, -1.03798],
              "pre": [-1.00052, -56.88184, -1.03798]
            },
            "1.0833": {
              "lerp_mode": "catmullrom",
              "post": [-4.81997, -62, 3.52489]
            },
            "1.2083": [-4.81997, -62, 3.52489],
            "1.25": [-35.88307, -45.6044, 42.17659],
            "1.5417": {
              "lerp_mode": "catmullrom",
              "post": [-35.88307, -47.60437, 42.17659],
              "pre": [-35.88307, -47.60437, 42.17659]
            },
            "1.875": [-1.0733, -59.38143, -0.9523],
            "2.5833": [-1.26428, -64.3804, -0.73597]
          }
        },
        "arm_right2": {
          "rotation": {
            "0.0833": [0, 0, 0],
            "1.125": [0, 0, 0],
            "1.2083": [0, 0, 0],
            "1.25": {
              "lerp_mode": "catmullrom",
              "post": [0, 0, 30],
              "pre": [0, 0, 30]
            },
            "1.7083": {
              "lerp_mode": "catmullrom",
              "post": [0, 0, 30]
            },
            "2.0417": [0, 0, 0],
            "2.5833": [0, 0, 0]
          }
        },
        "body": {
          "rotation": {
            "0.0833": [0, -25, 0],
            "1.5": [0, -25, 0]
          }
        },
        "cannon_flap_back_right": {
          "rotation": {
            "0.0833": [0, 0, 0],
            "1.2083": [0, 0, 0],
            "1.2917": {
              "lerp_mode": "catmullrom",
              "post": [0, 30, 0],
              "pre": [0, 30, 0]
            },
            "1.4167": {
              "lerp_mode": "catmullrom",
              "post": [0, 30, 0]
            },
            "2.125": [0, 0, 0],
            "2.5833": [0, 0, 0]
          }
        },
        "cannon_flap_bottom_right": {
          "rotation": {
            "0.0833": [0, 0, 0],
            "1.2083": [0, 0, 0],
            "1.2917": {
              "lerp_mode": "catmullrom",
              "post": [0, 0, -30],
              "pre": [0, 0, -30]
            },
            "1.4167": {
              "lerp_mode": "catmullrom",
              "post": [0, 0, -30]
            },
            "2.125": [0, 0, 0],
            "2.5833": [0, 0, 0]
          }
        },
        "cannon_flap_front_right": {
          "rotation": {
            "0.0833": [0, 0, 0],
            "1.2083": [0, 0, 0],
            "1.2917": {
              "lerp_mode": "catmullrom",
              "post": [0, -30, 0],
              "pre": [0, -30, 0]
            },
            "1.4167": {
              "lerp_mode": "catmullrom",
              "post": [0, -30, 0]
            },
            "2.125": [0, 0, 0],
            "2.5833": [0, 0, 0]
          }
        },
        "cannon_flap_top_right": {
          "rotation": {
            "0.0833": [0, 0, 0],
            "1.2083": [0, 0, 0],
            "1.2917": {
              "lerp_mode": "catmullrom",
              "post": [0, 0, 30],
              "pre": [0, 0, 30]
            },
            "1.4167": {
              "lerp_mode": "catmullrom",
              "post": [0, 0, 30]
            },
            "2.125": [0, 0, 0],
            "2.5833": [0, 0, 0]
          }
        },
        "claw_back_right": {
          "position": {
            "0.0833": [0, 0, 0],
            "0.75": [3, 0, 0],
            "1.25": [3, 0, 0],
            "2.0417": [3, 0, 0],
            "2.5833": [0, 0, 0]
          },
          "rotation": {
            "0.0833": [0, 0, 0],
            "2.5833": [0, 0, 0]
          }
        },
        "claw_front_right": {
          "position": {
            "0.0833": [0, 0, 0],
            "0.75": [3, 0, 0],
            "1.25": [3, 0, 0],
            "2.0417": [3, 0, 0],
            "2.5833": [0, 0, 0]
          },
          "rotation": {
            "0.0833": [0, 0, 0],
            "2.5833": [0, 0, 0]
          }
        },
        "claw_top_right": {
          "position": {
            "0.0833": [0, 0, 0],
            "0.75": [3, 0, 0],
            "1.25": [3, 0, 0],
            "2.0417": [3, 0, 0],
            "2.5833": [0, 0, 0]
          },
          "rotation": {
            "0.0833": [0, 0, 0],
            "2.5833": [0, 0, 0]
          }
        },
        "hand_right": {
          "position": {
            "0.0833": [0, 0, 0],
            "1.125": [0, 0, 0],
            "1.2083": [3, 0, 0],
            "2.5833": [0, 0, 0]
          }
        },
        "head": {
          "rotation": {
            "0.0833": [-4.35254, 25.20507, 3.16857],
            "0.875": [-4.55653, 30.18999, 2.73011],
            "1.125": [-4.55653, 30.18999, 2.73011],
            "1.2083": {
              "lerp_mode": "catmullrom",
              "post": [0.44347, 30.18999, 2.73011],
              "pre": [0.44347, 30.18999, 2.73011]
            },
            "1.2917": {
              "lerp_mode": "catmullrom",
              "post": [17.94347, 30.18999, 2.73011]
            },
            "1.5": {
              "lerp_mode": "catmullrom",
              "post": [-7.05653, 30.18999, 2.73011]
            },
            "1.9583": [-7.05653, 30.18999, 2.73011],
            "2.5833": [-4.35254, 25.20507, 3.16857]
          }
        },
        "head_flame_top": {
          "rotation": {
            "0.0": ["math.sin(q.anim_time*90*3*3-90)*1-1*6", 0, "math.sin(q.anim_time*90*5.5-150)*2-1)+6*(math.sin(q.anim_time*90*5/2-90)*10"],
            "1.2083": ["math.sin(q.anim_time*90*3*3-90)*1-1*6", 0, "math.sin(q.anim_time*90*5.5-150)*2-1)+6*(math.sin(q.anim_time*90*5/2-90)*10"],
            "1.25": ["math.sin(q.anim_time*90*3*3-90)*1-1*6", 0, "math.sin(q.anim_time*90*5.5-150)*2-1)+6*(math.sin(q.anim_time*90*5/2-90)*10"],
            "1.7083": ["math.sin(q.anim_time*90*3*3-90)*1-1*6", 0, "math.sin(q.anim_time*90*5.5-150)*2-1)+6*(math.sin(q.anim_time*90*5/2-90)*10"]
          },
          "scale": {
            "0.0": [1, "2-math.sin(q.anim_time*90*5*4-90)*0.05-1", "2-math.sin(q.anim_time*90*6*4)*0.05-1"],
            "1.2083": [1, "2-math.sin(q.anim_time*90*5*4-90)*0.05-1", "2-math.sin(q.anim_time*90*6*4)*0.05-1"],
            "1.25": [1, "2-math.sin(q.anim_time*90*4*24-90)*0.085-0.85", "2-math.sin(q.anim_time*90*12*4)*0.06-0.55"],
            "1.3333": [1, "2-math.sin(q.anim_time*90*4*24-90)*0.085-0.85", "2-math.sin(q.anim_time*90*12*4)*0.06-0.55"],
            "1.7083": [1, "2-math.sin(q.anim_time*90*5*4-90)*0.05-1", "2-math.sin(q.anim_time*90*6*4)*0.05-1"]
          }
        },
        "head_flame_top2": {
          "rotation": {
            "0.0": ["math.sin(q.anim_time*90*3*3-90)*1-1*6", 0, "math.sin(q.anim_time*90*5.5-150)*2-1)+6*(math.sin(q.anim_time*90*5/2-90)*10"],
            "1.2083": ["math.sin(q.anim_time*90*3*3-90)*1-1*6", 0, "math.sin(q.anim_time*90*5.5-150)*2-1)+6*(math.sin(q.anim_time*90*5/2-90)*10"],
            "1.25": ["math.sin(q.anim_time*90*3*3-90)*1-1*6", 0, "math.sin(q.anim_time*90*5.5-150)*2-1)+6*(math.sin(q.anim_time*90*5/2-90)*10"],
            "1.7083": ["math.sin(q.anim_time*90*3*3-90)*1-1*6", 0, "math.sin(q.anim_time*90*5.5-150)*2-1)+6*(math.sin(q.anim_time*90*5/2-90)*10"]
          },
          "scale": {
            "0.0": [1, "2-math.sin(q.anim_time*90*5*4-90)*0.05-1", "2-math.sin(q.anim_time*90*6*4)*0.05-1"],
            "1.2083": [1, "2-math.sin(q.anim_time*90*5*4-90)*0.05-1", "2-math.sin(q.anim_time*90*6*4)*0.05-1"],
            "1.25": [1, "2-math.sin(q.anim_time*90*4*24-90)*0.085", "2-math.sin(q.anim_time*90*12*4)*0.06"],
            "1.3333": [1, "2-math.sin(q.anim_time*90*4*24-90)*0.085", "2-math.sin(q.anim_time*90*12*4)*0.06"],
            "1.7083": [1, "2-math.sin(q.anim_time*90*5*4-90)*0.05-1", "2-math.sin(q.anim_time*90*6*4)*0.05-1"]
          }
        },
        "head_flap": {
          "rotation": {
            "0.0833": [3, 0, 0],
            "1.5": [3, 0, 0]
          }
        },
        "leg_left": {
          "position": {
            "0.0833": [1, 0, 0],
            "2.5833": [1, 0, 0]
          },
          "rotation": {
            "0.0833": [0, -12.5, 0],
            "0.75": [0, -25, 0],
            "1.9167": [0, -25, 0],
            "2.5833": [0, -12.5, 0]
          }
        },
        "leg_left2": {
          "position": {
            "0.0833": [0, 0, 0],
            "1.5": [0, 0, 0]
          },
          "rotation": {
            "0.0833": [0, -5, 0],
            "1.5": [0, -5, 0]
          }
        },
        "leg_right": {
          "position": {
            "0.0833": [0, 0, 0],
            "0.4583": {
              "lerp_mode": "catmullrom",
              "post": [-1, 2, -1.4],
              "pre": [-1, 2, -1.4]
            },
            "0.75": [-2.5, 0, -4.5],
            "1.9167": [-2.5, 0, -4.5],
            "2.1667": {
              "lerp_mode": "catmullrom",
              "post": [-1, 2, -1.4],
              "pre": [-1, 2, -1.4]
            },
            "2.5833": [0, 0, 0]
          },
          "rotation": {
            "0.0833": [0, 25, 0],
            "0.4167": {
              "lerp_mode": "catmullrom",
              "post": [7.5, 25, 0],
              "pre": [7.5, 25, 0]
            },
            "0.625": {
              "lerp_mode": "catmullrom",
              "post": [7.5, 25, 0]
            },
            "0.75": {
              "lerp_mode": "catmullrom",
              "post": [0, 25, 0]
            },
            "0.9583": [0, 25, 0],
            "1.7083": [0, 25, 0],
            "1.9167": {
              "lerp_mode": "catmullrom",
              "post": [0, 25, 0],
              "pre": [0, 25, 0]
            },
            "2.125": {
              "lerp_mode": "catmullrom",
              "post": [-5, 25, 0]
            },
            "2.375": {
              "lerp_mode": "catmullrom",
              "post": [2.5, 25, 0]
            },
            "2.5833": [0, 25, 0]
          }
        },
        "leg_right2": {
          "position": {
            "0.0833": [0, 0, 0],
            "1.5": [0, 0, 0]
          },
          "rotation": {
            "0.0833": [0, 5, 0],
            "1.5": [0, 5, 0]
          }
        },
        "tail": {
          "rotation": {
            "0.0": ["math.sin(q.anim_time*90*3*3-90)*1-1*6", 0, "2.4985+math.sin(q.anim_time*90*5.5-150)*2-1)+6*(math.sin(q.anim_time*90*5/2-90)*10"],
            "1.2083": ["math.sin(q.anim_time*90*3*3-90)*1-1*6", 0, "2.4985+math.sin(q.anim_time*90*5.5-150)*2-1)+6*(math.sin(q.anim_time*90*5/2-90)*10"],
            "1.25": ["math.sin(q.anim_time*90*3*3-90)*1-1*6", 0, "2.4985+math.sin(q.anim_time*90*5.5-150)*2-1)+6*(math.sin(q.anim_time*90*5/2-90)*10"],
            "1.7083": ["math.sin(q.anim_time*90*3*3-90)*1-1*6", 0, "2.4985+math.sin(q.anim_time*90*5.5-150)*2-1)+6*(math.sin(q.anim_time*90*5/2-90)*10"]
          },
          "scale": {
            "0.0": [1, "2-math.sin(q.anim_time*90*5*4-90)*0.05-1", "2-math.sin(q.anim_time*90*6*4)*0.05-1"],
            "1.2083": [1, "2-math.sin(q.anim_time*90*5*4-90)*0.05-1", "2-math.sin(q.anim_time*90*6*4)*0.05-1"],
            "1.25": [1, "2-math.sin(q.anim_time*90*4*24-90)*0.025-0.75", "2-math.sin(q.anim_time*90*12*4)*0.025-0.75"],
            "1.3333": [1, "2-math.sin(q.anim_time*90*4*24-90)*0.025-0.75", "2-math.sin(q.anim_time*90*12*4)*0.025-0.75"],
            "1.7083": [1, "2-math.sin(q.anim_time*90*5*4-90)*0.05-1", "2-math.sin(q.anim_time*90*6*4)*0.05-1"]
          }
        },
        "torso": {
          "position": {
            "0.0833": [0, 0, 0],
            "2.5833": [0, 0, 0]
          },
          "rotation": {
            "0.0833": [5, 0, 1],
            "0.4583": {
              "lerp_mode": "catmullrom",
              "post": [4.721, -5.23983, 5.57558],
              "pre": [4.721, -5.23983, 5.57558]
            },
            "0.75": {
              "lerp_mode": "catmullrom",
              "post": [5.07673, -9.96156, 0.11955]
            },
            "1.125": [5.07673, -9.96156, 0.11955],
            "1.2083": [5.07673, -9.96156, 0.11955],
            "1.3333": {
              "lerp_mode": "catmullrom",
              "post": [-13.6874, -9.23443, 7.6904],
              "pre": [-13.6874, -9.23443, 7.6904]
            },
            "1.9167": [5.04292, -7.4713, 0.3426],
            "2.25": {
              "lerp_mode": "catmullrom",
              "post": [4.721, -5.23983, 5.57558],
              "pre": [4.721, -5.23983, 5.57558]
            },
            "2.5833": [5, 0, 1]
          }
        }
      },
      "sound_effects": {
        "1.1667": [
          {
            "effect": "minecraft:entity.generic.explode"
          }, {
            "effect": "minecraft:entity.firework_rocket.large_blast_far"
          }
        ]
      }
    },
    "animation.magmortar.specialOLD": {
      "animation_length": 3.6,
      "bones": {
        "arm_right": {
          "rotation": {
            "0.5": [0, 0, 0],
            "1.3": {
              "lerp_mode": "catmullrom",
              "post": [0, 0, 0],
              "pre": [0, 0, 0]
            },
            "1.4": {
              "lerp_mode": "catmullrom",
              "post": [-12.5, 0, 22.5]
            },
            "2.0": {
              "lerp_mode": "catmullrom",
              "post": [0, 0, 0]
            }
          }
        },
        "arm_right2": {
          "rotation": {
            "0.5": [0, 0, 0],
            "1.3": {
              "lerp_mode": "catmullrom",
              "post": [0, 0, 0],
              "pre": [0, 0, 0]
            },
            "1.4": {
              "lerp_mode": "catmullrom",
              "post": [0, 0, 25]
            },
            "2.0": {
              "lerp_mode": "catmullrom",
              "post": [0, 0, 0]
            }
          }
        },
        "arm_right3": {
          "position": {
            "0.5": [0, 0, 0],
            "1.3": {
              "lerp_mode": "catmullrom",
              "post": [0, 0, 0],
              "pre": [0, 0, 0]
            },
            "1.4": {
              "lerp_mode": "catmullrom",
              "post": [1, 0, 0]
            },
            "2.0": {
              "lerp_mode": "catmullrom",
              "post": [0, 0, 0]
            }
          },
          "rotation": {
            "0.5": [0, 0, 0],
            "1.3": {
              "lerp_mode": "catmullrom",
              "post": [0, 0, 0],
              "pre": [0, 0, 0]
            },
            "1.4": {
              "lerp_mode": "catmullrom",
              "post": [0, 0, 20]
            },
            "2.0": {
              "lerp_mode": "catmullrom",
              "post": [0, 0, 0]
            }
          }
        },
        "claw_back_right": {
          "position": {
            "0.5": [0, 0, 0],
            "1.1": {
              "lerp_mode": "catmullrom",
              "post": [4, 0, 0],
              "pre": [4, 0, 0]
            },
            "1.9": {
              "lerp_mode": "catmullrom",
              "post": [4, 0, 0]
            },
            "2.4": [0, 0, 0]
          }
        },
        "claw_front_right": {
          "position": {
            "0.5": [0, 0, 0],
            "1.1": {
              "lerp_mode": "catmullrom",
              "post": [4, 0, 0],
              "pre": [4, 0, 0]
            },
            "1.9": {
              "lerp_mode": "catmullrom",
              "post": [4, 0, 0]
            },
            "2.4": [0, 0, 0]
          }
        },
        "claw_top_right": {
          "position": {
            "0.5": [0, 0, 0],
            "1.1": {
              "lerp_mode": "catmullrom",
              "post": [4, 0, 0],
              "pre": [4, 0, 0]
            },
            "1.9": {
              "lerp_mode": "catmullrom",
              "post": [4, 0, 0]
            },
            "2.4": [0, 0, 0]
          }
        },
        "head": {
          "rotation": {
            "0.5": [0, 0, 0],
            "1.3": {
              "lerp_mode": "catmullrom",
              "post": [-7.5, 0, 0],
              "pre": [-7.5, 0, 0]
            },
            "1.4": {
              "lerp_mode": "catmullrom",
              "post": [17.5, 0, 0]
            },
            "2.0": {
              "lerp_mode": "catmullrom",
              "post": [0, 0, 0]
            }
          }
        },
        "tail": {
          "rotation": [30, 0, 0]
        },
        "tail2": {
          "rotation": [30, 0, 0]
        },
        "torso": {
          "rotation": {
            "0.5": {
              "lerp_mode": "catmullrom",
              "post": [0, 0, 0],
              "pre": [0, 0, 0]
            },
            "1.3": {
              "lerp_mode": "catmullrom",
              "post": [10, 0, 0]
            },
            "1.4": [-24, 0, 0],
            "2.0": [0, 0, 0]
          }
        }
      }
    }
  },
  "format_version": "1.8.0"
}