{
  "animations": {
    "animation.lycanroc_midnight.battle_idle": {
      "bones": {
        "arm_left": {
          "rotation": ["-38.3205-2*math.sin(q.anim_time*90*1+150)", "6.1348-2*math.sin(q.anim_time*90*1+160)", "42.1659-6*math.sin(q.anim_time*90*1+160)"]
        },
        "arm_right": {
          "rotation": ["-54.3323+2*math.sin(q.anim_time*90*1+150)", "30.2288+2*math.sin(q.anim_time*90*1+150)", "-48.4592+6*math.sin(q.anim_time*90*1+150)"]
        },
        "bone": {
          "position": [0, 0, 0],
          "rotation": [12.5, 0, 0]
        },
        "bone3": {
          "position": [0, "-0.2*math.sin(q.anim_time*90*1-20)", 0],
          "rotation": [0, 0, 0]
        },
        "bone5": {
          "position": [0, 0, 0],
          "rotation": [5, 0, 0]
        },
        "bone7": {
          "rotation": [163.35186, "-80.7866+2*math.sin(q.anim_time*90*1+260)", -164.55889]
        },
        "bone8": {
          "rotation": [7.54859, "54.6655-2*math.sin(q.anim_time*90*1+260)", 8.48278]
        },
        "bottorso": {
          "rotation": [0, -5, 0]
        },
        "ear_left": {
          "rotation": ["-1+Math.cos((query.anim_time) * 90 * 1 - 90) * 3", 0, 0]
        },
        "ear_right": {
          "rotation": ["-1+Math.cos((query.anim_time) * 90 * 1 - 90) * 3", 0, 0]
        },
        "feet_left": {
          "rotation": [-34.10312, -6.34261, 16.88862]
        },
        "feet_right": {
          "position": [0, "-0.2*math.sin(q.anim_time*90*1-20)", 0],
          "rotation": [0.66963, 14.98539, -19.91193]
        },
        "head": {
          "rotation": ["-15-2*math.sin(q.anim_time*90*1+160)", 0, 0]
        },
        "jaw": {
          "rotation": ["10+Math.cos((query.anim_time) * 90 * 1 - 40) * 4", 0, 0]
        },
        "leg_left": {
          "position": [0, "-0.775+0.2*math.sin(q.anim_time*90*1-20)", 0],
          "rotation": [-0.34943, 13.44366, 20.50675]
        },
        "leg_right": {
          "position": [0, "-2.65+0.2*math.sin(q.anim_time*90*1-20)", 0],
          "rotation": [24.20818, -8.52693, -9.33596]
        },
        "mid_torso": {
          "rotation": ["7.5662+1*math.sin(q.anim_time*90*1+120)", 4.73778, 1.59977]
        },
        "palm": {
          "rotation": [-12.5, 35.5, 0]
        },
        "palm2": {
          "rotation": [-27.5, -20.5, 0]
        },
        "spike13": {
          "rotation": [-5, 0, 0]
        },
        "tail_1": {
          "rotation": [0, "-6*math.sin(q.anim_time*90*1-20)", "-3*math.cos(q.anim_time*90*1-20)"]
        },
        "tail_2": {
          "rotation": [5, "-4*math.sin(q.anim_time*90*1-80)", 0]
        },
        "torso": {
          "position": [0, "0.4*math.sin(q.anim_time*90*1-20)", 0],
          "rotation": ["10+1*math.sin(q.anim_time*90*1+90)", 0, "0.2*math.sin(q.anim_time*90*2+90)"]
        }
      },
      "loop": true
    },
    "animation.lycanroc_midnight.blink": {
      "animation_length": 0.1667,
      "bones": {
        "eyelid_left2": {
          "position": {
            "0.0": [-0.05, -0.025, -0.1],
            "0.125": [-0.05, -0.025, -0.1],
            "0.1667": [0, 0, 0]
          }
        },
        "eyelid_right2": {
          "position": {
            "0.0": [0.05, -0.025, -0.1],
            "0.125": [0.05, -0.025, -0.1],
            "0.1667": [0, 0, 0]
          }
        }
      }
    },
    "animation.lycanroc_midnight.cry": {
      "animation_length": 1.5,
      "bones": {
        "head": {
          "rotation": {
            "0.0": {
              "lerp_mode": "catmullrom",
              "post": [0, 0, 0]
            },
            "0.25": {
              "lerp_mode": "catmullrom",
              "post": [22.5, 0, 0]
            },
            "0.7917": {
              "lerp_mode": "catmullrom",
              "post": [2.5, 0, 0]
            },
            "1.5": {
              "lerp_mode": "catmullrom",
              "post": [0, 0, 0]
            }
          }
        },
        "jaw": {
          "rotation": {
            "0.0": [0, 0, 0],
            "0.375": [0, 0, 0],
            "0.625": [35, 0, 0],
            "1.0417": [40, 0, 0],
            "1.2083": [0, 0, 0]
          }
        },
        "neck": {
          "rotation": {
            "0.0": {
              "lerp_mode": "catmullrom",
              "post": [0, 0, 0]
            },
            "0.2083": {
              "lerp_mode": "catmullrom",
              "post": [10, 0, 0]
            },
            "0.4583": {
              "lerp_mode": "catmullrom",
              "post": [-14, 0, 0]
            },
            "1.0": {
              "lerp_mode": "catmullrom",
              "post": [-14, 0, 0]
            },
            "1.25": {
              "lerp_mode": "catmullrom",
              "post": [5, 0, 0]
            },
            "1.5": {
              "lerp_mode": "catmullrom",
              "post": [0, 0, 0]
            }
          }
        }
      }
    },
    "animation.lycanroc_midnight.ground_idle": {
      "bones": {
        "arm_left": {
          "rotation": ["40.1078-2*math.sin(q.anim_time*90*1+150)", "34.7415-2*math.sin(q.anim_time*90*1+160)", "48.7238-6*math.sin(q.anim_time*90*1+160)"]
        },
        "arm_right": {
          "rotation": ["37.5317+2*math.sin(q.anim_time*90*1+150)", "-28.6407+2*math.sin(q.anim_time*90*1+150)", "-45.9385+6*math.sin(q.anim_time*90*1+150)"]
        },
        "bone": {
          "position": [0, 0, 0],
          "rotation": [5, 0, 0]
        },
        "bone3": {
          "position": [0, "-0.2*math.sin(q.anim_time*90*1-20)", 0],
          "rotation": [0, 0, 0]
        },
        "bone4": {
          "rotation": [-15, 0, 0]
        },
        "bone5": {
          "position": [0, 0, 0],
          "rotation": [5, 0, 0]
        },
        "bone7": {
          "rotation": [2.78237, "-39.9399+2*math.sin(q.anim_time*90*1+260)", -2.94074]
        },
        "bone8": {
          "rotation": [5.35257, "37.2714-2*math.sin(q.anim_time*90*1+260)", 5.55915]
        },
        "ear_left": {
          "rotation": ["-1+Math.cos((query.anim_time) * 90 * 1 - 90) * 3", 0, 0]
        },
        "ear_right": {
          "rotation": ["-1+Math.cos((query.anim_time) * 90 * 1 - 90) * 3", 0, 0]
        },
        "feet_left": {
          "rotation": [0, 0, 12.5]
        },
        "feet_right": {
          "position": [0, "-0.2*math.sin(q.anim_time*90*1-20)", 0],
          "rotation": [0, 0, -15]
        },
        "head": {
          "rotation": ["-2*math.sin(q.anim_time*90*1+160)", 0, 0]
        },
        "jaw": {
          "rotation": ["10+Math.cos((query.anim_time) * 90 * 1 - 40) * 4", 0, 0]
        },
        "leg_left": {
          "position": [0, "-0.55+0.2*math.sin(q.anim_time*90*1-20)", 0],
          "rotation": [-1.54143, 13.3611, 15.36738]
        },
        "leg_right": {
          "position": [0, "-0.55+0.2*math.sin(q.anim_time*90*1-20)", 0],
          "rotation": [-2.13317, -13.28094, -12.79956]
        },
        "mid_torso": {
          "rotation": ["1*math.sin(q.anim_time*90*1+120)", 0, 0]
        },
        "palm": {
          "rotation": [0, 20.5, 0]
        },
        "palm2": {
          "rotation": [0, -20.5, 0]
        },
        "tail_1": {
          "rotation": [0, "-6*math.sin(q.anim_time*90*1-20)", "-3*math.cos(q.anim_time*90*1-20)"]
        },
        "tail_2": {
          "rotation": [5, "-4*math.sin(q.anim_time*90*1-80)", 0]
        },
        "torso": {
          "position": [0, "0.4*math.sin(q.anim_time*90*1-20)", 0],
          "rotation": ["10+1*math.sin(q.anim_time*90*1+90)", 0, "0.2*math.sin(q.anim_time*90*2+90)"]
        }
      },
      "loop": true
    },
    "animation.lycanroc_midnight.ground_walk": {
      "animation_length": 1,
      "bones": {
        "arm_left": {
          "rotation": [17.38359, "-4.4005+math.sin(q.anim_time*90*4-90)*25", "34.5323+math.sin(q.anim_time*90*4+0)*2.5"]
        },
        "arm_right": {
          "rotation": [5.0475, "5.3973+math.sin(q.anim_time*90*4-90)*25", "-32.9965+math.sin(q.anim_time*90*4+0)*2.5"]
        },
        "bone": {
          "rotation": {
            "0.0": {
              "lerp_mode": "catmullrom",
              "post": [20, 0, 0]
            },
            "0.25": {
              "lerp_mode": "catmullrom",
              "post": [0, 0, 0]
            },
            "0.5": {
              "lerp_mode": "catmullrom",
              "post": [-10, 0, 0]
            },
            "0.6667": {
              "lerp_mode": "catmullrom",
              "post": [55, 0, 0]
            },
            "0.8333": {
              "lerp_mode": "catmullrom",
              "post": [72.5, 0, 0]
            },
            "1.0": {
              "lerp_mode": "catmullrom",
              "post": [20, 0, 0]
            }
          }
        },
        "bone12": {
          "position": {
            "0.0": [0, 0, 0],
            "0.25": [0, 0, 0],
            "0.5": [0, -0.5, 0.5],
            "0.625": [0, -1.37, 0.38],
            "0.7917": [0, 0, -0.1],
            "1.0": [0, 0, 0]
          },
          "rotation": {
            "0.0": [0, 0, 0],
            "0.25": [0, 0, 0],
            "0.5": [-40, 0, 0],
            "0.625": [-57.5, 0, 0],
            "0.7917": [-1.94, 0, 0],
            "1.0": [0, 0, 0]
          }
        },
        "bone17": {
          "position": {
            "0.0": [0, -0.5, 0.5],
            "0.125": [0, -1.5, 0.5],
            "0.25": [0, 0, 0.5],
            "0.375": [0, 0, 0.5],
            "0.5": [0, 0, -0.1],
            "0.8333": [0, -0.2, 0],
            "1.0": [0, -0.5, 0.5]
          },
          "rotation": {
            "0.0": [-40, 0, 0],
            "0.125": [-72.5, 0, 0],
            "0.25": [7.5, 0, 0],
            "0.375": [7.5, 0, 0],
            "0.5": [-1.94, 0, 0],
            "0.6667": [-2.13, 0, 0],
            "0.8333": [-13.57, 0, 0],
            "1.0": [-40, 0, 0]
          }
        },
        "bone3": {
          "rotation": {
            "0.0": [10, 0, 0],
            "0.25": [2.5, 0, 0],
            "0.5": [12.5, 0, 0],
            "1.0": [10, 0, 0]
          }
        },
        "bone4": {
          "rotation": [-15, 0, 0]
        },
        "bone5": {
          "rotation": {
            "0.0": {
              "lerp_mode": "catmullrom",
              "post": [-10, 0, 0]
            },
            "0.1667": {
              "lerp_mode": "catmullrom",
              "post": [25, 0, 0]
            },
            "0.3333": {
              "lerp_mode": "catmullrom",
              "post": [72.5, 0, 0]
            },
            "0.5": {
              "lerp_mode": "catmullrom",
              "post": [20, 0, 0]
            },
            "0.75": {
              "lerp_mode": "catmullrom",
              "post": [0, 0, 0]
            },
            "1.0": {
              "lerp_mode": "catmullrom",
              "post": [-10, 0, 0]
            }
          }
        },
        "bone6": {
          "rotation": {
            "0.0": [12.5, 0, 0],
            "0.5": [10.5, 0, 0],
            "0.75": [2.5, 0, 0],
            "1.0": [12.5, 0, 0]
          }
        },
        "bone7": {
          "rotation": [0, "-42.5+math.sin(q.anim_time*90*4-120)*20", 0]
        },
        "bone8": {
          "rotation": [0, "42.5+math.sin(q.anim_time*90*4-120)*20", 0]
        },
        "bottorso": {
          "position": [0, "0+math.sin(q.anim_time*90*8+130)*1", 0],
          "rotation": ["12.5+math.sin(q.anim_time*90*8+30)*2", "math.sin(q.anim_time*90*4+90)*4", "math.sin(q.anim_time*90*4+270)*2"]
        },
        "ear_left": {
          "rotation": ["0-math.sin(q.anim_time*90*8-60)*2", 0, 0]
        },
        "ear_right": {
          "rotation": ["0-math.sin(q.anim_time*90*8-60)*2", 0, 0]
        },
        "feet_left": {
          "position": {
            "0.0": [0, 0, 0],
            "0.5": [0, 0, 0],
            "0.6667": [0, 0, 1],
            "0.8333": [0, 0.4, 1.9],
            "0.9167": [0, -0.5, 2.8],
            "1.0": [0, 0, 0]
          },
          "rotation": {
            "0.0": {
              "lerp_mode": "catmullrom",
              "post": [7.9165, -7.266, 3.293]
            },
            "0.25": {
              "lerp_mode": "catmullrom",
              "post": [-5.4165, -7.26605, 3.29302]
            },
            "0.5": {
              "lerp_mode": "catmullrom",
              "post": [2.00846, 3.34741, -2.3365]
            },
            "0.6667": {
              "lerp_mode": "catmullrom",
              "post": [39.4438, -2.71435, 5.36826]
            },
            "0.8333": {
              "lerp_mode": "catmullrom",
              "post": [64.51365, -4.9902, 4.33064]
            },
            "1.0": {
              "lerp_mode": "catmullrom",
              "post": [7.9165, -7.266, 3.293]
            }
          }
        },
        "feet_right": {
          "position": {
            "0.0": [0, 0, 0],
            "0.1667": [0, 0, 2],
            "0.3333": [0, 0.4, 2.1],
            "0.4167": [0, -0.4, 2.55],
            "0.5": [0, 0, 0],
            "1.0": [0, 0, 0]
          },
          "rotation": {
            "0.0": {
              "lerp_mode": "catmullrom",
              "post": [2.87394, 0.4385, -6.40588]
            },
            "0.1667": {
              "lerp_mode": "catmullrom",
              "post": [39.4438, -2.71435, 5.36826]
            },
            "0.3333": {
              "lerp_mode": "catmullrom",
              "post": [64.51365, -4.9902, 4.33064]
            },
            "0.5": {
              "lerp_mode": "catmullrom",
              "post": [7.9165, -7.266, 3.293]
            },
            "0.75": {
              "lerp_mode": "catmullrom",
              "post": [-0.4165, 7.26605, -3.29302]
            },
            "1.0": {
              "lerp_mode": "catmullrom",
              "post": [2.87394, 0.4385, -6.40588]
            }
          }
        },
        "head": {
          "rotation": ["5-math.sin(q.anim_time*90*8-60)*1.5", "math.sin(q.anim_time*90*4+0)*5", "math.sin(q.anim_time*90*4+0+180)*3"]
        },
        "leg_left": {
          "position": {
            "0.0": {
              "lerp_mode": "catmullrom",
              "post": [0, 0.5, 1]
            },
            "0.25": {
              "lerp_mode": "catmullrom",
              "post": [0, 0.75, 0.13]
            },
            "0.5": {
              "lerp_mode": "catmullrom",
              "post": [0, 0, -0.75]
            },
            "0.75": {
              "lerp_mode": "catmullrom",
              "post": [0, 0, 0]
            },
            "0.875": {
              "lerp_mode": "catmullrom",
              "post": [0, 0.75, 0.5]
            },
            "1.0": {
              "lerp_mode": "catmullrom",
              "post": [0, 0.5, 1]
            }
          },
          "rotation": {
            "0.0": {
              "lerp_mode": "catmullrom",
              "post": [36.50677, 8.43184, 4.42536]
            },
            "0.1667": {
              "lerp_mode": "catmullrom",
              "post": [24.86042, 8.76111, 3.97209]
            },
            "0.5": {
              "lerp_mode": "catmullrom",
              "post": [-51.31845, 9.91358, 2.38565]
            },
            "0.75": {
              "lerp_mode": "catmullrom",
              "post": [1.18155, 9.91358, 2.38565]
            },
            "1.0": {
              "lerp_mode": "catmullrom",
              "post": [36.50677, 8.43184, 4.42536]
            }
          }
        },
        "leg_right": {
          "position": {
            "0.0": {
              "lerp_mode": "catmullrom",
              "post": [0, 0, -0.75]
            },
            "0.25": {
              "lerp_mode": "catmullrom",
              "post": [0, 0, 0]
            },
            "0.375": {
              "lerp_mode": "catmullrom",
              "post": [0, 0.75, 0.5]
            },
            "0.5": {
              "lerp_mode": "catmullrom",
              "post": [0, 0.5, 1]
            },
            "0.75": {
              "lerp_mode": "catmullrom",
              "post": [0, 0.75, 0.13]
            },
            "1.0": {
              "lerp_mode": "catmullrom",
              "post": [0, 0, -0.75]
            }
          },
          "rotation": {
            "0.0": {
              "lerp_mode": "catmullrom",
              "post": [-51.31845, -9.91358, -2.38565]
            },
            "0.25": {
              "lerp_mode": "catmullrom",
              "post": [1.18155, -9.91358, -2.38565]
            },
            "0.5": {
              "lerp_mode": "catmullrom",
              "post": [36.50677, -8.43184, -4.42536]
            },
            "0.6667": {
              "lerp_mode": "catmullrom",
              "post": [24.86042, -8.76111, -3.97209]
            },
            "1.0": {
              "lerp_mode": "catmullrom",
              "post": [-51.31845, -9.91358, -2.38565]
            }
          }
        },
        "mid_torso": {
          "rotation": ["-7.5+math.sin(q.anim_time*90*8+0)*1", "math.sin(q.anim_time*90*4+60+180)*5", "math.sin(q.anim_time*90*4+60)*3"]
        },
        "palm": {
          "rotation": [0, "0+math.sin(q.anim_time*90*4-150)*5", "0+math.sin(q.anim_time*90*4-150)*2.5"]
        },
        "palm2": {
          "rotation": [0, "0+math.sin(q.anim_time*90*4-150)*5", "0+math.sin(q.anim_time*90*4-150)*2.5"]
        },
        "tail_1": {
          "rotation": ["-5+math.sin(q.anim_time*90*8+0)*3", "math.sin(q.anim_time*90*4+60)*7", 0]
        },
        "tail_2": {
          "rotation": [0, "math.sin(q.anim_time*90*4+30)*8", 0]
        }
      },
      "loop": true
    },
    "animation.lycanroc_midnight.recoil": {
      "animation_length": 0.5417,
      "bones": {
        "eyelid_left2": {
          "position": {
            "0.0": [0, 0, 0],
            "0.0833": {
              "post": [-0.05, -0.025, -0.1],
              "pre": [0, 0, 0]
            },
            "0.4583": {
              "post": [0, 0, 0],
              "pre": [-0.05, -0.025, -0.1]
            }
          }
        },
        "eyelid_right2": {
          "position": {
            "0.0": [0, 0, 0],
            "0.0833": {
              "post": [0.05, -0.025, -0.1],
              "pre": [0, 0, 0]
            },
            "0.4583": {
              "post": [0, 0, 0],
              "pre": [0.05, -0.025, -0.1]
            }
          }
        },
        "head": {
          "rotation": {
            "0.0": [0, 0, 0],
            "0.0417": {
              "lerp_mode": "catmullrom",
              "post": [5, 0, 0],
              "pre": [5, 0, 0]
            },
            "0.1667": {
              "lerp_mode": "catmullrom",
              "post": [-10, 0, 0]
            },
            "0.5": [0, 0, 0]
          }
        },
        "jaw": {
          "rotation": {
            "0.0": [0, 0, 0],
            "0.1667": {
              "lerp_mode": "catmullrom",
              "post": [27.5, 0, 0],
              "pre": [27.5, 0, 0]
            },
            "0.5417": [0, 0, 0]
          }
        },
        "neck": {
          "rotation": {
            "0.0": [0, 0, 0],
            "0.0417": {
              "lerp_mode": "catmullrom",
              "post": [2.5, 0, 0],
              "pre": [2.5, 0, 0]
            },
            "0.1667": {
              "lerp_mode": "catmullrom",
              "post": [-7.5, 0, 0]
            },
            "0.5": [0, 0, 0]
          }
        }
      }
    },
    "animation.lycanroc_midnight.sleep": {
      "bones": {
        "arm_left": {
          "rotation": ["41.4552-2*math.sin(q.anim_time*90*1+150)", "38.5577-2*math.sin(q.anim_time*90*1+160)", "52.7174-6*math.sin(q.anim_time*90*1+160)"]
        },
        "arm_right": {
          "rotation": ["41.5163+2*math.sin(q.anim_time*90*1+150)", "-36.2548+2*math.sin(q.anim_time*90*1+150)", "-53.5509+6*math.sin(q.anim_time*90*1+150)"]
        },
        "bone": {
          "position": [0, 0, 0],
          "rotation": [5, 0, 0]
        },
        "bone3": {
          "position": [0, "-0.2*math.sin(q.anim_time*90*1-20)", 0],
          "rotation": [0, 0, 0]
        },
        "bone4": {
          "rotation": [-15, 0, 0]
        },
        "bone5": {
          "position": [0, 0, 0],
          "rotation": [5, 0, 0]
        },
        "bone7": {
          "rotation": [2.78237, "-39.9399+2*math.sin(q.anim_time*90*1+260)", -2.94074]
        },
        "bone8": {
          "rotation": [5.35257, "37.2714-2*math.sin(q.anim_time*90*1+260)", 5.55915]
        },
        "bottorso": {
          "rotation": [7.5, 0, 0]
        },
        "ear_left": {
          "rotation": ["-1+Math.cos((query.anim_time) * 90 * 1 - 90) * 3", 0, 0]
        },
        "ear_right": {
          "rotation": ["-1+Math.cos((query.anim_time) * 90 * 1 - 90) * 3", 0, 0]
        },
        "eyelid_left2": {
          "position": [-0.05, -0.025, -0.1]
        },
        "eyelid_right2": {
          "position": [0.05, -0.025, -0.1]
        },
        "feet_left": {
          "rotation": [0, 0, 12.5]
        },
        "feet_right": {
          "position": [0, "-0.2*math.sin(q.anim_time*90*1-20)", 0],
          "rotation": [0, 0, -15]
        },
        "head": {
          "rotation": ["30-2*math.sin(q.anim_time*90*1+160)", 0, 0]
        },
        "jaw": {
          "rotation": ["10+Math.cos((query.anim_time) * 90 * 1 - 40) * 4", 0, 0]
        },
        "leg_left": {
          "position": [0, "-0.55+0.2*math.sin(q.anim_time*90*1-20)", 0],
          "rotation": [-1.54143, 13.3611, 15.36738]
        },
        "leg_right": {
          "position": [0, "-0.55+0.2*math.sin(q.anim_time*90*1-20)", 0],
          "rotation": [-2.13317, -13.28094, -12.79956]
        },
        "mid_torso": {
          "rotation": ["5+1*math.sin(q.anim_time*90*1+120)", 0, 0]
        },
        "palm": {
          "rotation": [0, 20.5, 0]
        },
        "palm2": {
          "rotation": [0, -20.5, 0]
        },
        "tail_1": {
          "rotation": [0, "-6*math.sin(q.anim_time*90*1-20)", "-3*math.cos(q.anim_time*90*1-20)"]
        },
        "tail_2": {
          "rotation": [5, "-4*math.sin(q.anim_time*90*1-80)", 0]
        },
        "torso": {
          "position": [0, "0.4*math.sin(q.anim_time*90*1-20)", 0],
          "rotation": ["10+1*math.sin(q.anim_time*90*1+90)", 0, "0.2*math.sin(q.anim_time*90*2+90)"]
        }
      },
      "loop": true
    }
  },
  "format_version": "1.8.0"
}