{
  "animations": {
    "animation.lucario2.angry": {
      "bones": {
        "eye_left_emote": {
          "position": [1, 0, 0],
          "scale": [0.5, 1, 1]
        },
        "eye_right_emote": {
          "position": [-1, 0, 0],
          "scale": [0.5, 1, 1]
        },
        "fangs": {
          "position": [0, -1, 0]
        },
        "jaw": {
          "position": [0, 1, 0]
        },
        "mouth_open2": {
          "position": [0, -1.1, -0.1]
        },
        "muzzle": {
          "position": [0, 0, 0],
          "rotation": [-3, 0, 0]
        },
        "pupil_left": {
          "position": [0, -0.3, 0],
          "scale": [1, 0.7, 1]
        },
        "pupil_right": {
          "position": [0, -0.3, 0],
          "scale": [1, 0.7, 1]
        }
      },
      "loop": true
    },
    "animation.lucario2.aura_eyes": {
      "bones": {
        "pupil_left": {
          "position": [0, 0, 0.1]
        },
        "pupil_left_aura": {
          "position": [0, 0, -0.1]
        },
        "pupil_right": {
          "position": [0, 0, 0.1]
        },
        "pupil_right_aura": {
          "position": [0, 0, -0.1]
        }
      },
      "loop": true
    },
    "animation.lucario2.battle_idle": {
      "bones": {
        "arm_left": {
          "rotation": [-10, 7.5, 32.5]
        },
        "arm_left2": {
          "position": [0, 0, -0.25],
          "rotation": [107.94071, 65.91096, 116.70587]
        },
        "arm_right": {
          "position": [0, -0.5, 0],
          "rotation": [-65, -34.5, -17]
        },
        "arm_right2": {
          "rotation": [-2.5, -47.5, -5]
        },
        "arm_spike_left": {
          "rotation": [0, 0, 27.5]
        },
        "arm_spike_right": {
          "rotation": [0, 0, -27.5]
        },
        "aura_sensor_back_left": {
          "rotation": [-22.99038, 20, 2.5]
        },
        "aura_sensor_back_left2": {
          "rotation": [17.32051, 0, 0]
        },
        "aura_sensor_back_right": {
          "rotation": [-22.99038, -20, -2.5]
        },
        "aura_sensor_back_right2": {
          "rotation": [0, 0, 0]
        },
        "aura_sensor_left": {
          "rotation": [-10, 50, 10]
        },
        "aura_sensor_left2": {
          "rotation": [17.32051, 0, 0]
        },
        "aura_sensor_right": {
          "rotation": [-10, -50, -10]
        },
        "aura_sensor_right2": {
          "rotation": [-21.65064, 0, 0]
        },
        "body": {
          "position": [0, -2.325, 0],
          "rotation": [0, -37.5, 0]
        },
        "chest_fur": {
          "rotation": [-5.76795, 0, -1.73205]
        },
        "chest_fur_back2": {
          "rotation": [0.86824, 0, 0]
        },
        "chest_fur_front2": {
          "rotation": [11.7101, 0, 0]
        },
        "chest_fur_left": {
          "rotation": [0, 0, 8]
        },
        "chest_fur_right": {
          "rotation": [0, 0, -8]
        },
        "dread_back_left": {
          "rotation": [-22.99038, 20, 2.5]
        },
        "dread_back_left2": {
          "rotation": [17.32051, 0, 0]
        },
        "dread_back_right": {
          "rotation": [-22.99038, -20, -2.5]
        },
        "dread_back_right2": {
          "rotation": [0, 0, 0]
        },
        "dread_left": {
          "rotation": [-10, 50, 10]
        },
        "dread_left2": {
          "rotation": [17.32051, 0, 0]
        },
        "dread_right": {
          "rotation": [-10, -50, -10]
        },
        "dread_right2": {
          "rotation": [-21.65064, 0, 0]
        },
        "ear_left": {
          "rotation": [0, 0, 7.5]
        },
        "ear_right": {
          "rotation": [0, 0, -7.5]
        },
        "figner_back_left": {
          "rotation": [0, 0, 32.5]
        },
        "figner_back_right": {
          "rotation": [0, 0, -28.87164]
        },
        "figner_center_left": {
          "rotation": [0, 0, 15]
        },
        "figner_center_right": {
          "rotation": [0, 0, -11.5]
        },
        "figner_front_right": {
          "rotation": [0, 0, 0.86824]
        },
        "fingers_left": {
          "rotation": [0, 0, 27.5]
        },
        "fingers_right": {
          "rotation": [0, 0, -12.5]
        },
        "foot_left": {
          "rotation": [25, 2.5, 19.5]
        },
        "foot_right": {
          "position": [0.46742, 0.00599, -0.17744],
          "rotation": [30.86709, 23.37759, -14.28299]
        },
        "hand_left": {
          "rotation": [0, 0, 22.5]
        },
        "hand_right": {
          "rotation": [0, 0, -12.5]
        },
        "head": {
          "rotation": [-9.40192, 23, -2.5]
        },
        "head_angle": {
          "rotation": [12.47203, -2.49338, -0.17904]
        },
        "leg_left": {
          "position": [-1, 0, 0.5],
          "rotation": [10.5, -22.5, -30]
        },
        "leg_left2": {
          "rotation": [5, 0, 0]
        },
        "leg_left3": {
          "rotation": [-7.5, 0, 0]
        },
        "leg_left4": {
          "rotation": [-20, 2.5, 12.5]
        },
        "leg_right": {
          "position": [-0.5, -0.5, 0.75],
          "rotation": [-16.72963, 18.23584, 20.01038]
        },
        "leg_right2": {
          "rotation": [0, 2.5, 0]
        },
        "leg_right3": {
          "rotation": [10.5, 0, 0]
        },
        "leg_right4": {
          "rotation": [-18.61949, 5.06614, 7.43095]
        },
        "neck": {
          "rotation": [8.26795, 15, 1.73205]
        },
        "shoulder_left": {
          "position": [0, 0, 0.25],
          "rotation": [12.5, -22.5, 2.5]
        },
        "shoulder_right": {
          "position": [0, 0, -0.5],
          "rotation": [0, -7.67365, 0.3473]
        },
        "tail": {
          "rotation": [-23.51529, 28.1045, -11.14859]
        },
        "tail2": {
          "rotation": [45, 0, 0]
        },
        "tail3": {
          "rotation": [37.5, 0, 0]
        },
        "tail_end": {
          "rotation": [20, 0, 0]
        },
        "tail_end2": {
          "rotation": [-20, 0, 0]
        },
        "torso": {
          "position": [-0.75, -0.2, 0],
          "rotation": [7.5, -7.5, 2]
        },
        "torso2": {
          "rotation": [-5.5, 2.5, -2.5]
        },
        "torso3": {
          "rotation": [-5, 7.5, 0]
        },
        "wrist_right": {
          "rotation": [0, -6.16978, 0]
        }
      },
      "loop": true
    },
    "animation.lucario2.blink": {
      "animation_length": 0.1667,
      "bones": {
        "eye_left": {
          "position": {
            "0.0": [-0.1, 0, 0.1],
            "0.125": [-0.1, 0, 0.1],
            "0.1667": {
              "post": [0, 0, 0],
              "pre": [-0.1, 0, 0.1]
            }
          }
        },
        "eye_right": {
          "position": {
            "0.0": [0.1, 0, 0.1],
            "0.125": [0.1, 0, 0.1],
            "0.1667": {
              "post": [0, 0, 0],
              "pre": [0.1, 0, 0.1]
            }
          }
        },
        "eyelid_left": {
          "position": {
            "0.0": [0.1, 0, -0.1],
            "0.125": [0.1, 0, -0.1],
            "0.1667": {
              "post": [0, 0, 0],
              "pre": [0.1, 0, -0.1]
            }
          }
        },
        "eyelid_left_emote": {
          "scale": {
            "0.0": [1, 1, 1],
            "0.125": [1, 1, 1],
            "0.1667": [1, 1, 1]
          }
        },
        "eyelid_right": {
          "position": {
            "0.0": [-0.1, 0, -0.1],
            "0.125": [-0.1, 0, -0.1],
            "0.1667": {
              "post": [0, 0, 0],
              "pre": [-0.1, 0, -0.1]
            }
          }
        },
        "eyelid_right_emote": {
          "scale": {
            "0.0": [1, 1, 1],
            "0.125": [1, 1, 1],
            "0.1667": [1, 1, 1]
          }
        },
        "pupil_left": {
          "position": {
            "0.0": [0, 0, 0.01],
            "0.125": [0, 0, 0.01],
            "0.1667": {
              "post": [0, 0, 0],
              "pre": [0, 0, 0.01]
            }
          }
        },
        "pupil_right": {
          "position": {
            "0.0": [0, 0, 0.01],
            "0.125": [0, 0, 0.01],
            "0.1667": {
              "post": [0, 0, 0],
              "pre": [0, 0, 0.01]
            }
          }
        }
      }
    },
    "animation.lucario2.cry": {
      "animation_length": 0.4,
      "sound_effects": {
        "0.04": {
          "effect": "pokemon.lucario2.cry"
        }
      }
    },
    "animation.lucario2.cry_test": {
      "animation_length": 0.75,
      "bones": {
        "fangs": {
          "position": {
            "0.0": [0, 0, 0],
            "0.0417": {
              "post": [0, -1, 0],
              "pre": [0, 0, 0]
            },
            "0.5833": [0, -1, 0],
            "0.625": {
              "post": [0, 0, 0],
              "pre": [0, -1, 0]
            }
          }
        },
        "head": {
          "rotation": {
            "0.0": [0, 0, 0],
            "0.0417": [-1.5, 0, 0],
            "0.0833": [-1.6, 0, 0],
            "0.1667": [-1.37, 0, 0],
            "0.2917": [0.58, 0, 0],
            "0.375": [0.68, 0, 0],
            "0.5417": [-0.42, 0, 0],
            "0.5833": [-0.5, 0, 0],
            "0.6667": [-0.02, 0, 0],
            "0.7083": [0.07, 0, 0],
            "0.75": [0, 0, 0]
          }
        },
        "jaw": {
          "position": {
            "0.0": [0, 0, 0],
            "0.0417": {
              "post": [0, 1, 0],
              "pre": [0, 0, 0]
            },
            "0.5833": [0, 1, 0],
            "0.625": {
              "post": [0, 0, 0],
              "pre": [0, 1, 0]
            }
          }
        },
        "mouth_open2": {
          "position": {
            "0.0": [0, 0, 0],
            "0.0417": {
              "post": [0, -1.1, -0.1],
              "pre": [0, 0, 0]
            },
            "0.125": [0, -1.1, -0.1],
            "0.25": [0, -0.9, -0.1],
            "0.4167": [0, -0.9, -0.1],
            "0.5": [0, -1, -0.1],
            "0.5833": [0, -0.8, -0.1],
            "0.625": {
              "post": [0, 0, 0],
              "pre": [0, -0.8, -0.1]
            }
          }
        },
        "torso2": {
          "rotation": {
            "0.0": [0, 0, 0],
            "0.125": [-0.5, 0, 0],
            "0.25": [-0.46, 0, 0],
            "0.5": [-0.07, 0, 0],
            "0.625": [0, 0, 0]
          }
        },
        "torso3": {
          "rotation": {
            "0.0": [0, 0, 0],
            "0.125": [-0.5, 0, 0],
            "0.25": [-0.46, 0, 0],
            "0.5": [-0.07, 0, 0],
            "0.625": [0, 0, 0]
          }
        }
      },
      "sound_effects": {
        "0.0": {
          "effect": "pokemon.lucario2.cry"
        }
      }
    },
    "animation.lucario2.ground_idle": {
      "bones": {
        "arm_left": {
          "rotation": [-5.6639, -11.73507, 52.05418]
        },
        "arm_left2": {
          "rotation": [0, 17.5, 0]
        },
        "arm_right": {
          "rotation": [0, 10, -52.5]
        },
        "arm_right2": {
          "rotation": [0, -17.5, 0]
        },
        "aura_sensor_back_left": {
          "rotation": [-50, 17.5, 2.5]
        },
        "aura_sensor_back_left2": {
          "rotation": [-20, 0, 0]
        },
        "aura_sensor_back_right": {
          "rotation": [-50, -17.5, -2.5]
        },
        "aura_sensor_back_right2": {
          "rotation": [-20, 0, 0]
        },
        "aura_sensor_left": {
          "rotation": [-57.5, 50, 0]
        },
        "aura_sensor_left2": {
          "rotation": [-20, 0, 0]
        },
        "aura_sensor_right": {
          "rotation": [-57.5, -50, 0]
        },
        "aura_sensor_right2": {
          "rotation": [-20, 0, 0]
        },
        "crotch_fur": {
          "rotation": [-15, 0, 0]
        },
        "dread_back_left": {
          "rotation": [-50, 17.5, 2.5]
        },
        "dread_back_left2": {
          "rotation": [-20, 0, 0]
        },
        "dread_back_right": {
          "rotation": [-50, -17.5, -2.5]
        },
        "dread_back_right2": {
          "rotation": [-20, 0, 0]
        },
        "dread_left": {
          "position": [0, 0, 0],
          "rotation": [-57.5, 50, 0]
        },
        "dread_left2": {
          "rotation": [-20, 0, 0]
        },
        "dread_right": {
          "rotation": [-57.5, -50, 0]
        },
        "dread_right2": {
          "rotation": [-20, 0, 0]
        },
        "ear_left": {
          "rotation": [0, 0, 7.5]
        },
        "ear_right": {
          "rotation": [0, 0, -7.5]
        },
        "eyes": {
          "scale": [1, 0.92, 1]
        },
        "figner_back_left": {
          "rotation": [0, 0, 12.5]
        },
        "figner_back_right": {
          "rotation": [0, 0, -27.5]
        },
        "figner_center_left": {
          "rotation": [0, 0, 5]
        },
        "figner_center_right": {
          "rotation": [0, 0, -10]
        },
        "figner_front_left": {
          "rotation": [0, 0, 20]
        },
        "figner_front_right": {
          "rotation": [0, 0, -22.5]
        },
        "fingers_left": {
          "rotation": [0, 0, 15]
        },
        "fingers_right": {
          "rotation": [0, 0, -15]
        },
        "foot_left": {
          "rotation": [-1.5, 0, 6.5]
        },
        "foot_right": {
          "rotation": [10, 0, -2.5]
        },
        "hand_left": {
          "rotation": [0, 0, 12.5]
        },
        "hand_right": {
          "rotation": [0, 0, -10]
        },
        "head_angle": {
          "rotation": [2.5, 0, 0]
        },
        "jaw": {
          "position": [0, 0, 0.25]
        },
        "leg_left": {
          "position": [0, 0, -0.175],
          "rotation": [2.5, -15, -10]
        },
        "leg_left2": {
          "rotation": [0, -7.5, -2.5]
        },
        "leg_left3": {
          "rotation": [-2.5, 0, 0]
        },
        "leg_left4": {
          "position": [-0.25, 0, 0],
          "rotation": [7.5, 0, 7.5]
        },
        "leg_right": {
          "rotation": [-5, 5, 10]
        },
        "leg_right2": {
          "rotation": [0, 7.5, 0]
        },
        "leg_right3": {
          "rotation": [-2.5, 0, 0]
        },
        "leg_right4": {
          "position": [0.25, 0, 0],
          "rotation": [0, 0, -10]
        },
        "shoulder_left": {
          "rotation": [0, 0, 5]
        },
        "shoulder_right": {
          "rotation": [0, 0, -5]
        },
        "tail": {
          "rotation": [-7.5, 0, 0]
        },
        "tail2": {
          "rotation": [32.5, 0, 0]
        },
        "tail3": {
          "rotation": [27.5, 0, 0]
        },
        "tail_end": {
          "rotation": [5, 0, 0]
        },
        "tail_end2": {
          "rotation": [-20, 0, 0]
        }
      },
      "loop": true
    },
    "animation.lucario2.happy": {
      "bones": {
        "eye_left_emote2": {
          "position": [0.1, 0.6, 0]
        },
        "eye_right_emote2": {
          "position": [-0.1, 0.6, 0]
        },
        "fangs": {
          "position": [0, -1, 0]
        },
        "jaw": {
          "position": [0, 1, 0]
        },
        "mouth_open": {
          "position": [0, -1.1, -0.1]
        }
      },
      "loop": true
    },
    "animation.lucario2.hurt": {
      "animation_length": 0.1667,
      "bones": {
        "eye_right": {
          "position": [0.1, 0, 0.1]
        },
        "eye_right_core": {
          "position": [0.1, 0, 0.1]
        },
        "eyelid_right": {
          "position": [-0.1, 0, -0.1]
        },
        "eyelid_right_emote": {
          "position": [0, 0, 0]
        },
        "eyelid_right_emote2": {
          "position": [-0.2, 0.6, 0]
        },
        "eyelid_right_emote3": {
          "position": [0, 0.6, 0]
        },
        "jaw": {
          "position": [0, 1, 1]
        },
        "muzzle": {
          "position": [0, 0, 0],
          "rotation": [-2, 0, 0]
        },
        "pupil_right": {
          "position": [0, 0, 0.1]
        },
        "teeth_clench": {
          "position": [0, -0.1, -0.1]
        }
      },
      "loop": true
    },
    "animation.lucario2.judgy": {
      "bones": {
        "eye_left_emote": {
          "position": [1, 0, 0],
          "scale": [0.5, 1, 1]
        },
        "eye_right_emote": {
          "position": [0.1, 0, 0.1]
        },
        "pupil_left": {
          "position": [0.8, 0, 0]
        },
        "pupil_right": {
          "position": [0.5, -0.5, 0],
          "scale": [1, 0.5, 1]
        }
      },
      "loop": true
    },
    "animation.lucario2.sad": {
      "bones": {
        "eye_left_emote": {
          "position": [0, -0.5, 0]
        },
        "eye_left_emote3": {
          "position": [0, 0, -0.1],
          "scale": 1
        },
        "eye_right_emote": {
          "position": [0, -0.5, 0]
        },
        "eye_right_emote3": {
          "position": [0, 0, -0.1],
          "scale": 1
        },
        "pupil_right": {
          "position": [0, 0, 0]
        }
      },
      "loop": true
    },
    "animation.lucario2.shocked": {
      "bones": {
        "fangs": {
          "position": [0, -1, 0]
        },
        "jaw": {
          "position": [0, 1, 0]
        },
        "mouth_open2": {
          "position": [0, -1.2, -0.1]
        },
        "pupil_left": {
          "scale": [0.7, 0.5, 1]
        },
        "pupil_right": {
          "scale": [0.7, 0.5, 1]
        }
      },
      "loop": true
    },
    "animation.lucario2.squint": {
      "bones": {
        "eye_left_emote": {
          "position": [-0.1, 0, 0.1]
        },
        "eye_right_emote": {
          "position": [0.1, 0, 0.1]
        },
        "pupil_left": {
          "position": [0, -0.5, 0],
          "scale": [1, 0.5, 1]
        },
        "pupil_right": {
          "position": [0, -0.5, 0],
          "scale": [1, 0.5, 1]
        }
      },
      "loop": true
    }
  },
  "format_version": "1.8.0"
}