{
  "animations": {
    "animation.cramorant_pikachu.blink": {
      "animation_length": 0.1667,
      "bones": {
        "eyelid_left": {
          "position": {
            "0.0": [0, 0, 0],
            "0.0833": {
              "post": [0.1, 0, -0.1],
              "pre": [0, 0, 0]
            },
            "0.1667": {
              "post": [0, 0, 0],
              "pre": [0.1, 0, -0.1]
            }
          }
        },
        "eyelid_right": {
          "position": {
            "0.0": [-0.1, 0, -0.1],
            "0.0833": {
              "post": [0, 0, 0],
              "pre": [-0.1, 0, -0.1]
            }
          }
        }
      }
    },
    "animation.cramorant_pikachu.ground_idle": {
      "animation_length": 0.1667,
      "bones": {
        "eyelid_left": {
          "position": {
            "0.0": [0, 0, 0],
            "0.0833": {
              "post": [0.1, 0, -0.1],
              "pre": [0, 0, 0]
            },
            "0.1667": {
              "post": [0, 0, 0],
              "pre": [0.1, 0, -0.1]
            }
          }
        },
        "eyelid_right": {
          "position": {
            "0.0": [-0.1, 0, -0.1],
            "0.0833": {
              "post": [0, 0, 0],
              "pre": [-0.1, 0, -0.1]
            }
          }
        }
      },
      "loop": true
    },
    "animation.cramorant_pikachu.ground_walk": {
      "animation_length": 1,
      "bones": {
        "eyelid_left": {
          "position": {
            "0.0": [0, 0, 0],
            "0.0833": {
              "post": [0.1, 0, -0.1],
              "pre": [0, 0, 0]
            },
            "0.1667": {
              "post": [0, 0, 0],
              "pre": [0.1, 0, -0.1]
            }
          }
        },
        "eyelid_right": {
          "position": {
            "0.0": [-0.1, 0, -0.1],
            "0.0833": {
              "post": [0, 0, 0],
              "pre": [-0.1, 0, -0.1]
            }
          }
        },
        "foot_left": {
          "rotation": {
            "0.0": [0, 0, 0],
            "0.25": [12.5, 0, 0],
            "0.5": [-15, 0, 0],
            "0.75": [0, 0, 0],
            "1.0": [0, 0, 0]
          }
        },
        "foot_right": {
          "rotation": {
            "0.0": [0, 0, 0],
            "0.25": [-25, 0, 0],
            "0.5": [0, 0, 0],
            "0.75": [-22.5, 0, 0],
            "1.0": [0, 0, 0]
          }
        },
        "wing_left": {
          "rotation": {
            "0.0": [0, 0, 52.5],
            "0.25": [0, 0, 10],
            "0.5": [0, 0, 52.5],
            "0.75": [0, 0, 10],
            "1.0": [0, 0, 52.5]
          }
        },
        "wing_right": {
          "rotation": {
            "0.0": [0, 0, -50],
            "0.25": [0, 0, 2.5],
            "0.5": [0, 0, -50],
            "0.75": [0, 0, 2.5],
            "1.0": [0, 0, -50]
          }
        }
      },
      "loop": true
    },
    "animation.cramorant_pikachu.render": {
      "animation_length": 0.1667,
      "bones": {
        "eyelid_left": {
          "position": {
            "0.0": [0, 0, 0],
            "0.0833": {
              "post": [0.1, 0, -0.1],
              "pre": [0, 0, 0]
            },
            "0.1667": {
              "post": [0, 0, 0],
              "pre": [0.1, 0, -0.1]
            }
          }
        },
        "eyelid_right": {
          "position": {
            "0.0": [-0.1, 0, -0.1],
            "0.0833": {
              "post": [0, 0, 0],
              "pre": [-0.1, 0, -0.1]
            }
          }
        }
      }
    }
  },
  "format_version": "1.8.0"
}