{
  "animations": {
    "animation.aromatisse.blink": {
      "animation_length": 0.1667,
      "bones": {
        "eyelid_left": {
          "position": {
            "0.0": [0, 0, -0.125],
            "0.125": [0, 0, -0.125],
            "0.1667": [0, 0, 0]
          }
        },
        "eyelid_right": {
          "position": {
            "0.0": [0, 0, -0.125],
            "0.125": [0, 0, -0.125],
            "0.1667": [0, 0, 0]
          }
        }
      }
    },
    "animation.aromatisse.ground_idle": {
      "bones": {
        "arm_left": {
          "rotation": [2.66399, "14.7668896086+math.sin(q.anim_time*90*2-60)*1.5", 10.34527]
        },
        "arm_right": {
          "position": [2, 0, 0],
          "rotation": [1.30962, "-7.3854178758+math.sin(q.anim_time*90*2-60)*1.5", -10.08453]
        },
        "beak": {
          "position": [0, 0, 0]
        },
        "bottom_decor1": {
          "position": [0, 0.1, 0],
          "rotation": ["0+math.sin(q.anim_time*90*2-60)*2", 0, "0+math.sin(q.anim_time*90*2-60)*2"]
        },
        "bottom_decor2": {
          "position": [0, 0.1, 0],
          "rotation": ["0+math.sin(q.anim_time*90*2-120)*2", 0, "0+math.sin(q.anim_time*90*2-120)*2"]
        },
        "bottom_decor3": {
          "position": [0, 0.1, 0],
          "rotation": ["0+math.sin(q.anim_time*90*2-90)*2", 0, "0+math.sin(q.anim_time*90*2-90)*2"]
        },
        "bottom_decor4": {
          "position": [0, 0.1, 0],
          "rotation": ["0+math.sin(q.anim_time*90*2-90)*2", 0, "0+math.sin(q.anim_time*90*2-90)*2"]
        },
        "bottom_decor5": {
          "position": [0, 0.1, 0],
          "rotation": ["0+math.sin(q.anim_time*90*2-90)*2", 0, "0+math.sin(q.anim_time*90*2-90)*2"]
        },
        "bottom_decor6": {
          "position": [0, 0.1, 0],
          "rotation": ["0+math.sin(q.anim_time*90*2-90)*2", 0, "0+math.sin(q.anim_time*90*2-90)*2"]
        },
        "bottom_decor7": {
          "position": [0, 0.1, 0],
          "rotation": ["0+math.sin(q.anim_time*90*2-120)*2", 0, "0+math.sin(q.anim_time*90*2-120)*2"]
        },
        "bottom_decor8": {
          "position": [0, 0.1, 0],
          "rotation": ["0+math.sin(q.anim_time*90*2-60)*2", 0, "0+math.sin(q.anim_time*90*2-60)*2"]
        },
        "ear_left_mid": {
          "rotation": ["0+math.sin(q.anim_time*90*2-90)*1.5", 15, -10]
        },
        "ear_left_side": {
          "rotation": [0, "0-math.sin(q.anim_time*90*2-150)*2", 0]
        },
        "ear_left_top": {
          "rotation": ["0+math.sin(q.anim_time*90*2-150)*3", 0, 0]
        },
        "ear_right_mid": {
          "rotation": ["0+math.sin(q.anim_time*90*2-90)*1.5", -15, 10]
        },
        "ear_right_side": {
          "rotation": [0, "0+math.sin(q.anim_time*90*2-150)*2", 0]
        },
        "ear_right_top": {
          "rotation": ["0+math.sin(q.anim_time*90*2-150)*3", 0, 0]
        },
        "forearm_left": {
          "position": [-0.89355, 0.87411, 0.1],
          "rotation": [0, 0, "97.5+math.sin(q.anim_time*90*2-90)*1"]
        },
        "forearm_right": {
          "position": [0.86884, 0.60837, 0.1],
          "rotation": [0, 0, "-67.5+math.sin(q.anim_time*90*2-90)*1"]
        },
        "foreear_left_mid": {
          "rotation": ["0+math.sin(q.anim_time*90*2-120)*2", 0, 5]
        },
        "foreear_right_mid": {
          "rotation": ["0+math.sin(q.anim_time*90*2-120)*2", 0, -5]
        },
        "foreleg_left": {
          "rotation": [0, "0+math.sin(q.anim_time*90*2+0)*0.5", 0]
        },
        "foreleg_right": {
          "position": [0, 0.39178, -0.48815],
          "rotation": [12.5, "0-math.sin(q.anim_time*90*2+0)*0.5", 0]
        },
        "hand_left": {
          "position": [-0.77452, 0.15849, -0.1],
          "rotation": [0, 0, "-60+math.sin(q.anim_time*90*2-90)*0.5"]
        },
        "hand_right": {
          "position": [0.24407, 0.05411, -0.1],
          "rotation": [0, 0, "-12.5+math.sin(q.anim_time*90*2-120)*0.5"]
        },
        "leg_left": {
          "rotation": [0, "0+math.sin(q.anim_time*90*2+30)*1", 0]
        },
        "leg_right": {
          "position": [0, -0.5, -3],
          "rotation": [-12.5, "0-math.sin(q.anim_time*90*2+30)*1", 0]
        },
        "neck": {
          "rotation": ["0+math.sin(q.anim_time*90*2-30)*1.5", 0, 0]
        },
        "neck1": {
          "rotation": ["0+math.sin(q.anim_time*90*2-90)*2", 0, 0]
        },
        "neck2": {
          "rotation": ["0+math.sin(q.anim_time*90*2-90)*2", 0, 0]
        },
        "neck3": {
          "rotation": ["0+math.sin(q.anim_time*90*2-90)*2", 0, "0+math.sin(q.anim_time*90*2-60)*1"]
        },
        "neck4": {
          "rotation": ["0+math.sin(q.anim_time*90*2-90)*2", 0, "0+math.sin(q.anim_time*90*2-60)*1"]
        },
        "neck5": {
          "rotation": ["0+math.sin(q.anim_time*90*2-90)*2", 0, "0+math.sin(q.anim_time*90*2-60)*1"]
        },
        "neck6": {
          "rotation": ["0+math.sin(q.anim_time*90*2-90)*2", 0, "0+math.sin(q.anim_time*90*2-60)*1"]
        },
        "top_decor1": {
          "rotation": ["0+math.sin(q.anim_time*90*2-90)*2", 0, "0+math.sin(q.anim_time*90*2-60)*1"]
        },
        "top_decor2": {
          "rotation": [0, "0+math.sin(q.anim_time*90*2-30)*1.5", "0+math.sin(q.anim_time*90*2-60)*2"]
        },
        "top_decor3": {
          "rotation": [0, 0, "0+math.sin(q.anim_time*90*2-90)*2"]
        },
        "top_decor4": {
          "rotation": [0, 0, "0+math.sin(q.anim_time*90*2-90)*2"]
        },
        "top_decor5": {
          "rotation": [0, "0+math.sin(q.anim_time*90*2-30)*1.5", "0+math.sin(q.anim_time*90*2-60)*2"]
        },
        "top_decor6": {
          "rotation": ["0+math.sin(q.anim_time*90*2-90)*2", 0, "0+math.sin(q.anim_time*90*2-60)*1"]
        },
        "top_decor7": {
          "rotation": ["0+math.sin(q.anim_time*90*2-90)*2", 0, "0+math.sin(q.anim_time*90*2-60)*1"]
        },
        "top_decor8": {
          "rotation": ["0+math.sin(q.anim_time*90*2-90)*2", 0, "0+math.sin(q.anim_time*90*2-60)*1"]
        },
        "torso": {
          "rotation": [0, "0+math.sin(q.anim_time*90*2+30)*1.5", "0+math.sin(q.anim_time*90*2-30)*1.5"]
        }
      },
      "loop": true
    },
    "animation.aromatisse.ground_walk": {
      "bones": {
        "arm_left": {
          "rotation": [2.66399, "14.7668896086+math.sin(q.anim_time*90*2*2-60)*1.5", 10.34527]
        },
        "arm_right": {
          "position": [2, 0, 0],
          "rotation": [1.30962, "-7.3854178758+math.sin(q.anim_time*90*2*2-60)*1.5", -10.08453]
        },
        "beak": {
          "position": [0, 0, 0]
        },
        "bottom_decor1": {
          "position": [0, 0.1, 0],
          "rotation": ["0+math.sin(q.anim_time*90*2*2-60)*2", 0, "0+math.sin(q.anim_time*90*2*2-60)*2"]
        },
        "bottom_decor2": {
          "position": [0, 0.1, 0],
          "rotation": ["0+math.sin(q.anim_time*90*2*2-120)*2", 0, "0+math.sin(q.anim_time*90*2*2-120)*2"]
        },
        "bottom_decor3": {
          "position": [0, 0.1, 0],
          "rotation": ["0+math.sin(q.anim_time*90*2*2-90)*2", 0, "0+math.sin(q.anim_time*90*2*2-90)*2"]
        },
        "bottom_decor4": {
          "position": [0, 0.1, 0],
          "rotation": ["0+math.sin(q.anim_time*90*2*2-90)*2", 0, "0+math.sin(q.anim_time*90*2*2-90)*2"]
        },
        "bottom_decor5": {
          "position": [0, 0.1, 0],
          "rotation": ["0+math.sin(q.anim_time*90*2*2-90)*2", 0, "0+math.sin(q.anim_time*90*2*2-90)*2"]
        },
        "bottom_decor6": {
          "position": [0, 0.1, 0],
          "rotation": ["0+math.sin(q.anim_time*90*2*2-90)*2", 0, "0+math.sin(q.anim_time*90*2*2-90)*2"]
        },
        "bottom_decor7": {
          "position": [0, 0.1, 0],
          "rotation": ["0+math.sin(q.anim_time*90*2*2-120)*2", 0, "0+math.sin(q.anim_time*90*2*2-120)*2"]
        },
        "bottom_decor8": {
          "position": [0, 0.1, 0],
          "rotation": ["0+math.sin(q.anim_time*90*2*2-60)*2", 0, "0+math.sin(q.anim_time*90*2*2-60)*2"]
        },
        "ear_left_mid": {
          "rotation": ["0+math.sin(q.anim_time*90*2*2-90)*1.5", 15, -10]
        },
        "ear_left_side": {
          "rotation": [0, "0-math.sin(q.anim_time*90*2*2-150)*2", 0]
        },
        "ear_left_top": {
          "rotation": ["0+math.sin(q.anim_time*90*2*2-150)*3", 0, 0]
        },
        "ear_right_mid": {
          "rotation": ["0+math.sin(q.anim_time*90*2*2-90)*1.5", -15, 10]
        },
        "ear_right_side": {
          "rotation": [0, "0+math.sin(q.anim_time*90*2*2-150)*2", 0]
        },
        "ear_right_top": {
          "rotation": ["0+math.sin(q.anim_time*90*2*2-150)*3", 0, 0]
        },
        "forearm_left": {
          "position": [-0.89355, 0.87411, 0.1],
          "rotation": [0, 0, "97.5+math.sin(q.anim_time*90*2*2-90)*1"]
        },
        "forearm_right": {
          "position": [0.86884, 0.60837, 0.1],
          "rotation": [0, 0, "-67.5+math.sin(q.anim_time*90*2*2-90)*1"]
        },
        "foreear_left_mid": {
          "rotation": ["0+math.sin(q.anim_time*90*2*2-120)*2", 0, 5]
        },
        "foreear_right_mid": {
          "rotation": ["0+math.sin(q.anim_time*90*2*2-120)*2", 0, -5]
        },
        "foreleg_left": {
          "rotation": ["0+math.sin(q.anim_time*90*4-30)*4", "0+math.sin(q.anim_time*90*2+0)*0.5", 0]
        },
        "foreleg_right": {
          "rotation": ["0-math.sin(q.anim_time*90*4-30)*4", "0-math.sin(q.anim_time*90*2+0)*0.5", 0]
        },
        "hand_left": {
          "position": [-0.77452, 0.15849, -0.1],
          "rotation": [0, 0, "-60+math.sin(q.anim_time*90*2*2-90)*0.5"]
        },
        "hand_right": {
          "position": [0.24407, 0.05411, -0.1],
          "rotation": [0, 0, "-12.5+math.sin(q.anim_time*90*2*2-120)*0.5"]
        },
        "leg_left": {
          "position": [0, "0-math.clamp(math.sin(q.anim_time*90*4+60)*1,-2,0.25)", "0+math.sin(q.anim_time*90*4-0)*0.5"],
          "rotation": [0, "0+math.sin(q.anim_time*90*2+30)*1", 0]
        },
        "leg_right": {
          "position": [0, "0+math.clamp(math.sin(q.anim_time*90*4+60)*1,-0.25,2)", "0-math.sin(q.anim_time*90*4-0)*0.5"],
          "rotation": [0, "0-math.sin(q.anim_time*90*2+30)*1", 0]
        },
        "neck": {
          "rotation": ["0+math.sin(q.anim_time*90*2*2-30)*1.5", 0, 0]
        },
        "neck1": {
          "rotation": ["0+math.sin(q.anim_time*90*2*2-90)*2", 0, 0]
        },
        "neck2": {
          "rotation": ["0+math.sin(q.anim_time*90*2*2-90)*2", 0, 0]
        },
        "neck3": {
          "rotation": ["0+math.sin(q.anim_time*90*2*2-90)*2", 0, "0+math.sin(q.anim_time*90*2*2-60)*1"]
        },
        "neck4": {
          "rotation": ["0+math.sin(q.anim_time*90*2*2-90)*2", 0, "0+math.sin(q.anim_time*90*2*2-60)*1"]
        },
        "neck5": {
          "rotation": ["0+math.sin(q.anim_time*90*2*2-90)*2", 0, "0+math.sin(q.anim_time*90*2*2-60)*1"]
        },
        "neck6": {
          "rotation": ["0+math.sin(q.anim_time*90*2*2-90)*2", 0, "0+math.sin(q.anim_time*90*2*2-60)*1"]
        },
        "top_decor1": {
          "rotation": ["0+math.sin(q.anim_time*90*2*2-90)*2", 0, "0+math.sin(q.anim_time*90*2*2-60)*1"]
        },
        "top_decor2": {
          "rotation": [0, "0+math.sin(q.anim_time*90*2*2-30)*1.5", "0+math.sin(q.anim_time*90*2*2-60)*2"]
        },
        "top_decor3": {
          "rotation": [0, 0, "0+math.sin(q.anim_time*90*2*2-90)*2"]
        },
        "top_decor4": {
          "rotation": [0, 0, "0+math.sin(q.anim_time*90*2*2-90)*2"]
        },
        "top_decor5": {
          "rotation": [0, "0+math.sin(q.anim_time*90*2*2-30)*1.5", "0+math.sin(q.anim_time*90*2*2-60)*2"]
        },
        "top_decor6": {
          "rotation": ["0+math.sin(q.anim_time*90*2*2-90)*2", 0, "0+math.sin(q.anim_time*90*2*2-60)*1"]
        },
        "top_decor7": {
          "rotation": ["0+math.sin(q.anim_time*90*2*2-90)*2", 0, "0+math.sin(q.anim_time*90*2*2-60)*1"]
        },
        "top_decor8": {
          "rotation": ["0+math.sin(q.anim_time*90*2*2-90)*2", 0, "0+math.sin(q.anim_time*90*2*2-60)*1"]
        },
        "torso": {
          "rotation": [0, "0+math.sin(q.anim_time*90*2*2+30)*1.5", "0+math.sin(q.anim_time*90*2*2-30)*1.5"]
        }
      },
      "loop": true
    },
    "animation.aromatisse.pose": {
      "bones": {
        "arm_left": {
          "rotation": [2.66399, 14.76689, 10.34527]
        },
        "arm_right": {
          "position": [2, 0, 0],
          "rotation": [1.30962, -7.38542, -10.08453]
        },
        "beak": {
          "position": [0, 0, 0]
        },
        "ear_left_mid": {
          "rotation": [0, 15, -10]
        },
        "ear_right_mid": {
          "rotation": [0, -15, 10]
        },
        "forearm_left": {
          "position": [-0.89355, 0.87411, 0.1],
          "rotation": [0, 0, 97.5]
        },
        "forearm_right": {
          "position": [0.86884, 0.60837, 0.1],
          "rotation": [0, 0, -67.5]
        },
        "foreear_left_mid": {
          "rotation": [0, 0, 5]
        },
        "foreear_right_mid": {
          "rotation": [0, 0, -5]
        },
        "foreleg_right": {
          "position": [0, 0.39178, -0.48815],
          "rotation": [12.5, 0, 0]
        },
        "hand_left": {
          "position": [-0.77452, 0.15849, -0.1],
          "rotation": [0, 0, -60]
        },
        "hand_right": {
          "position": [0.24407, 0.05411, -0.1],
          "rotation": [0, 0, -12.5]
        },
        "leg_right": {
          "position": [0, -0.5, -3],
          "rotation": [-12.5, 0, 0]
        }
      },
      "loop": true
    }
  },
  "format_version": "1.8.0"
}