{
  "animations": {
    "animation.articuno.air_fly": {
      "bones": {
        "body": {
          "position": [0, -3, 0],
          "rotation": [35, 0, 0]
        },
        "chest": {
          "rotation": [5, 0, 0]
        },
        "chest_fur": {
          "rotation": [-5, 0, 0]
        },
        "chest_fur2": {
          "rotation": [-15, 0, 0]
        },
        "chest_fur3": {
          "rotation": [15, 0, 0]
        },
        "feathers_left_hidden": {
          "rotation": [0, 27.5, 0]
        },
        "feathers_right_hidden": {
          "rotation": [0, -27.5, 0]
        },
        "foot_left": {
          "rotation": [20, -10, 5]
        },
        "foot_right": {
          "rotation": [20, 10, -5]
        },
        "head": {
          "position": [0, -1, 0.5],
          "rotation": [-30, 0, 0]
        },
        "knee_left": {
          "rotation": [5, 0, 0]
        },
        "knee_right": {
          "rotation": [5, 0, 0]
        },
        "leg_left": {
          "rotation": [35, 0, -10]
        },
        "leg_right": {
          "rotation": [35, 0, 10]
        },
        "neck": {
          "rotation": [-5, 0, 0]
        },
        "tail": {
          "rotation": [-24.5, 0, 0]
        },
        "tail10": {
          "rotation": [15, 0, 0]
        },
        "tail11": {
          "rotation": [-15, 0, 0]
        },
        "tail12": {
          "rotation": [-20, 0, 0]
        },
        "tail13": {
          "rotation": [-15, 0, 0]
        },
        "tail14": {
          "rotation": [-20, 0, 0]
        },
        "tail15": {
          "rotation": [20, 0, 0]
        },
        "tail16": {
          "rotation": [20, 0, 0]
        },
        "tail17": {
          "rotation": [15, 0, 0]
        },
        "tail18": {
          "rotation": [15, 0, 0]
        },
        "tail2": {
          "rotation": [17.5, 0, 0]
        },
        "tail3": {
          "rotation": [27.5, 0, 0]
        },
        "tail4": {
          "rotation": [7.5, 0, 0]
        },
        "tail5": {
          "rotation": [-32.5, 0, 0]
        },
        "tail6": {
          "rotation": [-20, 0, 0]
        },
        "tail7": {
          "rotation": [-15, 0, 0]
        },
        "tail8": {
          "rotation": [30, 0, 0]
        },
        "tail9": {
          "rotation": [25, 0, 0]
        },
        "tail_base_cage": {
          "rotation": [-20, 0, 0]
        },
        "toe_back_left": {
          "rotation": [-17.5, 0, 0]
        },
        "toe_back_left2": {
          "rotation": [-57.5, 0, 0]
        },
        "toe_back_left3": {
          "rotation": [-10, 0, 0]
        },
        "toe_back_right": {
          "rotation": [-17.5, 0, 0]
        },
        "toe_back_right2": {
          "rotation": [-57.5, 0, 0]
        },
        "toe_back_right3": {
          "rotation": [-10, 0, 0]
        },
        "toe_inner_left": {
          "rotation": [30, 11, 7]
        },
        "toe_inner_left2": {
          "position": [0, 0, 0.25],
          "rotation": [57.5, 0, 0]
        },
        "toe_inner_left3": {
          "rotation": [15, 0, 0]
        },
        "toe_inner_right": {
          "rotation": [30, -11, -7]
        },
        "toe_inner_right2": {
          "position": [0, 0, 0.25],
          "rotation": [57.5, 0, 0]
        },
        "toe_inner_right3": {
          "rotation": [15, 0, 0]
        },
        "toe_middle_left": {
          "rotation": [27.5, 0, 0]
        },
        "toe_middle_left2": {
          "position": [0, 0, 0.25],
          "rotation": [57.5, 0, 0]
        },
        "toe_middle_left3": {
          "rotation": [15, 0, 0]
        },
        "toe_middle_right": {
          "rotation": [27.5, 0, 0]
        },
        "toe_middle_right2": {
          "position": [0, 0, 0.25],
          "rotation": [57.5, 0, 0]
        },
        "toe_middle_right3": {
          "rotation": [15, 0, 0]
        },
        "toe_outer_left": {
          "rotation": [30, -11, -7]
        },
        "toe_outer_left2": {
          "position": [0, 0, 0.25],
          "rotation": [57.5, 0, 0]
        },
        "toe_outer_left3": {
          "rotation": [15, 0, 0]
        },
        "toe_outer_right": {
          "rotation": [30, 11, 7]
        },
        "toe_outer_right2": {
          "position": [0, 0, 0.25],
          "rotation": [57.5, 0, 0]
        },
        "toe_outer_right3": {
          "rotation": [15, 0, 0]
        },
        "torso": {
          "rotation": [0, 0, 0]
        },
        "wing_open_left": {
          "rotation": [14, 10, -10]
        },
        "wing_open_left3": {
          "rotation": [0, 17.5, 0]
        },
        "wing_open_right": {
          "rotation": [14, -10, 10]
        },
        "wing_open_right3": {
          "rotation": [0, -17.5, 0]
        },
        "wings_closed": {
          "scale": 0
        },
        "wings_open": {
          "rotation": [35, 0, 0]
        }
      },
      "loop": true
    },
    "animation.articuno.air_idle": {
      "bones": {
        "body": {
          "position": [0, -3, 0]
        },
        "chest": {
          "rotation": [-2.5, 0, 0]
        },
        "chest_fur": {
          "rotation": [-5, 0, 0]
        },
        "chest_fur3": {
          "rotation": [-42.5, 0, 0]
        },
        "feathers_left_hidden": {
          "rotation": [0, 25, 0]
        },
        "feathers_right_hidden": {
          "rotation": [0, -25, 0]
        },
        "foot_left": {
          "rotation": [-20, -10, 5]
        },
        "foot_right": {
          "rotation": [-20, 10, -5]
        },
        "head": {
          "rotation": [30, 0, 0]
        },
        "knee_left": {
          "rotation": [-25, 0, 0]
        },
        "knee_right": {
          "rotation": [-25, 0, 0]
        },
        "leg_left": {
          "rotation": [0, 0, -10]
        },
        "leg_right": {
          "rotation": [0, 0, 10]
        },
        "neck": {
          "rotation": [-5, 0, 0]
        },
        "tail": {
          "rotation": [-24.5, 0, 0]
        },
        "tail10": {
          "rotation": [50, 0, 0]
        },
        "tail11": {
          "rotation": [30, 0, 0]
        },
        "tail12": {
          "rotation": [45, 0, 0]
        },
        "tail13": {
          "rotation": [32.5, 0, 0]
        },
        "tail14": {
          "rotation": [-30, 0, 0]
        },
        "tail15": {
          "rotation": [-45, 0, 0]
        },
        "tail16": {
          "rotation": [-45, 0, 0]
        },
        "tail17": {
          "rotation": [-50, 0, 0]
        },
        "tail18": {
          "rotation": [-32.5, 0, 0]
        },
        "tail2": {
          "rotation": [42.5, 0, 0]
        },
        "tail3": {
          "rotation": [37.5, 0, 0]
        },
        "tail4": {
          "rotation": [12.5, 0, 0]
        },
        "tail5": {
          "rotation": [-32.5, 0, 0]
        },
        "tail6": {
          "rotation": [-45, 0, 0]
        },
        "tail7": {
          "rotation": [-55, 0, 0]
        },
        "tail8": {
          "rotation": [30, 0, 0]
        },
        "tail9": {
          "rotation": [50, 0, 0]
        },
        "toe_back_left": {
          "rotation": [-17.5, 0, 0]
        },
        "toe_back_left2": {
          "rotation": [-57.5, 0, 0]
        },
        "toe_back_left3": {
          "rotation": [-10, 0, 0]
        },
        "toe_back_right": {
          "rotation": [-17.5, 0, 0]
        },
        "toe_back_right2": {
          "rotation": [-57.5, 0, 0]
        },
        "toe_back_right3": {
          "rotation": [-10, 0, 0]
        },
        "toe_inner_left": {
          "rotation": [30, 11, 7]
        },
        "toe_inner_left2": {
          "position": [0, 0, 0.25],
          "rotation": [57.5, 0, 0]
        },
        "toe_inner_left3": {
          "rotation": [15, 0, 0]
        },
        "toe_inner_right": {
          "rotation": [30, -11, -7]
        },
        "toe_inner_right2": {
          "position": [0, 0, 0.25],
          "rotation": [57.5, 0, 0]
        },
        "toe_inner_right3": {
          "rotation": [15, 0, 0]
        },
        "toe_middle_left": {
          "rotation": [27.5, 0, 0]
        },
        "toe_middle_left2": {
          "position": [0, 0, 0.25],
          "rotation": [57.5, 0, 0]
        },
        "toe_middle_left3": {
          "rotation": [15, 0, 0]
        },
        "toe_middle_right": {
          "rotation": [27.5, 0, 0]
        },
        "toe_middle_right2": {
          "position": [0, 0, 0.25],
          "rotation": [57.5, 0, 0]
        },
        "toe_middle_right3": {
          "rotation": [15, 0, 0]
        },
        "toe_outer_left": {
          "rotation": [30, -11, -7]
        },
        "toe_outer_left2": {
          "position": [0, 0, 0.25],
          "rotation": [57.5, 0, 0]
        },
        "toe_outer_left3": {
          "rotation": [15, 0, 0]
        },
        "toe_outer_right": {
          "rotation": [30, 11, 7]
        },
        "toe_outer_right2": {
          "position": [0, 0, 0.25],
          "rotation": [57.5, 0, 0]
        },
        "toe_outer_right3": {
          "rotation": [15, 0, 0]
        },
        "torso": {
          "rotation": [-20, 0, 0]
        },
        "wing_open_left": {
          "rotation": [9, 20, -8]
        },
        "wing_open_left3": {
          "rotation": [0, 15, 0]
        },
        "wing_open_right": {
          "rotation": [9, -20, 8]
        },
        "wing_open_right3": {
          "rotation": [0, -15, 0]
        },
        "wings_closed": {
          "scale": 0
        },
        "wings_open": {
          "rotation": [35, 0, 0]
        }
      },
      "loop": true
    },
    "animation.articuno.blink": {
      "animation_length": 0.1667,
      "bones": {
        "eye_left": {
          "position": {
            "0.0": [-0.1, 0, 0.1],
            "0.1667": {
              "post": [0, 0, 0],
              "pre": [-0.1, 0, 0.1]
            }
          }
        },
        "eye_right": {
          "position": {
            "0.0": [0.1, 0, 0.1],
            "0.1667": {
              "post": [0, 0, 0],
              "pre": [0.1, 0, 0.1]
            }
          }
        },
        "eyelid_left": {
          "position": {
            "0.0": [0.1, 0, -0.1],
            "0.1667": {
              "post": [0, 0, 0],
              "pre": [0.1, 0, -0.1]
            }
          }
        },
        "eyelid_right": {
          "position": {
            "0.0": [-0.1, 0, -0.1],
            "0.1667": {
              "post": [0, 0, 0],
              "pre": [-0.1, 0, -0.1]
            }
          }
        }
      }
    },
    "animation.articuno.cry": {
      "animation_length": 1.5,
      "bones": {
        "jaw": {
          "rotation": [12.5, 0, 0]
        }
      },
      "sound_effects": {
        "0.0417": {
          "effect": "pokemon.articuno.cry"
        }
      }
    },
    "animation.articuno.ground_idle": {
      "bones": {
        "body": {
          "position": [0, -3, 0]
        },
        "chest": {
          "rotation": [-7.5, 0, 0]
        },
        "feathers_left_hidden": {
          "rotation": [0, 25, 0]
        },
        "feathers_right_hidden": {
          "rotation": [0, -25, 0]
        },
        "foot_left": {
          "rotation": [15, 0, 5]
        },
        "foot_right": {
          "rotation": [15, 0, -5]
        },
        "head": {
          "rotation": [30, 0, 0]
        },
        "knee_left": {
          "rotation": [-35, 0, 0]
        },
        "knee_right": {
          "rotation": [-35, 0, 0]
        },
        "leg_left": {
          "rotation": [20, 0, 0]
        },
        "leg_left3": {
          "rotation": [0, -12.5, 0]
        },
        "leg_right": {
          "rotation": [20, 0, 0]
        },
        "leg_right3": {
          "rotation": [0, 12.5, 0]
        },
        "neck": {
          "rotation": [-2.5, 0, 0]
        },
        "tail10": {
          "rotation": [47.5, 0, 0]
        },
        "tail11": {
          "rotation": [42.5, 0, 0]
        },
        "tail12": {
          "rotation": [22.5, 0, 0]
        },
        "tail13": {
          "rotation": [32.5, 0, 0]
        },
        "tail14": {
          "rotation": [32.5, 0, 0]
        },
        "tail15": {
          "rotation": [17.5, 0, 0]
        },
        "tail16": {
          "rotation": [25, 0, 0]
        },
        "tail17": {
          "rotation": [-32.5, 0, 0]
        },
        "tail18": {
          "rotation": [-32.5, 0, 0]
        },
        "tail2": {
          "rotation": [35, 0, 0]
        },
        "tail3": {
          "rotation": [37.5, 0, 0]
        },
        "tail4": {
          "rotation": [-42.5, 0, 0]
        },
        "tail5": {
          "rotation": [-52.5, 0, 0]
        },
        "tail6": {
          "rotation": [-45, 0, 0]
        },
        "tail7": {
          "rotation": [-42.5, 0, 0]
        },
        "tail8": {
          "rotation": [-30, 0, 0]
        },
        "tail9": {
          "rotation": [37.5, 0, 0]
        },
        "tail_main": {
          "rotation": [35, 0, 0]
        },
        "toe_back_left3": {
          "rotation": [-10, 0, 0]
        },
        "toe_back_right3": {
          "rotation": [-10, 0, 0]
        },
        "toe_inner_left": {
          "rotation": [10, 0, 0]
        },
        "toe_inner_left2": {
          "position": [0, 0, 0.25],
          "rotation": [-10, 0, 0]
        },
        "toe_inner_left3": {
          "rotation": [15, 0, 0]
        },
        "toe_inner_right": {
          "rotation": [10, 0, 0]
        },
        "toe_inner_right2": {
          "position": [0, 0, 0.25],
          "rotation": [-10, 0, 0]
        },
        "toe_inner_right3": {
          "rotation": [15, 0, 0]
        },
        "toe_middle_left": {
          "rotation": [10, 0, 0]
        },
        "toe_middle_left2": {
          "position": [0, 0, 0.25],
          "rotation": [-10, 0, 0]
        },
        "toe_middle_left3": {
          "rotation": [15, 0, 0]
        },
        "toe_middle_right": {
          "rotation": [10, 0, 0]
        },
        "toe_middle_right2": {
          "position": [0, 0, 0.25],
          "rotation": [-10, 0, 0]
        },
        "toe_middle_right3": {
          "rotation": [15, 0, 0]
        },
        "toe_outer_left": {
          "rotation": [10, 0, 0]
        },
        "toe_outer_left2": {
          "position": [0, 0, 0.25],
          "rotation": [-10, 0, 0]
        },
        "toe_outer_left3": {
          "rotation": [15, 0, 0]
        },
        "toe_outer_right": {
          "rotation": [10, 0, 0]
        },
        "toe_outer_right2": {
          "position": [0, 0, 0.25],
          "rotation": [-10, 0, 0]
        },
        "toe_outer_right3": {
          "rotation": [15, 0, 0]
        },
        "torso": {
          "rotation": [-12.5, 0, 0]
        },
        "wing_closed_left": {
          "rotation": [47.26579, 15.69986, 16.32495]
        },
        "wing_closed_left1": {
          "rotation": [0, -7.5, 0]
        },
        "wing_closed_left2": {
          "rotation": [0, -10, 0]
        },
        "wing_closed_left3": {
          "rotation": [0, -20, 0]
        },
        "wing_closed_right": {
          "rotation": [47.26579, -15.69986, -16.32495]
        },
        "wing_closed_right1": {
          "rotation": [0, 7.5, 0]
        },
        "wing_closed_right2": {
          "rotation": [0, 10, 0]
        },
        "wing_closed_right3": {
          "rotation": [0, 20, 0]
        },
        "wing_open_left": {
          "rotation": [32.5, 0, 0]
        },
        "wing_open_left3": {
          "rotation": [0, 15, 0]
        },
        "wing_open_right": {
          "rotation": [32.5, 0, 0]
        },
        "wing_open_right3": {
          "rotation": [0, -15, 0]
        },
        "wings_open": {
          "scale": 0
        }
      },
      "loop": true
    },
    "animation.articuno.hold_item": {
      "bones": {
        "jaw": {
          "rotation": [12.5, 0, 0]
        }
      },
      "loop": true
    },
    "animation.articuno.hurt": {
      "bones": {
        "eye_left": {
          "position": [-0.1, 0, 0.1]
        },
        "eye_right": {
          "position": [0.1, 0, 0.1]
        },
        "eyelid_hurt_left": {
          "position": [0.1, 0, -0.1]
        },
        "eyelid_hurt_right": {
          "position": [-0.1, 0, -0.1]
        }
      },
      "loop": true
    },
    "animation.articuno.pose": {
      "bones": {
        "body": {
          "position": [0, -3, 0],
          "rotation": [-10.90264, -19.8707, 2.66088]
        },
        "chest": {
          "rotation": [-2.5, 0, 0]
        },
        "chest_fur": {
          "rotation": [-5, 0, 0]
        },
        "chest_fur3": {
          "rotation": [-42.5, 0, 0]
        },
        "feathers_left_hidden": {
          "rotation": [0, 27.5, 0]
        },
        "feathers_right_hidden": {
          "rotation": [0, -27.5, 0]
        },
        "foot_left": {
          "rotation": [34.56145, -7.05302, 12.10708]
        },
        "foot_right": {
          "rotation": [-30, 0, 0]
        },
        "head": {
          "rotation": [35, 0, 0]
        },
        "jaw": {
          "rotation": [27.5, 0, 0]
        },
        "knee_left": {
          "rotation": [-25, 0, 0]
        },
        "knee_right": {
          "rotation": [-60, 0, 0]
        },
        "leg_left": {
          "rotation": [7.40059, -3.65972, -10.55954]
        },
        "leg_right": {
          "rotation": [36.02318, 1.02501, 19.40728]
        },
        "neck": {
          "rotation": [-5, 0, 0]
        },
        "tail": {
          "rotation": [-24.54658, -31.67414, 4.47838]
        },
        "tail10": {
          "rotation": [50, 0, 0]
        },
        "tail11": {
          "rotation": [30, 0, 0]
        },
        "tail12": {
          "rotation": [45, 0, 0]
        },
        "tail13": {
          "rotation": [32.5, 0, 0]
        },
        "tail14": {
          "rotation": [-30, 0, 0]
        },
        "tail15": {
          "rotation": [-45, 0, 0]
        },
        "tail16": {
          "rotation": [-45, 0, 0]
        },
        "tail17": {
          "rotation": [-50, 0, 0]
        },
        "tail18": {
          "rotation": [-32.5, 0, 0]
        },
        "tail2": {
          "rotation": [42.5, 0, 0]
        },
        "tail3": {
          "rotation": [37.5, 0, 0]
        },
        "tail4": {
          "rotation": [12.5, 0, 0]
        },
        "tail5": {
          "rotation": [-32.5, 0, 0]
        },
        "tail6": {
          "rotation": [-45, 0, 0]
        },
        "tail7": {
          "rotation": [-55, 0, 0]
        },
        "tail8": {
          "rotation": [30, 0, 0]
        },
        "tail9": {
          "rotation": [50, 0, 0]
        },
        "toe_back_left": {
          "rotation": [-10, 0, 0]
        },
        "toe_back_left2": {
          "rotation": [-22.5, 0, 0]
        },
        "toe_back_left3": {
          "rotation": [-10, 0, 0]
        },
        "toe_back_right": {
          "rotation": [-17.5, 0, 0]
        },
        "toe_back_right2": {
          "rotation": [-57.5, 0, 0]
        },
        "toe_back_right3": {
          "rotation": [-10, 0, 0]
        },
        "toe_inner_left": {
          "rotation": [10, 0, 0]
        },
        "toe_inner_left2": {
          "position": [0, 0, 0.25],
          "rotation": [27.5, 0, 0]
        },
        "toe_inner_left3": {
          "rotation": [15, 0, 0]
        },
        "toe_inner_right": {
          "rotation": [29.94315, -8.77678, -5.38319]
        },
        "toe_inner_right2": {
          "position": [0, 0, 0.25],
          "rotation": [57.5, 0, 0]
        },
        "toe_inner_right3": {
          "rotation": [15, 0, 0]
        },
        "toe_middle_left": {
          "rotation": [10, 0, 0]
        },
        "toe_middle_left2": {
          "position": [0, 0, 0.25],
          "rotation": [27.5, 0, 0]
        },
        "toe_middle_left3": {
          "rotation": [15, 0, 0]
        },
        "toe_middle_right": {
          "rotation": [27.5, 0, 0]
        },
        "toe_middle_right2": {
          "position": [0, 0, 0.25],
          "rotation": [57.5, 0, 0]
        },
        "toe_middle_right3": {
          "rotation": [15, 0, 0]
        },
        "toe_outer_left": {
          "rotation": [10, 0, 0]
        },
        "toe_outer_left2": {
          "position": [0, 0, 0.25],
          "rotation": [27.5, 0, 0]
        },
        "toe_outer_left3": {
          "rotation": [15, 0, 0]
        },
        "toe_outer_right": {
          "rotation": [30.74341, 10.93445, 6.87818]
        },
        "toe_outer_right2": {
          "position": [0, 0, 0.25],
          "rotation": [57.5, 0, 0]
        },
        "toe_outer_right3": {
          "rotation": [15, 0, 0]
        },
        "torso": {
          "rotation": [-10, 0, 0]
        },
        "wing_open_left": {
          "rotation": [8.93195, 32.90643, -12.96867]
        },
        "wing_open_left3": {
          "rotation": [0, 17.5, 0]
        },
        "wing_open_right": {
          "rotation": [8.93195, -32.90643, 12.96867]
        },
        "wing_open_right3": {
          "rotation": [0, -17.5, 0]
        },
        "wings_closed": {
          "scale": 0
        },
        "wings_open": {
          "rotation": [35, 0, 0]
        }
      },
      "loop": true
    }
  },
  "format_version": "1.8.0"
}